age,gravida,parity,gestational_weeks,bp_systolic,bp_diastolic,hemoglobin,blood_sugar,bmi,previous_csection,previous_pph,previous_preterm,previous_stillbirth,htn,diabetes,heart_disease,kidney_disease,anc_visits_attended,pmsma_attended,risk_level
19,2,1,10,92.40005918527811,79.86947760496808,12.920738709573639,70.0,20.50669274785366,False,False,False,False,False,False,False,False,8,False,low
35,2,1,24,128.56573411345087,75.06169365334236,11.565268429645187,86.70813237428764,21.06119201253197,False,False,False,False,False,False,False,False,1,False,medium
32,4,2,26,129.1926983286089,69.7708766497139,10.855043601777636,118.70050583137701,17.530547742942133,False,False,False,False,False,False,False,False,1,False,high
27,4,3,32,109.30759822712201,69.43131474752894,13.776997817035863,94.86113135023407,22.854913382024506,False,False,True,False,False,False,False,False,5,True,medium
27,4,1,26,121.25531116544906,64.30203200193301,11.024646391186321,117.77340917056483,21.926991150947075,False,True,False,False,False,False,False,False,6,False,medium
36,5,3,14,112.3948153112739,71.04251753941135,12.504567391384327,79.52181469732719,30.29079066534732,False,False,False,False,False,False,False,False,5,False,medium
19,4,3,20,117.9029007401784,86.00009435487436,14.133250366696922,123.88656053376555,26.43694154786521,False,False,False,False,False,False,False,False,8,False,medium
33,5,0,22,101.2328869210822,77.44550462988164,12.336428927407894,70.0,20.941395547804163,False,False,False,False,False,False,False,False,2,True,medium
22,5,4,40,122.46991147887891,84.58594080777345,9.40465402734878,134.0098953750874,16.3350681915499,False,False,False,False,False,False,False,False,3,False,medium
20,2,0,25,95.305777237307,80.16068537674701,9.01756354990674,94.54216278643528,15.0,False,False,False,False,False,False,False,False,6,False,medium
29,5,3,28,93.04083805204742,68.8775379302818,10.52379292789904,138.68548748550012,18.894986880205867,False,False,False,False,False,False,False,False,2,False,medium
39,3,2,32,113.5368601999961,58.50858725215757,12.13519859753316,86.50872964273162,17.675133809517256,False,False,False,False,False,False,False,False,0,False,medium
34,4,3,19,112.46508064466465,65.73145635296204,11.71165738695042,147.3448361978056,24.394453675670757,False,False,False,False,False,False,False,False,6,False,medium
34,5,3,39,118.26762076662101,68.2876418890248,14.531331304741878,83.93145549140213,22.420211896156893,False,False,False,False,False,False,False,False,6,True,medium
33,4,3,30,107.20591011716405,67.51417129708341,11.696090060418252,70.0,23.069305104195063,False,False,False,False,False,False,False,False,1,False,medium
35,5,3,35,137.62829998942706,84.8101992685972,10.476094053198986,105.94827207462336,19.204312366072262,False,False,False,False,True,False,False,False,0,False,medium
29,5,4,32,116.92725987255331,84.70588466849702,9.186652635024176,132.1477588601124,23.60812957896131,False,True,True,False,False,False,False,False,0,True,low
20,4,3,28,117.7945813421947,97.11879640276645,12.88869980463575,122.39734727782911,17.318374076638875,False,False,True,False,False,False,False,False,6,False,high
36,5,4,9,117.36680652888455,67.36278828807615,10.990302033266799,130.58536792160456,22.64680036383221,False,False,False,False,False,False,False,False,0,True,medium
27,4,2,27,127.03491842737694,90.97448306064415,8.59017637082763,122.83144435339435,26.32098865184355,False,False,False,False,False,False,False,False,3,False,high
29,5,1,12,121.91220897381358,90.9126720566413,11.035616964664431,86.95410644297529,21.538268872044988,False,False,False,False,False,False,False,False,0,False,medium
26,3,1,27,120.30421479649935,72.67736241961136,9.406819022196789,121.86117169187601,24.774575296273156,False,False,False,False,False,False,False,False,1,False,medium
22,4,3,31,123.8318092583871,79.73555396940235,10.318979983440295,107.04234695175434,15.092540885717824,False,False,False,False,False,False,False,False,7,True,medium
38,3,2,25,93.1046243554337,87.4073324914121,11.009907162308266,89.3859109554603,15.0,False,True,False,False,False,False,False,False,0,False,medium
35,5,0,18,93.55782819297067,74.4107537733774,9.551715122664016,108.94578992366358,24.309034942385665,True,False,False,False,False,False,False,False,8,True,medium
32,2,1,9,114.08729505638267,73.63608222785358,10.21980132966983,103.76083233145775,27.188076173048078,False,False,False,False,False,True,False,False,7,True,medium
26,5,4,30,112.62791340781718,68.72662578882549,9.80940826541869,136.1518353370152,22.047064106015494,False,False,False,False,False,True,False,False,5,False,medium
36,4,3,31,121.95771812857849,55.0,9.852337285887623,93.67269735944548,31.580833689038265,False,False,False,False,False,False,False,False,7,False,medium
29,4,3,23,115.24020282620207,75.70471616488479,9.387167172589503,92.64441224117887,17.226407957018157,False,False,False,True,False,False,False,False,7,True,high
27,2,0,31,121.98237921345053,67.90130672546573,10.227576696635003,89.62994991162002,20.280064766244955,False,False,False,False,False,False,False,False,3,False,medium
27,2,0,33,100.05285676526456,64.24651376383173,9.568482493161675,146.7306663321351,23.560366792203602,False,False,False,True,False,False,False,False,4,False,high
22,5,1,24,114.87106515509566,79.22191650144315,11.938534585561353,90.86089866468642,24.857499388674558,False,False,False,False,False,False,False,False,5,False,medium
20,5,4,9,98.90731914450659,60.48687759178902,11.321280085648466,133.53044111379012,20.664389197900714,False,False,False,False,False,False,False,False,7,True,medium
30,3,2,36,119.64229521245682,83.06079891280618,12.91154435998526,82.309474996447,18.762940002284594,False,False,False,False,False,False,False,False,7,True,low
37,4,3,23,92.46057949164015,79.83599315260521,,116.14572408825471,25.481051460941575,False,False,False,False,False,False,False,False,2,True,medium
19,3,2,30,119.17972118249055,70.99806788302749,12.08372002227483,110.77520676987031,23.532962623884192,False,False,False,False,True,False,False,False,0,False,medium
36,5,2,38,97.37200742923466,74.3668974715554,11.719339239413292,132.1341060816171,21.6215159111671,True,False,False,False,False,False,True,False,4,False,high
36,4,3,19,,63.09778905845758,12.18453963567183,128.94433414099024,24.99525823352517,False,False,False,False,False,False,False,False,4,True,medium
24,5,4,28,125.739132297391,82.50338603365375,11.746542107203455,106.80158096235144,22.454608600447052,False,False,False,False,False,False,False,False,7,False,medium
31,3,2,8,117.728559863181,76.87364241051266,11.080318952682548,93.18432955247638,22.441031267213887,True,False,False,False,False,True,False,False,3,True,medium
21,3,2,37,95.25207731530838,77.61849954589545,10.953078709844162,140.74915606024229,22.293692275393234,False,False,True,False,False,False,False,True,2,True,high
34,5,4,9,106.9312738636717,80.01890379673131,9.365328057500749,90.98715606325646,19.71576898600513,False,False,False,False,False,False,False,False,1,True,medium
33,2,1,25,96.98345769427837,68.57584586108275,12.342271286887742,70.0,19.30902607207988,False,False,False,False,False,False,False,False,0,False,low
25,5,4,19,94.66289800473768,59.80941725079066,10.949928304226672,70.0,20.89719072146655,False,False,False,False,False,False,False,False,2,False,medium
19,5,2,9,116.4119581136077,84.57318374912631,13.319230358865028,70.0,23.128283892016782,False,False,False,False,False,False,False,False,3,False,medium
39,5,4,23,121.72358012272124,81.88718413612408,12.464217445736507,118.10530199439879,15.514905975363822,False,False,False,False,False,False,False,False,8,False,medium
27,4,2,38,120.28727104858828,69.64641196729066,9.998477404358436,153.7182872361795,26.77897880613735,False,False,False,False,False,False,False,False,6,False,medium
37,4,3,13,122.23152177855701,79.0911019913004,12.994705675038007,70.0,23.07376502991118,True,False,True,False,False,False,False,False,6,False,high
32,2,1,17,114.85706978937017,87.5797343871795,6.902812869594277,87.78379257037979,18.739641714983193,False,False,False,False,False,False,False,False,0,True,high
35,5,3,14,111.71931737500039,86.3870080308394,14.088361191932501,106.95856748534058,29.466380688541456,False,False,False,False,False,False,False,False,5,True,medium
34,3,1,12,102.12316807525222,69.35441163568004,8.858487555600536,139.00115324475215,23.16716931584763,False,False,False,False,False,False,False,False,0,True,medium
22,4,3,15,109.71904393899402,60.112389545657486,,87.66537457865006,17.659404684317813,False,False,False,False,False,False,False,False,5,False,medium
26,5,3,26,99.14381937608596,61.82784860403247,,117.99759609464016,29.286883655413845,False,False,False,False,False,False,True,False,3,False,high
28,5,2,33,104.85801367447696,71.88273987044889,12.7979469789468,99.49803653490586,28.419472652476152,False,False,False,False,False,False,False,False,3,True,medium
28,3,2,30,116.0671224452565,89.62317133287158,10.474085108312941,162.35755592413582,19.3648759643722,False,False,False,False,False,False,True,False,3,False,high
18,5,1,33,113.58632694950893,67.71554587858631,7.567170445020711,108.17988632793212,21.708079527616725,False,False,False,False,False,False,False,False,7,True,high
30,5,3,31,151.77673645473732,69.03672146990644,10.47633934179111,112.8251530091972,21.169652334946758,True,False,False,False,False,False,False,False,0,True,high
21,5,2,20,98.85045282993991,68.83088901881682,10.649340316000547,106.85365310382262,15.442125027589341,False,False,True,False,False,False,False,False,6,True,medium
34,3,2,37,113.49881535001862,69.68269203711333,7.721292773412314,95.87689551074035,24.29875002357625,False,False,False,False,False,False,False,False,2,True,high
33,4,0,13,97.91521466555531,74.88773155913373,11.072594574337181,125.89714899584528,26.38058162166139,False,True,False,False,False,False,False,False,3,False,medium
38,3,0,31,110.34656948836059,62.19949825448244,9.278637618136727,79.50139382826265,25.627555252419512,False,False,False,False,False,False,False,False,6,False,medium
34,4,0,11,110.83488181461779,85.8435995632695,12.038536164949525,70.0,23.131015200858315,False,False,True,False,False,False,False,False,1,False,medium
26,5,4,33,,73.55178921990353,10.606272422677577,101.69571826048241,26.768636241150435,False,True,False,False,False,False,False,False,1,False,medium
39,5,4,10,109.60400152938495,99.79134574725335,14.137751816831573,122.94240185457458,18.458616634600112,False,False,False,False,False,False,False,False,0,False,medium
27,3,0,15,112.7041647993261,63.26429001449985,10.590114149055228,92.22290830560615,30.27312636765207,False,False,False,False,False,False,False,False,2,True,medium
25,4,0,20,109.83618445033336,90.89866171824909,11.688626026145913,109.10279197510962,19.911671573473267,False,False,False,False,False,False,False,False,7,False,high
37,4,3,30,,88.91345397986487,10.659085589664794,78.14468092927198,20.355969403306297,False,False,False,False,False,False,False,False,1,False,medium
26,3,2,9,107.17477153848272,70.88315991154352,8.402770898463347,128.37859282647142,20.69913695036794,False,False,False,False,False,False,False,False,6,False,medium
19,2,1,16,110.41675941899419,71.04939386488132,10.672459191780007,119.34201191729638,20.407413140574274,False,False,False,False,False,False,False,False,4,False,low
28,5,3,19,,65.78702183870104,12.205461505874366,105.43402302060063,22.229103774110847,True,False,False,False,False,False,False,False,4,True,medium
35,5,1,32,121.7073674466979,65.90178574760445,11.96318368906394,108.71205533361452,22.074220731777725,False,False,False,False,False,False,False,False,7,False,medium
22,3,0,39,112.18484188346766,74.99394050225142,10.530771619475411,74.34134420750887,23.51855993854366,False,False,False,False,False,False,False,False,1,True,low
28,2,1,28,111.97388483222385,75.2069598424636,8.669190212934456,75.32434687687073,19.72521144263504,False,False,False,False,False,False,False,False,0,True,medium
20,5,4,24,,58.97644733058835,12.031133740373258,102.31618867698661,23.66641742408066,False,False,False,False,False,False,False,False,6,True,medium
33,4,3,19,121.47681420707622,97.93505323325863,11.671178536741582,116.30216583595937,18.63829082444893,False,False,False,False,False,False,False,False,1,False,high
28,2,0,35,106.64922535419952,72.40483142836938,12.34945736616416,117.41633076070795,25.929898879943444,False,False,False,False,False,False,False,False,3,False,low
25,3,2,11,123.96547885875731,75.65612277217188,10.561420487624604,97.01547676949237,25.88028033081486,False,False,True,False,False,False,False,False,6,False,medium
22,5,4,12,130.79727937425034,68.73762566586558,8.305000331504708,121.3983238384114,22.976852358242542,False,False,False,False,False,False,False,False,6,False,medium
30,5,4,14,112.74501967968394,72.32990460908165,11.854016292922713,136.2574136030986,20.401211514589153,False,True,False,False,True,True,False,False,6,False,medium
32,4,3,16,102.7202646308093,71.42121888755791,10.985371575882425,103.04931683338691,,False,False,False,False,False,False,False,False,6,False,medium
38,2,0,23,114.79961664296442,74.97069574174739,13.226694037440181,111.8126059454591,19.449411349623976,False,False,False,False,False,False,False,False,3,False,medium
27,3,1,39,119.18442397622366,74.85410089571886,11.045972851914268,100.42720913264922,23.13816092534585,False,False,False,False,False,False,False,False,8,True,low
21,2,1,29,111.21375998503935,83.0486634854107,10.927252977296797,102.22126120269274,22.392738869782296,False,False,False,False,False,False,False,False,2,False,low
36,3,0,20,108.23153908744811,77.27219937098776,11.66760715498557,108.73041510508321,33.51963373465705,False,False,False,False,False,False,False,False,0,True,medium
31,3,0,14,121.76238652836896,82.04283020399504,10.04491028991819,142.47181435918503,18.091789936060945,False,False,False,False,False,False,False,False,7,False,medium
33,2,1,29,,74.90189178194565,9.967782846202288,125.1360802994021,15.0,False,False,False,False,False,False,False,False,5,True,medium
20,5,2,16,110.84452431607411,77.31252555105891,10.843367573859293,123.15405754276797,20.44967822757703,False,False,False,False,True,False,False,False,4,True,medium
24,2,1,40,95.15120601687173,72.58694317316728,9.527349906768045,95.01765694247646,16.137873523425643,False,False,False,False,False,False,False,False,7,False,medium
34,3,2,23,120.47653822455342,85.0311173433765,10.633447255254456,85.24014672658241,20.093220556204265,True,False,False,False,False,False,False,False,6,False,medium
36,3,1,26,105.79207367870347,78.22622429515924,14.103298171917919,113.56977970103294,17.809583449443327,False,False,False,False,False,False,False,False,2,False,medium
27,5,0,37,117.5720929044437,73.41925145487099,12.668213962762188,132.36239690744486,19.38199734986291,False,False,False,False,False,False,False,False,0,True,medium
35,5,4,18,116.81388678014844,73.1208986544868,11.49286070623944,142.91489676772193,18.74036136395702,False,False,False,False,False,False,False,False,6,False,medium
36,3,2,23,92.33263087548802,73.90760658753003,13.482683617527869,70.0,26.85180593238916,False,False,False,False,True,False,False,False,6,True,medium
26,5,1,25,115.97298021293888,75.30443923677032,9.680166243189367,158.82054243705517,22.80588209061978,True,False,False,False,False,False,False,False,2,True,medium
37,5,4,16,121.17439030449347,74.4363889878108,14.984703791807993,114.17371286144909,27.30181121256757,False,False,False,False,False,False,False,False,3,True,medium
24,5,4,9,122.64582898372583,69.4115834478864,10.263195971904436,124.99646801160344,23.161925936681584,False,False,False,False,False,False,False,False,5,True,medium
23,5,4,17,116.40838901315576,82.64900555268261,14.206089432814688,70.0,26.71435969185687,False,False,False,False,False,False,False,False,0,False,medium
33,2,0,11,91.27376747260492,83.2807599254817,14.199044876447438,99.7880715911776,21.791419586250896,False,False,False,False,False,False,False,False,6,False,low
32,5,3,30,130.32497274623964,92.83856837900747,8.194832309124472,123.10265417173859,29.378208122169305,False,False,False,False,False,False,False,False,1,False,high
21,5,4,8,119.93227201051097,,13.347347429026904,79.1555493081938,24.883872715130924,True,False,False,False,False,False,False,False,8,False,medium
36,5,4,18,100.56016804755427,81.66438725152106,,70.0,19.880715516133826,True,False,False,False,False,True,False,False,1,False,medium
22,3,1,37,105.54684351810072,55.90862683717317,10.091250468291088,112.38111775067145,25.47659840763467,False,False,False,False,False,False,False,False,8,False,medium
35,5,4,26,117.77469051153425,83.29043065021888,11.839420992263978,103.90478141041802,23.108393583634022,False,False,False,False,False,False,False,False,4,True,medium
18,3,2,30,123.15741031957907,60.43417884992815,9.387335480392387,136.70941593329047,22.18996927148354,False,False,False,False,False,False,False,False,8,False,medium
35,3,2,30,,65.15668896427715,11.803195340666045,101.48179353053845,23.38408513539248,False,False,False,False,False,False,False,False,7,False,medium
35,4,2,17,124.9063048885489,78.32225329015819,9.494728828323893,103.09218655218511,26.004998936461302,False,False,False,False,True,False,False,False,6,True,medium
35,4,3,28,93.48679805079787,68.78500964577688,11.28332684681891,120.3489051240103,15.0,False,False,False,True,False,False,False,False,1,True,high
32,5,0,15,102.49049186687455,67.41646489997089,13.136580126544237,127.7374495831226,21.596238209090984,False,False,False,False,False,False,False,False,5,True,high
28,3,2,28,90.22763188189501,70.15183977501654,11.618428696691925,89.40753448149225,25.730682858390256,False,False,False,False,False,False,False,False,1,False,low
33,5,4,30,104.23113828556369,82.29625991918526,10.424333460350166,,23.992909060092213,False,False,False,False,False,False,False,False,6,True,medium
24,3,2,36,133.09692621452913,65.67109603582256,11.866257777340673,93.52185580754846,18.49447604239485,False,False,False,False,False,False,False,False,3,True,medium
35,4,1,38,139.69362681502483,74.45845135777463,8.749631612792161,105.36347528198475,15.0,False,False,False,False,False,False,False,False,6,False,medium
30,5,0,8,117.81508561876531,71.21343715460664,9.657822745286346,119.75693434176186,29.80370666718328,True,False,True,False,False,False,False,False,2,True,medium
28,3,2,17,107.33884951277734,83.19890771329014,10.311567903188775,123.59299956531599,22.251671802494823,False,False,False,False,False,False,False,False,7,False,medium
29,4,3,26,112.34032118978868,83.47921754082843,12.258960393789001,112.00292794090393,29.056198034996164,False,False,False,False,True,False,False,False,4,False,high
30,3,2,18,120.68007868999626,56.64718202563888,11.649278006114287,81.22778280526961,26.179850999290856,False,False,False,False,False,False,False,False,2,False,low
18,5,4,28,96.24422978033101,85.45109418764315,11.856266327202148,70.0,19.82554577377256,False,True,False,False,False,False,False,False,8,False,medium
21,4,3,36,108.13000988822554,68.89244093541188,10.956187921743307,100.86496825906205,15.0,False,False,False,False,False,False,False,False,6,False,medium
23,5,2,16,132.21871689340298,77.36292198596674,9.739040566395897,126.3682668916148,21.151402303222202,True,False,False,False,False,False,False,False,1,False,medium
20,1,0,37,102.45147916805965,65.61091259616704,13.380987098510937,114.89334371075034,22.851030533991125,False,False,False,False,False,False,False,False,1,True,low
27,5,2,37,106.01170120886148,78.71134602709783,9.883530472851744,110.32472616236082,24.80264008631041,False,False,False,False,False,False,False,False,7,True,medium
32,4,0,38,115.15832387177728,100.51348953621103,11.670462319529312,104.84541575773737,18.5564855734165,False,False,True,False,False,False,False,False,0,True,high
32,4,3,10,118.39770711405652,76.27165561285032,10.820632554954,111.8002405563771,23.71202633221076,False,False,False,False,False,True,False,False,1,True,medium
28,4,0,17,107.49995144560633,70.40152282353642,11.900789067255449,83.12999410701379,23.710567630319286,False,False,False,False,False,False,False,False,7,False,medium
36,5,4,12,115.92357259902346,72.67838765324458,10.031220823652902,122.1644400216362,26.943812665046515,False,False,False,False,False,False,False,False,1,False,medium
30,4,1,11,,,12.68428345741928,123.61874208528728,21.77277194560941,False,False,False,False,False,False,False,False,5,True,medium
19,3,2,9,138.53742188516378,89.48963286164458,13.2052446653375,97.18415881644786,24.771037585138235,False,True,False,False,False,False,False,False,8,True,medium
34,3,0,22,113.48506744678262,78.1288310759661,12.586116931994194,,24.15374779657372,False,False,False,False,False,False,False,False,4,True,low
30,4,1,10,114.50443221591324,64.51102093702153,11.252200521557837,70.0,26.502346692470443,False,False,False,False,False,False,False,False,8,False,medium
31,5,4,17,133.32942815175412,64.83681709871247,10.303799606234106,108.96105415136932,19.72035829192845,False,False,False,False,False,False,False,False,3,False,medium
30,2,1,40,108.41000970042286,75.15282379148826,15.5,102.07124425928333,15.0,True,False,False,False,False,False,False,False,6,False,medium
30,3,2,37,99.10776360685384,84.31995393338487,9.41340072838085,132.7031239511506,22.052547957908224,False,False,False,False,True,False,False,False,2,False,high
19,5,4,38,118.00298770790755,63.49010091263029,12.409967282752213,100.62985934192866,22.076135163532935,False,False,False,False,False,False,False,False,3,False,medium
30,4,3,9,127.91410030105499,86.13409341867171,11.532455820922598,124.11061929438081,18.3699245444715,False,False,False,False,False,False,False,False,5,False,medium
35,4,0,29,119.33256562239623,74.08366448043097,10.899940092514045,96.39420475398498,16.96775716144875,True,False,False,False,False,False,False,False,3,False,medium
24,2,1,28,113.83581210943305,65.69756614992903,11.296260703574424,70.0,20.7011961793663,False,False,False,False,True,False,False,False,0,False,medium
31,3,1,12,97.61927952238193,70.32309573427023,10.183655514621917,100.03820094217487,22.54049104835368,False,False,False,False,False,False,False,False,3,True,medium
18,4,1,37,114.29956905677952,92.4855387712971,11.683288869192397,,23.38171154927141,False,False,False,False,False,False,False,False,6,False,high
25,2,1,21,129.79785911579603,61.11786663454663,11.506919177536108,108.31842508114717,15.0,False,False,False,False,False,False,False,False,4,False,low
27,5,2,40,100.19059502152935,67.68107044053853,,108.65091111601652,15.985840072779189,False,False,False,False,False,False,False,False,4,False,high
39,2,1,11,112.06303391436074,84.52583584634921,12.713315544134018,93.85800754795753,27.51822208238897,False,False,False,False,False,False,False,False,1,False,medium
22,2,1,29,110.35018321409967,77.16457043453634,11.825412435402251,97.87799333360947,22.241567425883208,False,False,False,False,False,False,False,False,5,True,low
24,4,2,12,106.62754515234705,67.08759181741948,11.920894293295401,80.22043541922828,22.990265459705906,False,False,False,False,False,False,False,False,4,False,medium
26,3,1,39,117.97507605422807,,13.943260248793193,70.0,17.666973481338395,False,False,False,False,False,False,False,False,0,True,low
39,4,1,28,120.31966289507209,85.12295733169181,9.447317496415565,102.65790192564238,22.982385329335916,False,False,False,False,False,False,False,False,5,True,medium
36,4,2,10,120.19392285752124,78.31390668518081,10.707627609981166,88.60553218504147,21.497316076031062,False,False,False,False,False,False,False,False,3,False,medium
18,5,4,15,103.2782828366185,68.87603412416486,7.948577875714036,128.75638273799296,20.52587139554815,False,False,False,False,False,False,False,False,0,False,high
23,5,2,19,95.2481956679958,70.41695380165642,11.894038147459042,70.0,17.15266331865815,False,False,False,False,False,False,False,False,3,False,medium
36,3,2,8,118.14866123836875,,12.35707800087088,111.40241358117444,19.526051474673014,False,False,False,False,False,False,False,False,4,False,medium
19,5,4,8,108.92897150220817,61.880709387866204,9.407039916424266,151.67271982722684,30.8880698720891,True,False,False,False,False,True,False,False,5,True,medium
36,4,3,38,137.05974855624143,88.27784881133113,13.296128028801126,100.97737850661487,21.602117667854582,False,False,False,False,False,False,False,False,5,False,medium
24,4,1,40,137.61411635217937,92.00209088675838,9.849792011800343,104.93954200499508,26.158478476255905,False,False,False,False,False,False,False,False,8,True,high
38,2,1,25,138.88827753275248,72.6404515015973,10.4520510255735,114.3796289393728,22.214408804850677,False,False,True,False,False,False,False,False,4,False,medium
24,4,2,37,103.71866918758344,78.56104492430806,11.191305464992052,116.099428058526,21.751535891406405,False,False,False,False,False,False,False,True,6,False,high
27,5,2,29,121.83242904090513,86.85802042849326,13.550714180415705,96.01283859566578,20.455989462408983,False,False,True,False,False,False,False,False,6,False,medium
32,5,0,8,,94.55560838567689,9.626883491070563,82.81748337894051,28.3825279770799,False,True,False,False,True,False,False,False,7,False,high
20,5,0,31,124.10025080253283,90.56981335490698,11.465995400585093,119.35985754611164,24.492287584924433,False,False,False,False,False,True,False,False,8,False,high
30,2,1,8,110.7472246696737,57.64462486641207,12.239740407667876,70.0,19.84156357912144,True,False,False,False,False,False,False,False,6,True,medium
29,5,4,34,130.34997883558393,71.84446311672481,11.909552261887177,123.309023041109,21.423559934289145,False,False,False,False,False,False,False,False,8,True,medium
35,5,3,20,115.00569983639828,80.00688251483218,11.968641652906726,96.38043247049988,27.30362804511615,False,False,False,False,False,False,False,False,1,False,medium
39,5,4,12,116.53727349922528,70.05782703098069,12.218400355478305,105.0678733899173,15.0,False,False,False,False,False,False,False,False,6,True,medium
32,1,0,16,96.54599857867427,92.82766745040365,10.112443640631806,93.43662683253584,24.242008880861857,False,False,False,False,False,False,False,False,4,True,high
27,3,2,30,122.73717963487586,91.29375172802632,13.70044765892852,,25.15040590195769,False,False,False,False,False,False,False,False,2,True,high
26,5,2,35,111.87505943713107,66.8406985874127,10.822160962924118,110.47823556334109,20.001014297702834,False,False,False,False,False,False,False,False,6,True,medium
27,3,2,26,120.57734634520631,73.37599980094276,10.609842875228152,97.92176429453275,23.61837722826984,True,False,False,False,False,False,False,False,8,False,medium
35,3,2,13,117.82136439765542,67.50445863810363,13.156200802102006,97.3021362958816,25.009239459858104,False,False,False,False,True,False,False,False,4,True,medium
25,4,1,37,117.17123891996525,73.0487155589383,9.991093012996847,101.74054303730685,18.075414021763347,True,False,False,False,False,False,False,False,6,False,medium
21,1,0,34,114.4514371303998,72.74567650666617,11.512445105118434,157.73268388374314,26.367740812365117,False,False,False,False,False,False,False,False,8,False,medium
25,5,4,21,124.43919681592544,84.54257914746859,9.843464601607621,76.02405614644803,24.1893604801659,False,False,False,False,False,False,False,False,0,False,medium
18,5,4,26,112.6132895573792,66.11535336266165,15.030777304712027,128.82340798124633,22.388105304335568,True,False,False,False,False,False,False,False,4,False,medium
20,4,0,39,97.5376309665642,,14.69384722676286,117.49831631597904,23.41971355408883,False,False,False,False,False,False,False,False,8,False,medium
19,3,2,20,121.82746727648721,58.9545691776518,10.823614429701527,138.87585855306568,25.828769611525342,False,False,False,False,False,False,False,False,4,True,low
34,5,2,8,105.29193370106034,64.7169838729327,11.831771477600853,118.83946949421349,32.26446584692199,True,False,False,False,False,False,False,False,1,False,medium
33,4,3,12,99.10885788781432,68.44308411002929,11.00831968807581,105.07398600807,,False,False,False,False,False,False,False,False,1,True,low
33,5,4,27,102.73307999028881,76.87174400615213,10.442240818546562,127.44060782964836,26.242329955246543,False,False,False,False,False,False,False,False,2,False,medium
28,3,2,40,,64.2020609447114,11.191410398569385,110.05491413568447,23.774107322652824,True,False,False,False,False,False,False,True,0,True,high
33,4,3,32,113.8417743628618,62.88899409740068,10.935037703644065,,30.60660518332989,True,False,False,False,False,False,False,False,1,False,medium
21,5,4,28,90.0,65.7055258234789,8.566932148108858,136.42082820402302,17.13602606650317,False,False,False,False,False,False,False,False,0,False,medium
37,5,4,18,110.39612868336796,63.84345998840219,11.420837314504944,107.03543942409462,16.050392774127335,False,False,False,False,False,False,False,False,3,False,medium
29,3,1,22,129.03077469969716,69.45506255704355,10.93233140397977,95.66353040366448,,False,False,False,False,True,False,False,False,1,False,medium
38,5,4,9,109.58445194879945,69.02712604104934,11.499520730613659,90.83613898651981,25.640568739427877,False,False,False,False,False,True,False,False,1,False,medium
21,4,2,20,113.01428135886889,81.8905681697381,10.875971555576829,114.91188896712883,15.0,True,False,False,False,False,False,False,False,6,False,medium
28,4,0,28,127.51589724792584,65.10470614930378,10.423457018434327,85.68029500318762,22.986257488590294,False,False,False,False,False,False,False,False,1,True,medium
33,5,3,37,124.54587109845443,71.42403371670228,12.399856096441118,97.30429078582549,22.27804096544678,False,False,False,False,False,False,False,False,1,True,medium
28,5,4,38,127.26101305182053,69.5497732008323,11.853015045933452,83.71348724254895,25.976632754039958,False,False,False,False,False,False,False,False,4,False,medium
27,4,1,35,90.0,83.08884976037568,13.233675679897102,116.18346060521502,24.71494216528211,False,False,False,False,False,False,False,False,0,False,medium
21,5,2,8,135.80227646130533,73.45720723982296,11.791567623155728,88.45257304726395,15.767112580531983,False,False,False,False,False,False,False,False,0,False,medium
26,2,1,34,122.63680522513515,85.50696723399194,10.683829517095786,76.69187592762118,18.679771033777037,False,False,False,False,False,False,False,False,5,True,medium
23,5,0,15,144.5377169682898,63.47629823995191,11.986829641895097,80.56294069578506,19.772841311852034,False,False,False,False,False,False,False,False,7,True,high
24,5,4,28,105.6120876307086,74.5063339156518,7.831018945217646,92.43605605966545,25.95578054374155,False,False,True,False,False,False,False,False,7,False,high
33,4,0,39,93.83859273221307,69.24108982970067,14.365887821969258,94.43338198427097,24.498584928060833,False,False,False,False,False,False,False,False,0,True,medium
31,5,2,37,115.08662148070212,62.73953902114396,11.439008230044108,110.531958202177,20.517101271913624,True,False,True,False,False,True,False,False,0,False,high
31,3,0,29,111.69553204291407,74.32488959014943,14.495129430601207,101.44428764875096,23.57818894387318,False,False,False,False,True,False,False,False,0,True,medium
25,4,3,17,122.84396780337785,92.32927758235223,9.60904790451099,,18.76797370893359,False,False,False,False,False,False,False,False,4,False,high
39,5,4,25,127.89914013503628,66.47091197073867,9.211767387817497,114.91347553991793,31.19855480245608,True,False,False,False,False,False,False,False,6,True,medium
19,4,3,31,113.95247026144604,73.72545018162234,11.585333268262904,121.29098925142777,25.297429602628164,False,False,False,False,False,False,False,False,1,False,medium
25,5,3,24,112.11150345024728,61.877683804074486,11.580055588426655,70.0,26.14470790577104,False,False,False,False,False,False,False,False,7,False,medium
20,5,4,21,121.27263783419353,60.40772228095991,11.541191639099111,,28.507244137541605,True,False,False,False,False,False,False,False,8,False,medium
25,5,4,21,111.92405601169003,67.12747670657099,11.29732192520077,117.20750790499648,27.064972772872267,False,False,False,False,False,False,False,False,7,False,low
39,5,4,27,110.92021478923856,70.5001698837082,9.995012542517777,109.65107152319104,23.126105245286208,False,False,False,False,False,False,False,False,3,False,medium
26,3,1,9,127.44561926410343,70.9441695906885,8.623430729474366,126.49252497819946,22.26014013906051,False,False,False,False,False,False,False,False,2,False,medium
37,3,2,40,130.11733428284288,72.73974984920774,11.453040890641098,71.03161217259549,28.15313766071465,False,True,False,False,False,True,False,False,5,False,high
28,5,4,11,128.00759492635711,58.516673592966306,8.94785279952259,94.54659939412211,23.106141129147954,False,False,False,False,False,False,False,False,8,False,medium
33,4,1,40,112.98124344729369,68.74053788493028,8.796789923618038,98.4796413984438,20.003928861958613,False,False,False,False,False,False,False,False,3,False,medium
28,4,3,9,90.0,80.01758473403675,10.39098912245082,108.66440333574924,30.86652990360851,False,False,False,False,False,False,False,False,4,True,medium
23,3,0,24,113.22152696328583,61.417549271054625,11.689054376525412,105.7893022397795,19.256288462054744,True,False,False,False,False,False,False,False,7,False,medium
34,5,4,21,105.90423984787542,71.4485430515493,14.180414779610068,115.31971120438021,16.06117969978656,False,False,False,False,False,False,False,False,7,True,medium
39,4,3,26,113.44329977187294,77.92843759938067,12.56681488520607,102.47761285418999,26.971105435747262,False,False,False,False,False,False,False,False,4,True,medium
23,4,3,22,106.94690928738869,67.17733077976331,13.29314813940653,135.19139796100302,20.075014437429285,False,False,False,False,False,False,False,False,8,False,medium
35,5,4,37,114.75112173441278,78.41524396160848,12.045858700068916,142.2066041197876,24.740386736653363,False,False,False,False,False,False,False,False,8,False,medium
23,2,1,8,102.52869244922123,59.78873720614969,11.58696595030997,80.40627142521436,30.268843344755354,False,False,True,False,True,False,False,False,5,False,medium
33,3,2,40,99.63139075937946,83.88449572932205,15.009264503769748,105.99244662579777,17.50061417918051,False,False,False,False,True,False,False,False,3,True,high
35,5,4,30,129.6722977908507,78.65800733093695,8.883431017772171,122.5558740567563,22.836338505234956,False,False,False,False,False,False,False,False,8,True,medium
27,4,0,33,103.36410863958815,75.55665403509467,10.338831493769208,117.87721559760458,28.933636892127435,False,False,False,True,False,False,False,False,6,False,high
34,5,4,12,115.00397950307624,86.2481802630584,10.46371236866814,96.02744026461492,25.727545693592322,False,False,False,False,True,False,False,False,3,False,medium
23,2,1,10,126.45417815923403,71.70650940763385,12.429691234173314,110.6070274754293,22.280716506216084,False,False,False,False,False,False,False,False,0,True,low
19,4,2,21,125.97164951475487,68.82143887538088,9.43395718770226,70.16391707855507,32.55751817463042,False,False,True,False,False,False,False,False,5,False,medium
20,4,2,18,124.53817845898422,88.72544284097246,12.221487372122562,104.57887867414213,22.61873023065856,False,False,False,False,False,False,False,False,1,False,medium
27,4,3,33,118.63439817401843,93.40765802234795,11.927439730831043,72.87331850095568,24.587498114114126,False,False,False,False,False,False,False,False,2,True,high
37,5,4,37,123.6880397024422,68.06562293882237,12.301355895914876,116.175537208711,29.59741798364059,False,False,False,False,False,True,False,False,4,False,high
20,2,1,22,131.47705759127385,73.86256762892185,12.272356874952157,80.44892514182021,26.923454285546423,False,False,False,False,False,False,False,False,7,False,medium
28,5,0,33,120.10027112794448,85.45042543261454,13.461311418612153,108.58672984489607,28.286878400889904,False,False,False,False,False,False,False,False,2,True,medium
33,5,2,9,92.95357183822979,74.21854998189228,10.9212648593002,112.02230298927438,19.401842012734946,False,False,True,False,False,False,False,False,7,False,medium
22,5,3,32,108.65760152619885,,11.848252655186498,106.66900556005517,27.91269912875044,False,False,False,False,False,False,False,False,0,True,medium
33,4,3,11,123.35644086066506,82.80403597488383,9.821521143099346,91.09703701550107,23.67836836389588,False,False,False,False,False,False,False,False,6,False,medium
24,4,3,30,107.47484879548715,69.37695424443456,9.456327983571892,100.37189849508032,20.016884342226223,False,False,False,False,False,False,False,False,2,False,medium
35,2,1,20,134.44127367350373,79.19274663400259,13.823726055365762,130.98357670061387,23.88777697375852,False,False,False,False,False,False,False,False,5,True,medium
30,5,4,21,114.24184206200282,74.93807305490063,9.700609940228679,95.65861520304523,23.760985152627597,False,False,False,False,False,False,False,False,2,False,medium
30,1,0,17,116.02298525631323,62.831314066062376,12.02609932312462,105.47146235280348,30.472354010092825,True,False,False,False,False,False,False,False,4,True,medium
21,2,0,21,128.49693038682082,65.10347353571599,11.849668479211973,92.7506463019056,24.525182822512807,True,False,False,False,False,False,False,False,5,False,medium
28,1,0,36,,68.47583075603632,12.879969430939635,127.44939618983747,19.876780822463548,False,False,False,False,False,False,False,False,0,True,low
36,5,4,34,117.11532442873823,,8.346878962241474,106.71227705352557,18.954289552531215,False,False,False,False,False,False,False,False,1,True,medium
18,2,0,19,125.78948180798935,84.61358162313327,12.425931188073891,88.1925718137999,22.81041019683487,False,True,True,False,False,False,False,False,7,False,medium
34,4,3,17,97.33275260999577,82.49912918321618,10.907148789735686,105.15675568769858,17.61453707696172,True,False,True,False,False,False,False,False,8,False,medium
28,5,4,24,111.57642205134941,79.40110703265618,10.040145410460154,99.6972986074074,20.138576314057588,False,False,False,False,True,False,False,False,4,True,medium
33,5,3,30,124.94983954454943,79.12826307156439,10.598691981183375,135.636806439724,22.023234594675657,False,False,False,False,False,False,False,False,2,True,medium
32,5,4,14,115.78720178011113,77.7756044955483,12.658833259265606,104.01687485686725,21.312458584342497,False,True,False,False,False,False,False,False,2,False,medium
27,5,0,31,132.60800574492976,79.07597055421634,12.169984827720118,74.57952445562186,25.907630409479697,False,True,False,False,False,False,False,False,8,True,medium
24,5,2,39,96.08891970175698,79.75362583664203,10.795322467191198,115.96993120188958,20.048689530377786,False,False,False,False,True,False,False,False,6,False,high
31,5,2,35,94.7199787846464,60.95577834272619,9.177428057489152,144.29392353403637,15.0,False,False,False,False,False,False,False,False,3,False,medium
21,4,3,26,124.23623819947261,67.09752854055762,9.290328644941376,131.3324795700175,16.25690836267388,False,False,False,False,False,False,False,False,4,False,medium
30,5,3,18,125.3896865791933,64.71078375517958,,80.73545950672442,22.928727457995233,False,False,False,False,False,False,False,False,6,False,medium
20,5,2,18,112.680999918018,86.07145007654009,8.95561211895297,99.08798082484772,20.65278691997297,False,False,False,False,False,False,False,False,3,False,medium
32,5,1,32,119.80473280054869,91.54100103583613,10.810952818809106,104.32497009797476,18.05331307216761,False,False,False,False,False,False,False,False,6,True,high
31,2,0,23,123.94248373157689,55.0,15.289715403807845,104.59192511166478,30.833805316357438,False,False,False,False,False,False,False,False,6,False,medium
19,3,2,11,105.23364152977905,90.64814611871661,11.735297341392153,113.38116085793446,26.31500048554542,False,False,False,False,False,False,False,False,2,True,high
34,3,1,30,106.5178194994084,75.86721373531529,12.187598726392007,97.42977783163548,22.766291359426983,False,False,False,False,True,False,False,False,6,True,medium
27,5,2,12,117.27671415038364,85.12719819158701,9.302343565013874,84.85627572722196,23.93318896999681,False,False,False,False,False,False,False,False,3,False,medium
35,5,3,40,125.84906751872464,80.06467154584897,,125.9396074031965,21.939435955972062,False,False,False,False,False,False,True,False,8,True,high
18,3,2,21,101.00851688370419,89.4039505359992,12.273315259260881,80.28154619005792,17.984739021219013,False,False,False,False,False,True,False,False,2,True,medium
21,3,2,19,112.62462841677977,77.09742433357496,10.548236817768228,87.35343609709957,27.12288114556327,False,False,False,False,True,False,False,False,3,False,medium
28,3,0,9,112.06916041954673,61.36545541187083,12.877794370501878,80.1448175802152,26.405320324435728,False,False,False,False,False,False,False,False,7,False,low
22,4,3,13,120.01550926051317,73.9432511622679,11.22901318019923,118.4686735799479,15.090664867711954,False,False,False,False,True,False,False,False,5,False,medium
25,3,2,39,114.89561955989399,80.15656046106805,15.5,107.34236880712629,23.905730008463017,False,False,False,False,False,False,False,False,7,True,low
32,2,0,25,108.44939699436569,72.84038898465641,10.244288295498643,124.43707963350228,24.34732890231025,False,False,False,False,False,False,False,False,1,True,medium
21,2,1,37,129.98278936908886,81.57731722152671,11.622610446703087,87.72574484236569,21.71307508457623,False,False,False,False,False,False,False,False,3,True,low
32,4,3,39,108.52891022055016,74.34302611359556,9.729366939860048,77.4337114252304,,False,False,True,False,False,False,False,False,8,False,medium
20,5,4,9,111.49484364374256,69.0449068088513,12.811328017043888,95.23417897965501,,False,False,False,False,False,False,False,False,3,True,medium
21,4,2,20,,64.14021616688458,11.864819830198858,100.9850596912673,21.489968139009854,False,False,False,False,False,False,False,False,2,False,medium
30,5,4,35,106.43648947784926,71.08184617466655,9.622096234537077,109.60011877094142,22.108723158023622,False,False,False,False,True,False,False,False,2,False,medium
35,5,0,24,121.1929129160686,77.04571649700327,10.652344169418516,70.0,21.63891827436322,False,True,False,False,False,False,False,False,8,False,medium
21,2,1,24,118.84722347625832,55.40608195744049,13.354935637600843,115.53207899224084,20.554670507810815,False,False,False,False,True,False,False,False,2,False,medium
24,5,4,26,122.19420388078915,67.19923589284977,13.162734568595928,85.32674775763066,19.316957949758212,False,False,False,False,True,False,False,False,1,False,high
38,3,0,31,121.61178743134805,55.03307955225601,8.896966977174966,90.75685569741503,25.0274284467677,False,False,False,False,False,False,False,False,0,False,medium
39,5,3,38,140.05256843554184,68.82925146021961,10.41444857002847,130.8216096851112,30.845765746902245,True,False,False,False,True,False,False,False,8,False,high
30,5,1,37,106.02569407063709,,14.074234810075149,70.0,29.200327559581254,True,False,False,False,False,False,False,False,5,False,medium
27,3,1,28,95.56691507878254,63.13883618271164,10.892515518888445,112.09504459767295,26.156707979627885,False,False,False,True,False,False,False,False,8,False,high
25,4,2,27,102.39336404714172,82.03159745861329,11.453476023278814,112.01202986148465,15.0,False,False,False,False,False,False,False,False,6,True,medium
31,4,1,19,106.5561779700209,103.4882512731232,12.803091066656123,86.98673050928335,15.541802066430822,False,False,False,False,True,False,False,False,4,True,high
31,5,4,11,103.30807676059707,,9.028541269922524,95.16590493984752,27.25665322598096,False,False,False,False,False,False,True,False,3,False,high
24,5,4,31,116.12393017173825,76.33513380391211,9.656484004112963,131.86302964732826,29.477493791715283,True,False,False,False,False,False,False,False,2,True,medium
18,3,2,8,130.03185886668425,83.58434455796483,10.642081466853375,148.18431796736257,25.214938496091108,False,False,False,False,False,False,False,False,4,False,medium
21,3,2,31,133.47590887563896,61.30317197563208,13.0873977917684,128.42396907145803,21.777678739798972,False,False,False,False,False,False,False,False,0,False,medium
39,3,0,24,121.05170202215925,59.26585346589446,12.791624557203676,146.48917669073035,28.40920403758397,False,False,False,False,False,False,False,False,0,False,medium
27,4,1,33,140.6952665854482,75.28698109079394,12.311626187499357,89.79069765731393,26.014375087515646,False,False,False,False,False,False,False,False,7,True,high
28,2,0,39,110.72352332120298,78.98610563468411,10.937344082126769,70.23815053789072,27.549781122933446,False,False,True,False,False,False,True,False,5,False,high
28,5,4,26,95.40977149597089,85.94404284249241,12.96731158028751,103.84232681359492,15.573723570953758,False,True,False,False,False,False,False,False,6,True,medium
35,5,1,26,127.63813681465804,69.31237858598685,10.915767630658703,122.7068899943248,24.373359648126865,False,False,False,True,False,False,False,False,2,False,high
19,2,1,24,92.93686729901125,76.93395484361646,12.084748819795852,70.0,30.09828458853344,False,False,False,False,False,False,False,False,5,False,medium
19,5,4,20,105.93996372760235,76.59111556552975,,84.61794931481772,25.109793721865458,False,False,False,False,False,False,False,False,1,True,medium
24,4,3,10,121.24134678907356,73.68605894423533,13.874912108017034,87.06130795371676,,False,True,False,False,False,False,False,False,4,False,medium
28,4,3,9,113.77142223941463,74.27525123865999,11.069880664669077,112.84439837251448,23.14549164202132,False,False,False,False,False,False,False,False,0,True,medium
32,5,0,31,112.70856684554192,66.45295497360439,10.579823646485732,110.0076304024909,23.42430048917263,False,False,False,False,False,False,False,False,4,False,medium
28,4,2,38,100.83051960615992,77.79707408384964,13.232120580461386,87.94646298290441,28.61011016949528,False,False,False,False,True,False,False,False,3,False,low
27,5,2,9,114.87037132679995,76.95049980195078,13.35496412589202,108.95584634919744,20.32084660597236,False,True,False,False,False,False,False,False,3,True,medium
38,3,1,18,127.0439498648535,70.59988234043965,10.290600812175494,79.81428593520663,19.92944352696086,False,False,False,False,False,False,False,False,6,True,medium
21,4,3,28,115.23961499843223,81.65774266023567,9.391946029017175,95.6186541224558,21.087143900914437,False,False,False,False,False,False,False,False,5,True,medium
30,5,4,31,105.03728944430728,85.27831588432296,13.11045514586578,77.17463644080424,23.09378560987845,False,False,False,False,False,True,False,False,2,False,medium
29,2,1,32,100.02953847283203,81.77376295975462,8.533236202247402,101.6947677885141,16.55964435466103,False,False,False,False,False,False,False,False,0,True,medium
28,2,1,30,105.28486500453306,64.57556679939276,8.451517714333358,87.38923630513816,25.9242357215187,False,False,False,False,False,False,False,False,1,False,medium
35,5,1,10,119.7080050289723,75.99645766861991,10.730727816306064,120.18825044150864,22.343012455711225,False,False,False,False,False,False,False,False,7,False,medium
23,5,4,16,119.12322714831652,65.88568437136547,11.163903545166647,104.42388444406618,26.414757040443636,False,False,False,False,False,False,False,False,5,False,medium
38,2,0,23,105.39391479285197,75.96554746299833,9.304076533956481,100.01165946078515,15.0,False,False,False,False,False,False,False,False,6,False,medium
25,5,4,10,90.0,65.92463302980086,11.354982941403488,143.89873611788133,26.430092105939796,False,False,False,False,False,False,False,False,5,False,medium
29,5,3,19,120.04015316406598,87.77163337354786,11.426352141818368,113.43233989441002,28.347579775812516,False,False,False,False,True,False,False,False,7,True,medium
29,4,2,20,104.22751121229699,82.83331469019842,10.231379369513153,96.90061016009757,24.754191336006915,False,False,False,False,False,True,False,False,2,False,low
36,3,2,40,123.2687497481834,86.52989305342389,14.253542686668572,92.15782236410617,23.120075952671634,False,False,False,False,False,False,False,False,3,False,medium
27,5,4,18,105.92668429446701,85.51722090195496,11.687617936011687,79.0142026695125,26.460813197347402,False,True,False,True,False,False,True,False,7,False,high
24,4,3,40,103.14519455596229,72.29400288426335,12.805582458434856,103.55055451999463,28.08571303496366,False,False,True,False,True,False,False,False,1,False,high
18,5,1,31,116.83806288711502,70.74390256472574,8.670059218129083,111.76749793228598,25.091706271373663,False,False,False,False,False,False,False,False,5,False,medium
26,1,0,30,143.29239076031644,92.41723828700152,8.656253100079127,70.0,25.390564723917294,True,False,False,False,False,False,False,False,7,False,high
36,5,3,35,123.98835989339888,73.34880349827586,11.736100177038281,74.99236240647456,29.62776749666517,False,False,False,False,True,False,False,False,7,False,medium
18,1,0,35,116.63463159047022,61.45419357528001,13.967772303072437,93.645738636129,26.044627942587113,False,False,False,False,False,False,False,False,3,False,medium
37,3,0,15,119.30621843657163,85.07466733665825,9.38410275364419,80.84002425034183,19.798963469118004,False,True,False,False,False,False,False,False,8,False,medium
29,5,4,21,93.98660966217284,76.4377566826372,11.229402634402051,105.95166469257066,28.06656760763037,False,False,False,False,True,False,False,False,2,False,medium
21,5,2,25,101.53191555096933,90.05944123978982,9.023846008485892,109.00734494395148,22.50511484064195,True,False,False,False,False,False,False,False,6,True,high
24,4,3,40,90.0,77.42969677980848,9.850203841256555,102.30923790547405,23.133132034411126,False,True,False,False,False,False,False,False,1,False,medium
30,4,1,9,135.75848673491947,74.79998512653287,11.308978110093136,117.10383507045154,23.4275217096945,False,False,False,False,True,False,False,False,2,False,medium
24,1,0,23,133.32863234986897,90.2612080877469,10.211822058619582,92.13192989350577,26.87547147062349,False,False,False,False,False,False,False,False,4,True,high
20,3,0,15,119.71382231457892,59.61533654963013,8.91116175492852,103.99009306986812,29.995411630624947,True,False,False,False,False,False,False,False,6,False,medium
32,5,1,14,116.62138123701045,69.14637695396992,8.875331695016664,82.92710113362237,23.09768576845073,False,False,False,False,False,False,False,False,2,False,medium
32,5,0,33,96.38091997002904,66.12637028144792,7.982387040857216,111.26163356043536,29.92504844044994,False,False,False,False,False,False,False,False,3,True,high
20,3,2,14,112.36840047699171,55.0,11.762534085143344,106.66997942069922,23.65835325108231,False,False,False,False,False,False,False,False,3,False,low
24,2,1,34,136.5087025408467,83.73176428016603,11.956129640689822,78.63223025420596,28.6086717748919,False,False,False,False,True,False,False,False,1,False,medium
23,3,2,40,116.57699197834857,69.42581586017062,11.948085498475818,101.58869374549539,23.793732286136482,False,False,False,False,False,False,False,False,5,False,low
32,3,2,33,108.22424240545725,84.05368041646575,9.545318723415612,104.16791878812535,21.030305374170506,False,False,False,False,True,False,False,False,1,False,medium
34,3,1,13,93.90315207995664,78.89086491234605,12.609522064918691,111.18226187084267,30.688396271067013,False,False,False,False,False,False,False,False,4,False,medium
33,3,2,12,131.56366873276966,81.07142466627684,12.130845868017373,111.99860714456533,20.648460804878418,False,False,False,False,False,False,False,False,1,True,medium
38,4,0,22,114.15899438766813,70.44600519159353,11.011671050631996,89.1339093432391,20.380763687324748,False,False,False,False,False,False,False,False,5,True,medium
34,2,1,26,93.91919375964605,67.35751856014951,10.749074010785202,121.80018247451972,17.975838817822712,True,False,False,False,False,False,False,False,4,True,medium
25,5,4,33,103.90881181514149,75.8976087521972,9.961415249542448,116.50722493446366,28.069070076809442,False,False,False,False,False,False,False,False,8,False,medium
20,5,4,21,99.66954379170244,84.19168183308169,11.30745893428596,89.05924901547955,29.0137891977333,False,False,False,False,False,False,False,False,5,True,medium
31,4,2,13,113.41907769145634,74.49617994516258,,79.86066500968383,24.492519365413706,False,False,False,False,False,False,False,False,5,False,medium
38,5,4,40,117.48806763535383,,12.820570584986422,90.74066380352663,19.064507455847856,False,False,False,False,False,False,False,False,8,True,medium
39,5,2,37,108.96139522865771,63.009819086016414,10.590063322193476,72.62374515212576,22.972884857060304,False,False,False,False,False,False,False,False,2,False,medium
23,2,0,29,124.32455915784259,77.04163015323827,11.861794338838976,109.57614326563197,21.789522595967583,False,False,False,True,False,False,False,True,6,False,high
23,5,4,30,115.9456268856693,69.45932465071462,9.237711920765188,131.03831830766808,18.878125611663997,False,False,False,False,False,False,False,False,2,False,medium
18,3,2,38,127.74774862326557,74.2825941261026,12.168107483848322,136.27401327437087,21.044433747255646,False,False,False,False,False,False,False,False,2,True,medium
21,4,3,23,110.71367106303137,72.6122121775134,9.67062857173542,81.03448881112303,25.022942605188145,False,False,False,False,False,True,False,False,0,True,medium
30,4,3,12,151.54390710413375,70.55569025315455,12.104408898044278,122.30969372836572,20.579324691265903,False,False,False,False,False,True,False,False,7,False,high
30,3,1,27,108.22613531831252,77.93803560759513,,106.85901931325407,24.16693553260436,False,False,False,False,False,False,False,False,4,False,low
26,5,3,22,104.16004009892954,80.54504084144106,10.087980108276593,70.0,15.894711201034662,False,False,False,False,False,False,False,False,8,False,medium
24,3,2,34,,94.65278944650784,15.5,,29.716724231187325,False,False,False,False,False,False,False,False,0,False,high
36,5,1,33,112.46871128134833,82.57967714684511,11.785016780452766,95.23897260974749,21.43435368589142,False,False,False,False,False,False,False,False,3,False,low
28,4,1,23,94.36556690961059,90.9368232947414,9.80059898678088,131.63799371144347,26.480995535896046,False,False,False,False,False,True,False,False,8,False,high
35,4,3,20,118.53475412593373,66.81399628598264,9.727270133224936,85.83900080246076,,False,False,False,False,False,False,False,False,7,False,medium
39,4,1,21,92.13635476522232,58.99055229272976,14.783928972557426,117.38741563822983,24.60999247021401,False,False,False,False,True,False,False,False,6,True,medium
24,3,0,28,116.94005108868677,74.85569744279842,11.788781895524957,102.64405663028619,18.472062426092933,True,False,False,False,False,False,False,False,6,False,medium
22,5,4,29,98.78497907084376,83.58027244149099,10.094155430134657,73.19220192770884,19.95776406325316,False,False,False,False,False,False,False,False,1,False,medium
38,3,1,24,110.42447911143888,82.01161718159429,10.674463022331354,92.85192321172315,20.048586343832717,False,False,False,False,False,False,False,False,2,False,medium
31,4,3,25,122.25448478958832,87.11381572326574,11.689241244334324,138.69589212122546,23.1013897041631,False,False,False,False,False,False,False,False,6,True,medium
24,4,3,40,142.64845220651625,55.0,10.986046919659149,101.18584792857682,28.304622322017448,False,False,False,False,False,True,False,False,0,True,high
31,5,4,16,102.06399375062611,87.52976894884208,,124.92907530863877,24.733019359485475,False,False,False,False,False,False,False,False,8,False,medium
29,4,3,13,113.19619060688329,78.3546262642964,13.837777434646842,123.72319432995391,19.39863851153717,False,True,False,False,False,False,False,False,6,True,medium
37,4,3,34,106.3148959026935,59.55986654874987,9.195246936699718,95.13819527319882,23.34933590104561,False,False,False,False,False,False,False,False,7,True,medium
23,5,4,38,104.56155612927046,82.23528846728806,12.031408524422257,76.76470552448033,22.677464660559373,False,False,False,False,False,False,False,False,8,True,medium
39,5,4,28,106.42032004036547,76.69482576832964,10.883363832508591,79.65999676074681,21.59653959640501,False,False,False,False,False,False,False,False,5,True,medium
38,3,0,21,124.88879770764326,78.8122929857805,10.201527446306056,136.9366749355298,22.93833389672117,False,False,False,False,False,False,False,False,1,False,medium
21,4,3,19,109.14332962923544,84.99109150315361,12.715478668463907,108.33822306220068,26.054847685358318,True,False,False,False,False,False,False,False,1,True,medium
21,3,0,23,141.99175237925027,79.30275368430716,8.661718984504464,70.0,20.12029432607025,False,False,False,False,False,False,False,False,8,False,high
29,5,4,9,119.99175107073681,60.27174901530314,7.2137066269627725,123.34713161117254,21.616435985335965,False,False,False,False,False,False,False,False,4,False,high
18,3,0,25,102.8798720659111,73.5697373021709,11.35925282361944,70.0,26.928483211571255,False,False,False,False,False,False,False,False,1,False,medium
24,2,1,16,110.59953781425907,58.82354829149108,10.778912416203365,86.82526664124086,24.875851093424,False,False,True,False,False,False,False,False,1,False,medium
27,3,0,16,105.37783611952013,81.49061880558892,8.835444399232067,106.78847619661789,28.116447254462063,False,False,False,False,False,False,False,False,4,True,medium
39,4,3,26,124.60082383536057,88.97970241584039,8.263116006103946,160.44921975785118,28.743398870386564,False,False,False,False,False,False,False,False,5,True,medium
39,5,0,39,95.33464412121697,62.585480374476745,14.089013404270087,122.95202372377774,17.55783551924514,False,False,False,False,False,False,False,False,4,False,medium
21,4,0,14,98.90858343477028,68.2853623946759,11.740823756735487,94.38742583843364,24.153191150441604,False,True,False,False,False,False,False,False,3,False,medium
37,4,2,38,107.9014465750103,66.17630678877832,11.031433156914847,105.62291451222505,,True,False,False,False,False,True,False,False,1,False,high
20,5,4,25,123.1953615176599,70.46094728061664,14.512391854335105,125.23360276524996,18.205123727925294,False,False,False,False,False,False,False,False,1,True,medium
34,3,2,40,129.79672329787326,79.12423158198868,12.635299988904908,136.2809923983259,19.843226463604694,False,False,False,False,False,False,False,False,0,False,low
36,4,2,20,131.56650628927412,70.56930877898841,13.83084283286433,99.55193107130324,21.796926603108677,False,True,False,False,False,False,False,False,1,True,medium
37,5,3,40,121.35761823937037,81.52530172699025,9.112073715013565,100.19042745947772,21.821917259319154,False,False,False,False,False,False,False,False,1,True,medium
22,3,2,29,114.00532556370376,85.65379770075975,9.052171855800506,86.7389328770378,20.572445247075887,False,True,False,False,False,False,False,False,1,True,medium
37,5,1,30,124.53550974776792,86.01759261329278,11.987320376185625,119.63349097345561,22.945434419526116,False,False,False,False,False,False,False,False,3,False,medium
20,3,2,26,101.26599259081948,63.81818904630352,11.663198748953262,127.57138384076231,,False,False,False,False,False,False,False,False,4,False,medium
29,1,0,22,92.86411333580529,88.85928944472722,12.9994592570558,70.0,16.09912561994698,False,False,False,False,True,False,False,False,1,False,medium
28,2,1,25,120.23965093223786,89.66072284876239,8.390737799499744,96.27026769493435,27.54870766928423,False,False,False,False,False,False,False,False,4,False,low
24,4,3,36,102.9318589942138,90.52679931237168,12.12575586555463,78.3041875210366,22.926502746621647,False,False,False,False,False,False,False,False,6,True,high
18,4,1,34,114.21631921401423,73.42185180282304,12.582829813472472,108.31995305237243,21.24848461137102,False,False,False,False,False,False,False,False,3,False,medium
34,2,0,8,116.43552419047377,67.48157526689722,12.49787530689822,77.76518306204433,,False,False,False,False,False,False,False,False,4,True,high
25,4,0,30,117.97743471013956,65.15758808519915,10.349288990067965,75.95689688783928,26.051053250296743,False,False,False,False,False,False,False,False,5,False,medium
32,5,4,35,126.25349846230063,63.98220113425181,11.829784274553722,129.71742417564087,17.23613001069608,False,False,False,False,False,False,False,False,3,True,medium
27,2,1,32,124.98490225950077,75.11690406664869,9.758948652855436,101.35692902222989,26.311575617685083,False,False,False,False,False,False,False,False,3,False,medium
26,2,0,24,117.34000080601228,83.47851856490425,10.53128626904459,103.68206443379839,29.96532347597502,False,False,False,False,False,False,False,False,2,False,low
37,4,3,19,109.69581663436713,88.06558440987344,9.331301857123306,114.49707279367006,17.86878494562724,True,True,False,False,False,False,False,False,5,False,medium
20,4,2,30,116.29314506411585,70.14442883637649,9.786134833057996,126.35801716375708,27.673442339829606,False,False,False,False,False,False,True,False,5,True,high
34,3,2,29,107.84547499990094,74.61311732919711,10.614460274593409,95.790957683346,23.101757458988537,False,False,False,False,False,True,False,False,5,False,medium
34,5,4,20,112.64285293592594,73.95812446598555,10.214501203779404,96.28107871932143,15.0,False,False,False,False,False,False,False,False,8,True,medium
26,3,1,21,146.41808108296496,68.64719750134861,9.785933691110975,96.37453640216948,18.18073258020983,False,False,False,False,False,False,False,False,1,True,high
23,3,2,20,117.18627641060249,82.35749529760619,8.920644716514847,128.7931956972408,23.712906570554164,True,False,False,False,False,False,False,False,5,False,medium
18,4,3,9,120.40294020445059,78.62848246623226,14.137753261534417,103.50102714885583,24.604732982531846,False,False,False,False,False,False,False,False,2,False,medium
38,5,3,9,106.53423221163565,76.41823175119606,10.199099290841184,98.59583713803843,16.67723497760399,False,False,False,False,False,False,False,False,3,False,medium
38,2,1,10,127.24088099715841,78.58305439195925,11.527944917649966,113.5997215011004,23.126820374614553,True,False,False,False,False,False,False,False,2,True,medium
23,4,3,21,124.12326907196109,81.15451247957483,8.185644870009037,,26.29422384139249,False,False,False,False,False,False,False,False,0,False,medium
18,4,3,24,124.20823065586102,81.05437019130389,13.172238612655066,106.63422917376188,26.994302077677222,False,False,False,False,False,False,False,False,4,False,medium
20,5,0,21,117.57869496104156,66.61510043878143,11.267457040778954,99.07216105706894,21.348656130936906,True,False,False,False,False,False,False,False,7,False,medium
19,2,0,39,127.41028114920125,83.96328548742946,10.289800731319797,147.74596739578652,24.7538751142263,False,False,False,False,False,False,False,False,8,True,medium
36,5,3,15,130.2602223596168,77.55366117680559,10.303774286937683,134.2556361295273,27.28974154585718,True,False,False,False,True,False,False,False,4,False,medium
37,3,0,20,118.39718703219154,70.65383805019735,12.391055772425688,131.06615014295642,26.409823916874682,False,False,False,False,False,False,False,False,6,False,medium
21,5,4,16,113.62465169199612,77.3422969144617,6.275047314008337,93.98489140721513,26.565748861316493,False,False,False,False,False,False,False,False,0,False,high
34,1,0,17,125.73485188137712,78.44477476725054,9.681290658065478,91.80378874993268,23.45402646253501,False,False,False,False,False,False,False,False,0,False,medium
21,5,4,27,104.15049632128307,85.81783667164125,10.809465859838092,70.0,22.62192905182966,False,False,False,False,False,False,False,False,6,True,low
26,5,3,18,106.38447663261609,64.53844371514819,,126.22817153279347,24.088454295019666,False,False,False,False,True,False,False,False,4,True,medium
31,5,2,18,114.36039588538118,88.24984353654193,15.008499141885464,106.6939373081753,19.944925123992533,False,False,False,False,True,False,False,False,2,False,medium
33,3,1,30,94.10371517874225,75.23166356309828,10.459850447282989,70.0,27.448379972305492,False,False,False,False,False,False,False,False,4,False,medium
37,2,1,35,124.9311432827611,69.93846749251401,12.584363187298647,131.44064724573303,16.87838177292764,False,False,False,False,False,False,False,False,2,False,medium
18,5,3,15,103.44503335041013,69.63241900142866,13.898651498457522,97.57827900680286,20.982758752323715,False,False,False,False,False,False,False,False,2,False,medium
22,4,3,11,109.34210774197892,64.98632241657421,12.072982537261488,100.29023030452382,22.85502873323061,False,True,True,False,False,False,False,False,5,False,medium
24,5,1,15,112.44064485184275,57.59085116243257,9.921894285949858,71.71467546597647,24.878717995746083,False,False,False,False,False,False,False,False,5,False,medium
24,5,2,27,115.4714418588466,81.77399880359204,,115.82836569334128,25.630114060008793,False,False,False,False,False,False,False,False,1,False,medium
39,5,4,39,110.8761606829235,94.80886400421964,,116.03894056709032,28.955944629183506,False,False,False,False,False,False,False,False,7,True,high
35,4,1,13,114.19154743323581,58.82384651164185,13.632040357850318,103.94427383276818,23.31100845521951,False,False,False,False,False,False,False,False,2,False,medium
25,4,3,9,114.28446841131503,65.49572084069642,11.873540952846593,95.79876545452292,,False,False,False,False,False,False,False,False,5,True,medium
39,3,0,25,109.63562850847448,82.51583189145333,12.973517046297841,162.78228804708255,22.41985307393667,False,False,False,False,False,False,False,False,6,False,low
28,5,4,40,105.72166650833482,74.54363091328577,15.147115276380939,78.52590980876161,21.72240977515989,False,False,False,False,False,False,False,False,4,False,medium
29,2,0,26,127.97768709226722,83.34419242275149,,89.12838617167237,25.079733853477766,False,False,False,False,False,False,False,False,2,False,low
27,4,1,38,,73.98279476851164,9.238987414729731,120.5816482325547,18.732004009569458,True,False,False,False,False,False,False,False,8,False,medium
21,5,2,29,112.53141809188621,69.19372500733623,11.081697224807128,82.68232139341107,22.298281115502792,True,False,True,False,False,False,False,False,0,True,medium
38,3,1,9,109.37320633738942,72.7415788932687,13.19234430963384,81.05944783583821,29.490648074100076,False,False,False,False,False,False,False,False,3,False,medium
18,4,0,22,120.02549784071783,55.0,10.60195233448318,129.89341022144535,23.71940852373869,False,False,False,False,False,False,False,False,0,False,medium
21,4,3,33,97.5484864417719,63.56515654351535,13.409128951700733,118.31421794869959,18.78826881697037,False,False,False,False,False,True,False,False,5,False,medium
23,3,0,24,109.00257590507675,84.48279374218701,10.892900963218574,115.65103549607412,21.640861531829138,False,False,False,False,False,False,False,False,4,False,low
24,5,4,14,113.77168319212294,86.91899844178845,11.534955873514937,109.0001466788265,15.0,False,False,False,False,False,False,False,False,4,True,medium
20,5,0,13,127.84088332444551,89.06166055092316,10.438814335449841,89.77262527948903,22.764559666669022,False,False,False,False,False,False,False,False,8,True,medium
18,2,1,29,118.98621960154509,79.40869346448032,11.25525814451372,99.44123571671959,29.590725443761052,False,False,False,False,False,False,False,False,6,True,medium
32,5,4,23,100.79814146957366,55.0,11.339915884431266,103.26035406421762,18.25358813044635,False,False,False,False,False,False,False,False,4,True,medium
39,2,0,26,109.15027937535208,68.64993470812858,8.426332917733252,123.61675976941858,17.175812515543797,False,False,False,False,False,False,False,False,6,False,medium
20,1,0,20,125.6326162319283,88.24655676548632,10.29345073187028,114.36886204290413,20.38695993299801,False,False,False,False,False,False,False,False,8,True,medium
24,4,3,19,100.59070160892318,91.23054238683554,9.026867061034496,84.58744375808396,26.68526536131805,False,False,False,False,False,False,False,False,5,False,high
29,4,0,29,114.05626877953155,88.62647743007243,10.348626228178626,122.36992901069517,29.818550336787457,False,False,False,False,False,False,False,False,8,False,medium
38,5,4,8,114.8905545696847,72.637475352302,9.727737968535681,70.0,24.79284860245156,False,False,False,False,False,False,False,False,4,False,medium
33,5,2,22,110.37060328095083,,,97.95071932344482,17.856361115557526,True,False,False,False,False,False,False,False,7,True,medium
34,5,4,20,147.34902139358698,74.59368410041519,12.637439899336817,79.8749357041597,22.911100509493156,False,False,False,False,False,False,False,False,2,False,high
30,2,1,33,110.04722248662941,75.14807018230262,11.896470646933563,86.1437242216441,30.157701928361586,True,False,False,False,False,False,False,False,4,False,medium
27,2,0,32,120.39718191241357,90.65564820091453,8.971761230056265,147.38489811687043,21.75639719245942,False,False,False,False,False,False,False,False,6,False,high
22,5,4,22,105.80438655736859,77.27791300122212,10.842984356458333,72.64516877872936,23.561890020701746,True,False,False,False,True,False,False,False,5,False,medium
37,5,3,16,121.33297590399285,75.1668117888077,8.8444923011518,86.97773076815442,23.962238415996246,False,False,False,False,False,True,False,False,3,False,medium
35,5,4,15,125.44945116222323,75.73495148143459,10.764330582478246,116.22883896900062,16.81654816333204,False,False,False,False,False,False,False,False,5,False,medium
18,2,1,14,107.94443155904682,78.99858829762687,12.035873867566833,94.65993928208006,26.991786850480903,False,True,False,False,False,False,False,False,1,True,low
33,5,2,17,114.34357821737761,81.26440086061568,12.587366916664168,108.42227007689546,26.415046997985836,False,False,False,False,False,False,False,False,0,True,medium
19,5,2,33,104.25664276130952,67.75462565982004,11.75655164777447,136.4500919190761,15.025838408588282,False,False,False,False,False,False,False,False,4,False,medium
34,3,2,9,101.2671542554013,64.42379605374431,13.013554502422465,119.40181286859529,17.677393526524405,False,False,False,True,False,False,False,False,0,True,medium
36,2,1,8,127.44154519000247,88.70558521404699,11.415610219099934,94.68898829873923,19.121199499457678,False,False,False,False,False,False,False,False,0,True,medium
20,3,1,25,108.35198864939622,58.589587055643165,10.626303564783525,102.05817145318261,25.9933969850355,False,False,False,False,False,False,False,False,8,False,low
27,4,3,15,90.0,91.37747459204772,12.39785681551906,116.67333221528764,19.995551719310463,False,False,False,False,False,False,False,False,3,True,high
20,5,0,35,136.1842738779235,55.893213027463005,12.450361760282679,118.96977485552824,24.605404397022397,True,False,False,False,False,False,True,False,3,False,high
30,3,1,32,105.37485612324872,69.1545886716898,10.161325282682057,105.45656027693133,22.272900018663822,False,False,False,False,True,False,False,False,3,False,medium
38,2,1,33,112.04352347502363,84.71853970583447,11.60637161371211,112.93339800126299,23.28468701193256,False,False,False,False,True,False,False,False,7,True,medium
19,3,0,23,134.69087806593177,75.00341889078274,10.529098601061396,112.95481368835152,24.983741718327952,False,False,False,False,False,False,False,False,3,False,medium
26,3,0,22,113.29909486974832,61.83523196238159,7.786248316479353,102.9710158118871,24.089336485604186,False,False,False,False,False,False,False,False,1,True,high
39,3,2,22,113.03996077357763,79.26428154125996,11.70417038738131,91.68477265927893,22.92411249773134,False,False,False,False,False,True,False,False,6,True,medium
24,3,0,14,100.26192346539361,75.67004341800481,8.928764509135174,121.33710315647669,24.30832171720355,False,False,False,False,False,False,False,False,2,False,medium
20,5,1,26,95.3819956044692,72.83951711558022,11.525158734934017,111.4195001547668,23.86788830875354,False,False,False,False,False,False,False,False,2,False,medium
28,5,2,36,,68.76077709217093,8.54350991654207,70.0,22.161332114820826,False,False,False,False,False,False,False,False,0,True,medium
29,5,4,16,119.35371728889874,74.653940004694,9.848532676766814,86.83161856688884,21.275058379574887,False,False,False,False,False,False,False,False,7,False,medium
32,2,0,9,118.66630489852928,69.18078388047644,10.306241917222907,94.42522457413635,30.52177127211452,False,False,False,False,False,False,False,False,6,False,medium
24,4,2,26,109.22486703436941,99.34532668849158,12.922759632498153,100.57511015156278,21.229180432549555,False,False,False,False,False,False,False,False,0,True,high
39,3,0,21,115.2430935921633,72.59982848183228,10.146375904022516,131.48678823405623,28.467979977441487,False,False,False,False,False,False,False,False,2,True,medium
29,3,2,34,92.9534800560644,71.26243046180889,9.280046474226069,175.4511698824458,20.259483413326937,True,False,False,False,False,False,False,False,8,False,medium
24,3,2,36,120.52200424834574,69.58363854512211,11.58295213118975,70.0,26.240698059898538,False,False,False,False,False,False,False,False,7,False,low
39,4,3,39,116.93687013724055,92.76950842838193,10.652842258025833,111.69693991192231,30.135032919914572,False,False,False,False,True,False,False,False,3,True,high
38,4,2,20,138.68393073019428,58.609331221044336,12.264896897038943,106.53089464586768,21.649974052489956,True,False,False,False,False,False,False,False,7,True,medium
28,5,4,37,115.08975575714857,78.59432421899417,9.380992081336744,101.02922464920164,20.33043137702592,False,False,False,False,True,False,False,False,3,False,high
18,4,0,11,103.68796777424706,72.60710028123596,11.337366211423646,116.94466999796722,21.283081517285016,False,False,False,False,False,False,False,False,0,False,medium
31,2,0,20,114.39132239093416,60.76599895357988,14.951306874763498,108.29535229274859,22.922529461388578,False,False,False,False,False,False,True,False,4,False,high
30,1,0,16,111.06640239980996,66.80923672136883,10.61715366554505,97.04845253594667,24.28748535370118,True,False,False,False,False,True,False,False,2,True,medium
21,2,1,38,120.21649442524478,78.16953993905832,11.298768655521005,105.64333860491142,22.840011241478468,False,False,False,False,False,False,False,False,8,False,low
31,2,0,27,115.32270474070224,,8.342335587139805,117.24446662412753,21.320061761594392,False,False,False,False,False,False,False,False,4,True,medium
36,3,0,20,99.88063958736828,77.59563928220042,9.635233139212554,115.1523678193211,30.818167431239885,True,True,False,False,False,False,False,False,2,False,medium
20,5,1,13,95.37108054167177,92.29153228686351,11.735553123268431,109.14991076763309,22.198244698190027,False,False,True,False,False,False,False,False,7,True,high
33,5,4,33,118.1548984315962,76.70600677217335,10.472163611996448,92.16415218943807,20.51959449144191,False,False,True,False,False,False,False,False,7,True,medium
21,5,4,29,131.59737449283088,60.46487521475504,11.983092736961247,167.02114343095153,26.32204467032222,False,False,False,False,True,False,False,False,7,False,medium
34,4,0,36,115.95217460862064,66.5320373815311,11.679901897274549,112.90929284614148,26.385743197974477,False,False,False,False,False,False,False,False,8,False,medium
27,5,4,22,124.75956824704248,72.14594261254737,8.891152902595584,121.77419100139501,28.6499575076314,False,False,False,False,False,False,False,False,4,True,medium
18,2,1,12,127.1537098504432,71.47764881005341,12.624490052199707,93.82834603705679,30.711455036197332,True,True,False,False,False,False,False,False,3,True,medium
39,3,2,19,118.20150214953603,76.52013845115918,9.01170409052416,109.17062127158316,,False,True,False,True,False,False,False,False,6,False,high
21,2,1,28,105.2261021456631,78.12442942078067,9.776124950708116,108.99537768961189,21.846983017827025,False,False,False,False,True,False,False,False,0,False,low
31,3,2,15,117.34369702054677,92.30527955118859,11.36717586485474,70.0,15.391051731843284,False,False,False,False,False,False,False,False,8,True,high
21,4,3,10,129.48487465120576,74.96280334912106,13.507236812810527,89.23346327238261,19.248594326607783,False,False,False,False,False,False,False,False,7,False,medium
38,4,3,35,121.35868659519898,63.4780555312409,9.393797836596015,88.82684623586022,23.834247073331586,False,False,False,False,False,False,False,False,3,False,medium
34,3,2,25,123.97894411394387,86.53806130248567,11.236295125471283,91.78995114100674,18.276232613723376,False,False,True,False,False,False,False,False,3,False,medium
35,4,3,21,109.4494450996981,87.63024576781024,11.249632750128546,81.46353902645606,16.659512981234187,False,False,False,False,False,False,False,False,1,False,medium
27,4,3,26,112.57175488305421,77.3244309400597,12.051775964435901,105.96483279862079,23.263311579806157,False,False,False,False,False,False,False,False,4,False,medium
28,1,0,32,113.5752722691956,72.53605604791038,12.894448879486543,135.741889505765,26.107036876302452,False,False,False,False,False,False,False,False,1,False,low
31,2,1,8,114.38394396955844,81.22546402549061,10.353479577596897,107.87075139414924,22.014087816443254,False,False,False,False,False,False,False,False,1,True,medium
35,3,0,22,129.01549979214832,72.8892018632047,12.61895878602072,79.01204997521786,26.5871504109078,False,False,False,False,False,False,False,False,3,True,medium
36,4,3,16,90.0,55.0,13.128514750122207,82.32011412962352,25.466331855696286,False,False,False,False,False,False,False,False,6,False,medium
18,4,2,11,115.36645965498205,80.63474282972467,13.854334686194518,96.70487471739119,27.596933252394635,True,False,False,False,False,False,False,False,1,True,medium
32,4,3,9,114.04604349166175,83.92251476974577,11.803077279554593,73.85665667963676,31.693753833582367,False,False,False,False,True,False,False,False,1,True,medium
20,3,2,22,98.54198630267021,89.4108723037933,11.251899056564215,111.69805584713887,33.45610656267638,False,False,False,False,False,False,False,False,7,False,medium
24,5,1,25,123.06120659904958,67.69241557047435,10.240664842216209,134.76817513486915,25.926684466017505,False,False,False,False,True,False,False,False,8,False,medium
36,1,0,24,106.30599769666091,77.26165315861273,8.665621228560628,92.33010731988414,21.160599240364924,False,False,False,False,False,False,False,False,4,True,medium
23,5,4,33,110.71560820776209,77.47799557852983,10.555274347746403,106.67494594913722,23.24734354608627,False,False,True,False,False,False,False,False,2,True,medium
35,5,1,23,137.1853828930485,,11.179740377962412,95.56286487123347,29.293018340509075,False,False,False,False,False,False,False,False,6,False,medium
28,3,0,27,127.11968379446867,76.14856038286216,10.82481231610735,91.14818727190989,19.427100178829722,True,False,False,False,False,False,False,False,1,False,medium
23,2,1,34,121.8938432697414,75.37136015376966,11.956348788503725,109.17067349429446,28.79064438657052,False,False,False,False,False,False,False,True,8,True,high
25,5,4,29,119.56932321573285,77.11749401582817,8.673322760949556,90.40727906354601,22.320303760328596,True,False,False,False,False,True,False,False,0,False,medium
29,4,1,38,113.0238397306559,82.40681033995354,10.708841167536312,,23.908503805916677,False,False,False,False,False,False,False,False,3,False,medium
34,5,4,15,138.99252718444123,87.20287524584316,14.191631214608496,70.0,19.76924975295892,False,False,False,False,False,False,False,False,3,True,medium
31,3,2,33,124.62601157728287,67.43667579306361,12.592958015203557,106.4209410102502,17.705099189634126,False,False,False,False,False,False,False,False,7,False,low
38,5,4,30,106.00540103241697,73.27698645211818,11.985904206740354,128.47420668895947,21.88465596975488,False,False,False,False,False,False,False,False,8,True,medium
37,4,3,27,98.19877266138815,70.77391880112343,11.625091800035984,120.56079334793145,28.212046777342188,False,False,False,False,False,False,False,False,6,False,medium
34,1,0,8,121.80205602387123,69.34327642799941,10.415309028162133,137.8238532764694,20.192157758859764,False,False,False,False,False,False,False,False,1,False,medium
31,3,2,25,114.32957044145867,58.83968584693974,8.19348759718926,90.16065999594937,29.45008464008221,True,False,False,False,False,False,False,False,2,True,medium
24,4,2,36,97.85274199664599,75.24222455852963,11.731405744659199,123.7178065222138,20.708506474939302,False,False,False,False,False,False,False,False,0,True,medium
27,2,1,29,120.14303398853899,79.79320369545287,7.08251469393653,80.74208239273295,,False,False,False,False,False,False,False,False,1,True,high
20,4,2,8,111.77167407626175,73.44900248101128,10.479110619819558,120.6036902060137,24.01454819432429,False,False,False,False,False,False,False,False,2,False,medium
26,3,0,17,121.36797910632964,74.91042103602915,10.99414529679627,141.17212013778965,25.716287951176344,False,False,False,False,False,False,False,False,0,True,medium
38,5,3,26,120.30088257497088,79.18436927909131,10.284495303348777,115.96439306846652,23.752351666082035,False,False,False,False,False,False,False,False,2,False,medium
27,5,4,34,107.70083174147393,89.11119695163632,14.47421289621637,141.5598555727623,23.603813582367916,False,True,False,False,True,False,False,False,7,False,medium
20,5,0,22,122.59413717309046,70.80235470476964,13.918948456160098,91.82789604232832,29.411840843765358,False,False,False,False,False,False,False,False,1,True,medium
32,3,2,36,109.02513900838122,63.283878856661104,12.652498773882822,102.04691655870566,23.379658189968506,False,False,False,False,False,False,False,False,8,True,low
39,4,3,34,,74.09559853006385,9.519477174284196,84.85495870617726,21.118372858364374,False,False,False,False,False,False,False,False,2,True,medium
37,4,0,16,108.61274312054347,93.83561263369945,14.074264523144727,105.76537666601945,18.46812182700142,False,False,False,False,False,False,False,False,3,False,high
24,3,1,14,128.57169313367524,63.39099441571612,11.990350622117921,110.93282404963797,28.094542757721353,False,False,False,False,False,False,False,False,5,True,low
27,5,1,37,111.63313134334767,81.50135695580283,9.492832544395181,105.57277137791269,21.29728790762329,False,False,False,False,False,False,False,False,4,False,medium
29,1,0,27,131.46931816677102,86.57913229285114,11.052347058073988,94.56894315926985,21.687588046853186,False,False,False,False,False,False,False,False,1,False,medium
23,5,4,36,136.40181844224233,55.0,12.533719765661012,94.20425326445996,27.207517620278026,False,False,False,False,False,False,False,False,1,False,medium
23,3,2,38,106.13537035774661,79.10222523608485,10.041793854972306,,,False,False,False,False,False,False,False,False,2,False,medium
23,5,3,22,90.0,81.03410637073095,11.224852087476467,101.49568753229639,24.005327655323242,True,False,True,False,False,False,False,False,6,True,medium
39,3,2,9,127.53411451925527,72.32664798620146,11.506362203488255,79.66033388628486,22.45200690774139,False,False,False,False,False,False,False,False,6,False,medium
34,5,4,37,110.8963372316783,68.53561438910283,9.238633277536001,70.0,22.977390099307584,False,False,False,False,False,False,False,False,0,False,medium
36,5,4,27,104.6057630424161,69.09337647476019,10.567851443587358,91.89925328752071,21.17784686105347,False,False,False,False,False,False,False,False,2,False,medium
35,5,3,11,107.93538272616438,71.7143150412438,9.359259879930898,74.59008779223784,21.576610537326676,False,False,False,False,False,False,False,False,1,True,medium
39,3,1,25,110.02223414360765,71.97903968312224,12.389868825130751,86.61746025235317,21.598043077214538,False,False,False,False,False,False,False,False,6,True,medium
20,4,2,8,130.56631708832487,70.09222957243233,9.547111319076455,95.68728447813335,26.642912312017316,False,False,False,False,False,False,False,False,8,True,medium
37,5,4,17,116.91893487181018,71.55524747317554,11.466885926610225,101.78581819640829,22.647317629730427,False,False,True,False,False,False,False,False,0,True,medium
19,4,2,19,130.40318356129762,86.90791823846628,8.775750690570243,90.34787169788635,28.437249650437366,False,False,False,False,False,False,False,False,2,False,medium
28,3,2,22,120.93064143134195,62.85571221084865,9.186500986973904,153.206424379553,22.534891360022222,False,True,False,False,False,False,False,False,8,False,medium
31,3,0,26,111.28923131259418,57.509415767284096,9.108990065326909,77.25573326084474,21.531883396229595,False,False,False,False,False,False,False,False,4,False,medium
25,5,4,35,110.31571356148892,87.06785107234315,10.536679753791871,131.60267407468882,28.11150001642615,True,False,False,False,False,False,False,False,4,False,medium
21,4,3,19,121.73930500899522,73.07982240659418,11.288610591952738,101.4235037867582,23.086200078505335,False,False,True,False,False,False,False,False,4,False,medium
22,4,1,32,124.8451075519925,71.11767707517464,,90.53441939050695,22.494262931615054,False,False,False,False,False,False,False,False,1,True,medium
36,5,2,39,126.96151222841043,73.88782876267331,,117.92667222860797,23.134242571263783,False,False,False,False,False,False,False,True,1,True,high
25,4,2,32,111.86153786349108,77.09276700779127,10.730176985552532,95.0366938720965,28.866598052713353,False,False,False,False,False,False,False,False,3,True,medium
24,1,0,16,117.10247027685367,69.75948772881634,9.799084624463836,87.24677689833241,24.224310927149553,False,False,False,False,True,False,False,False,6,True,medium
38,5,4,30,122.00848491106392,80.05931127647303,11.854685588432412,144.37581784946934,27.997935955694064,False,False,False,False,True,False,False,False,6,False,medium
21,5,4,17,110.39241968875766,65.37737426191103,10.571781870273181,70.0,22.061502391364215,False,True,True,False,True,False,False,False,8,False,medium
38,5,4,23,101.3807195943668,,10.870670391010421,99.61277583916727,,True,True,False,False,False,False,False,False,5,False,medium
38,2,1,28,105.32474719957452,55.0,9.808081698395105,109.18157565087073,23.950739345691797,False,False,False,False,False,False,False,False,5,False,medium
31,3,1,17,112.10757468942417,86.72237134863775,13.7594363353448,135.97649572990693,26.53030264792197,False,False,False,False,False,False,False,False,2,False,medium
21,5,0,8,122.94648567064361,73.2391230344037,8.946272922826877,96.23452024739936,26.866584946719854,False,False,True,False,False,False,False,False,2,True,medium
21,4,3,35,130.10772994686522,81.70104091737159,10.360425615377768,163.54233537537004,19.233521883840368,False,False,False,True,False,False,False,False,6,False,high
24,3,1,32,98.72743349518456,79.7657458426625,11.172157525236749,121.70061934966144,23.287830425536253,False,False,False,False,False,False,False,False,7,True,low
30,5,4,12,107.83185983284021,80.49813780371322,10.597823260455632,70.0,26.82879181020209,False,False,False,False,False,False,False,False,7,True,medium
21,5,4,20,110.70565003524098,74.92224471425654,9.777702427669004,73.01897996271362,27.46594147894875,False,False,False,False,True,False,False,False,2,False,medium
28,1,0,16,124.53660438767973,78.88227392739175,8.101306341741749,110.21254801741897,28.013737907170373,False,False,False,False,False,False,False,False,4,False,medium
20,5,4,40,108.662673575338,65.38715587388056,9.893585678573187,79.83494233814758,23.41891090040997,False,False,False,False,True,False,False,False,7,False,low
29,5,0,39,109.84321198063034,63.28821443770268,9.464984253598084,117.05233138211761,29.160838164517763,False,False,False,False,False,False,False,False,2,True,medium
18,5,2,30,98.05608907419732,73.98894066494745,13.686759348340857,95.01794476817429,20.37117372153779,False,False,False,False,True,False,False,False,7,False,medium
33,3,2,22,120.8008877916791,68.20223619604235,14.623513485756884,78.6874191146688,17.020939321235907,False,False,True,False,False,False,False,False,2,False,medium
19,5,4,9,113.06321110484134,89.25464173249426,10.918733315207035,83.77903377322066,21.889556424590893,False,False,False,False,False,False,False,True,7,True,high
22,4,3,16,107.15145958024485,78.7514442930711,8.752389535521404,123.74209931175321,27.783369137385822,False,False,False,False,False,False,False,False,7,True,medium
21,5,4,11,111.88584130621484,67.83518609879461,12.180870569139795,70.0,,False,True,False,True,False,False,False,False,6,False,high
36,3,2,34,128.52394602317514,72.2845956149442,9.430277613891363,127.9960461536424,17.120567948488983,False,False,False,False,False,False,False,False,2,False,medium
19,5,4,10,102.94135710016188,76.330065819881,10.121326314248535,128.6398112017733,16.117964048488464,False,False,False,False,False,False,False,False,8,True,medium
27,5,4,30,104.90008442675685,74.31997043851084,9.993840702106738,97.70905031651976,25.943777136766585,True,False,False,False,False,False,False,False,7,False,medium
31,5,4,39,130.02702936958744,,10.199190943673665,74.1022618575065,17.20958109887626,False,False,False,False,False,False,False,False,8,True,medium
29,3,2,18,115.9092979362263,75.68654544462308,10.432447597614798,,25.196121304067937,False,False,False,False,False,False,False,False,5,True,medium
32,4,1,30,123.037049160543,61.0934325152992,8.898396881073175,94.30009502212272,21.68765366543929,False,False,False,False,False,False,False,False,8,False,medium
35,5,4,37,119.82102292006824,55.0,9.876778141344383,71.66741102378447,19.9176072654085,False,False,False,False,False,False,False,False,1,True,medium
26,4,3,22,114.57598537247262,71.26390955108009,12.631910796581495,147.00108501481336,19.005110698304144,False,False,False,False,True,True,False,False,3,False,medium
36,5,4,22,110.82041057021732,80.60492705098358,10.946308895401351,85.54290748971341,23.825163362707784,True,False,False,False,False,False,False,False,0,False,medium
24,4,2,14,124.97869626980582,71.3763096543642,11.200502146382034,72.61268049193824,19.983368743009898,False,False,True,False,False,False,False,True,2,True,high
39,5,4,22,128.94803881373386,87.36564113405225,7.428402991437925,111.27111803576656,22.980108761224002,False,False,False,False,False,False,False,False,0,False,high
29,4,3,36,128.01026016419317,74.53113300701101,12.516453853638149,,24.60562554709286,False,False,False,False,False,False,False,False,8,True,medium
34,4,3,29,100.7743403962278,88.57196064251978,9.90316817573901,137.69614412335432,25.450644936656968,False,False,True,False,False,False,False,True,1,False,high
37,2,0,14,130.65893221413194,86.51903439264305,12.798349686988312,96.62855394818791,26.737281647225366,False,False,False,False,False,False,False,False,1,False,medium
35,3,2,25,110.70477694962825,85.51286865174467,11.246839686716315,96.8609610325629,23.65891338114849,False,False,False,False,False,False,False,False,0,False,medium
36,4,3,31,105.93964554946199,62.964883657929995,10.10071451352748,112.37502110831556,18.799639790761603,False,True,False,False,False,False,False,False,5,True,medium
29,4,3,10,112.96806763877832,75.17140667973202,8.315536647118112,109.3893942668704,24.862909339681096,False,False,False,False,False,False,False,False,8,False,medium
18,5,4,33,124.97354122298478,87.22773487482314,14.479753531884922,110.06082972788796,25.624814569074413,False,False,False,False,False,False,False,False,6,False,medium
28,4,1,14,121.48557020833675,77.72344724758038,12.285195636875814,110.98293293695698,22.273763077751685,False,False,False,False,True,False,False,False,7,False,medium
21,2,1,17,111.93536305774879,80.54359904998968,12.380919039502407,108.62155848770149,21.84838748634186,False,False,False,False,False,False,False,False,3,False,low
37,5,4,21,125.0519904025357,61.12112694884379,13.910124328724201,95.83737475631997,32.900709541456095,False,False,True,False,False,False,False,False,1,False,medium
23,5,4,24,116.67832696911321,94.18789930608067,11.358539219566177,123.31890712891581,17.82779532678608,False,False,False,False,False,False,True,False,2,True,high
23,2,0,38,108.12434241352751,67.08625597434583,13.163840082210804,97.08225713862984,24.97469748777155,False,False,False,False,False,False,True,False,6,False,high
23,2,1,15,106.50357660449808,55.05574858249803,10.234279587605075,122.69570654725408,27.184125785532597,False,False,False,False,True,False,False,False,1,False,medium
32,5,4,16,119.92281813305944,71.48874262174934,12.180125652533132,135.53076594212817,21.63493903510851,False,False,False,False,False,False,False,False,4,True,medium
30,2,0,20,114.00978717021277,55.0,9.99184526812047,90.09410091858733,22.32593299239669,False,False,False,False,False,False,False,False,0,False,medium
38,4,3,36,98.49393815903636,64.14874855208834,10.193825927225099,157.89863521072039,21.394133477083304,False,False,False,False,False,False,False,False,0,False,medium
27,4,0,39,125.16593791683404,100.58511833104446,11.155200920726841,89.32251608613714,23.00088925145632,False,False,False,False,True,False,False,False,8,False,high
24,2,0,22,109.23669965650696,71.1995922249678,8.972161744064442,89.4814600696607,26.59797025074885,False,False,False,False,False,False,False,False,3,False,low
19,4,3,30,134.10543577586554,60.72212832020209,11.52707875579949,116.87979829286387,22.207168184392938,False,False,False,False,False,False,False,False,3,False,medium
18,4,3,38,98.16412017814346,75.25297886566118,10.50086686420117,114.71437289668431,35.442368556252156,False,False,False,False,False,False,False,False,2,False,medium
26,3,2,35,112.83149684331987,66.02196254968025,,106.5799349612203,21.18904962982875,False,False,False,False,False,False,False,False,2,True,high
38,5,4,30,106.60026778672926,83.6451919967393,10.267740982785723,123.00152393549811,28.51006066266263,False,False,False,False,False,False,False,False,6,False,medium
29,5,1,25,103.29492975547194,66.1045522061396,10.447912474954572,110.5578609350725,25.175699449490885,False,False,True,False,True,False,False,False,1,True,medium
37,3,2,40,109.15851139889948,77.70733710135158,12.364538343741188,150.4463239450033,23.4338924845735,True,False,False,False,False,False,True,False,4,True,high
20,4,3,15,136.24681130844377,63.529409631275406,11.456316723990044,103.8290408067928,28.88304437743039,False,False,False,False,False,False,False,False,2,True,medium
20,4,3,19,116.72044204095404,100.99028144790553,13.315955787237035,86.20114032510297,16.599695017372802,False,False,False,False,False,False,False,False,0,False,high
36,5,1,31,105.49950353443086,80.03623720027315,11.832175352999723,92.86239546904251,24.700713833866338,False,False,False,False,False,False,False,False,4,False,medium
20,4,3,8,93.05645907595114,,10.113662287625143,115.3691363980495,20.13448024668738,False,False,False,False,False,False,False,False,1,False,medium
19,3,2,24,94.34364944382776,72.07041749368715,10.906625023237552,115.69093710641943,21.256048259579302,False,False,False,False,False,False,False,False,2,True,low
26,3,2,36,,69.46400016750636,10.443123140941532,109.54247270219095,21.067990831855973,False,False,False,False,False,False,False,False,7,True,medium
38,5,4,13,107.39574419033607,67.39086520192483,11.78075656978107,86.3109214144411,19.14470282751037,False,False,True,False,False,False,False,False,2,False,medium
33,2,1,34,112.31139152518618,67.11603273818814,11.095715435941164,129.39025863876907,16.389679267906615,False,False,False,False,False,False,False,False,5,False,low
20,5,3,21,90.0,91.78328850461952,9.994304585665725,147.6137944471421,24.555136942101452,True,False,False,False,False,False,False,False,8,True,high
36,5,4,36,113.8998208594416,69.47386042278761,11.013760753700023,105.64295708169634,22.736520466349024,False,False,False,False,False,False,False,False,3,False,medium
36,5,3,28,127.3327573017653,55.0,11.737889064887614,144.8333087491708,21.797634744132573,False,False,False,False,False,False,True,False,5,False,high
35,5,4,13,134.47409496837034,63.340322791201054,9.389725538717153,124.05763192172434,26.036698752319058,False,False,False,False,False,False,False,False,0,False,medium
37,3,2,32,92.26664622499433,84.27724619999138,11.507214018631528,153.81111784222668,24.80773928780211,False,False,False,False,False,False,False,False,0,True,medium
23,3,1,9,105.38328688913013,72.47675943408663,8.47410704615708,115.39816999250799,21.932654181685564,False,False,False,False,False,False,False,False,6,False,medium
39,5,4,16,104.74919366830558,73.6591839986363,12.768914149026573,108.00526766700334,35.20369472890959,False,False,False,False,False,False,False,False,6,True,medium
25,5,3,37,116.7486571303078,86.69814451419093,11.843489297235157,123.53282712555193,27.071954863495655,False,False,False,False,False,False,False,False,2,False,medium
35,2,1,36,100.36273038548256,67.22833410827697,13.606852856994879,95.461130014536,32.779202832436965,False,False,False,False,False,False,False,False,0,False,medium
30,3,1,9,135.18715898472016,81.32417722130904,9.213445696359319,113.95658253291205,21.34018030317328,False,False,False,False,False,False,False,False,2,False,medium
35,4,1,20,115.52226966022887,68.32116850212408,12.813522766106335,134.27576182563791,23.998796484120746,False,True,False,False,False,True,False,False,2,True,medium
31,5,4,11,113.52224452840946,80.75876636752334,12.497248101709008,123.02923002581454,18.04692295131734,False,False,False,False,False,False,False,False,3,True,medium
32,4,0,16,134.11256480539333,71.08864749230341,10.708428724467376,104.31893152242276,21.678086740938163,False,False,True,False,False,False,False,False,3,False,medium
31,4,3,39,,72.5845082514431,10.39737063511215,109.40914307016106,20.6641629014678,True,False,False,False,False,False,False,False,8,True,medium
35,5,2,14,119.80364087798426,83.20133657511278,9.263766309615942,121.6688891886393,34.98202098662735,False,False,False,False,False,False,False,True,6,True,high
34,1,0,29,105.99042072049541,82.48024807682499,8.846704483644011,120.93782541537723,20.230090809176918,False,False,False,False,False,False,False,False,1,False,medium
20,4,3,34,98.5539752193474,73.34572014595415,9.798025088843152,121.5014164288277,22.06386473276631,False,False,False,False,False,False,False,False,0,True,medium
36,4,3,37,107.67566042194923,70.28376330005214,8.99075897215527,112.46763831923168,17.185318772550424,False,False,False,False,True,False,False,False,8,True,low
29,4,3,19,141.2437100673379,90.99147584481653,13.553155973744989,86.86001793236673,25.134893471035465,False,False,False,False,False,False,False,False,5,False,high
25,3,2,30,122.59625137944347,80.89330811497969,,90.36663699626634,19.399098359639318,False,False,False,False,False,False,False,False,1,True,medium
29,3,1,23,118.2944180453326,71.08858191342115,11.238232764969752,115.14566882501725,26.67418291610534,False,False,False,False,True,False,False,False,4,False,medium
39,4,0,11,103.2835193177776,68.46915636710244,11.697128203016169,123.29210722919944,15.846701569808703,False,False,False,False,False,False,False,False,1,False,medium
36,1,0,15,125.93500961180615,85.24897506942139,11.571998771116723,120.44259692832645,22.51350683960522,False,False,False,False,False,False,False,False,3,False,medium
36,2,1,32,98.7076807082345,76.1540008605316,11.712461776638367,90.14523224027647,15.616800398317931,False,False,False,False,False,False,False,False,3,True,medium
28,4,3,30,96.19532260381143,73.36447004873914,12.51424050791948,101.67431788238214,21.03794817299307,False,False,False,False,False,False,False,False,4,False,medium
35,4,0,25,108.29335452542026,76.14975175562594,10.286524540101327,79.16586938350231,,False,False,False,False,True,False,False,False,6,False,medium
26,5,4,33,138.45389094353737,78.37796874636992,11.14008103310434,74.3885690486938,20.60387414270591,False,True,False,False,False,False,False,False,4,False,medium
33,3,2,30,,74.43310852569229,10.530301579254832,106.79254460718153,20.99913493683748,False,False,False,False,False,False,False,False,1,True,medium
32,4,1,19,,87.03686866842995,,134.87944002345017,26.88467307742941,False,False,False,False,True,False,False,False,8,True,medium
23,5,4,17,106.90961178162419,87.59338476211987,14.359785477559802,107.19568801550588,31.697817274170966,False,False,False,False,False,False,False,False,2,True,medium
23,1,0,39,95.31565551328264,80.318881192018,9.0897059837418,146.97897943522125,24.357228806238215,True,False,True,False,False,False,False,False,6,False,medium
19,5,4,40,115.93636870624101,88.74718990495627,7.75023865183308,101.38971263419702,19.559825635931965,False,False,False,False,False,False,False,False,3,False,high
21,2,1,9,116.94415302385744,75.08496768138222,11.910610510430434,105.68677857923171,23.256309757250865,False,False,False,False,False,False,False,False,2,False,low
27,2,1,34,124.47467505036295,81.90331005004616,12.712596614777134,83.19784839757874,21.58292333569908,False,True,False,False,False,False,True,False,5,False,low
28,3,2,12,125.92849015990197,85.04456318871942,14.131163701197528,97.36063236658406,26.55757145839156,False,False,False,False,False,False,False,False,7,False,medium
21,5,4,36,112.6309369880244,85.1903828001661,12.180624561946649,78.82135886037298,24.151444907359032,False,False,False,False,False,False,False,False,4,False,medium
27,5,1,27,121.67233449711502,84.15999147738344,13.233249533899532,71.00257974574977,16.688820207552226,False,False,True,False,False,False,False,False,4,True,medium
31,5,4,30,106.59233358584157,81.31189194081685,13.656097172602097,79.19551175445872,27.391741950897558,False,False,False,False,False,False,False,False,5,False,medium
23,4,1,31,121.44451040032823,94.57128115638086,13.343644434609388,106.87605197925305,26.867362158203605,False,False,False,False,False,False,False,False,0,False,high
25,3,1,27,108.9132150617853,69.60304214734509,12.409856816261039,88.79246183481649,28.980114814271488,False,False,False,False,False,False,False,False,1,False,low
26,4,3,16,120.51350219160325,73.44779212439789,8.948464699290364,94.0027980180329,20.934236396676727,False,False,False,False,True,False,False,False,1,True,medium
29,4,3,34,119.54201590342439,72.85489523349865,10.986621030658629,114.01715253394256,24.20389510766045,False,False,False,False,False,False,False,False,3,True,medium
26,2,1,26,115.82564350834078,71.31932855236191,11.480061790494668,,18.260893299494324,True,False,False,False,False,False,False,False,5,True,medium
34,3,0,25,124.53447661791225,55.112279565850635,10.840304586890207,106.78279329255362,22.79502076785401,True,False,False,False,False,False,False,False,4,False,medium
25,3,1,18,96.15521114367178,88.74864805708248,10.939030467441901,123.65765959153902,24.587941350396182,False,False,False,False,False,False,False,False,1,False,medium
27,3,2,8,102.22100538134872,64.73959540953723,13.507564901900647,125.56030880375052,20.455776914552565,False,False,False,False,True,False,False,False,6,True,medium
26,2,0,26,111.75928391736359,76.69814908746098,9.789069306098618,116.36447509457344,24.369359925728798,False,False,False,False,False,False,False,False,7,True,medium
22,4,0,19,97.68083934792013,60.781388223251135,12.278483780586644,103.85199005576318,23.672000376527333,False,False,False,False,False,False,False,False,7,True,medium
33,5,4,29,110.11762582534354,81.20715730719738,11.50630659980677,91.27774427750496,21.20065417319894,False,False,False,False,False,False,False,False,1,True,medium
23,2,0,20,110.5044364590694,67.14603964059802,9.627948177218673,103.18810742870997,28.589885624284932,False,False,True,False,False,False,False,False,2,True,medium
24,3,2,40,130.71620544000032,63.64038075890942,9.277437602794274,141.37619101431298,22.062228923596198,True,False,False,False,False,False,False,False,3,False,medium
35,4,3,30,116.71040442749755,76.94343464481706,8.277895882431737,111.00745645603232,23.531394898712094,False,False,False,False,False,False,False,False,1,False,medium
38,5,1,23,127.35315491276654,67.99265419517371,11.776923247918036,102.64859885286623,17.132387003071482,True,False,False,False,False,False,False,False,5,False,medium
32,4,2,31,118.62009662571661,69.25840903913627,10.898808298558338,117.4012408915398,25.07676428815122,False,False,False,False,False,False,False,False,8,False,medium
38,2,0,29,108.57199274521521,76.7178961519962,9.67875611203716,106.09393347486068,21.092425166361895,False,True,False,False,False,False,False,False,8,False,medium
36,4,3,28,116.60460169295814,82.99989453634417,7.998231800902311,109.96744491493726,26.828843877900834,False,True,False,False,False,False,False,False,4,True,high
28,4,3,27,123.75311600718608,66.81599512128288,11.692337442958225,99.57222259590925,17.755415057868554,True,False,False,False,False,False,False,False,0,False,medium
34,5,4,38,129.32081591731097,65.088075260085,,95.8713694103565,24.722787803970885,False,False,False,False,False,False,False,False,7,True,medium
25,5,4,18,113.4122792447868,75.23483666682274,9.858090445038911,126.91200572432435,,False,False,False,False,False,False,False,False,5,False,medium
28,5,1,22,95.22987227376467,80.39252580258082,9.457536120558675,70.0,25.463472393522657,False,False,False,False,False,False,False,False,7,False,medium
29,5,0,16,94.38637291093718,89.62755191860624,10.618279738522775,115.52923820846165,22.30078943691315,False,False,False,False,False,False,False,False,4,True,medium
39,5,1,26,111.08304867859735,64.28670401706299,11.751994377182815,94.51143429697211,24.597414036589953,False,False,False,False,False,False,False,False,5,True,medium
36,5,0,40,90.0,71.8203289872962,10.47202722492584,70.0,20.599349921476453,False,False,False,False,False,False,True,False,4,True,high
28,5,2,28,136.54125358884195,86.75786025075254,9.09835787632564,83.55859270604687,19.202803605110535,False,False,True,False,False,False,False,False,2,False,medium
32,4,0,14,122.1631987767968,94.73094536138719,10.90700007194322,104.20698603544689,21.261987541241204,False,True,False,False,False,False,True,False,2,False,high
22,5,4,38,107.37199588603306,65.06909000691246,12.672875947604187,107.2325430417486,23.76804796894085,False,False,False,False,True,False,False,False,6,False,high
35,4,3,34,101.68422887189445,67.6118808019335,11.064428145990737,121.2800980212958,25.30628266264333,False,False,False,False,False,False,False,False,0,False,medium
30,2,1,22,127.33742915171332,78.8110009460986,11.10947766767086,122.77640115998882,,False,True,False,False,False,False,False,False,7,False,medium
29,5,4,12,101.63635413218793,69.22256857806913,10.47892966915492,70.97227080900113,19.252956805989246,False,False,False,False,True,False,False,False,7,True,medium
34,5,3,21,102.78127883678737,,9.576537903096632,,30.35071767171744,False,False,False,False,True,False,False,False,6,False,medium
31,5,2,34,105.8086487196797,77.44470606368907,9.523364133834054,121.02796741530099,24.331256291678006,False,False,False,False,False,False,False,False,6,False,medium
19,3,0,27,116.3690489748919,90.49419953739778,8.341033493196935,109.8162976605054,20.51054196570159,False,False,False,False,False,True,False,False,7,False,low
24,4,1,14,122.44956926976879,61.90517704900614,12.889961338219443,116.05371267454792,,False,False,False,False,False,False,False,False,1,False,medium
21,3,2,13,129.31206680098796,89.98334107779513,11.73992668167656,70.0,24.023949116020685,False,False,False,False,False,False,False,False,4,False,medium
34,4,3,39,127.53965558736041,69.25230781417112,11.131978942804635,83.2152702328523,22.29866705544829,False,False,False,False,False,False,False,False,4,False,low
18,5,1,22,115.0092845108169,78.45791921258198,11.472932426843823,135.0530340524066,21.828845401874197,True,False,False,False,False,False,False,False,4,True,medium
22,4,3,30,127.246263685076,90.9085072110186,11.543247033959826,98.84641691288837,26.939484914959355,False,False,False,False,False,False,False,False,3,False,high
31,3,1,19,106.94800463228367,78.25323592302112,9.824725935592124,153.90828612418835,29.911390525851136,False,False,False,False,False,False,False,False,7,False,medium
33,3,1,10,93.1496078264564,72.02508951800812,10.479580273130715,76.87470694520331,15.0,False,False,True,False,False,False,False,False,0,False,medium
29,3,2,21,106.9464271394739,82.18175622694739,10.241266116187814,139.40298930491525,27.922142303932205,True,True,False,False,True,False,False,False,3,True,medium
36,5,0,30,105.32487382868455,73.2683379766756,15.018278427000007,91.56447651433783,23.079718093626468,False,False,False,False,False,False,False,False,4,True,medium
38,4,2,19,107.41615513840988,80.21351049594614,12.632323266329736,123.97359162486389,23.9467621753105,False,False,False,False,False,False,False,False,1,True,medium
20,4,1,27,103.48750324909733,72.95319001622181,11.268611655720628,98.50158685918025,28.40656932033399,False,True,False,False,False,False,False,False,0,False,medium
38,2,1,22,109.46668506904345,83.61152896989039,13.185574840207495,107.5449192539161,15.0,False,False,False,False,False,True,False,False,7,False,medium
31,4,3,19,122.44020656912294,61.05768307449784,12.983501191213467,118.10195276320152,26.2591576370175,True,False,False,False,False,False,False,False,4,True,medium
31,5,1,16,135.58308523195086,64.86478375906324,8.791161107895995,91.50622824832286,28.129988246937682,False,False,False,False,False,False,False,False,0,False,medium
20,4,3,16,94.29584230889172,60.91071575132054,10.643434750280067,122.62434068724544,20.2455330373994,False,False,True,False,False,False,False,False,1,False,medium
31,4,3,16,99.54718447719107,74.43570570803661,10.973880965106263,99.15077757212661,17.424187867785662,False,True,False,False,False,False,False,False,2,False,medium
33,4,3,31,105.502644895262,,11.978444718371307,108.91709854170111,29.559715264721316,False,False,False,False,False,False,False,False,3,False,medium
30,3,1,19,124.18890252923912,68.0816842493318,10.641611607532107,70.0,15.974433056793291,False,False,False,False,True,False,False,False,2,False,medium
19,5,4,32,112.5406306843234,63.92491395431192,10.842350215859398,97.57862396268062,24.674599181519287,False,False,False,False,False,False,False,False,3,True,medium
29,4,1,18,106.31068932275653,89.79676229538823,10.261841876333856,132.79792374373616,27.09243338556558,False,False,False,False,False,False,False,False,2,False,medium
38,2,1,18,123.60079609246506,65.09319647824161,12.678296260136174,120.28289811661143,24.58639602099841,False,False,False,False,False,False,False,False,0,True,medium
33,5,4,38,126.47668319610362,62.134542970766574,8.690655291635112,124.50400351556193,25.25853035997381,False,False,False,False,True,False,False,False,8,False,high
21,4,1,36,114.77488048691644,77.4833853376577,10.316232365492258,106.17298891295127,21.93992158170132,False,False,False,True,False,False,False,False,5,False,high
39,4,3,21,105.20536928055347,91.8682115456166,8.050118408966236,141.87803906360358,24.85088276752968,False,False,True,False,False,False,False,False,1,False,high
39,3,0,16,118.24335480682471,73.83932920754314,9.352576890962792,111.34565176451291,20.166125616585408,False,False,False,False,False,False,True,False,4,False,high
21,4,3,31,112.2007814985692,74.61280693522936,11.507483946195045,90.47779819141572,20.684222185621625,False,False,False,False,False,False,False,False,3,False,medium
35,5,4,10,112.10784107457447,87.90757461078476,11.537846863937036,123.81309925236744,23.142183056687884,False,True,False,False,False,False,False,False,5,False,medium
26,4,3,23,108.85119737677796,83.78229338216445,10.498893292734952,125.29716390874503,16.840624539395797,False,False,False,False,False,False,False,False,4,False,medium
31,3,2,27,126.09979896786507,79.25414984611892,12.798376233820445,118.85100694488393,25.308160453047414,True,False,False,False,False,False,False,False,7,False,medium
27,5,4,30,117.99856271592152,69.17659271599807,13.166468619678863,96.13545447580651,15.0,False,False,False,False,False,False,False,False,1,False,medium
35,2,1,11,127.42841058267557,79.55957906286613,10.889236263552043,111.19238778553789,24.451261861493123,False,False,False,False,False,False,False,False,2,True,medium
39,2,1,8,131.0359137457375,61.39215904647313,11.400692570230737,135.65314694199404,24.82748780349452,False,False,False,False,False,False,False,False,5,False,medium
35,3,0,17,,68.76324450607402,10.275928892442561,115.50609987891723,19.821918494208813,False,False,False,False,False,False,False,False,4,True,medium
38,5,3,11,108.92227462137818,89.3146265095525,12.003020354322441,72.4892241927718,18.064135444036257,False,False,False,False,False,False,False,False,3,True,medium
38,4,3,24,127.48391478663741,88.01992684741121,9.089503231960565,91.16719832567071,21.36732111185401,False,False,False,False,False,False,False,False,6,True,medium
19,4,3,38,120.58797642734025,79.37484699335376,13.873335695006839,90.14416251429704,25.55870907499427,False,False,False,False,False,False,False,False,3,True,medium
23,4,3,17,146.24041332169168,55.706462786233416,12.823976420365161,88.40488493862352,24.38279646156073,False,False,False,False,False,False,False,False,3,True,high
33,1,0,22,118.72123466193624,62.9177847201685,9.081717833694235,70.0,18.553867564439972,False,False,False,False,False,False,False,False,4,True,medium
30,4,3,15,123.37225646816901,68.20527571385931,9.737570439198908,146.59270561125814,23.42272437591182,False,True,False,False,False,True,False,False,4,False,medium
19,4,3,9,118.48508669555238,73.28300968661283,11.673998022471721,85.72167251379018,24.04782715284362,False,False,False,False,False,False,False,False,1,False,medium
20,2,1,31,113.81081689758258,62.495888494940374,10.458798234106206,87.31313719005372,23.878280320654156,False,False,False,False,False,False,False,False,5,True,medium
29,4,2,16,111.89450140494921,72.53686276417768,11.871359277954639,70.0,19.05363473232186,False,False,False,False,False,False,False,False,2,False,medium
31,5,4,26,118.5309261359028,92.67295238155356,10.42496584477423,124.06143766326026,23.622810920956518,False,False,False,False,False,True,False,False,2,False,high
21,3,2,30,121.25410902176627,79.00835876858673,13.439698812992093,103.00097323643551,26.670980047567767,False,False,False,False,False,False,False,False,5,False,low
21,4,3,35,128.8526547957331,77.18826628961037,11.013291188322086,97.27990068817623,25.147846876700253,True,False,False,False,False,False,False,False,4,True,medium
20,3,2,14,118.70620669964516,64.82444580981512,14.872888209613995,98.44397024616123,24.645919659629758,False,False,False,False,False,False,False,False,8,False,low
30,5,3,27,,58.61015213287493,11.964280475380528,117.93169662987304,29.57073027081562,False,True,False,False,False,False,False,False,2,False,medium
18,4,3,38,111.0777520408122,62.71803574456962,8.840953058802986,94.43952676514805,23.67116451615513,False,False,False,False,False,True,False,False,4,True,high
30,4,3,23,99.12475668516183,58.2061085195899,14.338394533557196,70.0,19.63236371621749,False,False,False,False,False,False,False,False,1,True,medium
28,4,3,9,,75.7503526224151,12.757886327792825,76.5862092984394,19.645032618148413,False,False,False,False,False,False,False,False,3,False,medium
28,5,4,16,108.50591663774982,78.83885804407359,11.608236200129568,75.44362751181502,23.704108707769585,False,False,False,False,False,False,False,False,7,False,medium
32,2,1,34,126.60928552165488,65.34710047180653,12.034613529917484,111.05699251103293,17.249826517822598,False,False,False,False,False,False,False,False,4,False,low
29,5,4,34,118.3186102893104,76.47919339909147,9.0975251766125,125.46041889172926,21.75606850908113,False,False,False,False,False,False,False,False,7,True,medium
34,4,3,18,118.64478197007288,89.68993816232283,8.112998223461977,137.2477238571433,24.85669460651954,False,False,False,False,False,False,False,False,5,True,medium
34,4,2,14,113.59062549673196,94.57697342347237,10.93320046799783,70.0,27.68458001107226,False,False,False,False,False,False,False,False,7,False,high
38,5,1,17,105.54641333647992,82.70410350749218,13.206032542638669,118.6459420295569,16.823945010930974,True,True,False,False,False,False,False,False,1,False,medium
35,3,2,15,103.3775751940963,73.25159496041657,11.63313414922977,91.46843377150273,23.3963104758751,False,False,False,False,False,False,False,False,5,False,medium
29,4,3,32,135.74158466565925,82.38104243876255,13.734674395854631,169.31607771194194,22.727055546325293,False,False,False,False,True,False,False,False,7,False,medium
28,4,1,35,116.36753294604695,88.51809983677961,13.113953253107503,135.43819087432723,23.15002280433011,False,False,False,False,False,False,False,False,0,False,medium
23,2,1,9,128.5032129542518,55.0,11.032973930856725,142.44169906695876,23.566262022344677,False,False,False,False,False,False,False,False,1,False,medium
31,5,4,32,131.618883251743,89.82069037796416,12.894011074123561,122.65367604542607,22.8733320115633,False,False,False,False,False,False,False,False,4,True,medium
21,5,2,32,110.06983683880944,69.55413179406938,13.436152617367567,113.40154032245427,28.56883580212825,False,False,False,False,False,False,False,False,6,True,medium
38,4,3,28,120.08206919113412,69.6503704506251,10.871708846267397,96.14317464451376,27.975986865715125,False,False,False,False,False,False,False,False,8,False,medium
36,4,0,36,115.54012930589617,71.45072027414082,10.657959103128285,91.81494216184622,31.57315675428169,False,False,True,False,False,False,False,False,5,True,medium
20,3,0,9,101.11343436379734,78.20084138775755,11.224720779733188,87.39768808693177,22.957711202275103,False,False,False,False,False,False,False,False,8,False,medium
35,5,4,31,112.77424028914892,63.88745746301234,7.140947475639495,118.58666447736405,21.35724216204879,False,True,False,False,False,False,False,False,4,True,high
20,2,0,12,122.05007908287072,72.15185965309048,11.448691042521348,139.3288615817099,19.128951967241512,False,False,False,False,False,False,False,False,7,False,low
33,4,3,37,109.0116489398697,80.25277206497891,12.152700772935702,97.15022750409281,20.922247101393562,True,False,False,False,False,False,False,False,1,True,medium
19,5,4,24,111.10188165553767,77.18571249273992,11.231217746264802,89.10832618037486,25.858284531019837,False,False,False,False,False,False,False,False,6,True,medium
28,3,2,10,112.91959773537226,,11.551479072578198,72.3629250868654,26.47410035384231,False,False,True,False,False,False,False,False,2,True,medium
32,5,4,32,140.33835197572125,71.76031287618771,10.930437799040794,110.38321670465736,25.702058978538993,False,False,False,False,False,False,False,False,4,False,high
34,5,2,32,92.99141275474673,81.93709952462657,7.80476497607311,132.04388458236343,,False,False,True,False,False,False,False,False,7,False,high
27,5,4,23,121.0197195883271,85.56416122002855,13.660151617445383,133.14520109983607,20.363700370178606,False,False,False,False,False,False,False,False,3,False,medium
38,5,1,18,111.95993107297402,84.96439312162711,10.41147384415725,135.3256522856517,30.82585617644213,False,False,False,False,False,False,False,False,0,False,medium
35,3,2,8,107.3121410979708,79.27610232843136,10.011567795951724,114.13894548589217,19.67202806223167,False,False,False,False,False,False,False,False,5,False,medium
22,4,1,37,111.66549151412481,84.38892608723678,13.172772445522924,106.9841500212579,28.666098666499337,False,False,False,False,False,False,False,False,0,True,medium
32,4,3,14,123.00851492600107,83.71060584114731,12.565920749537943,133.20954976432458,24.61830419290103,False,False,False,False,False,False,False,False,4,False,medium
34,2,0,35,123.69428312824672,101.76507906684147,11.436905369561243,80.57865223264281,20.069604243584767,False,False,False,False,False,False,False,False,1,False,high
25,5,4,27,117.23220546921704,87.18067070048708,12.230991556959353,95.30141161622218,18.262057759696667,False,False,False,False,False,False,False,False,3,True,medium
34,2,0,30,128.11289579747952,74.11255863364718,9.152018662895228,142.63865776808015,20.24432233863027,False,False,False,False,False,False,False,False,6,False,medium
37,2,1,30,130.22599594120692,65.8832071265313,10.870569001568724,81.35867849198726,24.670526456139253,False,False,False,False,False,False,False,False,5,True,medium
35,4,2,36,124.79651130340737,72.38859745240889,13.0716545751316,104.24192107844895,19.361488023836806,False,True,True,False,False,False,False,False,2,False,medium
34,4,0,9,108.44569058623337,71.68215144400021,9.91657308939173,118.88927332556993,29.217641446853463,False,False,False,False,False,False,False,False,8,False,medium
31,5,2,40,120.93329859055451,80.11422567725867,9.402666712009998,106.81936821714606,22.16855812559689,False,False,False,False,False,False,False,False,1,False,medium
23,5,4,9,120.99040790966284,67.997437548107,11.125766324538704,130.28718514563386,25.801785833641105,True,False,False,False,False,False,False,False,1,False,medium
35,5,4,40,105.21242279624138,86.92177171520403,11.16329121775647,138.5649197145217,25.47884436655248,True,False,False,False,False,False,False,False,5,True,medium
26,1,0,16,96.1667332713489,61.10436994104704,12.036115359744029,115.55261504614172,29.487603122527705,False,False,False,False,False,False,False,False,1,True,low
29,3,2,35,90.72669254350534,58.67474863683584,8.794956100416568,135.5813799666634,21.248118604743105,False,True,False,False,False,False,False,False,8,False,medium
24,3,2,10,115.83826588134582,73.64883992074651,6.920997167358991,84.56913978179598,23.424329069115032,False,False,False,False,False,False,False,False,1,True,high
24,5,0,23,118.57647657840302,66.57440950804488,12.47397108390219,101.53413683617558,17.39442202590401,False,False,False,False,False,False,False,False,3,True,medium
21,4,3,25,100.81862106817103,62.417661460157035,9.2672288428724,157.9142059583946,23.412592873559337,False,False,False,False,False,False,False,False,6,True,medium
39,5,2,39,127.55238799061635,68.62930044995157,10.024015422110098,147.74446926577076,27.56004625231705,False,True,False,False,False,False,False,False,6,False,medium
21,4,3,12,116.82661779155694,67.38514170921077,7.50682322887367,,23.877886768054246,True,False,False,False,False,False,False,False,7,False,high
19,2,1,9,131.19343137898423,75.1013433123422,12.636660291240892,104.71922701280646,32.25067815843155,False,False,False,False,False,False,False,False,4,False,medium
38,2,1,29,119.4464304398031,68.79529211685738,11.560541158516049,107.99364178351463,,False,True,False,False,False,False,False,False,6,False,medium
30,4,3,9,102.20399713745019,69.60865641749928,11.496311270481517,114.16356550451621,20.83835038659471,False,False,True,False,False,False,False,False,6,False,medium
27,4,3,33,120.49937455948178,74.95134281778707,11.485528134703259,133.02893855760175,24.823058992024684,False,False,False,False,False,False,False,True,3,True,high
34,2,0,9,123.04132833846522,85.14241570735425,7.703740553549623,145.46149982463103,17.146420789350415,False,False,False,False,False,False,False,False,1,False,high
26,3,1,40,108.42851696935593,89.70745465488791,9.423734418547351,105.82315586309163,19.80407623723852,False,False,False,False,False,False,False,False,5,False,medium
20,3,2,25,97.6948840322815,76.47767562484064,10.277236623286088,129.68368752586883,18.131963178856566,False,False,False,False,False,False,False,False,7,True,medium
34,5,4,39,,77.2554311877052,9.802011566181864,119.2603138283361,23.064443556630497,False,False,False,False,False,False,False,False,0,False,medium
21,2,1,12,102.98986437620579,73.1681298270416,10.565581520566072,104.53512288375217,22.75790728660128,False,False,False,False,False,False,False,False,5,True,low
30,2,1,17,128.4506519567336,79.81248620059078,11.393919524286073,70.0,27.820438601078628,False,True,False,False,False,False,False,False,4,False,medium
38,5,4,23,110.11387983488089,78.90219360584139,12.610301306008306,127.4064196408591,22.60372604712603,False,False,False,False,False,True,False,False,8,False,medium
38,4,3,8,135.69521327791958,88.25847683088412,8.63167355673488,118.31426166881099,18.989920853027343,False,False,False,False,True,False,False,False,6,True,medium
25,5,4,11,90.0,56.11295370844571,10.985863381122437,113.57096306249358,29.237270862751974,False,False,False,False,True,False,False,False,7,True,medium
35,4,3,18,116.61754724974178,72.65502256287792,12.138469886278044,83.41215008967853,15.0,True,False,False,False,False,False,False,False,7,False,medium
31,5,4,32,132.15271168121583,78.39189869127644,9.521466928045088,148.10102001199817,,True,False,False,False,False,False,False,False,3,False,medium
28,2,0,31,104.31634820935244,,10.691467561971393,108.35438141387496,23.87042996598616,False,False,False,False,False,False,False,False,5,False,low
21,3,1,10,113.08958877247558,65.60826967903888,11.74648338477976,79.8897373393767,22.958849847323577,False,False,False,False,False,False,False,False,2,True,low
26,3,1,9,110.16357142763147,62.006333207595226,11.017934175167225,76.34895164430318,25.00036752156072,False,False,False,False,False,False,False,False,7,False,low
32,2,0,29,106.7947882941726,83.06322426028862,12.078716416905701,119.90439281020582,23.442760871522793,False,False,False,False,False,False,False,False,3,True,low
39,4,3,19,117.93547169337137,67.43074149603585,11.151517035279355,120.55949427428614,24.99863987984398,False,False,False,False,True,False,False,False,3,False,medium
18,4,3,34,99.45494078801076,57.450995084943976,10.501019936537208,94.81377655377372,20.591122816907976,False,False,False,False,False,True,False,False,7,True,medium
33,1,0,17,113.6683746240373,83.56572860009898,9.123664392217801,115.17775354926648,17.163790382437405,False,False,False,False,False,False,False,False,0,True,medium
36,3,0,19,121.19193085221488,79.58982900446065,11.395469690261862,119.68733953582888,22.81458685932255,False,False,False,False,False,False,False,False,7,False,medium
38,5,0,15,112.41887546336028,73.84125902541764,11.159956443987792,108.07835486193225,18.89390129596493,False,False,False,False,False,False,False,False,4,False,medium
27,3,2,16,102.99754960017069,65.85448407238971,9.41146875551104,89.57049533922383,20.085900633116346,False,False,False,False,False,False,False,True,0,True,high
20,3,2,31,127.36222478321802,73.86558556629507,11.931289319752421,126.14983088168049,27.645924964080635,False,False,False,False,False,False,False,False,8,False,low
23,4,1,23,,87.15587600519206,13.028677610144031,123.42788883080622,29.23199118205904,False,False,False,False,False,False,False,False,7,True,medium
36,5,4,29,102.5057539443551,58.853007139712005,9.943851091257583,117.4889608810859,27.570824428921576,False,False,False,False,False,False,False,False,8,True,medium
37,2,1,10,99.4707092197295,59.36022383260406,9.835788569155266,86.65789871088455,26.829526282825285,False,True,False,False,False,False,False,False,7,True,medium
32,3,2,25,103.5769070080741,68.7223467708759,9.777362308925891,75.71728514290541,23.239804596778022,False,False,False,False,True,False,False,False,7,False,medium
20,5,2,23,121.54327798584659,74.73356313206794,8.314141516500385,106.68352602892699,27.06177589549639,False,False,False,False,False,False,False,False,0,True,medium
20,5,1,38,118.30687478755056,70.0370810211622,14.207170699000152,125.45056478551805,24.42247580495316,True,False,False,False,True,False,False,False,5,False,low
28,5,4,21,124.48099254934857,81.42816575167019,10.28178339117477,127.88820338116177,30.789961792498158,False,False,False,False,False,False,False,False,4,False,medium
30,5,4,11,111.08619738339262,85.88833944448348,9.62647331613722,117.85640035019874,19.327595328272327,True,False,False,False,False,False,False,False,8,False,medium
18,4,0,31,103.90318914999871,77.78768774607468,9.197159924817052,95.090008081504,25.69043347677559,False,False,False,False,False,False,False,False,2,True,medium
33,4,2,12,126.02615786097398,80.60432343756105,10.37925205376963,87.30743720012802,17.942829509402884,False,False,False,False,False,False,True,False,5,True,high
29,3,0,37,108.35861783858603,77.72099552023673,9.887665013338694,104.62892974007224,25.713395040531104,True,False,False,False,False,False,False,False,2,False,medium
18,5,2,20,,75.09508090915318,13.300917098816887,104.83755219158277,16.123576600811695,False,False,False,False,False,False,False,False,3,False,medium
20,4,3,33,96.4009019306155,62.06441300185305,9.002019494297912,129.360496450371,18.145828653967243,False,False,False,False,False,False,False,False,1,False,medium
27,3,2,29,108.1622749081264,64.72008292397372,8.53834522993866,94.44628328093525,17.86950473309378,False,False,False,False,True,False,False,False,5,False,medium
33,2,1,23,,61.49081523028073,11.88285453165986,96.27371591426483,24.00852800423121,False,False,False,False,False,False,False,False,1,True,low
36,5,1,27,106.40470519996171,73.51495205038916,10.828469605905106,150.20980420600088,24.4181006289451,False,False,False,False,False,False,False,False,4,False,high
27,3,1,14,124.77404585741799,77.32278031254373,10.643288261953415,139.12688920051136,32.80191597893817,True,False,False,False,False,False,False,False,5,False,medium
24,2,1,10,90.0,60.50737615218623,11.895417994087142,85.57883029439003,22.634837942169796,False,False,False,False,False,False,False,False,6,False,low
39,5,1,33,108.28730008428177,75.72595047102007,11.218738619671253,137.31254177683462,26.090158821901795,False,False,False,False,False,False,False,False,1,False,medium
28,4,3,39,112.94374424946241,66.24783671739792,10.925091861023542,80.31860157548394,23.64348024066671,False,False,False,False,False,False,False,False,3,False,medium
24,3,0,36,135.91048364010888,64.30800656463141,8.750966236922176,95.45070825218895,25.755592239862587,False,False,False,False,False,False,False,False,3,True,medium
27,3,0,18,100.97124543982657,68.7465058343929,8.331047760525074,97.95464304796336,23.574653929761872,False,False,False,False,False,False,False,False,8,False,medium
18,3,2,19,123.05191954536508,63.79523501654953,9.879314589935124,103.29298429954451,27.398467488967377,False,False,False,False,True,False,False,False,2,False,medium
24,4,3,19,127.68318137498552,81.06659117959286,9.265016094561712,118.63463941834779,18.78930593764312,False,True,False,False,False,False,False,False,8,False,medium
29,3,1,31,106.3421242330687,73.31995581951072,11.430729277637099,107.34241300229034,15.0,False,False,False,False,False,False,False,False,2,True,low
38,5,1,28,110.51771261472773,83.15214056987588,8.122056142864379,118.52400179647812,24.669612488316005,False,False,False,False,False,False,False,False,7,True,medium
34,4,3,34,116.69954528574284,70.5650364789373,10.284543851303626,96.15950102367451,15.779690658962705,False,False,True,False,False,False,False,False,6,True,medium
35,2,1,39,97.22218039368964,70.94313938116315,10.72308022666916,113.23289772668545,28.246953319194475,False,False,False,False,False,False,False,False,0,True,medium
29,4,3,20,109.53876145766372,93.73382640813456,10.936551552749409,106.73727044652112,20.807523795613104,False,False,False,False,False,False,False,False,5,False,high
20,5,0,29,130.313344491357,58.76939528319661,11.638342820335264,74.45673836241315,18.84705278897473,True,False,False,False,False,False,False,False,2,False,medium
26,3,0,24,121.27185773037304,87.844812434197,10.477535690414468,115.62622459120347,33.80208031450573,False,False,False,False,False,False,False,False,0,True,medium
39,3,2,39,113.11898452620109,91.54524037645827,9.932012793663299,107.11321810669827,22.926199941528488,False,True,False,False,False,False,False,False,8,True,high
18,4,1,19,116.3568683420378,82.65817496261499,12.991168240719666,89.2939892136805,22.159576558856465,False,False,False,False,False,True,False,False,6,True,medium
37,4,3,14,121.97086438635726,71.69529530628975,10.487947698326664,95.65347317455272,25.991901577240117,False,False,False,False,False,False,False,False,7,False,medium
33,3,2,20,124.26892177492137,89.26902071739741,13.27060858808688,96.19294361496678,26.261856490776843,False,False,False,False,False,False,False,False,5,False,medium
24,5,1,28,108.32303023145077,71.78238640110001,10.479796400889043,99.61179356265374,27.556506741569038,False,False,False,False,False,False,False,False,2,False,medium
35,3,0,39,133.41665131935605,67.94214414289279,10.973968538768323,143.69707865390558,17.668105999829315,False,False,False,False,True,False,False,False,5,True,high
36,1,0,35,130.79617841445594,71.11731655808336,10.778004243997234,150.98559765761263,25.14442712694693,True,False,False,False,False,False,False,False,5,False,medium
18,4,3,8,123.12709156423855,69.29806260881462,11.36994977381172,70.0,21.827255822369924,False,False,True,False,True,False,False,False,5,True,medium
20,5,1,24,104.8844816098493,65.53376875080419,10.328242888166477,115.7398367301252,19.31588608978176,False,False,True,False,False,False,False,False,0,False,medium
32,3,2,13,102.75731311875288,86.10007834108964,11.1538159579932,126.00893010720218,23.19245139200848,False,False,False,False,False,False,False,False,4,False,medium
39,5,4,19,111.08075444084088,67.26551647378217,13.449302442553003,100.24631088372576,15.755031184832742,False,False,False,False,False,False,False,False,7,False,medium
18,5,4,39,115.72918117173293,74.70353011078628,12.678162863559299,125.41798186519972,26.691723948116934,False,False,False,False,False,False,False,False,3,False,medium
32,4,1,40,93.77809761329138,60.56228110601196,12.689181349791253,141.39168915168045,21.83729628584574,False,False,False,False,False,False,False,False,4,False,medium
21,5,0,13,120.93631760254307,75.30810681749192,8.852911085076,74.81947621595013,21.089996175987896,False,False,False,False,False,False,False,False,8,False,medium
32,4,3,12,130.44954716618167,63.44073955777261,9.111808093278219,107.94276149694983,22.44928534255967,False,False,False,False,False,False,False,False,4,True,medium
31,4,3,30,121.91768967797053,63.19514177074767,11.348401476411183,148.04843789648723,22.329932968225243,False,False,False,False,False,False,False,False,4,True,medium
19,3,1,21,106.88736636634918,73.90712089903917,12.233180680729497,77.76916337803895,27.562727325213167,False,False,False,False,False,False,False,False,1,True,low
32,3,2,22,105.46715923119412,85.56972265180936,10.169383116093679,102.46488849532597,18.617147108810883,False,False,False,False,True,False,False,False,3,True,medium
37,4,0,36,118.59822813008894,79.40413687739796,9.883864217990075,95.13525992592993,21.47117523526252,False,False,False,False,False,True,False,False,0,True,medium
36,4,3,38,113.16035541594184,80.09120386132759,13.230148804276743,128.14164028175273,22.13377332004931,False,False,False,False,False,True,False,False,7,True,low
18,4,3,37,120.3164940910709,73.70082820020993,12.097402666805824,131.20741083831842,18.739363905140358,False,False,False,True,False,False,False,False,8,False,high
23,2,1,33,122.22065647126762,71.64359734849482,12.692778689167211,108.5712018791581,23.637253786541084,False,False,False,False,False,False,False,False,4,False,low
23,3,2,40,128.10268634673594,82.91140638494235,10.29367990650684,105.70860453202401,20.104506822176244,False,False,False,False,False,True,False,False,6,False,high
27,5,1,31,101.41451885284573,69.36822837679198,10.16796706029465,70.0,17.38287198259699,False,False,False,False,False,False,False,False,5,True,medium
21,2,0,37,117.65942737419175,83.34434154447696,12.518224967461054,136.30605546518126,25.10490962626775,False,False,False,False,False,False,False,False,2,False,low
36,2,0,25,110.63829995246412,87.3594693893406,10.579638623590562,97.23034106214833,29.189100318656802,False,False,False,False,False,False,False,False,1,True,medium
35,5,4,9,113.81637947277567,66.58613217024222,10.02262875297274,101.86884871396029,23.193683029363108,False,False,False,False,False,False,False,False,0,True,medium
35,5,2,34,125.37290623202493,68.05554504366792,9.538885701783656,126.37519565763037,22.586857998306975,False,False,False,False,False,False,False,False,6,True,medium
22,1,0,38,126.67751047661493,69.54304493585396,,109.34719286061032,22.502097757178245,False,True,False,False,False,False,True,False,5,True,high
18,2,0,18,131.78132380460386,60.330373742465866,12.400133682333882,127.08452290905284,20.93619649576772,False,False,False,False,False,False,False,False,1,True,medium
38,4,1,22,120.10708300441921,70.30597268366142,8.584536229235276,118.27502299124045,27.68038968514352,False,False,False,False,False,False,False,False,7,False,medium
24,5,4,26,113.67979851093047,88.01449737219505,12.006483949350281,109.48331533838623,23.376199033395082,False,False,False,False,False,False,False,False,0,False,medium
32,5,1,29,111.9654583665954,64.54424457664652,9.866849986006162,111.82974002634512,15.0,False,False,False,False,False,False,False,False,4,False,medium
38,5,4,30,94.18293997126398,88.25196108653948,,,27.79581581847976,True,False,False,False,False,False,False,False,0,True,medium
18,3,2,21,131.07682053878324,70.66555542046923,10.76600707101223,101.72243715101413,26.81533966414338,False,False,True,False,False,False,False,False,5,False,medium
18,5,3,36,111.13721903457196,96.14035637102754,10.646808205380301,128.8490350984676,25.406403962581766,False,False,False,False,False,False,False,False,4,False,high
18,4,3,34,121.07076472003493,68.18186934684573,10.54059579213525,85.22991884737621,15.0,False,False,False,False,False,False,True,False,8,False,high
21,1,0,39,123.1479583089092,73.5601805017784,10.289030505854084,,22.988206709251184,False,False,False,False,False,False,True,False,5,True,high
19,4,0,27,100.05621389139833,65.898169348076,10.085719721693755,85.64826567766045,26.573711928815214,False,False,False,False,False,False,False,False,4,True,medium
36,5,4,10,103.91984329048438,68.12299226414174,13.111637675144756,108.37437313193315,24.517997566459346,False,False,False,False,False,False,False,False,3,True,medium
31,5,4,35,133.56423888466594,88.38179166858392,11.040078905711884,135.85563476096343,23.820605403635206,False,False,True,False,False,False,False,False,7,False,medium
39,1,0,10,118.48522618820253,79.7453668513898,10.798482730840083,117.0375198763174,26.58205073622152,False,False,False,False,False,False,False,False,7,False,medium
35,4,3,14,108.0329720284178,85.28817779177449,9.968555644236663,70.0,23.557233178108984,False,False,False,False,False,False,False,False,3,False,medium
39,5,4,17,113.48383586646948,61.844106990099675,10.347289886190907,119.2697500030995,27.814497539072505,False,False,False,False,False,False,False,False,8,False,medium
23,5,4,14,128.03484285799408,81.54828453157916,9.974126066621812,95.27401879909327,23.647027126461765,False,False,False,False,False,False,False,False,0,False,medium
24,3,1,31,126.21177375681165,,12.2245506750632,116.206411754473,23.328736305403062,False,False,False,False,False,False,False,False,7,True,low
36,5,4,22,97.40701885312428,61.62681486967147,9.794241461646518,101.7109961426297,26.56965475432805,True,False,False,False,False,True,False,False,7,False,medium
23,4,3,15,134.6114061240627,77.38766138853556,7.406006605362857,86.06995576274782,21.40565227481242,False,False,False,False,False,False,False,False,3,True,high
19,5,4,8,126.59377637198415,77.28538333411413,11.093292859943817,,18.61103139154096,False,False,False,False,False,False,False,False,8,True,medium
32,2,0,15,113.17029700790097,,10.552974675887665,95.28765779175264,23.01520545802327,True,False,False,False,False,False,False,False,4,True,high
35,4,3,30,100.69933068295936,82.17558412627666,10.062738853108318,111.76972886088535,25.361498098231444,False,False,False,False,False,False,False,False,0,True,medium
39,3,0,34,127.64810368073111,83.73566317633677,12.458489791916314,85.50788896646583,26.701450131525547,False,False,False,False,True,False,False,False,3,False,medium
38,3,1,17,120.71713000353543,89.69729339193701,6.626368635123014,80.25506320163039,26.7235980866696,False,False,False,False,False,False,False,False,5,False,high
20,3,0,10,97.50641946306682,63.09657001694165,13.521990503951825,121.10580064448979,22.72540730215635,False,False,False,False,True,False,False,False,4,False,medium
34,3,2,26,112.21506309569948,90.02016245450224,12.687484416715986,129.39446903006146,22.3145197782305,True,False,False,False,False,False,False,False,6,True,high
36,5,4,33,152.51407531350986,93.82311489695576,9.995114778888292,117.76127144416266,20.63153622202143,False,False,False,False,False,False,False,False,7,True,high
33,4,3,10,115.19802108897306,71.33769983547965,10.278745165307196,90.72699763719585,23.99950421592151,False,False,False,False,False,False,False,False,7,True,medium
36,4,1,34,106.09635286797212,58.315083169268235,11.807019122340302,88.71846142963753,16.435503974987355,True,True,False,False,True,False,False,False,5,True,medium
36,5,2,13,102.89804049632032,61.16501086930882,11.849945583745596,89.98523687008966,23.091036945862957,False,False,False,False,True,False,False,False,6,False,medium
27,5,1,16,136.26518780115305,70.38148619066288,9.985789027885502,124.58868845450945,34.39872273975132,True,False,False,False,False,True,False,False,1,True,medium
18,4,3,28,125.17311387493226,95.14141590307422,8.413157193817185,86.84892512088668,16.98454635044498,False,False,False,False,True,False,False,False,7,True,medium
28,4,1,9,131.88926936700673,75.17080000203178,14.381908353923206,124.44889121184745,23.627342430497198,False,False,False,False,False,False,False,False,5,True,medium
22,3,0,18,117.9782234091059,68.82815883248188,12.529798479896883,119.0118694640643,24.511343161849176,False,False,False,False,False,False,False,False,6,False,medium
20,4,2,12,130.04823082399344,68.14597741642703,11.25096484527096,132.22999359374253,25.0258601713363,False,False,False,False,False,False,False,False,3,True,medium
20,5,4,15,104.82015532542508,61.77277674994209,11.281240398784071,128.38936773773784,19.133427878376317,False,False,False,False,False,True,True,False,3,False,high
33,4,2,33,116.9510917709807,83.7457602968039,11.994107245594433,116.9384228101875,25.06234684427708,False,False,True,False,False,False,False,False,6,True,medium
29,2,1,15,118.44464217967284,74.07931255280916,12.185701257672015,72.68901396593073,20.8619737667482,False,False,False,False,False,False,False,False,1,False,low
29,5,0,9,131.58936318250264,95.99829509762432,7.661813316019251,118.42282426885195,17.28966615670164,False,False,False,False,False,False,False,True,1,True,high
34,5,4,15,118.82611648168546,81.2820939642645,10.438604833015477,107.54041462471189,,False,False,False,False,False,False,False,False,8,True,medium
30,4,3,10,107.49385909916542,83.2993631605727,10.272272070073079,96.7884177469809,,False,False,False,False,False,False,False,False,4,False,medium
31,1,0,28,115.76888606704449,72.57895169257323,10.741704546396829,134.9689334501592,19.13375017616505,False,False,False,False,False,False,False,False,8,False,low
19,1,0,40,94.8830415704771,64.08969661826512,12.2332703090269,101.670615270786,20.824810091433797,False,False,False,True,False,False,False,False,4,False,high
36,5,0,13,90.0,66.2641901967082,8.135871684068302,93.35212382710569,20.67995032783431,False,False,False,False,False,False,False,False,0,True,medium
27,5,1,32,124.97609644129945,61.30753056110918,8.841372183098597,129.72923569439328,16.42566144411093,False,False,False,False,False,False,False,False,5,False,medium
21,5,4,19,110.50307336432387,84.1039471981809,9.909207941542997,96.0879608138883,26.04971895058647,True,False,False,False,False,False,False,False,6,False,low
35,1,0,10,111.86299241223679,71.15084812754114,11.246952202346497,92.25114914630076,26.19967363311415,False,False,False,False,False,False,False,False,7,False,medium
34,5,4,30,124.97136015239938,84.52500539592066,12.331400981344599,80.20260975085594,21.6695617401187,False,False,False,False,False,False,True,False,0,False,high
19,5,0,14,131.7641246205352,76.35914402307563,13.610117471297851,86.95612752892848,22.887497753611225,False,False,False,False,True,False,False,False,5,False,medium
22,4,3,24,121.41385545793099,72.07181644229554,10.541833280185042,88.84343450718139,23.458791884892637,False,False,False,False,False,False,False,False,6,True,medium
18,4,1,24,138.13687396261375,63.3039716503145,12.328769455399975,118.66304549093996,23.977567434429766,False,False,False,False,False,False,False,False,0,True,medium
23,5,4,27,121.03226960868733,78.01632732962678,12.1362599652252,82.58040928225651,17.609883202252362,False,False,False,False,False,True,False,False,1,True,medium
20,4,2,12,118.62656156295994,72.81366983553205,11.866670641712208,70.0,24.953778396893608,False,False,False,False,False,False,False,False,7,True,medium
33,3,1,16,117.88466587005519,84.02183927955421,10.96115049625888,111.67105561235273,18.2979709558064,False,False,False,False,False,False,False,False,8,False,low
29,2,1,32,99.5740532543966,67.84589324124401,10.360748898495194,91.05307157238556,25.72550085379159,False,False,False,False,False,False,False,False,1,True,medium
39,5,4,38,126.47198326768147,81.16107773497036,9.295361071035819,104.64212780672295,18.740479318792744,False,False,False,False,False,False,False,False,6,False,medium
34,3,2,8,90.0,91.40848416222538,9.189451414205244,133.21315146685708,17.7995650053388,False,False,False,False,False,False,False,False,5,False,high
31,4,1,21,107.96496571269066,77.72555914659719,11.555330917596809,106.57398441549063,22.88784576080888,False,False,False,False,True,False,False,False,6,False,medium
29,4,3,37,115.27516420681135,82.85291452741882,10.912923983548938,138.21166453930252,22.79797910313122,True,False,False,False,False,False,False,False,5,False,medium
19,5,2,17,105.52285211903964,80.7189024617758,10.335188195455702,103.50076883729585,23.41498657061294,False,False,False,False,False,False,False,False,1,True,medium
19,4,3,22,109.57892892312614,93.98091484517522,12.063693802074894,127.15304258984321,19.429057070006085,False,False,True,False,False,False,False,False,0,False,high
31,5,2,37,137.07250679472673,78.71560421693829,10.679217332657961,92.95660089408277,23.811270876911827,False,False,False,False,False,False,False,True,2,False,high
18,5,0,39,128.24828662938015,81.9995885173551,9.538913353943634,107.36919430848253,24.18796672116168,False,False,False,False,False,False,False,False,2,False,medium
18,1,0,29,106.77006783031914,74.63723971484043,10.573603089551707,84.47470394234996,27.662853221830467,False,False,False,False,False,False,False,False,5,False,medium
22,1,0,30,109.36520186833148,67.25611464317241,12.313007755532789,87.08761964046934,23.740130887347657,False,False,False,False,False,False,False,False,3,True,low
37,4,2,28,99.67595261737787,62.91824314318831,9.36237879651853,100.05733854830524,20.60243138204153,False,False,True,False,False,False,False,False,1,False,medium
28,3,2,17,123.45992543207365,87.66924065636675,11.33484290806007,75.77225079960034,17.61175117647636,False,False,False,False,False,False,False,False,8,True,medium
33,4,3,37,112.0030905950743,64.9164062865746,10.911318808969785,108.50591937825504,16.87895635796842,False,False,False,False,False,False,False,False,2,False,medium
27,5,4,9,91.40240234926543,82.45864499783433,9.782704173808874,98.33928039171995,24.291912523747218,False,False,False,True,False,False,False,False,4,True,high
21,5,0,9,116.2094031017207,79.16016630383761,10.530636500736813,110.16075848457285,26.172795482076097,False,False,False,False,True,False,False,False,8,False,medium
26,5,4,27,120.26774660322191,84.17785344895732,8.485307185954152,76.10979834043876,19.43911822181535,False,False,False,False,False,False,False,False,5,True,medium
20,5,4,35,126.55769167810064,69.85287977416782,11.175424310651733,120.43811083432401,24.02105439227256,False,False,False,False,False,False,False,False,4,False,medium
34,4,3,34,114.1197424650787,67.09270085516789,8.816427226564224,142.34750064037064,22.303125277872436,False,False,False,False,False,False,False,False,1,False,medium
22,3,2,30,110.52794604656341,78.78371838099757,12.715899547556464,137.70372818363052,25.873070142248462,False,False,False,False,True,False,False,False,3,False,medium
26,4,0,20,138.83517616587434,72.07658326792486,10.852844123145298,146.88594364976763,26.464307647067532,False,False,False,False,False,False,False,False,8,False,medium
39,1,0,19,115.07903387319462,62.689716633937216,10.085098149489161,105.93348188082906,15.0,False,False,False,False,False,False,False,False,7,True,medium
31,3,0,22,123.63474197917522,94.38525542340346,12.856894924890325,97.24878722659481,27.128538792652808,False,False,False,False,False,False,False,False,3,False,high
28,4,3,16,108.5255242794849,67.08591834037455,9.349041849240372,115.72683787714081,24.008787852487558,False,False,False,False,True,False,False,False,6,True,medium
29,3,2,21,123.27891581963,65.06367288014985,9.803707350663458,99.75916507842288,20.874576077437744,False,False,False,False,False,False,False,False,2,True,medium
35,2,0,11,97.53245209115083,72.57864231820622,8.073205340749366,70.0,20.986148650486232,False,False,False,False,False,False,False,False,4,False,medium
23,4,0,18,109.4551894513764,87.52858569157914,13.095210086932443,123.02458930189825,23.12698961670194,False,False,False,False,False,False,False,False,5,True,medium
32,5,0,39,100.50070912688736,55.0,13.996585114549115,99.8431586493358,20.985004843069767,True,False,False,False,False,False,False,False,6,True,medium
37,4,3,31,107.74032013756639,86.6988361457545,8.322249634892707,72.71823893361329,19.25198546112764,False,False,True,False,False,False,False,False,3,False,medium
30,4,3,12,130.00564048277286,65.88526498543698,9.694764095013333,93.81779016437683,20.168809387614584,False,False,False,False,False,True,False,False,1,False,medium
27,4,3,17,107.65208932835563,77.64525240108254,11.111701730412882,100.34347664499207,18.839352198721272,False,False,False,False,False,False,False,False,2,False,medium
21,5,0,16,123.61907350568902,68.239930382762,10.174889380786155,,28.386273786239528,True,False,False,False,False,False,False,False,0,True,medium
23,5,0,17,133.20718218468448,94.91916854002007,10.949895990171363,105.52458994010556,23.2236192610818,False,False,False,False,False,False,False,False,3,False,high
38,1,0,30,114.66907223676017,76.24620086642352,10.811843293263507,135.11843439207948,32.01137236780003,True,False,False,False,False,False,False,False,2,False,medium
29,4,3,37,126.92520526067536,67.91908449658764,11.652082976285287,76.65210923908718,24.48430548143339,False,False,False,False,False,False,False,False,8,False,medium
24,4,3,31,121.3730314976641,71.9890867816231,9.462455209673685,101.6528281961976,25.355633016431774,False,False,False,False,False,False,False,False,2,False,medium
27,2,1,24,116.39724316700239,75.89637074901687,11.30825544039079,85.66279546330448,18.753578932169482,False,False,False,False,False,False,False,False,5,False,low
30,2,0,13,124.00378707180316,76.776766077622,9.214196123345284,132.6357015273538,22.127164254924324,False,False,False,False,True,False,False,False,8,True,medium
29,5,1,12,137.07925707990225,,10.341027334349482,,23.290765229003423,False,False,False,False,False,False,False,False,1,True,medium
33,5,4,34,107.35277304989737,74.98595392317685,8.221197875983966,97.4357435746833,20.45100544353814,False,False,False,False,False,False,False,False,8,False,medium
23,2,0,30,103.4895891978871,61.22837583391284,10.35272289367749,128.09329803795032,21.140795893815405,False,False,False,False,False,False,False,False,5,True,medium
32,4,3,24,102.78502545213588,71.5973232909834,10.08361986734724,134.14504609376516,24.680591329516737,False,False,False,False,True,False,False,False,0,True,medium
27,5,2,27,126.93313563683866,,12.509726970781859,137.39771783336985,24.75903919303557,False,False,False,False,False,False,False,False,0,True,medium
38,2,0,35,128.55241147754023,68.30117193621,10.905183884288638,70.0,17.65221889779111,False,False,False,False,False,False,False,False,8,False,medium
21,5,4,34,108.55555679999279,81.72781279698377,11.196005172966107,115.62411025913697,24.13496360577299,True,False,False,False,False,False,False,False,4,False,medium
21,3,2,10,90.0,75.3171813295781,10.964076754404509,110.94257278277728,25.212060729782493,False,False,False,False,False,False,False,False,7,True,low
28,5,3,21,106.90291912092297,72.8225984323351,,103.87302479797228,20.638892639432836,True,True,False,False,False,False,False,False,2,True,high
29,1,0,9,121.57425013368396,86.94143892539593,7.804885983725331,106.46449844417849,20.23234479716717,True,False,False,False,False,False,False,False,1,False,high
33,2,1,20,114.19932233220601,57.61868555615719,10.490115786590712,133.28702665708408,24.765876560257205,True,False,False,False,False,False,False,False,7,True,medium
26,4,3,29,117.16417296106441,68.2467910173535,11.445695981078089,127.84896299498156,15.0,False,False,False,False,False,False,False,False,4,False,medium
38,4,3,14,108.71986698069283,87.32428709678776,10.624215691647821,124.73209098643204,23.008337882028368,False,True,False,False,False,False,False,False,0,False,medium
28,4,0,12,127.16906949651718,93.30049163153534,9.61750564010648,109.55211236661407,29.537711618449205,False,False,False,False,False,False,False,False,4,True,high
20,4,3,24,119.11830162105564,97.859924846717,10.615499009014876,154.95299712516064,15.0,True,False,False,False,False,False,False,False,2,True,high
20,5,4,25,122.03756166836563,75.50355530338304,10.476663145528969,96.18629743226451,26.291499466688634,False,False,False,False,False,False,False,False,1,False,medium
39,4,3,31,116.90878819632017,79.57897379615542,12.246405198211797,70.0,25.177689791073156,False,False,False,False,False,False,False,False,6,False,medium
20,5,1,8,121.29241796333012,83.17427827235667,12.156831970985289,99.16463167322085,17.247596683166663,False,True,False,False,False,False,False,False,3,True,medium
38,5,4,16,120.50286025817154,87.75075272158284,10.11453675577018,106.2702303868247,25.081955430492656,False,False,False,False,False,False,False,False,2,False,medium
24,4,3,33,103.86310446237061,78.13091934674762,10.920121193841263,133.67005014979281,27.00567958439039,False,False,False,False,False,False,False,False,1,True,medium
20,3,0,30,119.47675714450153,84.26148923446067,11.441918857907854,93.758482602645,18.293531203220297,False,False,False,False,False,False,False,False,7,True,low
24,5,0,37,124.49809806335824,79.59773800444522,11.67943103270509,115.80706162863962,20.17110264519976,False,False,False,False,False,False,False,False,5,False,medium
31,5,4,34,128.86169759433812,80.22223941908376,13.644156945264708,72.50062596366041,23.10442844256405,False,False,False,False,False,False,False,False,8,False,medium
27,4,1,35,119.99328577940456,65.8163076309992,10.954963789853414,128.79119386447533,26.910680585995085,False,False,False,False,False,False,False,False,3,False,medium
35,4,0,24,103.41699377522157,71.70786280623776,12.86999168673043,106.50302711803006,20.835526391820185,False,False,False,False,False,False,False,False,0,False,medium
31,4,2,39,,69.77230801922181,9.143867075770235,,22.831637067843005,False,False,True,False,False,False,True,False,4,False,high
26,3,2,21,109.77822302496483,63.11104546421478,9.979721880718863,151.89635332997912,20.340424888918804,True,False,False,False,False,False,False,False,3,False,medium
31,4,2,37,117.2735668976383,58.483947757890846,7.5826809327818205,128.53795575142234,23.098230514173636,False,False,False,False,False,False,False,False,4,True,high
39,4,3,20,113.53316678430888,70.76372501407852,11.242090464015577,82.12347867205716,27.186712857910685,False,False,False,False,True,False,False,False,4,True,medium
27,5,4,22,101.51521521242904,72.3611767356374,12.036038327774133,102.59338095756745,23.423587349477643,False,False,False,False,False,False,False,False,4,False,medium
21,4,3,30,101.44335958821938,76.05037076027843,6.911383824405708,165.199029880095,21.570163221638317,False,False,False,False,True,False,False,False,7,False,high
26,4,0,21,90.0,80.5573784084014,11.301258188145345,148.53396930390704,22.868973212925866,False,False,False,False,False,False,False,False,1,False,medium
36,5,0,12,90.0,76.88122243605822,11.966736555570952,125.30518886625234,19.79749776476828,False,False,False,False,False,False,False,False,8,True,medium
22,2,0,37,113.4186181245409,72.43088822469424,11.875580154141504,70.0,19.02243171681659,True,False,False,False,False,False,False,False,0,False,medium
38,4,1,22,142.84276450171427,65.84873684223125,9.086622207944565,134.3073059835613,27.813672117336814,False,False,True,False,False,False,False,False,4,False,high
30,2,1,38,136.56135428549712,83.77069097501217,12.236991956947596,,29.55083843597624,False,False,False,False,True,False,False,False,5,False,high
31,5,4,21,103.26122305452435,73.98177782710599,11.014887195816637,134.11739455196033,15.833954478752812,False,False,False,False,False,False,False,False,7,False,medium
24,4,1,40,116.79883956868733,70.66210204993091,11.945660190266425,89.10129331779177,25.328517978128275,True,False,False,False,False,False,False,False,2,False,medium
38,1,0,27,97.42504587939801,73.1354571758673,10.798627374644756,115.75425001705341,26.435733885962737,False,False,False,False,False,False,False,False,6,True,medium
18,5,4,33,99.25468562970255,67.67255652645292,11.609659787288738,90.91378221881155,,False,False,False,False,False,False,False,False,0,True,medium
24,4,1,32,100.63032882843544,69.69326076588894,12.774777280065244,97.00783321191207,21.11297942223238,False,True,False,False,False,False,False,False,3,True,medium
27,5,4,14,112.294015786698,69.37541686709812,10.673564713436136,118.688325994375,20.6918149664445,False,False,False,False,False,False,False,False,3,False,medium
28,4,3,34,112.81048467745629,72.12662581999531,11.454567694234735,75.98423468656725,30.603787041661263,False,False,False,False,False,False,False,False,8,False,medium
28,5,4,39,118.0324236496823,81.5575495681809,12.999629912410866,157.19319674975057,29.60980086553054,False,False,False,False,False,False,False,False,8,False,medium
21,5,4,29,,79.07112068540609,10.786831736304388,82.40112772133511,19.315292748122427,False,False,False,False,False,False,False,False,7,True,medium
22,3,0,39,110.9574289192581,90.46737407280784,9.199366135331442,81.17069502677414,17.163007555823846,False,False,False,False,False,False,False,False,5,False,high
20,5,3,35,115.43442364795153,87.11729092112009,12.08166899864959,118.75294289442972,26.091907847063755,False,False,False,False,False,False,False,False,0,False,medium
30,3,2,29,101.87424991971749,94.56421773234575,13.295804176974999,133.42270500569654,25.175790080522717,False,False,True,False,False,False,False,False,6,False,high
25,4,3,23,98.86603570891383,80.59158479670829,13.062053620508097,97.87853913519055,27.975974004770528,False,False,False,False,False,False,False,False,1,False,medium
30,4,3,36,97.01233184742028,80.4310522237353,12.143980426126198,81.42767721673574,18.76370171261375,True,False,False,False,True,False,False,False,7,True,medium
30,4,2,14,122.79097361353872,70.12584222362864,7.249347865453197,84.70766400886887,25.894164081929162,False,False,False,False,False,False,False,False,3,True,medium
33,4,1,26,110.94510582294107,83.26014897495499,9.982667636805902,82.33956943802227,20.072963114779935,False,False,False,False,False,False,False,False,6,True,medium
30,5,4,34,92.54655684610717,68.43883069956911,10.064639219745915,,25.49265398802678,False,False,False,False,False,False,False,False,5,False,medium
32,5,3,39,114.24293256779669,60.29544475618422,11.07178942692499,103.46030535817002,22.851522665308387,False,False,False,False,False,False,False,False,3,True,medium
30,5,4,16,100.014144018567,90.26323392247755,13.701223735105074,114.36831739591696,30.602472011875502,False,False,False,False,True,False,False,False,5,False,high
32,2,1,11,134.92454582767567,62.50818405367328,9.271133386308486,113.02712740736321,24.78957478200023,False,False,False,False,False,False,False,False,7,False,medium
31,5,4,19,108.05413934095809,79.38851789595599,14.58752334175429,123.13487034319404,21.74402274639007,False,True,False,False,False,False,False,False,6,False,medium
24,3,1,36,123.17807182982945,66.19668627166638,10.388275258761212,95.98123156287285,23.551733629443966,False,False,False,False,False,False,False,False,2,False,medium
23,5,2,25,128.06755632861984,86.26667622791834,9.772957898442488,88.75949574476269,22.597926172434338,False,False,False,False,False,False,False,False,1,False,medium
35,5,4,9,103.5408585693155,87.62949985770696,12.35232753969886,108.43846950408626,18.382254650658638,False,False,False,False,False,False,False,False,2,False,medium
25,2,1,11,115.9125654106565,80.29177807423186,12.4788868269186,103.79021979320265,30.69956861729591,True,False,False,False,True,False,False,False,4,False,medium
30,3,1,19,121.64161481665775,,12.039915057637975,110.56494431591025,29.394878890415708,False,False,False,False,False,False,False,False,2,True,medium
22,5,4,19,116.38655406892128,75.07337075831123,9.768871253110392,89.34231529742296,22.2947861438384,False,False,False,False,True,False,False,False,7,True,medium
27,5,4,12,119.33320911171782,97.3417468082605,11.803245004382516,119.1287803679542,,False,True,False,False,True,False,False,False,3,True,high
29,2,1,24,99.04444727729016,82.46165233492907,9.346307609758947,79.07578786506281,31.205717366567832,False,False,True,False,False,False,False,False,1,False,medium
31,2,1,23,121.6484346365743,65.99448440376307,9.724406617631667,95.31153749330414,27.947585277538924,False,False,False,False,False,False,False,False,6,False,medium
29,5,1,14,109.1660296699275,75.69606708744139,10.848207737433189,129.83890933185964,,False,True,False,False,False,False,False,False,6,False,medium
25,5,0,15,119.19341467940968,,9.688058240158236,80.11107090149792,22.64817112120617,False,True,False,False,False,False,False,False,0,False,medium
39,4,2,29,126.03986614661757,72.4957594156234,12.684397196605811,128.1053470045048,16.129862211037658,False,False,False,False,False,False,False,False,4,False,medium
29,2,1,39,123.02570209021928,58.42860772100793,,73.99981379154447,,False,False,False,True,False,False,False,False,4,True,high
35,5,4,40,119.18463670587369,78.8686454444346,10.647270050750242,,27.971380936290412,False,False,False,False,False,False,False,False,3,True,medium
34,5,0,26,122.7055395542142,61.142470210594475,9.591682749321574,72.135030279426,27.99882466476017,False,False,False,False,False,False,False,False,5,False,medium
30,4,3,9,123.26093264666542,55.0,12.660175698274665,107.56973567940179,25.8041610727815,False,False,False,False,False,False,False,False,4,True,medium
37,3,2,37,132.9460139366071,71.55986358876696,9.93419684104049,121.05110650974441,24.40938645264237,False,False,False,False,False,False,False,False,8,True,medium
20,4,3,39,114.59139160644675,67.44106346607762,12.827217764391605,133.43707028555963,19.00875099734881,False,False,False,False,False,False,False,False,1,False,medium
38,2,0,17,116.96748392130867,66.38462987364447,12.709669736451604,131.68315665700928,24.278838169691394,False,True,False,False,False,False,False,False,3,False,medium
36,3,2,21,126.18480170771333,55.0,10.286494478487601,123.97936886828971,20.47335203133153,False,False,False,False,False,False,False,False,3,False,medium
29,4,3,8,109.11534868283785,66.49157124046951,11.047468493217623,86.70076405912796,25.100717709948835,False,False,False,False,False,False,False,False,4,False,medium
34,2,1,34,98.97679032786417,73.26358134827298,10.242065637491278,86.50892225288212,19.944535228574985,False,False,False,False,False,False,False,False,6,False,medium
29,5,4,33,120.91876209499324,68.65846059903906,11.873155192411163,122.3314310734298,25.07526411583967,False,False,False,False,False,False,False,False,6,False,medium
23,3,2,8,112.52771578460866,78.87343676253332,10.688845901873758,136.26878567943686,,False,False,False,False,False,True,False,False,8,False,medium
35,4,1,31,100.50967105918758,88.92660648475562,10.332030937963577,82.31490064197267,24.50860662961153,False,False,False,False,False,False,False,False,1,False,medium
23,4,0,21,121.00650315255805,80.16367440255175,,133.46798546656035,24.313834961302575,False,False,False,False,False,False,False,False,2,True,medium
24,3,0,26,132.17359618035098,85.26394294101985,8.468454778358597,70.0,26.65210758731693,True,False,False,False,False,False,False,False,3,False,medium
29,3,2,15,95.44308944453097,86.09126689648448,10.878642808311875,113.57835206657711,30.081338615295667,False,False,False,False,False,False,False,False,6,False,medium
36,3,2,34,127.26789994259778,64.81139232933288,12.039379152223008,102.71624010893056,22.570863583025062,False,False,False,False,False,True,False,False,0,False,medium
26,5,4,21,90.0,79.39114692686195,11.22088700841787,100.50782561358652,25.08408803486481,False,False,False,False,False,False,False,False,2,True,medium
28,4,3,35,110.19656043782183,84.95157353365467,12.522650505159785,105.68796487539326,29.044930316074407,True,False,False,False,False,True,False,False,0,True,medium
18,4,0,12,137.08619094691096,70.64039521951521,10.396323059422759,86.21793588068851,25.677155425597448,False,True,False,False,False,False,False,False,0,False,medium
20,4,2,27,111.0601114178456,67.0937334996971,10.265134860277994,114.81371823421874,15.0,False,False,False,False,False,False,False,False,3,False,medium
19,3,2,18,116.0792607498519,80.30406459216444,9.212289593638134,106.33470657744054,20.137525815734346,False,False,False,False,True,False,True,False,2,False,high
19,2,0,39,124.15439440928266,60.18371128212321,10.350808154322038,125.57685261140607,26.004168401801746,False,False,False,False,False,False,False,False,7,False,medium
37,4,3,26,94.40231783127217,,14.145428199942991,139.98858872656677,21.399309377473934,False,False,False,False,False,False,False,False,0,False,medium
36,5,2,31,115.86513761007707,68.33243652416567,11.440869384298324,107.79217207957889,28.76141870543261,False,False,True,False,True,False,False,False,3,True,medium
36,3,0,10,115.7705568635357,79.50514213130708,10.063142054722848,86.98819594715391,30.43169605456213,False,False,False,False,False,False,False,False,0,True,medium
19,4,2,30,137.34785167898488,,9.390172899092693,79.96621919894415,20.63901933566457,True,False,True,False,False,False,False,False,4,True,medium
19,4,3,11,100.17111002802612,85.32370879552131,8.442350838774525,142.36153999951608,18.869989318333086,False,False,False,False,False,False,False,False,5,False,medium
24,4,1,19,110.42152820259854,65.78129945636582,9.67137028894829,139.54820579395948,21.555270602615792,False,False,False,False,False,False,False,False,4,False,medium
30,3,1,15,,65.24527028732491,12.214709613661826,124.52217543062916,21.32433099252755,False,True,False,False,False,False,False,False,1,False,medium
25,2,0,8,102.58705835570345,80.23911968749664,10.31674916281286,106.3167858467847,29.144353151513503,False,False,False,False,False,False,False,False,3,False,medium
28,5,1,27,128.52883272477493,67.01333095892964,9.466925202971886,122.9336423265663,18.858662326876534,False,False,False,False,True,False,False,False,7,True,medium
21,5,4,15,115.3198180240098,68.96496084505578,9.642905945545214,133.69823838331237,25.9697208210994,False,False,False,False,False,False,False,False,5,False,medium
34,4,3,24,108.33319364288175,56.43235160748251,12.039169279903891,91.40494650337155,28.551351761388755,False,False,False,False,False,False,False,False,5,False,medium
24,5,0,33,108.78584918628957,77.90846001413587,10.869979079389395,105.65549664939653,26.276881719798016,False,False,False,False,True,False,False,False,8,True,medium
19,3,2,13,108.24127507665524,90.41290471816168,9.996472937263825,80.66281818766954,24.745821084194457,True,False,False,False,False,False,False,False,1,True,high
34,1,0,31,109.31436187110768,64.7071108369962,10.506578608712685,,22.35115524914702,False,False,False,False,False,False,False,False,4,False,low
37,3,2,17,99.82665586852883,85.21703611720113,14.529413000875884,138.97401802305393,30.395906527446463,False,False,False,False,False,False,False,False,2,True,medium
18,2,0,18,111.8952454892176,74.40601419010049,12.95139691872903,128.728051345337,22.018977366514548,False,False,False,False,False,False,False,False,7,True,medium
27,4,3,27,110.68951970017426,57.34585361589969,,107.97014963101894,26.793137269890085,True,False,False,False,False,False,False,True,6,True,high
36,3,2,28,105.90643952315989,66.05273144371871,8.196633686992456,70.0,22.365059195759812,False,False,False,False,False,False,False,False,3,False,medium
33,4,3,29,116.86055507565969,65.43532667196229,10.758236355460895,90.57256202038016,15.633187667724165,False,False,False,False,False,False,False,False,7,True,medium
36,3,2,14,117.8786737614179,71.83472214859374,9.968337441358587,107.25293122705432,21.921429156707244,False,False,False,False,False,False,False,False,2,True,medium
27,2,1,27,108.3202334284995,79.19514288446705,11.870144313334153,100.24990476699995,22.374864681431095,False,False,False,False,False,False,False,False,3,False,low
26,4,1,16,113.27039019080495,93.48922837241432,12.69569100552352,105.72099678834283,22.426419401695117,False,False,False,False,False,False,False,False,0,True,high
33,3,1,17,140.90348472281028,60.68854205081514,11.522281940672064,110.33697826734758,20.358759671936834,False,False,False,False,True,False,False,False,3,False,high
21,3,2,39,140.44519910322566,70.15222603080012,,93.25902329995407,,False,False,True,False,False,False,False,False,5,False,high
23,3,2,11,102.35091771844317,66.04019147089289,9.942378659204422,104.83431910415362,25.94835792937219,False,False,False,False,False,False,False,False,5,False,medium
31,4,3,21,104.0266292009373,62.32020538510702,11.992913385812567,101.71224548232944,21.776724361940023,True,False,True,False,False,False,False,False,6,False,medium
32,1,0,22,102.28716067609604,75.95447686609566,12.152117077135083,89.52954131167324,21.743137926803445,False,False,False,False,False,False,False,False,6,False,low
20,2,1,16,127.68464727966688,75.01479991186848,11.225523795899846,145.61942856444017,18.79724694951645,False,False,False,False,False,False,False,False,5,True,medium
29,5,4,33,110.21764840509167,56.861976529171315,11.207665471023313,94.51791176951589,24.017449338147646,False,False,False,False,False,False,False,False,3,False,medium
26,5,4,24,117.8760909231556,75.18150527945465,,,28.511677580791265,False,False,False,False,False,False,False,False,7,True,medium
29,5,4,31,138.9636079993706,62.94604007088861,11.430554492395569,144.23184892189173,28.514468528999423,False,False,True,False,False,False,False,False,2,True,medium
39,2,1,20,114.87442246827445,75.11827719134976,12.1455375602749,86.38192834083634,20.60340351307331,False,False,False,False,False,False,False,False,1,False,medium
19,5,0,37,123.47498466108784,87.6949649320609,12.008265131578447,124.79798368116882,30.964767068108397,False,False,True,False,False,False,False,False,2,False,medium
39,5,0,32,121.24504899160472,79.63067961075939,11.037736694213468,90.02049856184257,21.55131439643772,False,False,False,False,False,False,False,False,5,True,medium
27,1,0,18,107.94139177964861,76.7751709440709,10.921520932276263,117.52411898304237,18.936241206121228,False,False,False,False,False,False,False,False,5,True,low
34,5,4,39,127.7099407809023,69.71234242596613,10.86032270548839,103.94075808010551,17.552614757528055,False,False,False,False,False,False,False,False,4,True,medium
27,5,4,36,104.80359029079777,75.66867650844775,9.751470969280378,127.00727842090093,18.694928907262593,False,False,False,False,False,False,False,False,8,True,medium
24,5,4,27,131.07855743733012,80.63254222247483,9.731154961069203,100.29850675729783,24.33499926582271,False,False,False,True,False,False,False,False,2,False,high
34,4,3,8,107.95058841749056,79.6416634280841,11.870330039684978,90.58296203342287,21.97014350092939,False,True,True,False,False,False,False,False,1,False,medium
33,4,1,27,109.26438735356686,74.00781236186457,9.859409781768697,110.65443674171672,20.47196850827496,False,False,False,False,False,False,False,False,4,False,medium
21,3,2,30,101.9381461164785,77.17376323938916,12.302294188660838,96.5851819077255,19.610419758722344,False,False,False,False,True,False,False,False,2,True,medium
33,5,4,20,103.90888707020024,61.8343817995792,10.917851662342997,70.0,18.65553017298371,False,False,False,False,False,False,False,False,6,False,medium
34,5,4,12,109.87882813205758,67.65663225222262,12.31135241349626,91.76698394784265,,True,False,False,False,False,False,False,False,4,True,medium
26,3,2,26,,82.07559752545986,12.019134085687691,168.1129174725598,27.061574687412563,False,False,True,False,False,False,False,False,8,True,medium
38,5,4,34,112.20001190589284,83.42032951374208,12.348687879635325,70.0,30.213346061892832,True,False,False,False,False,False,False,False,6,True,medium
32,2,1,18,,75.93598590839362,10.237814789597005,110.30309610646052,30.460641079277565,False,False,False,False,False,False,False,False,5,False,medium
25,3,2,23,124.48013318334199,89.78965734365151,11.654239120766468,99.65628737813536,25.748347712777473,False,False,False,False,False,False,False,False,3,False,medium
18,5,4,8,120.07576886028191,80.08019416461367,12.180620783277384,145.40123769398727,21.030895867237398,False,True,False,False,False,False,False,False,5,False,medium
32,2,1,31,106.50835082680844,72.66872482136935,8.517877280960908,80.55715708703597,20.328746052204817,False,False,False,False,False,False,False,False,3,True,medium
22,4,3,36,109.49739088688912,62.80247246959443,13.722709516078176,107.22867559816474,26.024559308740415,False,False,False,False,False,False,False,False,8,False,medium
34,4,2,33,112.18458353774923,89.38733250028915,14.625524873782519,120.09634904492286,22.014567190969146,False,False,False,False,False,False,False,False,5,False,medium
29,4,1,22,132.83147865371018,82.70317457154577,12.515661271196501,101.0555172678144,24.647666183738608,False,False,False,False,True,False,True,False,6,True,high
28,5,1,9,,92.98311422930517,12.289409219407986,88.11383280254793,30.721751942804595,False,False,False,False,False,False,False,False,1,True,high
21,4,3,24,106.36287202059215,96.66847455503915,11.94201375593523,104.51168432789925,23.86731431422232,False,False,False,False,False,False,False,False,1,True,high
33,3,2,39,101.45699018059419,62.130596932172395,10.48250665330124,98.19108263502872,32.11140580418581,False,False,False,False,False,False,False,False,4,False,medium
21,2,1,10,97.21552624676578,62.156662558728144,10.823727661970372,98.12934498657502,18.492500733381373,False,False,False,False,False,False,False,False,6,False,low
27,4,3,15,118.68404348350593,55.0,12.543047832576846,125.47567162419908,24.78968962814307,False,False,False,True,False,False,False,False,8,False,high
36,4,0,35,117.43483997287852,84.18362137029756,9.442852488213724,113.86489083200502,24.254946082240178,False,False,False,False,False,False,False,False,1,False,medium
38,5,0,26,130.39314223402422,81.56482687487599,9.3028529389934,117.13887130091462,19.063674914715975,False,False,True,False,False,False,False,False,0,True,medium
39,5,4,13,127.49690809272316,75.97779000125847,10.364273298012003,112.26651602232428,26.20662218226877,False,True,False,False,False,False,False,False,1,False,medium
39,4,3,8,143.7654005743817,62.73866768956599,12.050005079832813,126.11736879080534,29.123239978071453,False,False,False,False,False,False,False,False,0,False,high
30,5,2,21,114.11352678950685,74.10966310875229,9.61450214676128,133.69371341262737,31.81067926892437,False,False,False,False,False,False,False,False,8,False,medium
22,4,0,27,111.87364523444552,76.84705495007705,10.639334292932228,98.69230882567987,24.645159428881072,False,False,False,False,False,False,False,False,1,False,medium
36,4,2,35,99.39728385839969,82.82725666879169,10.829319033516784,123.0283159292309,15.399572711943266,False,False,False,False,False,False,False,False,1,True,medium
35,3,2,37,123.35893800971591,77.72986914465287,9.381009218184868,76.48385749738434,24.90795902397828,True,False,False,False,False,False,False,False,2,False,medium
39,3,2,23,116.42241089735606,81.63801294991167,7.096371333142849,70.0,25.967838325975,True,False,False,False,False,False,False,False,7,False,high
32,2,0,21,122.8151956601282,73.75869130085951,9.357579936929913,145.18091074679856,22.059256009561373,False,False,False,False,True,False,False,False,8,False,medium
21,4,2,38,101.33050936913921,86.81481893925252,11.417418427706709,97.6661143148633,23.86047710173378,False,False,False,False,False,False,False,False,6,True,medium
29,3,2,33,,81.31730077443441,11.777829549243958,110.55440247918642,21.06629470180443,False,False,False,False,False,False,False,False,5,True,low
27,5,1,14,117.4623954154473,63.130669292991755,11.790980774178248,78.04525249028052,22.465217568438668,False,False,False,False,False,False,False,False,6,True,medium
36,1,0,30,116.66842047872424,88.89220367656242,11.975315831749022,77.03043830084212,27.069947941250497,False,False,False,False,False,False,False,False,0,False,medium
26,5,4,31,106.80080910171371,87.25571522715137,9.997768159140087,89.31523438556098,28.556094960806547,False,False,False,False,True,False,False,False,5,False,medium
25,4,3,15,129.27189578264077,79.65474737052942,9.6550254000205,119.1437500560786,17.91716431226299,False,False,False,False,False,False,False,False,0,False,medium
19,4,3,40,139.60369094773614,77.80717704987465,11.60009280776137,93.63605838652558,20.95471046227474,True,False,False,False,True,False,False,False,6,True,high
36,4,3,17,101.67587168442861,91.58611568878325,10.661199887620894,97.6126101021697,16.646182032625727,True,False,False,False,False,False,False,False,4,True,high
34,5,3,26,123.6453277551155,58.66687133727926,12.451325796073764,88.62075626786262,30.353297035272824,False,True,False,False,False,False,False,False,8,False,medium
18,4,0,24,,87.4122452405965,11.610197702940079,130.64733796482733,26.483118077956476,False,True,True,False,False,False,False,False,5,True,medium
27,3,2,30,123.0233193937895,70.23793301425648,13.054112900532619,124.10766019984939,15.0,False,False,False,False,False,False,False,False,6,False,medium
28,5,4,37,92.55814460149894,85.95177446410386,10.255141913079047,94.3487385492372,22.741860950162156,False,False,False,False,False,False,False,False,0,True,medium
28,5,1,20,108.7003918252089,76.20375847169043,12.708054800172553,120.05055783858808,21.86616371139932,False,False,False,False,False,False,False,False,2,True,medium
38,5,4,20,99.24370405894899,62.570739765917615,14.25548143542131,99.60478595426163,19.976244223209964,False,True,False,False,False,False,False,False,4,True,medium
21,1,0,32,112.41266206060725,70.03480189964309,11.085988098572203,97.5739166017267,27.14510926814559,False,False,False,False,False,False,False,False,8,False,low
24,5,1,39,125.06552438041395,85.21729073165966,11.79889068310523,103.90636295662975,27.053547369894947,False,False,False,False,False,False,False,False,6,False,medium
21,4,1,37,,72.89792118680127,9.51115473808242,119.15114722725843,24.07780643872679,False,False,False,False,True,False,False,False,4,False,high
23,4,3,32,110.68624372581233,68.78514585281894,12.430490441411742,85.3716106723321,20.43339023392085,False,False,False,False,False,False,False,False,5,False,medium
37,4,0,31,108.83957477420732,68.71827942204979,12.806493071238881,116.05268158611449,20.4670078829335,True,False,False,False,False,False,False,False,1,False,medium
38,4,1,33,133.9725842064625,81.42247422233791,10.208874905493422,159.95206140893825,23.175707002807602,False,False,False,False,False,False,False,False,6,False,medium
18,4,3,38,120.18113209420342,92.50635030139964,11.93785531371974,109.02866596781455,21.17145457040152,False,False,False,False,False,False,False,False,8,False,high
31,5,1,8,100.87339464071893,55.0,11.448756382151368,,22.976714183531687,False,False,False,False,False,False,False,False,3,True,medium
23,5,4,27,109.34446745163521,103.00684447343288,11.625256464441362,103.14831124693535,25.232324384734508,False,False,False,False,False,False,False,False,3,False,high
22,5,4,9,133.67325086062638,77.03746228976131,12.299231585224437,115.52065655671633,16.865886147065595,False,False,True,False,False,False,False,False,8,True,medium
24,4,1,27,123.5723838012883,80.80224135298828,11.830239214399171,70.0,19.96726286325838,False,False,False,False,False,False,False,False,2,True,medium
22,3,2,21,103.98119845113494,70.63738252852593,10.777619478123452,142.42385473680008,22.86522815672508,False,False,False,False,True,False,False,False,6,False,medium
28,2,1,18,111.79515353940293,74.96484875143173,12.33327416868822,126.58611299468839,29.26137958889472,False,False,False,False,False,False,False,False,5,False,low
39,5,1,37,112.17869021910222,76.92513012131107,12.778969743239381,90.8206508270657,26.38133420002901,False,False,False,False,False,False,False,False,1,False,medium
30,4,3,31,108.54421687413033,64.50904007662965,10.113288905568004,105.69403906265536,22.98566389766449,False,False,False,False,False,False,False,False,8,False,medium
33,3,1,26,94.47745412413973,66.9431856174247,10.997121396725479,92.73833960370105,24.60923482845971,False,False,False,False,False,False,False,False,8,True,low
28,2,0,37,106.86853941532038,86.84567540891254,8.17009151164656,111.58317052562428,22.5939845291391,False,False,False,False,False,False,False,False,7,False,medium
18,2,1,11,131.6703916703845,59.476531546407784,11.93375687604994,106.34971899674396,27.30889509539732,False,False,False,False,False,False,False,False,5,False,medium
19,5,4,29,110.42626615526589,,12.956988122022834,110.02993823166825,24.73501260557839,True,False,False,False,False,False,True,False,2,False,high
23,5,1,13,113.76095643446897,71.29483090630815,10.588327636017182,82.37692588852246,28.115200977533075,False,False,False,False,False,False,False,False,0,True,medium
23,3,1,15,116.68630776224289,65.39292850524424,11.213497852535511,94.40604286787695,17.578645270380882,False,False,False,False,False,False,False,False,6,False,high
36,4,3,14,141.6176967365455,94.719318519694,10.647686824089696,130.2132740838039,19.77523783963549,False,False,False,False,False,False,False,False,6,False,high
36,2,0,25,115.10649725700354,65.45497438738562,10.385766041798618,93.25659010205351,24.09828534654178,False,False,False,False,False,False,False,False,2,True,medium
36,2,1,28,128.12734424300214,63.69898000265528,11.371474058954554,70.0,24.97404475467539,False,False,True,False,False,False,False,False,1,False,medium
32,5,0,32,107.82183793538564,73.13027296479464,9.745211937555545,101.68613152599607,32.60135380002016,False,False,False,False,False,False,True,False,4,False,high
30,5,4,22,111.88720887397011,67.31441365897899,10.623556901690508,158.05280443016176,15.769013457261671,False,False,False,False,False,False,False,False,8,False,medium
32,5,4,38,115.15063267732342,75.06380656994548,9.552718515030591,,22.867698990544735,False,False,False,False,False,False,False,False,1,True,medium
26,4,3,20,105.71040469780739,76.5539929665139,11.942522537359483,92.14879226923664,22.688312043341057,False,False,False,False,False,False,False,False,2,True,medium
32,3,1,13,112.55538663276451,77.34658065634926,11.382780992428323,103.88676090369913,23.951354449681613,False,False,False,False,False,False,False,False,2,True,low
35,5,3,9,125.65661122975924,73.76109152756436,10.31001933218412,119.95690613984523,29.933042485154036,False,False,False,False,False,False,False,False,1,True,medium
34,4,3,12,105.3956252668974,67.97838296907774,11.059325992995833,70.0,26.50510245735387,False,False,False,False,True,False,False,False,8,False,medium
31,5,4,22,115.00106837156366,81.4340304267933,10.646839590757843,86.1667021115257,16.58394271387055,False,False,False,False,False,False,False,False,7,False,medium
19,1,0,21,123.50480261987119,73.88307233495856,12.830232272916215,113.7636312572544,29.1350377891075,False,False,False,False,False,False,False,False,4,True,low
33,4,3,36,105.10640741424707,70.04382687945021,10.294380295450514,,29.023452097643332,False,False,False,False,False,False,False,False,3,False,medium
26,4,0,12,128.14496551137947,89.79993699097523,12.016071944691014,95.33489000317007,24.052298268795475,False,False,False,False,True,False,False,False,6,False,medium
34,3,2,16,115.87460175653587,73.7868803960855,9.87166834350673,139.47438219714647,16.528939008487335,False,False,False,False,False,False,False,False,8,True,medium
29,5,4,40,113.01852923992853,85.9198660149659,12.30278144060784,88.40488090266075,22.393524097385452,False,False,False,False,False,False,False,False,3,False,medium
37,2,0,8,90.90222633039743,87.26838447109391,12.659688960005774,70.0,24.874911951640225,False,True,False,False,False,True,False,False,7,False,medium
25,1,0,22,110.51665069583832,87.87672835425793,,121.36383848549828,26.986204053616547,False,False,False,False,False,False,False,False,0,True,medium
38,5,4,14,119.45910899374364,81.911578081111,13.353627025821917,116.88877674623673,15.918208835004428,False,False,False,False,False,False,False,False,5,False,medium
36,5,0,25,135.9441402256296,74.99366503124236,11.467912000126441,121.19605423629412,19.923581809329335,False,False,False,False,False,False,False,False,5,True,medium
25,4,3,40,121.81466984933935,74.35958309348975,12.980714722661187,120.33630718561336,27.392065645765495,False,False,False,False,False,False,False,False,3,False,medium
28,5,2,15,128.51459478134018,72.55879881516711,13.59868792371268,109.218501197418,29.007060282710214,False,False,False,False,False,False,False,False,3,True,medium
29,3,1,20,100.49074511653673,55.0,9.204716217784794,99.30606597040786,24.722109730652555,False,True,True,False,False,False,False,False,1,False,medium
34,5,4,22,113.47813005216454,82.18806805747862,10.034818973178876,,27.594048854481088,False,False,False,False,False,False,False,False,2,False,medium
33,5,4,34,129.64895730794638,77.4446556638508,8.606878864772606,94.87116916323892,24.82112508402528,False,False,False,False,False,False,False,False,5,False,high
36,5,1,40,104.34719739520092,83.25524266208627,12.697830599559634,96.19140320064704,26.85233903245582,False,False,False,False,False,True,False,False,1,True,high
26,1,0,11,126.58267154767724,73.82998448528036,8.586348372178652,70.0,23.580489100529842,True,True,False,False,False,False,False,False,2,False,medium
29,5,0,24,123.799814375204,81.64825161953526,8.152252255230884,78.28522516748073,24.919794172872866,False,False,False,False,False,False,False,False,4,False,medium
27,4,0,32,118.29668378139785,61.22492937138556,9.244171710567743,101.4047314412297,18.11288562646752,False,False,False,False,False,False,False,False,0,False,medium
38,5,4,8,111.0555684983683,63.3073439073843,8.21870078316091,70.0,25.888549063890288,False,False,False,False,False,False,False,False,8,False,medium
24,3,2,34,103.16445814513078,55.0,11.435452847720692,70.0,17.99058860845907,False,False,False,False,False,False,False,False,8,False,low
30,4,3,16,136.30455152923977,73.65650804168374,9.26473176738245,97.64579218384192,25.884064263922347,False,False,False,False,False,False,False,False,3,False,medium
20,2,1,25,122.58235021268837,67.274744122214,8.295547340793942,102.17671984128971,21.244067852073446,False,False,False,False,False,False,False,False,2,True,medium
36,5,4,40,119.08739349610539,65.9661812482958,10.933002687831726,98.10618229931461,24.47995321585561,False,False,False,False,False,False,False,True,5,False,high
26,4,3,28,110.045803021573,78.34652377965308,11.027379245515275,70.0,19.18881311757205,False,False,False,False,True,False,False,False,7,False,medium
25,4,3,40,115.45445955507974,70.74492805802372,8.00834704402224,139.1526949120264,20.985567250372196,False,False,False,False,False,True,False,False,0,False,high
30,3,2,27,116.9766072396404,60.66908993196337,9.858078122447163,73.4029253066839,24.471883677521756,False,False,False,False,True,True,False,False,0,True,medium
28,4,3,14,119.79850821680287,100.44766772752098,10.880577996843202,87.00045644954642,26.01732653300406,False,False,False,False,False,False,False,True,6,True,high
36,3,2,30,123.8120834616632,74.62989379511924,10.42908276244818,77.24110433441054,27.375164708635864,False,False,False,False,False,False,False,False,6,False,medium
29,2,1,28,105.6103416897389,64.16836947064304,10.472826836715619,,18.3997053446404,False,False,False,False,True,False,False,False,7,True,medium
29,3,2,18,,68.3016453906695,12.886859165977778,114.27124268489091,16.99546872124769,False,False,False,False,False,False,False,False,5,False,low
20,4,1,10,116.01137021528197,73.26857030990796,14.434471667717718,94.58865133473235,19.098774672374123,False,False,True,False,True,False,True,False,3,False,high
18,5,4,29,94.03339195210286,73.247540377428,10.498722422429116,93.03957028943576,18.737567109219086,False,False,False,False,False,False,True,False,0,True,high
26,4,3,27,111.11606806007634,88.02164273045877,8.884989547872394,108.95105114971125,29.267315714715593,False,False,False,True,False,False,False,False,3,False,high
39,5,3,33,108.88972203865885,74.20570042367792,10.624667042217895,77.57580537306751,28.360832387921086,False,False,False,False,False,False,False,False,0,False,medium
38,4,3,12,120.90097830642003,93.55208171868253,11.310868965471236,113.37626684721772,19.01353306726284,False,False,False,False,False,False,True,False,0,True,high
31,3,2,25,,70.67577055987894,10.914754328368252,92.92981357716329,29.841236344334035,False,False,False,False,False,False,False,False,5,False,medium
31,5,4,35,91.66491251315726,79.26436040259892,11.977105789159031,116.43206200282813,28.121994574063404,True,True,False,False,False,False,False,False,8,False,medium
26,5,1,37,142.29022036382082,85.2198019432783,,115.68589525270636,16.48158856794246,False,False,False,False,False,False,False,False,6,True,high
21,3,2,39,112.20309809057169,86.95152304711678,8.259006628671488,91.94054439609108,18.87907067981168,False,False,False,False,False,False,False,False,4,False,medium
18,3,0,14,119.17370418607096,88.11872217428814,10.188672532745914,70.0,16.362960590826447,False,False,False,False,False,False,False,False,1,True,medium
25,3,1,13,98.0220141085154,,13.46582908377841,99.56984475425709,22.653673418385146,False,False,False,False,False,False,False,False,1,False,low
24,4,2,27,126.96245884271585,74.94510739725081,10.164727103574664,73.11159291343859,23.069648496227593,False,False,False,False,False,False,False,False,0,True,medium
22,3,2,23,115.49767043622069,55.0,12.263189608919078,106.72996308965415,,False,False,False,False,False,False,False,False,6,False,low
23,5,4,15,114.26239106574056,73.0398996139944,12.009441115756255,99.35541892864028,15.0,False,False,False,False,False,False,False,False,7,True,medium
18,5,3,11,91.75137862116455,,12.979007770902085,92.06411264264261,17.291044263457515,False,False,False,False,False,False,False,False,7,False,medium
31,3,2,12,115.88556176616913,83.96836479855882,14.061343590655246,76.49762982879193,24.04061950330061,False,False,False,False,False,False,False,False,0,False,high
38,5,2,19,125.14993988579889,74.13512878989918,11.532916331360838,131.10936193870904,25.48888994460053,False,False,False,False,False,False,False,False,1,False,medium
33,4,3,32,112.16465637420174,91.99139442929958,8.206672343328153,95.01898951157975,15.0,False,False,False,False,True,False,False,False,4,False,high
27,5,3,10,129.0903921477298,71.15994715655194,9.879348517977409,156.77371900320054,17.875471928668947,False,False,False,False,False,False,False,True,4,False,high
27,2,1,11,128.59474206269635,67.83860175980101,14.497684586549783,105.76845140804319,,False,False,False,False,False,False,False,False,1,True,low
24,5,2,16,107.30685540710982,70.31838264773631,8.737283504984042,,18.10258713104745,False,False,False,False,False,False,False,False,3,False,medium
21,3,2,36,134.1413663055687,63.77534975163884,11.794890510704917,105.86266827636801,22.94120333678439,False,False,True,False,False,False,False,False,5,True,medium
31,5,0,40,115.543539571901,81.22395031703536,6.9767852414909,112.51457805670385,17.721826475711406,False,False,False,False,False,False,False,False,3,False,high
30,5,4,22,115.59694300945397,77.8848181160861,8.838036508976785,129.03912132735255,26.32592781543995,False,False,False,False,False,False,False,False,4,False,medium
18,3,2,9,116.18777467123277,81.09979446373052,12.419099650239861,129.29297927639973,15.0,True,False,False,False,False,False,False,False,7,False,medium
27,5,1,8,115.83178901129351,70.85628848068788,11.05753747252761,70.0,,False,False,False,False,False,False,False,False,1,False,medium
24,4,3,36,90.0,74.41927020660746,10.397693079378755,123.8209427915012,26.761225712713426,False,False,False,False,False,False,False,False,6,True,medium
21,4,3,22,112.77392322172335,55.0,9.69703036103214,115.9370672089726,25.44011441990211,False,False,False,False,False,True,False,False,6,False,high
33,5,4,10,98.63264234005055,78.76225551311047,7.805531936583852,105.78962838358483,21.14355051756652,False,False,False,False,True,False,False,False,7,True,high
29,2,0,35,134.51602842658812,75.98841455059649,12.10944941796262,142.67612031646578,20.205271428964558,False,False,False,False,False,False,False,False,2,False,medium
31,3,2,25,134.0329959006544,63.994723385065356,10.546964208547886,143.56087000389658,22.06841390100437,False,True,False,False,False,False,False,False,4,True,medium
33,4,0,19,125.22325998946705,73.95342467913403,8.565015720778154,124.90111793756087,17.842595668825815,False,False,False,False,False,False,False,False,3,False,medium
39,3,2,22,112.13839075193334,72.42150697929833,11.048302623216454,93.04225226997087,22.5999703473357,True,False,False,False,False,False,False,False,7,False,medium
35,3,2,15,102.90382076075562,92.64311935007493,11.929996824656206,78.76537111890349,22.66849614116031,False,False,False,False,False,False,False,False,1,False,high
31,3,2,38,107.10902798469274,64.38873031872195,10.678922095799402,121.59680290766968,21.328202974246498,False,False,False,False,True,False,False,False,2,False,high
37,5,4,33,138.3117028771124,78.31426178866703,11.185588293299874,134.90973828811687,27.001390457871643,False,False,True,False,False,False,False,False,2,False,medium
28,5,2,14,106.69363136176048,64.0923164732164,11.061002904779906,70.0,18.718065504619293,False,False,False,False,False,False,False,False,2,False,medium
39,3,2,32,90.0,69.4212655592973,9.869128306194918,128.89848406879705,16.182450330972664,True,False,False,False,False,False,False,False,7,True,medium
34,1,0,13,127.36198610182473,77.7681895369223,11.086815381279731,99.39295817825571,20.898722507366003,False,False,False,False,False,False,False,False,4,False,low
32,2,1,22,133.00603736341472,72.88637009136889,12.176347090118307,70.0,23.495990567806768,False,False,False,False,False,False,False,False,6,True,medium
37,5,4,32,134.91058824599827,74.94009143786444,12.655429877320932,115.32671541505933,22.57308697301412,False,False,False,False,False,False,False,False,4,False,medium
29,4,2,9,127.46017605099195,78.3272210823197,12.26516694174295,125.00650637642494,22.395351936221367,False,False,False,False,False,False,False,False,6,False,medium
33,5,4,31,129.41823612681736,70.06310428801442,9.919843150022539,97.2703295357164,18.49454194793778,False,False,False,False,False,False,False,False,0,False,medium
24,3,2,15,115.6352088886425,83.8414653481544,12.017940082511654,81.73819810473093,19.06984006981961,True,False,False,False,False,False,False,False,2,False,medium
39,4,2,31,90.08445251810004,71.94520256762395,11.744746283738472,142.666000391674,21.046615276398242,False,False,False,False,False,False,False,False,5,False,medium
31,3,2,24,115.33457249800017,74.02444538447428,9.864465932087688,90.28998630109416,20.73121069598778,False,False,False,False,False,False,False,False,2,False,medium
35,4,2,8,122.458873269033,78.61311274587855,10.257099619936902,130.50839098320407,,False,False,True,False,False,False,False,False,0,True,medium
28,3,0,33,113.376759321205,77.27000201164834,12.087508964236065,71.71289284587817,,False,True,False,False,True,False,False,False,6,False,medium
37,2,0,16,112.82996657512462,81.44227924542852,13.203053044490307,114.15211104838258,20.86974602966266,False,False,True,False,False,False,False,False,1,False,medium
19,4,2,39,103.43058353178013,,8.101324963231201,113.52515746848684,27.380052230544965,False,False,False,False,True,False,True,False,7,True,high
20,4,2,35,102.97913508073569,79.69030661556175,13.624097981390872,124.21515214319595,24.785114354259335,False,False,False,False,False,False,False,False,2,True,medium
29,3,2,14,137.05778217719285,71.74627485834858,12.862655481453075,137.84563465114968,17.56982558721928,False,False,False,False,False,False,False,False,4,False,medium
34,3,2,27,137.4921564385617,64.3122890191448,11.318589600265653,87.10014634402118,15.0,True,False,True,False,False,False,False,False,7,False,medium
35,2,1,19,,60.7236109724714,10.614853402627203,116.45704498147241,17.695061656275023,False,False,False,False,False,False,False,False,3,True,medium
27,5,3,27,118.37828326111513,58.292898523577,11.624693518750629,74.93551753421299,25.37973847358049,False,False,False,False,False,False,False,False,1,False,medium
32,4,3,26,,92.62726717729277,9.975095422945648,74.68587108960229,26.565940218328464,False,False,False,True,False,False,False,False,3,True,high
30,2,0,17,122.71089819927344,55.0,10.715687968085328,92.2766392056624,16.359077541221197,False,False,False,False,False,False,False,False,3,False,low
39,4,2,29,136.1157900593704,86.93723498977103,8.639956877697633,114.0051999973363,25.634576863082188,True,False,False,False,False,True,False,False,5,False,medium
32,4,3,16,96.64923064066367,66.79130988702526,8.213563268690622,141.8910920431914,25.48295937664125,False,False,False,False,False,False,False,False,5,False,medium
27,4,3,37,120.56659959642873,86.86440972119804,14.731690615529415,145.89680297634595,28.580167062077912,False,False,False,False,False,False,False,False,8,True,medium
39,4,1,39,121.46826691174049,55.0,11.100920349453261,97.19239076033706,26.801576584035253,False,False,False,False,False,False,False,False,1,False,medium
20,5,4,13,121.33127817867108,72.64906098116717,11.325902433603787,111.72175808904225,28.407529872009643,False,False,False,False,False,False,False,False,1,False,low
39,4,3,32,134.71381201418163,89.54024403025268,10.950827531022602,,24.95346364644563,False,False,False,False,False,False,False,False,0,True,medium
21,3,2,38,139.43221854605383,82.13209563475581,9.675561568830574,121.83841914646378,24.819687559201633,False,True,False,False,False,False,False,False,0,False,medium
24,4,3,12,112.19819586552805,71.62734539309209,10.508700624378772,101.27195164139809,21.650861650956088,False,False,False,False,False,False,False,False,0,True,medium
36,5,4,32,123.0780840658763,55.570226984715184,11.14590191034936,106.67431083501485,26.281025453536014,False,False,False,False,False,False,False,False,3,True,medium
34,4,1,38,116.0108044687127,61.77511477849068,10.685378755916856,102.57601972269926,17.670373117797265,False,False,False,False,False,False,False,False,8,True,medium
39,1,0,15,107.41461648472365,88.8914709655938,9.796475635688832,,22.445290284940285,False,True,False,False,False,False,False,False,0,True,medium
34,3,2,27,118.24976988257218,,11.767182069158471,97.4889706098262,25.159534153298694,False,False,False,False,False,False,False,False,0,True,low
32,4,0,34,123.05799434200297,74.2817589658656,11.30138350698903,102.36751321974278,28.632859445050222,True,False,False,False,False,False,False,False,2,True,medium
25,5,4,19,117.60314422500383,77.83535104702631,11.62865243478991,96.0720902053531,21.088247290049644,True,False,False,False,False,False,False,False,5,False,medium
18,5,4,15,104.42582548616659,61.97161086912444,12.128071699231738,80.02081147117052,26.86632420934793,True,False,False,False,False,False,False,False,5,True,medium
20,4,3,21,109.43727232173187,79.07290179840179,10.72716174032277,123.97676622704913,22.211285609210037,False,False,False,False,False,False,False,False,0,False,medium
24,5,4,19,109.52911095790411,70.80384519330994,10.729779295549635,116.35767014605823,26.948235745362258,False,False,False,False,False,False,False,False,0,False,medium
18,2,0,31,104.89067254083155,77.9370278557554,,146.28506234970988,19.79459157705298,False,False,False,False,False,False,False,False,7,False,medium
29,4,3,20,118.76247497926802,69.21949079462966,9.489575665745408,113.12939644592461,25.903886285372437,False,False,True,False,False,False,False,False,7,False,medium
35,3,2,20,120.01734515551694,59.268839399388426,8.002189202841013,95.8268767284693,22.618648916107993,True,True,False,False,False,False,False,False,6,False,medium
39,5,1,39,126.75421121064636,70.72627468187983,11.888861923291968,91.21842163940501,18.25959525575577,False,False,False,False,False,False,False,True,1,False,high
28,2,1,27,104.70853182207243,81.40777617108002,9.99303984820117,106.04205348168965,22.38680954489925,False,False,False,False,False,False,False,False,8,False,medium
37,5,2,38,108.07025576525449,78.94060089077036,9.276238468330483,117.1632535942631,28.286844884080306,False,False,False,False,False,False,False,False,6,False,medium
39,4,3,31,133.65483342317486,75.30930867334727,12.416380827347872,99.6163667078161,18.923180321403073,False,False,False,False,False,False,False,False,8,False,medium
36,4,0,37,113.02604963112496,83.98131853010342,10.768370585985346,72.65433569217912,17.062730248491192,False,False,False,False,False,False,True,False,5,False,high
28,4,3,14,115.3615723510196,72.96405987455773,8.978297507789051,88.74177312372149,24.594970093061725,False,False,False,False,False,False,False,False,8,False,medium
25,5,4,38,112.8987553432522,75.56276314015217,14.095913790415286,105.3965503478615,16.28880759088645,False,False,False,False,False,False,False,False,1,True,medium
39,1,0,39,128.59636982465972,70.20233120306274,8.42290197696416,121.28624051602756,29.253419843590567,False,False,False,False,True,False,False,True,0,False,high
23,5,4,9,129.06170416858035,84.56617976753455,10.861314572262241,72.31187724234282,29.15264145959122,False,False,False,False,True,False,False,False,8,False,medium
27,4,3,19,128.35849720706616,77.91528547721765,7.977157160244496,110.83183591367673,27.153121310865814,False,False,False,False,False,False,False,False,5,False,high
19,2,1,21,115.31881133629058,69.43041889826628,11.433053174163563,109.86462966566914,22.95507204510628,False,False,False,False,True,False,False,False,5,True,medium
35,4,3,21,104.53076827013199,60.109702534721954,9.974226079663326,95.0653171035323,29.658646671165744,False,False,False,False,False,False,False,False,6,True,medium
32,4,3,33,138.10255693311106,86.04961274898326,12.310839704526991,92.08771117647562,28.381789890615288,False,False,False,False,True,True,False,False,8,False,medium
19,4,3,31,125.27570772346621,67.5593494881536,10.972181781909265,88.80087768968504,20.86912461424479,False,False,False,False,False,False,False,False,1,False,medium
22,4,0,15,,75.72064352489546,13.160972446410927,108.0977386740373,28.755344108036645,False,False,False,False,False,False,False,False,2,False,high
30,4,0,28,132.08582616333294,98.52599683144571,10.312457732153721,129.79001058045117,,False,False,False,False,False,False,False,False,1,False,high
29,4,3,40,108.57269301689087,83.01509541733309,8.432729030166533,131.35125876880133,22.211868268809177,False,False,False,False,False,False,False,False,2,False,medium
35,5,1,22,131.92844083826387,91.11149588826991,11.380025684842986,80.27243236119354,15.826144143649294,False,False,False,False,False,False,False,False,3,False,medium
23,2,1,38,132.7394150726139,69.61875187458851,10.595908031265287,100.8864800252841,23.583695057921965,False,False,False,False,False,False,False,False,5,True,medium
38,3,2,29,103.94220673982733,85.70976396820207,8.089184189796072,70.0,21.82196601359281,False,False,False,False,False,False,False,False,7,False,medium
27,4,3,38,121.98109963625153,75.2666899295189,9.311391558262864,,21.19120023232995,True,False,False,False,False,False,False,False,2,False,medium
36,5,0,37,124.38628844753595,78.66016920768583,9.820588087237617,118.14825424288507,22.337383377498234,False,True,False,False,False,False,False,False,7,True,medium
23,5,4,8,146.37891039503597,95.2084171303956,13.488613424641173,139.56114608218772,20.681819004378607,False,False,False,False,False,False,False,False,5,False,medium
18,3,2,34,106.09238658839371,72.21354175850294,12.131913279311966,70.0,23.16669656908621,False,False,False,False,False,False,False,False,7,False,medium
19,4,0,14,132.19051932392594,75.19254453676537,10.443623739531624,81.06268171642625,28.1342763662645,False,False,False,False,False,False,False,False,7,True,medium
26,1,0,35,115.20815221640265,65.96785348492037,11.753391567795582,108.17100964126381,18.752588724248803,False,False,False,False,False,False,False,False,2,True,low
38,5,4,34,100.10362979703316,83.88468555908076,7.736864192223927,70.0,26.4501096513495,False,False,False,False,False,True,False,False,7,False,high
19,4,0,16,113.56015396198855,69.39373101713365,10.096150222163198,108.7886673187287,23.860968855016413,False,False,False,False,False,False,False,False,6,True,medium
26,3,2,10,115.02957713319648,85.22710415818878,11.641592606413381,118.70605599155024,24.496505733114642,False,False,False,False,False,False,False,False,5,False,medium
20,4,3,21,102.29331768261653,58.500867582551486,11.26460209023275,76.8116700730327,22.877164549381316,False,False,False,False,False,False,False,False,0,True,medium
38,3,2,17,118.74608342621835,80.48638071833606,10.137030166554228,107.91687814106638,20.130399571925327,False,False,False,False,False,False,False,False,8,False,medium
32,5,1,26,126.49371106598298,68.56306693936945,10.9387069885904,78.33135942966885,24.779454789662015,False,False,False,False,False,False,False,False,8,False,medium
34,3,0,10,117.85840784874415,82.3051763933021,11.540973607539229,135.2593691166427,25.075357189694074,False,False,False,False,False,False,False,False,3,False,low
33,4,3,9,108.49787092744148,74.86440827145772,10.98502934373042,109.54621403412422,19.798122627148153,False,False,False,False,False,False,False,False,4,False,medium
32,3,2,22,113.21833517911641,,12.377606331077557,90.91859136272528,17.645941805149977,False,False,False,False,False,False,False,False,3,False,low
35,4,0,33,114.94547971847858,,11.509923375820229,77.76088963340027,23.34123184070295,False,False,False,False,False,False,False,False,6,True,medium
18,1,0,18,117.60785952977258,66.4961169994136,11.817984752687487,113.56129325766547,26.018883375821424,False,False,False,False,False,False,False,False,2,True,medium
37,3,2,18,128.3179691468804,83.37787755320859,13.741687661168132,134.87458104625316,27.020360200570103,False,False,False,False,True,False,False,False,8,False,medium
34,1,0,13,118.26327704063307,64.51362650574585,12.324010132744105,88.0269139975591,27.813292893308077,False,False,True,False,False,False,False,False,0,False,medium
34,2,1,17,98.16764045644348,72.32921361267202,13.785533514209556,95.32781734641794,24.485563336483914,False,False,True,False,False,False,False,False,3,True,medium
26,3,0,17,108.2521471361357,78.45239579702474,9.924937014047712,88.45290458441983,21.94714928068579,False,False,False,False,False,True,False,False,4,False,medium
35,4,3,16,116.99225261075964,91.13494525448519,8.452137803447123,139.22083656314723,22.991382034132503,False,False,False,False,False,False,False,False,2,False,high
26,4,3,19,128.48949381944936,74.90701399108185,10.775550734862549,70.0,18.027292900017493,False,False,False,False,False,False,False,False,4,True,medium
19,5,3,17,130.57415729843862,72.57489413461559,10.63904582131619,133.28305090160495,20.26941819825061,False,False,False,False,False,False,False,False,2,True,medium
37,1,0,30,,77.73634865116028,13.335062643822969,96.70164205416322,22.787017456580994,False,False,False,False,False,False,False,False,3,False,medium
23,2,1,19,116.56737277095166,55.0,9.191928907749057,103.42446736294266,21.93344434427203,False,False,False,False,False,False,False,False,0,False,medium
20,2,1,32,124.15971010602992,63.013542993092805,10.873793663264093,97.50603770622207,23.368037173539612,False,False,False,False,False,False,False,False,3,True,low
31,5,3,27,97.54646158716437,71.24633501121549,11.64828698566862,110.27121939260724,17.500651033343996,False,True,False,False,False,False,False,False,6,True,medium
23,5,4,29,120.1585788779378,67.87030849267347,11.160164006374973,88.944427391325,18.39412279310428,False,False,False,False,False,False,False,False,8,True,medium
36,4,1,27,102.09683078246965,58.991667107565874,10.725552564418086,128.28442900492897,26.102374770669908,False,False,True,False,False,False,False,False,8,True,medium
27,4,3,38,114.249529650943,83.57778651167585,11.573709525130152,129.1779349414703,19.666621305965275,False,False,False,False,False,False,False,False,7,False,medium
18,4,2,16,151.35806066646572,77.59756729557323,,83.36500112491163,20.29527191451819,False,False,False,False,False,False,False,False,7,False,high
38,5,4,40,118.64265083428516,76.40265247282508,13.457192753956258,119.68427324174885,23.380142906533585,True,False,False,False,False,False,False,False,3,False,medium
29,4,0,14,104.63424136983605,68.06008848845626,11.052491531929736,97.15713507487136,19.275251154023156,False,True,False,False,False,False,False,False,8,False,medium
23,5,4,12,119.89346807149487,75.79392964663666,9.694646794248698,106.13593678135138,27.425319710323038,False,False,False,False,False,False,False,False,7,False,high
32,5,2,35,108.79509776092775,80.14449459441059,13.455254550549384,138.5533197417207,17.972679493904078,False,False,False,False,False,False,False,False,1,False,medium
29,2,1,37,103.47107064210938,72.35103946096719,9.275786485223216,90.17124830513714,23.006095956340882,False,False,True,False,False,True,False,False,6,True,high
18,1,0,11,140.23767440068602,79.44572239240365,13.864926148984212,125.38408767625091,20.005659880020183,False,False,False,False,False,False,False,False,0,True,high
34,5,4,27,127.80174431520103,67.03939518174884,13.150616583869969,115.05675393695066,23.624749981885483,True,True,False,False,False,False,False,False,2,False,medium
26,5,4,24,119.14643949994894,,13.383038066286192,100.73138093208061,21.010142545103914,True,False,False,False,False,False,False,False,2,True,medium
33,1,0,15,110.2981205170295,86.424982829261,12.096625369556937,113.08287848563413,22.90539253939563,False,False,False,False,False,False,False,False,7,False,medium
37,3,2,25,111.2705262043336,87.32019703576039,7.620015935779496,110.46506231297157,27.885123663223403,True,False,False,False,False,False,False,False,5,True,high
31,4,3,30,133.50978240212982,88.27588804949663,9.33740667027913,79.51622713369679,20.250214209007837,False,False,True,False,False,False,False,False,2,False,medium
32,3,2,26,118.67893045197482,77.85568415432917,11.491021153108894,91.6520754403669,20.21691846965221,False,False,False,False,False,False,False,False,6,True,low
23,5,0,25,90.0,75.31613954857745,9.918964802318508,82.0044475309003,21.73639643577609,True,False,False,False,False,False,False,False,0,False,medium
23,2,1,37,144.05126218790605,70.51211083840586,10.49555219465938,98.91438702724875,28.896077523134693,False,False,False,False,False,False,False,False,7,False,high
27,2,1,15,117.19674828366742,56.92515243482583,11.980493089321481,134.59077651350077,22.641029268830373,True,False,False,False,False,False,False,False,7,False,medium
36,2,1,28,119.1204280688178,61.55100303599508,10.728041143954181,117.78261163578178,27.936810437583958,False,False,False,False,True,False,False,False,0,True,medium
29,5,4,18,128.04033776121756,73.31945028034741,9.049567033081056,73.48304029499405,22.292354309673335,False,False,False,False,False,False,False,False,6,False,medium
25,2,1,40,120.58483392773904,73.9171155087157,12.417053941021704,98.98591088425495,27.758548093148367,False,False,True,False,False,False,False,False,5,False,low
35,4,3,16,123.96290341260172,89.12223028806491,11.823844440245962,110.1397469402247,24.62956622131347,False,False,False,False,False,False,False,False,2,True,medium
36,5,4,36,109.9153183916209,88.14799129375626,10.601606491232697,121.36994656673664,25.218265772830396,False,False,False,False,False,False,False,False,2,False,medium
37,5,3,28,100.24245611240336,68.13513858513416,12.138025894567477,90.6831251658036,17.256927406043346,False,False,False,False,False,False,False,False,1,False,medium
24,4,3,15,118.36279337767836,83.18325715089019,11.152075300956142,77.77649987718695,16.663410038329573,False,False,False,False,False,False,False,False,2,False,medium
33,4,0,33,132.17937582729508,70.22931135426089,,103.76045611696284,27.2808060481128,False,False,False,False,False,False,False,False,2,True,medium
30,5,0,15,107.22636929940259,81.82616343003801,11.241932616892015,117.51865276269102,27.231085656061218,False,False,False,False,False,False,False,False,7,False,medium
27,4,3,16,106.26371206216268,83.06017728106745,13.118284266529088,110.16662270593034,32.68582095173572,False,False,False,False,False,False,False,False,2,False,medium
26,4,3,19,129.65223112455925,87.42092812147737,8.00215554979966,85.53709542808548,17.056187954095183,True,False,False,False,False,True,False,False,8,True,medium
20,4,3,30,109.51305753830691,70.07356645217303,11.734750437138926,143.60161367656687,24.943197675360498,False,False,False,False,True,False,False,False,4,False,medium
24,5,2,20,110.07328103398717,85.14303687180924,10.363421125310657,102.8260581223425,18.904716113259898,True,False,False,False,False,False,False,False,5,True,medium
30,3,2,26,110.5222687246451,56.271859638787284,9.625518418650394,109.26162601484437,20.037595492673184,False,False,False,False,False,False,False,False,8,False,medium
37,5,0,26,114.22022822811425,87.96215681538861,12.853600927048202,90.43671716211233,20.991015330274205,False,False,False,False,False,False,False,False,0,True,medium
37,5,1,14,96.11634284917554,74.74983277181484,12.422539891002112,129.34317596402,24.52942016368573,False,False,False,False,False,False,False,False,3,False,medium
22,3,2,15,108.52791864950048,74.96272002014302,7.789637297452045,117.58063163612363,20.343895707638808,False,False,False,False,False,False,False,False,2,False,high
32,1,0,18,117.76441622967667,55.0,12.144793016506345,111.92259544153251,23.13462476828163,False,False,False,False,False,False,False,False,7,False,low
19,4,0,15,117.67885523409795,71.1133411275262,11.950636874249495,79.66359388713636,26.328136949984945,False,False,False,False,False,False,False,False,8,False,medium
32,1,0,38,128.89591663095504,88.55479399613552,9.843085589347746,129.06866498560186,27.5118932668295,True,False,False,False,True,True,False,False,8,False,high
25,4,1,20,137.07270666633767,70.73298108297186,9.663513684858936,121.65186540549294,25.77035727778654,False,False,False,False,False,False,False,False,5,False,medium
27,5,4,21,133.14980135997283,82.13462760975209,8.455079640642548,127.32853474586238,24.80747232618354,False,False,False,False,False,False,False,False,2,False,medium
33,4,3,30,125.97582860888721,75.34555127714108,10.459948964420857,105.81464586918337,22.433465282652136,True,False,False,False,False,False,False,False,7,False,medium
27,5,4,34,113.21518491079351,85.62669139599699,10.716019938709493,103.35305439515402,20.72427242821969,False,False,False,False,False,False,False,False,5,True,medium
35,2,1,30,107.52317116051744,76.91500965204125,12.27519484857362,100.99395660156313,,False,False,False,False,False,False,False,False,4,False,medium
29,3,2,26,115.21454119010082,65.68188468901897,11.431008583200892,155.13795477483885,18.796363774570093,False,False,True,False,False,False,False,False,4,True,medium
39,5,4,40,122.02694523727477,75.56450679848943,9.304147015513069,93.06618210571143,,False,False,False,False,False,False,False,False,4,False,medium
32,3,1,37,124.86325357894802,91.01216903701213,11.382198919911753,78.9026134446849,18.697290804884823,False,True,False,False,False,False,False,False,7,False,high
24,4,3,14,122.4770288021902,79.97645078036201,10.593527328953739,96.78836434993907,22.834887253232722,False,False,True,False,False,False,False,False,4,True,medium
35,5,3,13,113.54589434348738,73.83553692706336,9.504278058136887,93.27120609950512,18.785158974032846,False,False,False,False,True,False,False,False,7,False,medium
26,5,4,20,124.44234687810714,97.55743819133308,8.456788409964195,132.7166304023969,21.397745847200273,False,False,False,False,False,False,False,False,7,False,high
29,5,4,35,130.13047006100203,86.59215702561221,11.999685336040812,75.16816723043934,20.296187944055436,True,False,False,False,False,False,False,False,2,False,medium
21,5,3,39,125.5619246088105,83.1673391539846,,92.6516013432802,19.81376788250616,True,False,False,False,False,False,False,False,8,False,medium
20,4,2,31,114.61584333803921,78.17342465244374,11.89083044524945,109.19150961325501,22.650571927689043,False,False,False,False,True,False,True,False,3,False,high
30,5,4,30,104.99381568992791,82.30273834751108,9.834808906413178,132.9024428019656,15.0,True,False,False,False,False,False,False,True,4,False,high
22,4,3,15,104.70919084734271,82.6273207318284,11.273727779362822,120.68891074513718,15.790084813608699,True,False,False,False,False,False,False,False,8,False,medium
39,4,1,27,106.82538851689382,55.0,8.799417364692403,140.61838171354208,26.214850555966464,False,False,False,False,False,False,False,False,8,True,medium
36,4,3,14,118.08490238409915,78.94936212829448,9.421467501036991,112.60744381733211,23.589915170035837,False,False,False,True,False,False,True,False,1,False,high
33,5,2,25,,73.39194140664341,11.053971519597336,100.52037143828332,20.1065335594404,False,False,False,False,False,False,False,False,7,False,low
34,3,1,14,98.02561218467164,70.00223726863425,11.419764848515486,123.8222436197883,26.895613452293006,False,False,False,False,False,False,False,False,4,False,low
31,4,2,10,108.95205869963739,73.04562719955763,8.393891366497021,74.92245948452889,20.443290120178716,False,True,False,False,False,False,False,False,6,False,medium
19,4,3,39,117.91942558366473,59.44151313177799,9.307928457115779,70.0,20.681226738031455,False,False,False,False,False,False,False,False,7,False,medium
26,5,4,37,104.20384107882877,56.95389899962821,10.415371462266823,126.47779908078927,19.866458899602677,False,False,False,False,True,False,False,False,8,True,high
28,3,2,30,,87.46502417448497,12.533629972656469,109.63247017142545,30.62647508289863,True,False,True,False,False,False,False,False,0,True,medium
38,5,0,28,111.31086050900122,79.62157819708926,9.699035595414049,126.20808385177895,23.940406938288653,False,False,False,False,False,True,False,False,1,True,medium
22,5,4,15,106.31895673996893,55.0,11.224920452472125,86.24780636368162,23.78284349672873,False,False,False,False,False,False,False,False,5,False,medium
28,3,2,26,115.63846518938676,69.23615458598259,11.39262822501453,133.26524369037094,24.86560394248435,False,False,False,False,False,False,False,False,0,False,low
25,4,1,32,119.7073639549492,83.8055173339653,10.600493078842442,119.7478952986838,15.58916203554159,False,False,False,True,False,False,False,False,5,False,high
20,4,3,25,104.81765302876087,72.19985626279369,,104.31535160665574,20.623966126978573,False,False,False,False,False,False,False,False,1,False,medium
20,2,1,17,112.08865144223142,87.45004953798362,8.848133112698005,109.5616541694257,24.81994744617025,False,False,False,False,False,False,False,False,6,False,medium
26,3,1,20,120.6121405276853,85.49751799276635,9.95074048230088,112.63241366660726,22.983566063848176,False,False,False,False,False,False,False,False,5,False,low
19,5,4,35,105.85491780019879,61.432887906892866,13.294975771950233,86.1518922637446,31.82167480128495,False,False,False,False,False,False,False,False,8,False,medium
19,5,4,16,95.10691791491318,73.56675901151168,13.407623843196175,96.52967986953402,20.85923369974826,False,False,False,False,True,False,False,False,7,False,medium
25,4,2,39,96.56111385172295,70.51910575191296,12.348673192443044,112.28469164379385,26.772732187641964,False,False,False,False,False,False,False,False,2,False,medium
22,2,1,32,109.98338963131637,61.10761705647899,12.760627503925836,95.64705384619077,26.22401716164312,False,False,False,False,False,True,False,False,0,True,medium
30,5,4,37,99.17898068433834,60.45725675144729,8.07854263033638,72.67278476052358,23.571283604655815,False,False,False,False,False,False,False,False,5,False,medium
18,3,0,24,110.82733725788505,66.93978453758272,,111.48755281985581,24.297613767763835,True,False,False,False,True,False,False,False,4,True,medium
24,5,3,15,134.97931421407213,68.59074590487361,10.502237488515021,123.3927518264004,21.839198402892876,False,False,False,True,False,False,False,False,3,False,high
27,3,2,9,98.45681934773582,77.83229777243362,14.865027082262463,128.5077618363235,15.10732641690956,False,False,False,False,False,False,False,False,5,True,low
39,5,4,25,111.60874178226759,85.4421347321442,10.49906564078969,116.71083239784721,24.39673440710633,False,False,False,False,False,False,False,False,6,True,medium
31,3,2,21,140.5876546512566,80.1364495581237,12.191846879397078,123.00275951884588,,False,False,False,False,False,False,False,False,5,False,low
37,5,4,11,119.89756099570852,82.50372240280824,11.605395245207754,126.7251995377985,25.342582416731652,True,True,False,False,False,False,False,False,8,True,high
25,1,0,38,110.5873205502928,72.33382178529632,11.569797537169935,106.75242798246846,23.252385319067614,False,False,False,False,False,True,False,False,2,False,high
27,5,3,40,113.11740838576914,81.03000196612889,10.962351002340464,70.0,26.88160431370254,False,False,False,False,False,False,False,False,4,False,medium
27,4,0,20,120.15235010071933,73.51625018409739,9.079947471638205,130.51518676685103,19.53604000614714,False,False,False,False,False,False,False,False,2,True,medium
37,4,3,30,135.34926316752927,70.58527616747217,6.6781377384231755,85.34699757946119,28.873550433227305,False,False,False,False,False,False,False,False,6,True,high
39,5,0,21,108.62975671027309,93.97100948895626,13.050947971257163,,19.04833969639952,False,False,False,False,True,False,False,False,0,False,high
39,5,4,24,105.9086766053406,55.0,10.013603541987937,80.72503602704391,22.56864321872409,False,False,False,False,False,False,False,False,5,True,medium
34,4,3,28,98.45429520663727,56.26695702692639,8.012618888046308,159.66071450589126,25.72349501476706,False,False,False,False,False,False,False,False,1,True,medium
29,3,0,21,116.23715239011764,78.82699754133604,11.700737633604687,114.69204909957492,20.94018762087274,False,False,False,False,False,False,False,False,0,False,low
29,5,4,34,98.13175156218504,72.3501765146755,11.670063054510457,82.08443901800025,25.99602041829905,False,False,False,False,False,False,False,False,0,False,medium
39,2,1,14,109.43460850213846,60.63015649833078,12.228627698370186,89.96483848613508,21.628858237722664,False,False,False,False,True,False,False,False,5,True,medium
24,3,2,30,104.09579870667577,64.45389048836232,12.785145122877395,104.98405053256869,23.472532106894832,True,False,False,False,True,False,False,False,4,True,medium
25,4,0,40,127.88948212280927,65.75594203138218,9.529621809152612,116.93288310953946,22.275485780093693,False,False,False,False,False,False,False,False,5,False,medium
37,1,0,36,108.89924335159833,83.92336537130913,9.600029269330653,111.14443143450728,20.692736298818396,False,False,False,False,False,False,False,False,5,False,medium
26,2,1,9,119.76316393606739,87.12410431064438,10.490074770564044,84.5706582973873,32.004300572333634,False,False,False,False,False,False,False,False,1,False,medium
23,3,2,11,95.75089597973725,91.39562565230618,12.31462429448826,111.97722396092172,19.641009592299586,False,False,False,False,False,False,False,False,5,False,high
30,3,2,28,116.57808345343415,59.10988777790662,7.635777609900182,91.55386818826551,15.0,False,False,False,False,False,False,False,False,4,True,high
25,5,4,38,100.56207632967102,61.32876467488468,11.20513013774601,128.03213045571167,19.785454963846263,False,False,False,False,False,False,False,False,6,True,medium
37,2,0,35,109.8922180008417,60.64373525499477,12.491394919169071,106.23852525026489,23.525183554308676,False,False,False,False,False,False,False,False,4,False,medium
37,4,3,37,141.5344308910747,87.8885700577001,12.425370315229022,88.29464984791576,21.492587596478707,False,False,False,False,False,False,False,False,0,False,high
24,4,0,12,,79.1722445441953,12.133698535739732,120.15699077765404,27.07430263411347,False,False,False,False,False,False,False,False,1,True,low
29,2,1,25,113.45904900602432,75.80199216469721,12.700800832392867,113.43138933527052,26.92873520070027,False,False,False,False,False,False,False,False,5,False,low
39,2,0,31,153.38730291739836,77.29628693847447,6.604507669574883,94.55295461094478,21.72643553265063,False,False,False,False,False,True,False,False,0,False,high
34,3,0,28,104.01790371552019,74.43221722861256,13.581549903315638,121.06202519288044,16.27108834874247,False,False,True,False,False,False,False,False,1,False,medium
22,3,2,33,128.98259658490434,63.78857952593495,11.528647925717399,118.84057642690735,17.867403862982467,False,False,False,False,False,False,False,False,8,False,low
30,5,4,15,96.60790651783462,80.13172789784905,13.135442034684807,131.44008836500916,22.871190477299752,False,False,False,False,False,False,False,False,5,False,medium
31,4,3,23,112.07292690822463,73.13861494346314,9.120584836938601,120.62304770743589,16.74196167429759,False,False,False,False,False,False,False,False,7,True,medium
32,5,4,22,98.82652299783328,62.99678486520707,8.19387704865816,100.29316863115088,21.528847264869732,False,False,False,False,False,False,False,False,7,False,low
18,3,2,39,118.0873109810905,80.74285445358058,13.858204296009024,70.0,28.68521114707877,False,False,True,False,False,False,False,False,7,True,medium
24,5,0,14,115.67164304294508,70.74212363727412,9.517565064608776,109.10622508662752,24.37133256594307,False,False,False,False,False,False,False,False,5,False,medium
36,3,1,18,111.30802240979702,77.27483486841378,,112.51969295219287,23.182671722526308,False,False,False,False,False,False,False,False,4,False,low
23,5,4,8,128.10468430151568,73.75020838701975,11.843927424739983,106.12633272080389,18.836909523189675,False,False,False,False,False,False,False,False,3,False,medium
24,2,0,13,108.19481232396652,83.91378772224809,12.236618656461625,70.0,23.726950637150875,True,False,False,False,False,False,False,False,6,True,medium
25,5,0,40,118.92222097368789,77.20162974228941,12.725466071782856,119.9342590837891,21.965903467294833,False,False,False,False,False,False,False,False,3,True,medium
21,5,4,35,,66.16299825143194,11.357417867825284,84.9348943233648,23.954546914598982,False,False,True,False,False,False,False,False,5,False,medium
21,5,0,16,97.2013454932458,,9.31310524310554,120.08590185397354,25.90839131100655,False,True,True,False,False,False,False,False,5,True,medium
25,5,4,31,106.0190278999074,,12.130612212006755,142.4150639535027,26.59249463355086,False,False,False,False,False,False,False,False,2,True,medium
37,4,3,27,115.64633160779,80.11332974038872,12.156089690240215,99.43845321894047,23.515562445821306,False,False,False,False,False,False,False,False,8,True,medium
18,4,3,37,122.56184103313983,85.35874254731912,8.09594417410205,114.64664871460653,25.047691715887478,True,False,False,False,False,False,False,False,8,False,medium
24,5,2,17,132.05485319105838,68.84017214822826,13.269895746645364,105.72111129849016,20.95207736306744,True,True,False,False,False,False,False,False,5,False,medium
19,5,0,40,112.40944241526496,81.67935667180532,7.0206790199035405,116.56283875677485,27.530277031459875,False,True,False,False,False,False,False,False,3,False,high
30,3,2,20,111.2023474882014,57.75182762159195,12.655065018550157,107.27579230240947,19.451504924637685,False,False,False,False,False,False,False,False,0,True,low
23,5,4,31,104.52884763743603,73.80015184711694,9.985424051107481,93.62643315430088,22.170126603300524,False,False,False,False,False,False,False,False,6,False,medium
35,5,4,21,118.9598091061244,72.25340115192358,12.128815170053661,85.09127120802388,27.94647085600105,False,False,False,False,False,False,False,False,7,True,medium
30,3,2,30,111.4345891156229,,11.816310728478724,139.99024584346995,21.073350305436943,False,False,False,False,False,False,False,False,5,False,medium
35,5,4,19,111.71161284609138,,10.940603921750826,114.64816566390846,17.636857330094095,False,False,False,False,False,False,False,False,0,True,medium
31,4,3,35,113.8733379293379,81.0798877817161,11.72173862300851,123.27132820942646,21.356999005181407,False,False,False,False,False,False,False,False,7,False,medium
27,1,0,29,121.61953674508408,57.38221377127443,10.861682151337565,113.77938386209135,28.566937114850248,True,True,False,False,False,False,False,False,3,False,medium
36,5,3,17,108.23523336184887,71.48242035311418,12.142321322512196,126.46689850908844,15.0,False,False,True,False,False,False,False,False,0,False,medium
28,4,3,39,105.73410293309314,66.5364013256642,14.496434819384609,85.2887197902628,23.409572716139504,False,False,True,False,False,False,False,False,3,False,medium
38,4,2,31,120.18069023360924,99.75511123295524,8.8540176149842,106.82999177833204,20.463985890399737,False,False,False,False,False,False,False,False,4,False,high
39,4,3,22,90.0,68.33203242878642,5.898965875298913,116.12069452175746,,False,False,False,False,False,False,False,False,5,False,high
30,5,4,12,107.75586191605977,75.73279072661452,10.334921172886537,133.43873110731982,21.6058239331131,False,False,False,False,False,False,False,False,8,True,medium
32,4,2,40,101.18428600711164,76.2657580227517,10.225558560137554,163.80767418901254,26.841933006877564,False,False,False,False,False,False,False,False,7,False,high
23,5,1,32,129.43909867620147,59.10521709063347,10.395890919363241,113.96540968493318,23.2152322152001,False,False,False,False,False,False,False,False,1,False,medium
35,5,4,30,109.70880684948524,69.73964589456887,9.517697673715821,90.45578371665047,,False,False,False,False,False,False,False,False,2,False,medium
32,5,4,35,108.27140661679323,,12.395894670722546,78.69585209257504,28.136525885381264,False,False,False,False,False,False,True,False,8,False,high
37,4,3,28,114.41653017696072,75.85722275241285,8.7898728705893,85.0940758603739,23.119588022365498,False,False,False,False,False,False,False,False,5,True,medium
23,4,3,15,107.85553085842103,55.0,,87.96937222453457,21.562008630801923,False,False,False,False,False,False,False,False,7,True,medium
35,1,0,15,110.16822210215759,69.330085554954,12.02154498857127,70.0,24.508735594686467,False,False,False,False,False,False,False,False,5,True,medium
28,5,2,10,116.16532492507795,85.20821661446892,11.506345451264979,90.13558973468375,25.280747811536994,False,False,False,False,False,False,True,False,2,False,high
22,4,0,10,109.93551478592478,80.88222927312935,11.779429241321479,120.7682954294391,,False,False,False,False,False,False,False,False,5,False,medium
21,3,2,32,109.84939057273556,87.18033351825204,12.518827609163942,106.65879426213887,23.944255233776847,False,False,False,False,False,False,False,False,7,False,medium
30,5,4,36,102.8781079154643,65.1435266257671,11.085704451611038,99.31025879331442,21.985761498311962,False,False,False,False,False,False,False,False,0,False,medium
25,4,1,13,101.15459511375363,87.80929535279058,10.445605418038955,70.0,21.318606143838807,False,False,False,False,False,False,False,False,0,False,medium
20,5,4,26,115.72764277108337,74.55593951710819,11.778192701799783,128.10901955087655,20.236220089382677,False,False,False,False,False,False,False,False,4,False,low
27,5,0,12,118.67920611742987,,11.960585980179186,116.25989240024872,20.497119377600683,False,False,True,False,False,False,False,False,8,False,high
32,2,0,21,97.8621202745926,75.03304434083773,12.423489633950005,104.715503818724,28.022563404843098,False,False,False,False,False,False,False,False,8,False,low
25,5,4,34,124.11929698457017,55.0,8.260171584175234,70.0,21.544029881718334,True,False,False,False,False,False,False,False,3,True,medium
39,2,0,34,124.16857167789696,83.49254571307144,10.706349566904708,94.20300492040424,27.57503403427726,False,False,False,False,False,False,False,False,2,False,medium
35,5,3,39,126.69626965934347,70.56486322025357,9.29541074012156,114.54180447053557,23.52410632614736,False,False,False,False,False,False,False,False,3,True,medium
29,4,3,18,118.59866901688717,71.23770388631516,11.89754372257924,104.3715176993823,18.469141509740634,True,False,False,False,True,False,False,False,7,True,medium
38,3,1,39,122.64498520346795,60.46903568930231,12.16273467414042,109.22263749974749,23.763072265342334,False,False,True,False,False,False,False,False,6,False,medium
27,5,0,33,141.22031013493987,91.22199499006042,10.560939710148668,,18.248321761560664,False,False,False,False,False,False,False,False,6,True,high
21,2,1,19,111.38174078947247,69.78898826197153,9.833171228866506,108.40425745780763,25.42858253117461,True,False,False,False,False,False,False,False,5,True,medium
18,4,0,18,102.45170198932531,90.7503577491252,11.955141655881752,119.2928507258254,22.168906592230744,False,False,False,False,True,False,True,False,8,False,high
38,4,3,11,96.59128140134246,70.68756838407147,10.786812292811266,86.44192001372268,26.42072736438626,False,False,False,False,False,False,False,False,7,True,medium
39,5,4,38,136.0680871627878,65.72254797850722,13.282346659397286,78.09902135913345,28.734183399998187,False,False,False,False,False,False,False,False,2,False,medium
34,5,4,14,136.22544710438387,88.19529174029813,13.836724886639182,115.50193501001249,16.05861946892267,False,False,False,False,False,True,False,False,7,False,medium
20,5,4,16,103.90480309678924,74.26665250999771,12.601137677815823,120.0129861538396,21.15541771659693,False,False,False,False,False,False,False,False,7,False,high
24,4,3,21,106.27215024785733,74.36427992644845,11.372251849676966,116.41742350820736,18.16215999464139,False,False,False,False,False,False,False,False,8,False,medium
18,5,4,12,111.11210754962593,62.1837405971688,13.920919817892234,107.89489593187652,31.633044869224957,False,True,False,False,False,False,False,False,2,False,medium
19,5,3,34,129.6910824657518,70.42376645303744,11.38515246492768,97.87109936326743,21.238750423641196,False,False,False,False,False,False,False,False,3,False,medium
23,4,3,31,99.55237361823627,79.28695823630999,10.233289775335031,109.64169215880897,,False,False,False,False,False,False,False,False,4,False,medium
30,5,4,13,91.4005657013335,62.008200062411476,9.919455301702287,,31.961354521933654,False,False,True,False,False,False,False,False,4,True,medium
19,2,1,13,141.01017371874593,69.60912305828184,9.874397500078212,114.66454384769175,20.095708640081643,False,False,False,False,False,False,False,False,4,False,high
39,3,2,8,118.7484794430409,70.79553562592542,10.989808404263906,162.35707024583078,16.51255734056459,False,False,False,False,False,False,True,False,8,False,high
28,5,4,39,120.45295967102273,75.66440804713999,11.740938905859629,84.74231671895345,18.366403048288,False,False,False,False,False,False,False,False,6,True,medium
23,2,1,22,112.53872793760009,89.79559645638264,8.735748896822532,175.9718487312543,23.572764743635624,False,False,False,False,False,False,False,False,3,True,medium
29,3,1,29,120.58941908461628,72.00046867017016,10.281718515891738,77.34993597977763,23.182989714923682,True,False,False,False,False,False,False,False,2,True,medium
35,1,0,12,96.82952939990817,68.09499337587438,11.340561622315834,113.48471198103326,19.655989608937666,False,False,False,False,False,False,False,False,0,True,medium
24,3,1,15,104.90895319767725,102.46370632024671,,78.7134632195833,21.059808974592787,False,False,False,False,False,False,False,False,3,False,high
19,3,2,25,116.26189461427127,70.6681464647657,10.958523596672286,111.73736310274123,23.21232410247011,False,False,False,False,False,False,False,False,8,False,low
19,5,4,14,90.0,73.09341838830804,11.391213014125345,126.60670214678252,28.29565087467273,False,False,False,False,False,False,False,False,8,False,medium
36,1,0,28,111.36978863422925,71.42153630808967,9.018364148815126,105.7168189565465,24.33311576188598,True,False,False,False,False,False,False,False,7,True,medium
20,4,3,38,110.63002755598711,72.23230898890372,9.541141219715959,126.40776943723466,20.747336586959854,True,False,False,False,False,False,False,False,5,False,medium
31,4,3,18,111.36771721659566,75.77754863015961,10.902621060345483,95.67899134915007,22.086299638810463,False,True,False,False,False,False,False,False,0,True,medium
26,5,4,28,108.38701830614822,84.20796477593275,11.816881784303991,70.0,26.078839724148885,False,False,False,False,False,False,False,False,4,True,medium
35,4,3,38,103.04929688950604,79.03987723273406,11.370085267490976,118.78760091586356,29.720267547538135,False,False,False,False,False,False,False,False,0,True,medium
19,1,0,37,93.13561779674896,85.77095563366422,9.641880981500718,105.67404313933372,18.581565556648727,False,False,False,False,False,False,False,False,0,True,medium
37,3,2,8,116.73696456600895,85.44028674607434,10.621500810322889,94.44849283863982,27.456438167071923,False,False,False,False,True,False,False,False,2,False,medium
33,5,4,11,111.39851215844509,77.08552105615877,13.418941348602893,95.96764628627811,21.74888665033068,True,False,False,False,True,False,False,True,8,False,high
27,5,4,40,98.49662144117586,78.76311970063776,11.870813172154499,113.94479817392957,16.503092675836307,False,False,False,False,False,False,False,False,4,True,medium
22,5,3,38,115.75040095400524,86.08736676268623,10.739947130629751,87.08027626208518,,False,False,False,False,False,False,False,False,6,False,medium
39,5,4,18,111.46059765912753,63.88790071997518,9.358661181248564,113.25538581035872,28.336698505192814,False,False,False,False,False,False,False,False,7,False,medium
24,4,3,25,109.46771258005462,99.982112022383,9.858606212575877,131.150014417053,28.813429366823797,False,False,False,False,False,False,False,False,8,False,high
28,2,0,26,90.0,69.87414869472393,11.010544579574518,150.32154318148721,20.72366993079804,False,False,False,False,False,False,False,False,8,False,medium
26,5,4,30,123.19321014769471,71.49035078431024,11.44151535776001,135.89958383076979,22.1514214040756,False,False,False,False,False,False,False,False,3,False,medium
23,4,0,32,100.20338751869043,62.88099025326234,,108.55839952526527,15.870564182149018,False,False,False,False,False,False,False,False,8,False,medium
27,2,1,20,115.7592430580949,63.17849192045602,11.620776935022104,110.66863219790493,26.048163782867118,False,False,False,False,False,False,False,False,1,False,low
21,4,1,37,105.30077867880769,84.74034068889736,10.407621820370105,96.19453240280686,22.886478065985493,False,False,False,False,False,False,False,False,5,False,medium
18,5,3,9,110.33528178942417,97.70193277642252,10.182232160971871,94.7558435144489,16.790891005725545,True,False,False,False,False,False,False,False,6,True,high
24,5,0,9,128.82750990099893,69.32759889191652,14.275182211663468,124.18469956613,23.818963031005815,False,True,False,False,False,False,False,False,6,False,medium
20,4,3,39,121.3794184096405,78.47316528127519,10.109652284915386,98.23477871686602,17.442256975750492,False,False,False,False,False,False,False,False,6,False,medium
27,5,4,13,128.56047935547363,77.20166595712163,8.933274087523364,113.05419210397318,,False,False,False,False,False,False,False,False,7,True,medium
36,5,3,40,118.96462593545888,85.00244562416759,8.3780520351161,83.82479083707204,18.668774907796127,False,False,False,False,False,False,False,False,7,True,medium
21,4,1,17,119.75372301208937,97.18714464517399,10.434897780592461,135.14687828472145,24.34827667359141,False,False,False,False,False,False,False,False,5,True,high
18,5,4,20,93.62633199728586,90.20973417981585,12.50397411306693,97.90595339969434,20.387870104851565,False,False,False,False,False,False,False,False,0,False,high
20,2,1,8,111.18970007360134,72.61340719019253,10.07848369705409,128.93554175462913,15.0,False,True,False,False,False,False,False,False,1,False,medium
29,4,3,39,112.3010928178167,80.28767635709634,13.364023267109218,89.51589009996253,26.984645223739882,False,False,True,False,False,False,True,False,5,True,high
24,5,2,19,129.6839778442237,81.28057842742227,10.98834952777831,88.35236916216795,27.20373755644046,False,False,False,False,False,False,False,False,6,True,medium
28,3,0,13,108.92524806511686,74.79909368832381,12.775292906794787,,20.91286653301432,True,True,False,False,False,False,False,False,1,True,medium
18,2,0,23,118.17831410867348,64.04063866503269,9.787646187955897,,24.097700181609124,False,False,True,False,False,False,False,False,0,True,low
25,2,0,13,117.70908811701703,67.01223781436978,9.812453235328334,70.50619449182265,24.752711805920434,False,False,False,False,False,False,False,False,4,False,high
27,5,4,34,128.89210192336873,86.48152650929215,11.145673125327956,82.1213081916894,24.88195780853296,False,False,False,False,False,False,False,False,8,True,medium
27,5,4,10,113.3950710123264,87.5130799582205,11.772087466151834,123.84759098196193,29.90239399813847,False,False,False,False,False,False,False,False,8,False,medium
30,4,2,24,124.93344338431775,72.92432635160813,10.713668411894474,121.73365195154085,24.66719256048092,True,False,False,False,False,False,False,False,1,True,medium
35,5,4,20,94.54161839034971,77.61055394060088,11.467944721089257,88.224976174741,21.56937149004398,False,False,False,False,False,False,False,False,6,False,medium
28,2,0,9,95.6317668046727,86.97263821329643,11.941577525520373,91.10218857362283,24.71166465455892,False,False,False,False,True,False,False,False,6,True,medium
36,5,4,9,90.0,57.95731127966702,8.727190912362612,119.80634817843791,,False,False,False,False,False,False,False,False,2,False,medium
29,2,1,25,124.4318197016,,10.454500081297375,133.95025199424023,18.737784004331193,False,False,False,False,False,False,False,False,7,True,medium
23,5,0,21,123.08400325346483,95.17871381482644,10.17010795350439,103.48641013162106,27.878961361038705,False,False,False,False,False,False,False,False,5,False,high
23,4,3,12,125.76193088679139,77.99307716203317,10.247804547806611,117.19324513961016,25.136641951100444,False,False,False,False,False,False,False,False,8,False,medium
25,3,1,12,106.87165797152568,63.707839152965654,11.651004365629358,124.21552746405575,15.553521866182063,False,False,False,False,False,False,False,False,4,False,low
31,3,1,34,108.237428109584,76.17282293573714,10.192336903068378,152.36607110062383,20.26533812565998,False,False,False,False,False,False,False,False,2,True,medium
23,4,3,32,113.54742828805227,85.21435592268276,7.791875782061064,79.57424841358977,26.030563942354963,False,False,False,False,False,False,False,False,4,True,high
38,5,1,28,132.32439163537188,55.0,10.62157015706508,90.28808501819636,16.744701657701423,False,False,True,False,False,False,False,False,3,True,medium
28,4,3,35,135.3259375314646,76.76285817191092,9.2969503499867,93.85758664947517,19.98826722998832,False,False,False,False,False,False,False,False,0,True,medium
36,4,0,10,124.52570187809636,71.27585445407513,11.794131169892072,123.2055312717244,33.64603847253212,False,False,False,False,False,False,False,False,0,False,medium
33,1,0,30,118.97223669764202,58.580018735630524,12.289115186965953,99.45781011487436,21.675664455179678,True,False,False,False,False,False,False,False,5,False,medium
25,2,1,32,131.02459237240151,75.81927255130309,7.520273823962612,111.86940845193675,27.330775152329437,True,False,False,False,True,False,False,False,5,False,high
23,5,3,14,111.9298905142053,73.63519768239553,9.761228687935484,107.68054496984479,29.001867993024405,False,False,True,False,False,False,False,False,5,True,medium
34,2,1,25,110.30870163421245,74.7590974780236,11.565396837470733,105.03821676959501,19.36601028223962,False,False,True,False,False,False,False,False,2,True,medium
25,1,0,33,113.45173455263426,,8.745799783677498,107.36272463650002,24.0654611511878,False,False,False,False,False,False,False,False,0,True,medium
23,5,3,27,103.25542756696507,64.7866244804586,12.252257403488336,127.65781572843274,,False,False,False,False,False,False,False,False,7,False,medium
38,3,2,16,112.89988762754065,60.451971664017535,12.678906455779556,83.6471157233407,24.83809894589833,False,False,False,False,False,False,False,False,1,True,medium
28,3,2,29,101.59110347459271,68.09310059725375,10.740774985770821,101.73396379952008,32.46207476236511,False,False,False,False,False,False,False,False,8,False,medium
19,3,1,33,127.30009382679494,83.59252114076064,9.76174144077052,78.26388959241073,20.45243353275765,True,False,False,False,False,False,False,False,4,True,medium
28,1,0,8,121.52424869239621,77.33070293726746,7.3030917992395,109.98425241889618,,False,False,False,False,False,False,False,False,4,False,high
28,1,0,26,132.15474877057392,74.3082667055341,12.30244047161776,100.69836506371031,23.066695953227374,False,False,False,False,False,False,False,False,4,False,high
37,4,3,24,95.44860636502973,64.6023185092851,14.20405916588217,128.52334891649372,21.69007973196804,False,False,False,False,False,False,False,False,6,False,medium
33,1,0,20,137.82036336306487,71.26085067145789,13.873041917336245,104.89388914791328,25.560162766211175,False,False,False,False,False,False,False,False,1,True,medium
22,2,1,9,96.13029503447872,82.37157558357212,10.688042372015191,95.23553906513386,22.55416614898097,False,False,False,False,False,False,False,False,1,False,low
21,5,4,10,100.62030309900153,80.0478376248549,9.251718691651364,99.5723789424001,22.661724926521735,False,False,False,False,False,False,False,False,7,False,medium
31,2,1,32,107.55014143764292,70.22801130227285,12.340198762125013,142.91533269935783,24.940770476510753,False,False,False,False,False,False,False,False,0,True,medium
19,4,3,35,130.69264830363838,55.0,10.797009958156758,70.4582265593482,15.769063826774168,False,False,False,False,False,False,False,False,6,False,medium
25,2,1,21,117.70688196674288,68.25152369838419,11.765010757829469,91.194645786457,19.805375258310118,False,False,False,False,False,False,False,False,0,False,low
21,5,4,39,112.07404899374114,70.17305482389362,11.484402725275112,105.79217696800148,25.89057224197327,False,False,True,False,False,False,False,False,2,False,medium
18,5,4,38,105.48847078425807,65.92894062297238,11.148805542687692,90.99861817523853,26.96612168630354,False,False,False,False,False,False,False,False,5,False,medium
38,3,2,29,98.4887781920716,70.86824216860295,12.64562208557205,115.79499680080708,24.428910833599964,False,False,False,False,True,False,False,False,7,False,medium
19,4,3,27,128.59152788431612,83.16550128195219,12.705068910448988,103.75732036155988,24.103482200742725,False,False,False,False,False,False,False,False,0,False,medium
18,3,2,39,124.58367113258367,74.62703547043486,10.1636997044615,110.6316678578676,24.609368491206666,False,False,True,False,False,False,False,False,5,True,medium
38,5,4,28,131.2294045251082,84.89696047904941,9.523020045781719,107.59221897612225,26.831193676739183,False,False,False,False,False,False,False,False,0,False,medium
22,2,1,38,119.76181752377349,59.91627914354596,7.001414656719698,102.73300135625902,17.29508798456196,False,False,False,False,True,False,False,False,2,False,high
35,5,4,40,90.0,71.94935942045056,10.44614182384033,76.60187782508325,20.962104039812672,False,False,False,False,False,False,False,False,7,False,medium
18,4,3,14,100.06500480782258,55.60977889154999,9.250679746381866,108.87403344226007,22.70228366988501,False,False,False,False,False,False,False,False,7,False,medium
21,4,3,29,,70.73422470163152,11.670715070395342,70.0,23.783158782806485,False,False,True,False,False,False,False,False,4,True,medium
20,5,1,32,110.56339569716776,64.54342544702327,10.462612904247312,90.21685840414345,15.0,False,False,False,False,False,False,False,False,4,False,medium
33,5,4,35,108.29389639686248,87.81252833428383,10.636114159524327,115.76251629249843,17.970425722781613,False,False,False,False,False,True,False,False,1,False,medium
31,4,3,19,101.76127882132566,79.09712005843505,12.29914575320301,131.17312578558546,22.93335809563759,False,False,False,False,False,False,False,True,3,True,high
28,5,4,36,126.37107480897448,85.14829495593014,11.635607488053992,156.6871547562004,27.05256287360069,True,False,False,False,False,False,False,False,0,True,medium
23,5,4,24,120.47431164897169,70.7065217472707,10.813295904101349,95.57841247511074,21.323840215081276,False,False,False,False,False,False,False,True,0,False,high
19,2,0,20,121.01429467489747,64.80281902883357,13.698281081496415,85.9672581351576,20.332439623765918,False,False,False,False,False,False,False,False,2,False,low
30,5,4,13,107.39677301457931,64.48437005461561,12.181038266132855,116.49023811892414,25.114673787477745,False,False,True,False,True,False,False,False,7,True,low
23,5,4,18,117.11545310679772,77.65439280770858,10.334622634009373,146.1393139262303,21.687716112267186,False,False,False,False,False,False,False,False,3,True,medium
30,4,1,40,98.94682088564223,93.10161494193424,10.405994774476593,138.72038544073996,26.523593874213915,False,False,False,False,True,False,False,False,2,True,high
33,5,4,31,113.44206422984568,79.12382292020489,12.261407509606457,82.22825748467861,22.11469698550056,False,False,True,False,False,False,False,False,0,False,medium
36,4,2,31,,71.25232270712416,,101.90879787582938,18.53913656244553,False,False,False,False,False,False,False,False,2,True,high
28,3,1,37,96.18260633038534,73.11229144873417,9.206144463465636,123.70808022919933,28.682385098891796,False,False,False,False,False,False,False,False,3,False,medium
18,4,1,16,111.13225786897587,74.68699668248202,12.431540543644912,125.23364535359995,27.949043731147746,True,False,False,False,False,False,False,False,7,True,low
24,3,1,29,143.50141775529917,95.26642560178159,13.011571520315005,118.02096232460563,19.1780820895882,False,False,False,False,False,False,False,False,1,True,high
36,5,0,20,93.39108311890163,87.33608565834882,12.890222188809352,95.12753115179933,24.582814394566643,True,False,False,False,False,False,False,False,0,False,medium
29,4,3,35,100.07703288952165,77.59959004150366,13.468398402423142,117.82523479396122,21.693322489774033,False,True,False,False,False,False,False,False,0,False,medium
31,4,3,21,117.60129756031372,76.09731967806107,14.310717007291187,,25.476256507001864,False,False,False,False,False,False,False,False,8,False,medium
28,4,3,36,136.23307487217522,77.99353390369876,13.767934456516642,,19.497246192961423,True,False,False,False,True,False,True,False,8,False,high
21,3,2,32,117.42606996385688,79.94275669283077,,134.26518978043214,26.487368809807293,False,True,False,False,False,False,False,False,2,False,medium
37,2,1,33,123.42570222764988,70.86802047024405,10.66651539953444,126.82310930722272,27.77980594306893,True,False,False,False,False,False,False,False,2,False,medium
35,4,3,38,110.94875499188227,66.55921052623364,8.07263728479658,88.67684701030285,19.210629045030565,False,False,False,False,False,False,False,False,3,False,medium
39,5,4,34,108.87254093272747,85.32220260554865,11.017388552704071,125.34801622390785,23.270800586871903,False,False,False,False,False,False,False,False,0,False,medium
36,1,0,18,115.98621222481307,,11.830617694259123,122.88850042065789,27.863860018868873,False,False,False,False,False,False,False,False,6,False,medium
24,4,1,25,107.10052731248675,84.48727935814969,11.069684648683767,123.72535836102145,18.99454960737297,False,False,False,False,False,False,False,False,8,False,medium
23,5,4,23,123.69123206461295,91.46158748776443,7.978846402124133,139.67140719769498,20.324693554727595,False,False,False,False,False,True,False,False,3,False,high
23,5,4,10,95.724737212653,80.2061473409956,10.541405842004682,104.76984086046353,25.646952025450037,False,False,False,False,False,False,False,False,2,False,medium
38,5,4,27,125.679844390802,78.58548479570071,12.03253127817069,112.29346894810398,22.357243479762342,False,False,False,False,True,False,False,False,2,False,high
30,1,0,22,115.47175614763303,107.00242980517064,9.358535944057742,70.0,16.698900919312386,False,False,False,False,False,False,False,False,2,True,high
27,3,2,20,112.42334957678963,77.07020128279818,11.265105992379521,129.54809932463627,21.71912157029802,False,False,False,False,False,False,False,False,1,False,low
39,1,0,11,95.28418527776294,64.09453192153651,11.690603201406802,127.43090118698414,29.985761874571487,False,False,False,False,False,False,False,False,6,False,medium
31,5,4,24,103.24253593602556,72.18774767828013,12.788748225641191,134.832754705264,31.251553359071316,False,False,False,False,False,False,False,False,2,False,medium
38,3,2,27,129.38381767759813,90.51684711745541,13.740168628470437,84.39303104227035,20.45165435302159,False,False,True,False,False,False,False,False,4,False,high
39,2,1,11,112.49681202359962,,10.395478299822933,126.16499848749254,19.3467930776681,False,False,False,False,False,True,False,False,8,False,medium
19,5,0,28,118.34078159047385,67.4754039584702,11.294011810865122,127.41248452163501,21.167952172531326,False,False,False,False,False,False,False,False,3,False,medium
25,4,3,13,104.44561584021584,86.06426805968518,11.344110676092033,90.67983451972948,30.207601684935018,False,True,False,False,False,False,False,False,1,True,medium
34,5,4,12,114.65134436529459,72.28379357486966,12.038999775021388,128.23121739320922,26.36837480987058,True,False,False,False,True,False,False,False,1,True,medium
35,5,4,21,98.53417542256025,73.89754213023505,11.859844937026153,115.1868956427253,28.856340530366758,False,False,False,False,False,False,False,False,8,False,medium
21,5,4,20,116.19858705145465,85.73372820130629,13.280008896479634,70.0,26.994727027592752,False,False,False,False,False,False,False,False,6,False,medium
25,5,4,38,119.44769076724246,67.8317882434604,7.269925231646659,117.85857805033784,17.72254326309982,False,False,False,False,True,False,False,False,5,False,high
30,4,3,10,118.84737672622022,60.313975484779384,11.668833725156789,88.12144900457672,19.204608681512322,False,False,False,False,False,False,False,False,0,False,medium
35,5,4,19,104.15698203411806,61.11114029137464,11.779857614438773,70.0,20.215307422054792,False,False,False,False,False,False,False,False,6,False,medium
20,5,4,32,110.89538819079398,,10.623633227952055,113.06417206246613,20.912101236259957,False,False,False,False,False,False,False,False,1,True,medium
31,3,2,16,121.44632975177957,77.59132093830794,7.377584412007065,103.56272453185585,20.2867720282016,True,True,False,False,False,False,False,False,7,False,low
24,4,3,40,,68.0743348672067,10.902406222762187,135.88389856267995,20.752140520642385,False,False,False,False,False,False,False,True,3,False,high
22,5,4,32,111.55233541191868,63.41208379192866,9.86310277969604,108.99782066289073,25.56196132010791,False,False,False,True,False,False,False,False,0,False,high
29,4,0,39,137.84161130350668,72.29426874851133,13.684728655877958,122.12742518821443,23.543185394348217,False,False,False,False,False,False,False,False,7,False,medium
27,4,3,39,103.5881305736065,86.16517286250472,11.600466191724598,116.1938060531033,27.879112312681677,False,False,False,False,False,False,False,False,8,True,medium
31,4,1,11,127.96502161706779,66.64182046170744,9.727224276009183,127.46106180324148,24.007353260627738,False,False,False,False,True,False,False,False,6,False,medium
24,3,0,23,101.14383203794084,68.37315978047438,7.715767992327765,85.4990384091146,20.294894175556628,False,False,False,False,False,False,False,False,6,True,high
36,3,0,32,122.85737302925698,63.094784326536214,11.9449882915494,109.36780586247903,23.753847805939213,False,False,False,False,False,False,False,False,4,False,medium
19,3,0,8,123.49783069748769,71.32587110897829,12.113838709989833,101.90381013241166,16.954758147455347,True,False,False,False,False,False,False,False,7,False,medium
36,5,4,22,108.87561813931545,78.3807899071658,10.654757038154335,119.38103444445295,15.0,False,False,True,True,False,False,False,False,1,True,high
18,4,3,30,100.39027776565473,96.1516915704309,11.965880771448973,110.62788768881161,25.572848653211224,False,False,False,True,False,False,False,False,3,False,high
34,1,0,34,91.35480155435899,77.17781512819937,,91.49116694831169,27.073240235176687,False,False,False,False,False,False,False,False,8,False,medium
25,5,3,21,107.61863789289598,74.46321894762981,12.707544440269059,97.56546212179266,23.288517684239363,False,False,False,False,False,False,False,True,5,False,high
26,4,3,36,121.31462377542789,83.62936605985131,12.588295737232848,141.2670595878558,21.434777560493945,False,False,False,False,False,False,False,False,5,True,medium
18,4,2,30,102.06846211480506,81.96215551830244,8.377719405755323,70.0,17.632519175860892,False,False,False,False,False,False,False,False,5,False,medium
33,5,3,9,116.16338297108473,69.22339185633317,8.767693049694222,,27.66770012041861,False,False,False,False,True,False,False,False,1,True,medium
21,5,4,17,97.28284242506986,98.02060073430077,14.250050756869646,132.31181852812634,24.970120525299876,True,False,False,False,False,False,False,False,0,True,high
32,5,2,38,112.19334169475243,74.75616647706048,12.491514160043344,117.73441735505251,24.164694194587852,True,False,False,False,True,False,False,False,0,True,high
33,4,3,8,101.23547314961523,77.36375320355795,8.980190391954302,148.3621815285559,22.980704864418975,False,False,False,False,False,False,False,False,1,False,medium
36,3,2,11,114.06423397726688,80.51348587286132,8.48739193852335,125.64734423565488,21.12171712487377,False,True,True,False,False,False,False,False,1,True,medium
33,2,1,19,108.98704636470961,78.45872367612954,11.332435304976194,113.45072170222933,18.546868434754295,True,False,False,False,False,False,False,False,6,False,medium
24,5,4,40,100.7156063651488,90.2539766887459,9.17229537300276,94.73194971480645,24.010816613393818,True,False,False,False,False,True,False,False,5,False,high
34,5,2,31,107.09351826533272,69.10091260870031,10.493268179320241,113.85868383798056,20.845900350426533,True,False,False,True,False,True,False,False,4,False,high
36,4,3,12,103.79011765309608,82.83382248852705,10.924353296638788,119.99700224413807,21.304155830816068,True,False,False,False,True,False,False,False,3,True,medium
24,4,3,20,99.23290359715105,76.6456844538498,10.855298577816455,105.0770093359261,29.871383060547156,False,True,False,False,False,False,False,False,1,False,medium
20,4,3,39,127.992949903473,84.82723195109523,12.802461250851989,88.6578145966195,22.807690426340354,False,False,False,False,True,False,False,False,6,False,high
37,4,3,15,110.6779016265889,72.85014550031723,,,15.0,False,False,False,False,False,False,False,False,7,False,medium
21,5,3,26,90.0,71.49584643846879,10.233731435468545,109.0789514783814,20.858166226351983,False,False,False,False,False,False,False,False,5,False,medium
31,5,2,23,107.52063030886377,82.32073487426013,9.190945337914815,72.43304342880543,18.994193007677943,False,False,False,False,False,False,False,False,1,True,medium
23,4,3,33,125.97654056581918,78.5799325708998,11.62215384797372,94.62606083193465,22.443121197817977,False,False,False,False,False,True,False,False,4,True,medium
20,4,2,32,105.86369640091148,66.79705697674731,13.610368183108351,70.0,17.30227040824414,False,False,False,False,False,False,False,False,8,True,medium
35,2,1,35,132.97292653760354,88.45612286414259,10.35485574985657,123.32640765166742,24.734526509171637,False,False,False,False,False,True,False,False,6,True,medium
21,4,3,11,104.72005534046093,82.3250937510846,12.360574227222742,130.38902760176612,21.81573389146866,False,False,True,False,False,True,False,False,6,True,medium
32,5,4,22,121.04089666979746,74.25795809503947,9.660583051945409,106.73685732577367,21.097149758458073,False,False,False,False,False,False,False,False,2,False,medium
33,4,3,30,127.43966301509214,70.31768888268884,11.034034188960197,145.29209870091557,23.598474565495728,False,False,False,False,False,False,False,False,7,True,medium
19,4,3,21,120.4023276677372,78.64130896873586,9.140892348319749,134.642508548758,22.693372608853448,False,False,False,False,False,False,False,False,6,False,medium
21,5,4,30,98.50607230430764,81.60485224026783,11.017331296766795,115.55528573323862,22.46115986000999,False,False,False,False,False,False,False,False,4,True,medium
35,3,1,28,103.69037707694122,59.05924926029171,10.81367203405504,102.50928405993122,22.1032532362011,False,False,False,False,False,False,False,False,8,True,medium
29,3,0,20,129.04085188463898,78.75680922522832,11.972996638659323,97.31324138456854,22.918743133585696,False,False,False,False,False,False,False,False,4,False,low
20,2,1,11,105.34466252401627,81.52554702413535,13.844898573903237,117.37480363591976,24.37270428651475,False,False,False,False,False,False,False,False,1,True,low
39,4,3,40,126.70811816682645,55.0,10.377767326545051,101.89300950032568,23.871881187954784,False,False,False,False,False,False,False,False,1,False,medium
23,5,4,35,109.83658333822068,76.9618965874529,7.800433364246892,117.0610644364639,27.507518314187568,False,False,False,False,False,False,False,False,1,True,high
18,5,2,37,116.69724783062982,81.94609134395579,10.676633777312677,118.69397950432261,20.81324170590505,False,False,False,False,False,False,False,False,8,True,medium
38,5,3,17,98.36671267574859,80.80878314264545,11.478908197581486,99.9492565481768,23.95250357626548,False,False,False,False,False,False,False,False,5,True,medium
18,5,0,18,107.70078910345002,83.02448354780825,11.32304014121078,129.10728794370576,32.784408305186304,False,False,False,False,False,False,False,False,3,False,medium
30,4,3,18,104.49632343472334,71.72433407981751,10.74812350354359,99.9718723466069,22.83618549197039,False,False,False,False,False,False,False,False,2,False,medium
39,4,3,9,117.70719580669808,64.60093565324544,13.380343905274163,105.46944807019715,22.991281229114534,True,False,False,False,False,False,False,False,5,True,medium
30,4,2,13,116.1183709565906,57.00255668234603,11.217943263788504,83.49445879286392,17.946455273154292,False,False,False,False,False,False,False,False,8,False,low
30,4,3,18,120.55179875494761,85.92223240568057,10.832325975808853,99.04643183015563,20.14715806743959,False,False,False,False,False,False,False,False,0,False,medium
26,3,2,40,109.11372996288793,82.03065493794342,9.755670197070446,152.48036603145908,22.574535553324242,False,False,False,False,False,False,False,False,6,False,medium
20,3,2,14,103.83723914446506,86.68488930828468,8.205262900254086,85.19149548485517,25.133814540581675,False,False,False,False,True,False,False,False,1,True,medium
30,4,3,24,117.19274902653169,67.74858641155856,11.5267710981087,114.62967192823025,25.596652810666843,False,False,True,False,False,False,True,False,3,True,high
37,4,3,26,102.64493316391558,83.03836422625363,11.39266863978777,95.00119465061952,24.30509589503629,False,False,False,False,False,False,False,False,7,False,medium
20,2,1,19,127.94107031707105,59.97319048043201,9.305071144114923,70.0,26.21639205553805,False,False,False,False,False,False,False,False,6,True,medium
37,4,1,38,113.62573136093064,66.30506441290188,10.929004224717092,117.29734931231052,19.002628174057733,False,False,False,False,False,False,False,False,3,False,medium
27,5,2,11,111.08637868354053,76.25977216507836,10.769837706356618,92.76526630331114,24.955666541670837,False,False,False,False,False,False,False,False,8,False,medium
29,2,1,36,120.54610747300254,81.63207629826421,10.000799160945318,112.01890675950946,23.053412130816348,False,False,False,False,False,False,False,False,3,True,medium
21,2,1,32,114.0836260068194,,9.730702858961227,126.77381717658118,23.499582119532494,False,False,False,False,False,False,False,False,2,True,high
31,2,1,18,95.10337939797765,72.59935934601594,11.648130673767769,110.16116445213794,21.550724791906493,False,False,False,False,False,False,False,False,2,False,low
22,4,1,33,102.2628412073268,66.34250278210935,10.63870127751944,112.22257460989891,19.18787864176153,False,False,False,True,False,False,False,False,7,False,high
24,3,2,22,127.69250444637538,65.82851122168572,10.054410253715586,85.90532167624436,18.13938812746953,False,False,False,False,False,True,False,False,8,False,low
33,3,2,40,116.00661217413499,68.12154054975707,,120.55015793887512,24.282687201622473,False,False,False,False,False,True,False,False,2,False,high
19,4,3,9,94.8211863716387,97.2102679647512,10.792023894779943,100.82695169661403,24.99140669387635,False,False,False,False,False,True,False,False,6,True,high
27,5,1,8,119.225344800582,82.56873581134458,12.479173710191631,70.0,22.481718895585328,False,False,False,False,False,False,False,False,5,False,medium
31,5,4,25,108.28889416156301,86.1253185036246,11.330624118741573,123.19937743166246,22.94074590257629,False,False,False,False,False,False,False,False,4,False,medium
20,4,2,38,104.50600056989461,72.61014412820106,,129.9256227645153,20.119157087753383,False,False,False,False,False,False,False,False,4,False,medium
24,4,3,10,101.26152729239385,74.98351317601254,11.493584679309473,137.58469402228639,25.012247006953046,False,False,False,False,False,False,False,False,8,False,medium
25,1,0,33,126.99915365582424,81.99264505958523,13.183016023468161,152.7581060529369,23.242502349325793,False,False,False,False,False,False,False,False,7,False,medium
32,5,0,38,91.4140195359358,69.9420124421906,11.784662456288212,122.01776004781068,21.53754466982953,False,False,False,False,False,False,False,False,5,True,medium
39,3,2,24,104.94961510672611,72.08692113453324,11.416321570516573,116.30738659090788,26.46433358845751,False,False,False,False,False,False,False,False,4,True,medium
36,4,1,36,116.4415211909349,68.2529568373616,12.021647206815816,129.01405032301147,25.580077776536335,False,False,False,False,False,False,False,False,8,False,medium
22,3,2,32,133.94035682684196,70.52507300242885,10.747178021564261,85.48610677299855,16.8565242107906,False,False,False,False,False,False,False,False,2,False,medium
18,5,0,15,121.64629835620383,75.48978612503323,11.294508513231236,70.0,23.196601911248138,False,False,False,False,False,False,False,False,1,False,medium
19,5,2,36,104.84770461360637,66.7828987383604,10.217671321793047,94.50580621290263,19.167054612471727,False,False,False,False,False,False,False,False,6,False,medium
31,4,3,31,133.3522414492818,77.85978979129386,8.519114685863151,133.09937190176635,23.558086420128852,False,False,False,False,True,False,False,False,3,False,medium
21,4,3,8,98.73851920354033,77.84581745551117,11.54853736381975,90.45581909194225,15.0,False,False,False,False,False,False,False,False,0,True,medium
23,5,1,26,118.18403398426186,73.20751357143817,11.554688135096859,115.24343292850062,23.788576298486596,False,False,False,False,False,False,False,False,4,False,medium
36,5,1,29,120.85341574902658,66.72540144436579,10.539659266767591,117.61254065974066,25.847935283364567,False,False,False,False,False,False,False,False,8,True,medium
37,3,2,34,104.4266130015947,76.04963048951862,12.657313709762827,110.37383302372214,,True,False,False,False,False,False,False,False,1,True,medium
36,3,2,33,123.37111662265904,69.95095437048208,9.845434686621388,76.89208818629429,18.34112597792737,False,True,False,False,False,False,False,False,8,True,medium
23,4,3,23,,75.46594167106035,8.1657849410165,112.539526414468,30.825481283419844,False,False,False,False,False,False,False,False,5,False,medium
31,2,1,17,123.34170913021558,85.98127467403435,9.884614646631686,95.72582379754348,27.62384213058727,False,False,True,False,False,False,False,False,8,False,medium
31,5,3,14,92.92485408896549,62.47059882895967,8.534497115916823,142.46294622852372,20.875754457584673,False,True,False,False,False,False,False,False,6,True,medium
22,5,4,10,119.01971308274649,96.73486336893374,11.54085816878508,130.0113261845747,21.955904738122516,False,False,False,False,False,False,False,True,8,True,high
30,2,1,29,110.05471992767674,74.27476408212259,9.796675408471007,96.50155232988968,15.07587667061374,False,False,False,False,False,False,False,False,2,True,medium
29,5,4,39,128.79644539561386,79.1183927390592,12.575502707993245,143.84620252680867,24.893602654757377,False,False,False,False,False,False,True,False,4,True,high
26,2,1,10,114.47223124274859,67.47249909758165,12.542078084095136,112.56165100442094,17.523045218748834,False,False,False,False,False,False,False,False,3,False,low
34,2,1,31,129.99075440464142,86.42211549541648,9.520041450818992,70.0,25.665461744048123,False,False,True,False,False,False,False,False,5,False,medium
32,4,3,27,121.09135318039662,73.7437353054933,9.707029018791497,103.27728377825993,27.103767694702803,False,False,True,False,False,False,False,False,8,True,medium
29,4,3,13,113.46989849142211,71.05881690200826,11.855103444293844,140.97611441516997,22.718945172223236,False,False,False,False,False,False,False,False,5,False,medium
33,3,2,15,124.45203171537155,69.24484978724426,12.567743650316785,86.9635529380642,18.742184932544703,False,False,False,False,False,False,False,False,5,False,low
34,2,1,17,124.52870157432547,72.31507974210805,7.779807021402995,103.4987220870139,27.9960669375671,False,False,False,False,False,False,False,False,7,True,high
30,2,0,30,120.66292005389457,79.18347322952908,11.450673392047293,75.08338100919633,23.00867782693424,False,False,False,False,False,False,False,False,6,True,low
23,5,4,17,,76.72810690630575,7.483855051450776,78.57507473622678,23.37290151969779,False,False,False,False,False,False,False,False,1,True,high
34,5,4,35,103.20927411082722,74.60140266889728,10.122374224161982,86.6467256341131,19.273864785788454,False,False,False,False,False,False,False,False,7,True,medium
33,5,4,20,131.60927015807107,67.8857858205018,12.74985089263397,77.99723861458757,23.77221575340739,False,False,False,False,False,False,False,False,5,True,medium
39,5,2,11,99.92864973477681,67.30826526075025,15.5,91.39797013654602,22.18834970991838,False,False,False,False,False,False,False,False,1,True,medium
21,5,4,11,125.58953380078968,70.39125717420269,10.617881865361651,143.2422322590227,17.686048782891408,False,False,False,False,False,True,False,False,1,True,medium
27,3,2,21,123.47743188135603,79.60275712160714,9.004614594607927,104.20640354801994,28.359969139810293,False,False,False,False,False,False,False,False,6,False,low
38,5,0,21,106.29097166101565,81.62259875770403,10.178412520935893,122.28147742006628,30.036500421266496,False,False,False,False,False,False,False,False,7,False,medium
29,3,0,32,91.0572204745993,82.97044196898018,11.105711500864487,129.0145183719779,27.072809311480533,True,False,True,False,False,False,False,False,7,False,medium
38,2,1,23,108.17304882462489,74.98533106461191,9.927614016737799,80.61439777282015,26.475332744094228,False,False,False,False,False,False,False,False,2,False,medium
18,2,1,13,139.93618052359614,78.83561940917825,9.520282118432313,86.7067269266292,30.060416642362114,False,False,False,False,False,False,False,False,8,True,medium
18,5,4,15,104.64067249348774,,10.31703998964425,121.84801200413901,18.810009003910444,False,False,False,False,False,False,False,False,2,False,medium
35,5,1,26,105.46891186480876,57.57702009071632,11.632923625960387,91.04577387870201,18.76198635054268,False,False,False,False,False,False,False,False,0,False,medium
25,4,3,19,103.02901107628207,72.84073210460602,10.728945697509847,120.39091777574197,21.34242339737891,False,False,False,False,False,False,False,False,1,False,medium
29,2,1,30,129.57741371859424,71.24673374642248,9.589435519851147,141.90109326282825,24.191417469437113,False,False,True,False,False,False,False,False,1,False,medium
27,4,3,38,112.08501146049872,64.60954795570949,9.92790000050273,72.98157647696391,21.829504645589168,False,False,False,False,False,False,False,False,0,False,medium
26,3,2,19,107.48912525261034,69.32605824247196,10.337826320527308,97.14744841744356,18.920030761621028,False,False,False,False,False,False,False,False,0,False,medium
38,4,0,26,131.9616882063442,,9.400917763865252,100.63802980035929,23.022625352843338,False,False,False,False,False,False,True,False,0,False,high
20,3,2,35,121.95392905522644,63.667532143149245,9.868568005779576,93.41993807645073,22.62248101315569,False,False,False,False,False,False,False,False,3,False,medium
34,3,0,14,103.96851709947688,67.8921452858419,12.029817600965984,91.62457185335788,26.365295583472815,False,False,True,False,False,False,False,False,0,False,medium
37,5,4,24,100.31699306725864,90.47902015552718,10.631486462039215,94.1733420755361,23.17816083134417,False,False,False,False,False,False,False,False,2,True,high
32,5,3,18,128.8980395785597,58.97293674119694,,104.66448402884009,15.381755420266138,False,False,False,False,False,False,False,False,4,False,medium
26,5,4,28,115.20145796490058,73.16817840392895,12.63991791850396,108.6274656359417,24.54187235538963,False,False,True,False,False,False,False,False,5,False,medium
21,5,4,32,96.41123176172664,63.33690634235915,11.666751711656115,125.97503853814557,29.327141601448517,False,False,False,False,False,False,False,False,1,False,medium
33,3,1,12,93.60261175727742,67.4836320217389,8.786987258004483,104.44738928617997,23.115709176464367,False,False,False,False,False,False,False,False,2,True,medium
28,5,3,14,101.60753541760289,73.02262770381886,10.415393590217764,129.59984884062143,26.947834497922088,False,False,False,False,False,False,False,False,7,True,medium
21,4,0,8,100.12618494276364,65.1242387737123,9.73264187350754,91.98039831153801,20.979505366414266,False,False,False,False,False,False,False,False,6,False,medium
25,5,4,8,90.44707634918277,80.73930615366429,12.08304913452741,78.57001757254437,25.26299624152151,True,False,False,False,False,False,False,False,3,True,medium
39,4,3,9,101.80591616021805,88.51150619772413,10.405356438323752,98.29541124293779,,False,False,False,False,False,False,False,False,8,True,medium
23,5,3,31,103.97103326027376,83.41678136102732,10.883562665782462,115.17483840058378,22.01400390525312,False,False,False,False,True,False,False,False,4,False,medium
21,5,4,37,109.44782453938515,85.24613117720868,10.697288928252389,123.93026746918467,22.045489538019545,False,False,False,False,False,True,False,False,0,True,high
33,5,4,21,135.31492054153256,61.20264320971186,8.631784752439371,137.12513888369588,24.906760385297908,False,False,False,False,False,False,False,False,0,False,medium
22,5,4,37,111.79788073482071,72.56928978180866,13.24863386873145,111.38440668764112,19.703372753231022,False,False,False,False,False,True,False,False,1,True,high
38,5,0,32,112.98910194706943,79.67421067353432,12.059728091493632,121.56657212834426,17.14046086177597,False,False,False,False,False,False,False,False,2,True,medium
36,1,0,34,121.11106436558731,83.71190914114537,9.804186238320211,,24.88044872251305,False,False,False,False,False,False,False,False,1,False,medium
39,5,4,32,112.15218314720128,92.53352992609825,11.306979073592547,87.85656824095102,24.73010163017129,False,False,False,False,False,False,False,False,6,True,high
38,2,1,14,119.8018355666405,85.69039591628946,12.55858866375582,100.37689801339977,23.44994612120633,True,False,False,False,False,False,False,False,8,True,medium
23,3,2,25,118.3673785234208,83.96488623673885,11.089185620412147,165.960090631725,26.731553432580547,True,False,False,False,False,False,False,False,4,True,medium
22,3,0,25,116.47106278719092,101.33595580539361,13.490806698668944,123.84055673065664,22.18944612256661,False,False,False,False,False,False,False,False,5,True,high
25,4,3,29,148.1975930130275,75.96309081607296,15.5,116.23540679132017,24.12539775142316,False,False,False,False,False,False,False,False,8,False,high
28,5,4,34,125.93351012853222,,10.798205222541787,124.66119857516598,21.600325024754568,True,False,False,False,False,False,False,True,2,False,medium
37,5,4,11,102.01933618351923,76.77357903660449,10.067952411134616,75.61510279593418,21.965553458827248,True,False,False,False,False,False,False,False,5,False,low
34,3,2,30,119.44266623426996,65.84947244313199,9.416945196766841,90.7698185712034,24.360865684355165,False,False,False,False,False,False,False,False,3,True,medium
32,5,3,35,105.49915832008335,75.67633785767806,7.458280603047539,82.72944665148297,32.0664381156567,False,False,False,False,False,False,False,False,8,False,high
37,3,2,11,120.35500916871824,57.73147806222518,12.99703208231943,114.20938303360165,25.96919042098298,False,True,False,False,False,False,False,False,7,False,medium
32,3,2,21,98.49775099470077,69.70480963432195,10.434409903898748,96.88274657197391,25.19443699869903,False,False,False,False,True,True,False,False,5,False,medium
26,4,2,37,101.70664662299225,73.84666117934408,12.400569195952107,107.09854676086924,26.09375762827256,False,False,False,False,False,False,False,False,6,False,medium
27,5,4,8,119.12689074988153,84.49635290853044,12.722323473422112,98.15764255942585,15.0,False,False,False,False,True,False,False,False,7,False,medium
29,4,1,13,126.9720293631763,86.11090544386362,9.270447632110367,70.0,24.276711355017436,False,False,False,False,False,False,False,False,3,False,medium
19,5,2,34,121.03173218503616,65.36382935248919,9.510697288407696,124.46948161738848,26.641894767396707,False,False,False,False,False,False,False,False,4,False,medium
34,4,3,13,125.24940801442261,95.76033433963592,13.791499023120693,70.0,23.337706447886998,False,True,True,True,False,False,False,False,2,True,high
32,3,2,31,119.48582270516616,76.48373478439503,10.887895760330238,88.99177173603113,22.827295880182216,False,False,False,False,True,False,False,False,1,True,medium
34,2,0,37,117.06995318838798,77.4004496603077,9.943539940610075,76.05960984026152,19.240244436322783,False,False,False,False,False,False,False,False,8,True,medium
29,2,1,24,108.95568070889875,58.823065150116726,9.327722728153255,85.64569425544829,21.266358429936957,False,False,False,False,False,False,False,False,1,False,medium
35,4,3,23,124.75602170460157,68.79942609879943,10.773670751358221,109.44088838203436,19.666018185870314,False,False,False,False,False,False,False,False,7,True,medium
38,5,3,22,127.2985507939197,85.49823811532478,13.412631073565242,132.17050513326205,26.998027381256485,False,False,False,False,False,False,False,False,5,False,medium
30,4,3,20,114.2426117040427,76.69778462713099,12.096700770821002,70.65811024345861,29.006671154186566,True,False,False,False,False,False,False,False,0,True,medium
27,5,4,20,113.5968874986561,76.07814726252874,11.29081975409727,92.74142359737958,30.74026428187795,False,False,False,False,True,False,False,False,7,True,medium
20,4,3,26,134.09686974066685,77.27172170575481,13.541633509745678,70.0,19.600022485709175,False,False,False,False,False,False,False,False,4,False,medium
35,4,2,37,114.75493864220533,60.567956949139514,13.23324026395281,91.68093543472978,20.326350158256318,False,True,False,True,False,False,False,False,1,False,high
37,2,1,40,115.90823044439163,74.03391446598512,11.534595537156038,106.58162550992485,20.00121934376798,False,False,True,False,False,False,False,False,0,True,medium
33,3,1,36,120.81071089303474,89.08330355297622,15.441791452057815,121.87570647735645,18.92577547352697,False,False,False,False,False,False,False,False,6,False,medium
37,5,4,11,113.82632492855015,85.86707622065494,10.604122951050387,70.0,18.990327231713554,True,False,False,False,False,False,False,False,4,False,medium
36,3,2,18,105.15591612708286,73.74800557884402,12.75684559545471,117.1121400383395,20.93802049487631,False,True,False,False,False,False,False,False,4,False,medium
35,4,3,32,119.53558690628226,90.63668674361556,10.371205431932596,83.6019198004157,26.497910104828062,False,False,False,False,False,False,False,False,8,False,high
29,2,0,26,114.53493987973214,62.409014932316055,12.444557498271074,78.24380290174156,,False,False,False,False,False,False,False,False,8,False,low
20,1,0,19,137.10699707769396,65.28302335143741,10.602580506296357,106.48472929201843,27.21232087905439,False,False,True,False,False,False,False,False,0,False,medium
18,2,1,18,124.46138260350851,93.63622377157307,11.738189305467234,118.7972186989465,28.46987140250959,False,False,False,False,False,True,False,False,2,False,high
22,3,0,11,107.85421256268398,80.77973118308523,14.824217455812082,102.78999582707489,24.140385963575515,False,False,False,False,False,False,False,False,2,False,low
27,4,3,18,123.7487226302845,,12.52296288221004,80.9511258194138,27.91652340767477,False,False,False,False,False,False,False,False,3,False,high
34,5,3,21,118.69439001677176,74.44681433964753,11.762945780303761,102.77841797485706,17.554958818683243,False,False,False,False,False,False,False,False,4,False,medium
28,3,2,21,130.71311562334614,66.93368886872815,9.760475532514574,89.04607226300591,20.767253715002788,False,False,False,False,False,False,False,False,6,False,medium
18,2,1,26,108.70654944605153,,11.301165927205162,118.28871444900778,23.757666192903354,False,False,False,False,False,False,False,False,2,False,medium
22,5,2,17,117.26411378031429,76.97388446311471,9.387195997480772,128.65787228865716,23.892936081923555,False,False,False,False,False,False,False,False,2,False,medium
39,5,0,14,113.81087621089009,75.1988470986269,12.419162157179251,127.25216379946508,28.7169300994252,False,False,False,False,False,False,False,False,1,True,medium
39,3,2,37,115.70175307669959,63.40243784788904,12.379004223503745,104.56553304443972,19.004618600779004,False,False,False,False,False,False,False,False,0,False,medium
26,1,0,21,104.37761261195261,77.64756111068911,10.712583286538257,129.6985350603692,20.852177705653627,False,False,False,False,False,False,False,False,2,True,high
35,2,0,16,121.91094001495811,69.70488567577968,13.661651179013933,82.53843369432482,22.660067717077144,False,False,False,False,False,False,False,False,5,True,medium
33,3,0,28,120.01557131019396,65.14022739510813,13.436633710991988,144.2230593133454,20.925523219558393,False,False,False,False,False,False,False,False,3,True,medium
38,4,0,25,130.42268340306154,87.66742491537362,11.239434557513524,82.41519429724133,18.829494853859853,False,False,False,False,False,False,False,False,2,False,medium
37,3,2,27,114.87968977615863,96.69721357835259,11.904817794647157,70.0,21.093798219834806,False,False,False,False,True,False,False,False,2,True,high
31,4,2,15,110.05792590102239,94.42620128819637,10.058468451294237,135.03960100888344,22.017894148848036,False,False,False,False,False,False,False,False,8,False,high
26,4,3,31,124.47153253532845,81.50122763762285,10.564511156325459,89.37704273354227,28.790177861116526,False,False,True,False,False,False,False,False,8,True,medium
31,4,2,14,105.46954742080379,72.3441492092081,9.275187657658284,107.56825541511476,18.9190723650419,False,False,False,False,False,False,False,False,5,False,medium
25,5,0,35,,74.29644417395379,,82.3222229676659,26.260738209432795,False,False,False,False,False,False,False,False,8,False,medium
25,3,0,21,127.99410396896444,79.05602263462275,10.832977817190706,156.99927496149,28.088541352588315,False,False,False,False,True,False,False,False,8,False,medium
31,4,3,21,130.0873468136129,70.7975224753881,8.343412405351925,145.0799887412664,20.94962140360185,False,False,False,False,False,False,False,False,5,False,medium
30,5,4,20,119.51947581615393,88.18810060122397,11.922902359993795,139.02418648693597,24.039572406847064,False,False,False,False,False,False,False,False,7,True,medium
30,5,1,21,109.1620434088268,55.0,12.63540523284204,106.94387022003569,25.303745267250736,False,False,False,False,False,False,False,False,0,False,medium
26,2,1,29,116.31025271566435,72.04274446012566,10.987331624145082,126.57538305450791,24.6440185046895,True,False,False,False,True,False,False,False,1,True,medium
27,2,1,24,,83.0107149206732,6.6844127064983905,103.83285459950879,23.32857288516778,False,False,False,False,False,False,False,False,0,False,high
18,2,1,12,108.27830025774549,66.54840352720178,10.595211576935844,129.68842962065605,20.284696336449247,False,False,False,False,False,True,False,False,6,False,medium
31,5,1,26,130.9973954671026,72.59851108822167,8.770582060212032,95.9665939990024,25.649826366536235,False,False,False,False,False,False,False,False,6,False,medium
30,3,2,16,121.96101001082252,80.93643416243202,10.024609547941198,139.86349714621215,21.502168438636684,False,False,False,False,False,False,False,False,4,False,medium
38,5,3,11,104.29332453613594,90.18269107037796,13.32309808100564,94.86080910852073,23.11460373503458,False,False,False,False,False,False,False,False,6,False,high
29,4,3,35,137.59448411758933,62.06061717833756,7.104843067408744,97.35960010484317,23.703273228602836,False,False,False,False,True,False,False,False,8,True,high
28,5,4,18,116.16867130204213,61.3192551224514,9.693819960180226,94.73636255677921,26.423956901764612,False,False,False,False,False,False,False,False,1,False,medium
19,3,1,27,101.87076348580017,65.53969812160159,12.327311378967828,109.233952023767,30.71176482319152,False,False,False,False,False,False,False,False,6,False,medium
22,3,2,13,105.03695052703272,59.6246414949184,9.876918208722143,96.45969145563117,20.04885951812303,False,False,False,False,False,False,False,False,7,True,medium
25,3,1,19,132.85340316598413,60.336215445885294,9.75451171652492,115.71962252255312,23.210298883694954,False,False,False,False,False,False,False,False,6,True,medium
26,4,0,20,136.89981899460187,65.27338802305299,14.251849869772045,94.41828636517027,17.062332069388233,False,False,False,True,False,False,False,False,6,False,high
25,5,1,12,127.11382064177101,87.33493548245991,11.605419829456839,,28.92576769556221,False,False,False,False,False,False,False,False,6,True,medium
26,3,1,40,130.8317037830456,71.87923181931242,12.494883857651162,138.40407439838842,23.175397783472118,False,False,False,False,False,False,False,False,1,False,medium
34,5,2,18,129.59938550558334,75.31375106156607,11.79147154859875,106.706037163491,21.80128988089475,False,False,False,False,False,False,False,False,1,False,medium
20,5,0,27,121.6829938331688,65.44535743245821,11.258715826558046,153.80322556493664,23.20890423897883,True,False,False,False,False,False,False,False,8,True,medium
25,4,3,26,118.94850145373111,81.33537075064582,13.022439855955398,,23.411054047979388,False,False,False,False,False,False,False,True,2,False,high
21,5,4,22,,93.75764027832773,14.048554567147658,152.04120325904782,20.072642149365123,False,True,True,False,False,False,False,False,6,False,high
24,5,4,27,123.83218531771954,66.12370115960579,8.306372920622968,103.65362360485952,27.75188088182022,False,False,False,False,True,False,False,False,4,False,medium
33,2,0,26,106.10082392168322,92.24748371074735,10.943492230100725,70.0,25.578958915620902,False,False,False,False,False,False,False,False,8,True,high
19,5,0,10,123.78350475174533,78.64424383167845,10.930882002562516,89.46498106626417,26.136681379189284,False,False,False,False,False,False,False,False,2,False,medium
25,5,4,30,132.50340216756422,75.1686349928871,10.313156423500404,91.70899281632013,,False,False,False,False,False,False,False,False,8,False,medium
18,5,4,11,112.52353086005162,,12.569697007157501,84.03344012723504,20.06354508394223,True,False,False,False,True,False,False,False,7,False,medium
39,4,2,22,111.24102657613844,78.90526498967016,11.411020292030491,70.0,22.545797137583314,False,False,False,False,False,False,False,False,0,False,medium
33,2,1,20,120.718555710864,93.57104419063245,14.080756583108446,127.54222829566964,26.19983155917631,False,False,False,False,False,False,False,False,5,True,high
23,5,2,22,107.20410939510236,80.20220731821725,12.760426254873764,70.0,25.00678320989131,False,False,False,False,False,False,False,False,4,True,medium
22,4,2,10,99.19817660046992,80.4110717114097,13.183523900462117,125.43534424448679,19.88926143627094,False,False,False,False,True,False,False,False,4,True,medium
20,5,4,31,128.77262848126213,70.78500180037456,9.081337248022026,153.08209932833668,25.671044266805595,False,False,False,False,False,False,False,False,0,False,low
28,3,2,21,109.58858487971881,83.39077136464404,9.710262521572716,87.87666800820413,19.111516304693453,False,False,False,False,False,False,False,False,5,False,medium
34,4,0,10,115.22138294464251,65.43153026377014,9.842093672208362,113.52655080494874,20.353523660671705,False,False,False,False,False,False,False,False,3,False,medium
30,5,3,8,107.67849950790321,76.09003989579594,13.116990083600719,96.23008959151602,23.6308934305348,False,False,False,False,False,False,False,False,4,False,medium
37,5,3,25,130.32105777895597,103.83283555780828,9.452517942189106,123.19567082904511,18.314107126899014,False,False,False,False,False,False,False,False,2,False,high
25,5,1,29,125.23811389940818,55.0,9.499305041262781,78.72296269688707,19.14588588873267,False,False,False,False,False,False,False,False,7,True,high
24,1,0,26,112.11112550615559,77.33146996335452,9.20583133215911,102.1005962490084,29.20848618892998,True,False,False,False,False,False,False,False,4,True,medium
28,4,0,31,100.84123162284698,77.71622920878897,15.404843550206005,129.6659658021021,28.465063901422788,True,True,False,False,False,False,False,False,4,False,medium
22,5,4,32,110.8368423417016,72.71910957512797,10.772428944534202,103.92484834378698,32.15886352513317,False,False,False,False,False,True,False,False,7,True,medium
39,3,2,36,121.84183239939657,72.9548073893257,11.847820826494504,70.0,,True,False,False,False,False,False,False,False,0,False,medium
22,4,2,40,117.26362844895718,75.91409773161483,9.175012291207675,132.3163751751145,25.579057425035888,False,False,False,False,False,False,False,False,1,False,medium
28,5,4,37,116.30917653342384,72.47996724535469,12.534813439871966,76.4885299719402,22.380169458951784,True,False,False,False,False,False,False,False,1,True,medium
29,4,0,34,117.54038511363774,77.21979728821005,8.16213339961202,,21.59823000658031,False,False,False,False,False,False,False,False,4,False,medium
19,5,1,22,124.10555477797791,70.12389294183102,9.43359560767929,117.81817453089819,26.487662057779545,False,False,False,False,False,False,False,False,1,False,medium
28,5,4,24,114.49768955121947,95.22392818747079,9.8298017608448,107.63670700117346,28.447908559232975,False,False,False,False,True,False,False,False,7,False,high
28,3,2,28,120.40016140551403,72.47986256702649,,160.82361712767218,26.146613985754172,False,False,False,False,False,False,False,False,6,False,medium
23,5,0,13,,80.69611407624717,9.731068297460492,121.14389504358277,19.640744709734328,False,False,False,False,False,False,False,False,4,True,medium
20,4,3,30,145.6462093237039,68.30963900156783,13.438396961753067,100.54829734356571,24.566496088551183,False,False,False,False,True,False,False,False,3,True,high
18,3,0,27,111.59368816820495,84.33143030401146,11.80515712708228,118.25858390115445,,False,False,False,False,False,False,False,False,2,True,medium
18,4,3,25,117.44311609460773,82.33467787351334,9.896634518265147,109.61878182936185,21.7020005779697,False,False,False,False,False,False,False,False,8,False,medium
28,5,3,35,121.79758629743453,79.1926023653217,12.596187323309602,105.97612707731597,29.54490658933124,False,False,False,False,False,False,False,False,5,True,medium
19,5,4,30,110.07051385119351,64.72664643781481,10.370744685963107,110.36331826211999,18.201676358543494,False,False,False,False,False,False,False,False,3,False,medium
39,5,2,38,115.09389753099356,67.47596959436478,10.05530138041582,95.45008654093358,31.67478638174257,False,False,False,False,False,False,False,False,0,False,medium
23,5,1,40,114.9481032958813,91.86172985746181,12.43330503599247,109.68383659985793,25.19813740251513,False,True,False,False,False,False,False,False,2,False,high
32,5,4,35,104.03154288911948,67.36526292289321,7.0754806785788835,93.8791949605704,21.135548936425273,False,False,False,False,False,False,False,False,4,True,high
32,3,2,17,120.26307310647566,81.40902170212505,12.175707306765934,70.0,23.272864485776157,False,False,False,False,False,False,False,False,4,False,low
28,4,3,14,95.20933794089522,65.55328669818698,9.859048329258146,130.08441343677947,20.260142326072284,False,True,False,False,False,False,False,False,4,False,low
37,2,0,17,136.03250130899937,85.0838323560177,9.856628314156206,92.56014779643866,20.812343934165703,False,False,False,False,False,False,False,False,0,False,medium
20,4,3,31,124.51565061974071,68.13602642502615,14.133019095876357,108.11051482132149,23.293183174105927,False,False,False,False,True,False,False,False,1,False,medium
23,5,2,36,122.66946829184052,65.3681211246,10.150059565168304,88.2707072767185,21.684316137277783,False,False,False,False,False,False,False,False,3,True,medium
23,3,1,37,94.16029465080109,67.87657523303099,12.529463412419826,88.93480443199729,,False,False,True,False,False,False,False,False,2,False,medium
20,4,3,30,105.48965592048376,69.46197403338977,11.446791566664038,82.1422389800841,22.11435804791902,False,False,False,False,False,False,False,False,1,False,low
24,1,0,30,131.67214144966064,79.04673354924219,11.612785640559316,125.86253307321701,17.741540888123573,True,False,False,False,True,False,False,False,0,False,medium
24,4,3,39,164.8148967644752,75.69383706137783,10.599132387476669,131.1738751426717,17.912741353739563,False,False,False,False,True,False,False,False,7,True,high
34,5,4,30,129.33630958068437,64.0484392008717,10.515655196251362,105.57056042044334,17.871784832399417,True,False,False,False,False,False,False,False,8,False,medium
24,5,2,12,127.44332092301141,74.7205298620118,13.444781424259029,93.1935299378382,29.685298403677887,False,False,True,False,False,False,False,False,7,True,medium
37,1,0,24,121.29969073737026,63.56498592708904,12.488736111661172,70.0,24.62249601504767,False,False,False,False,False,False,False,False,0,True,medium
34,3,2,19,,81.4355736500098,10.200510466238322,122.49948605178018,25.383428209673504,False,False,False,False,False,False,True,False,6,False,high
37,3,2,29,126.94208899840396,,9.326598174896915,90.1157444784955,23.045043869915524,False,False,False,False,False,False,False,False,8,True,medium
20,3,2,28,101.78551195483685,74.76052661450638,10.064842026590936,80.4202652064177,25.025128535945363,False,False,False,False,False,False,False,False,1,False,medium
39,2,1,17,100.47297801832175,77.71653402992762,12.570392432081256,105.64379527309265,27.70338376512525,False,False,True,False,False,False,False,False,8,False,medium
31,4,3,17,99.71764809473812,92.5212411066441,12.885906839466253,97.64923479505893,24.631277667793228,False,False,False,False,False,False,False,False,6,False,high
39,2,1,10,126.70867175801912,73.42397007607882,11.88790976322549,,29.561320106103423,False,False,False,False,True,False,False,False,5,False,medium
25,4,2,17,114.31103134086997,65.5574204994911,8.413166510066532,74.6241467866981,22.851258380362133,False,False,False,False,False,False,False,True,1,False,high
38,3,2,35,,80.7919523593779,12.206046528845942,112.40394980089143,25.39565023456786,False,False,False,False,False,False,False,False,8,False,medium
30,4,3,29,114.8151527553918,63.673462342346554,13.085725125764645,90.57479061787505,,False,False,False,False,False,False,False,False,8,True,medium
19,4,3,39,101.4914015056213,72.89431036727058,11.27769047308486,116.22568864332032,19.271819405896807,False,False,False,False,True,True,False,False,4,False,high
27,5,4,38,106.95122912779115,69.01009953916483,14.167684888962667,108.22368874248797,23.17096386043819,False,False,False,False,False,False,False,False,4,True,medium
21,4,3,36,107.55488552495856,67.9818016679113,8.886446950545775,128.0459232586638,15.634314777056943,False,False,True,False,False,False,False,False,0,True,medium
38,4,3,13,98.13674263329567,72.49912404355489,12.09569203271516,86.69280815236792,22.48050148274916,False,False,False,False,False,False,False,False,0,False,medium
24,5,4,19,108.94947885639579,83.99891326214082,9.3676458264592,110.11979220511023,21.883529723917754,False,False,False,False,False,False,False,False,2,False,medium
22,2,1,9,,86.05668788324186,12.693667053541999,119.04204097722716,21.644206163615298,False,False,False,False,False,False,False,False,0,True,medium
30,5,1,11,121.93210754640391,84.26205863090671,11.980577369185644,91.22321531012993,21.36994438504241,False,True,False,False,False,False,False,False,8,False,medium
27,3,2,15,122.93165276760189,78.36354089128415,,129.79847162399471,25.047897013375525,False,False,False,False,False,False,False,False,3,False,low
20,5,2,17,99.47633052832133,72.42283438612344,11.799533745133159,70.0,19.456676125320477,False,True,False,False,False,False,False,False,7,False,medium
35,4,3,8,111.440418829024,55.0,10.353590371103342,86.67529806644792,30.439961144759266,False,False,False,False,False,False,False,False,3,True,medium
36,2,0,35,137.27271857580044,78.67660993277275,10.214287660126356,70.0,25.269924655378823,False,False,False,False,False,False,False,False,8,False,medium
34,2,0,25,103.23084522786048,55.0,10.599716414379582,88.81075058686747,19.788137708567447,False,False,False,False,False,False,False,False,5,False,low
31,4,3,29,120.1196538135408,55.76632723526987,10.182841534038637,101.59915078030846,25.588864462196604,False,True,False,False,False,False,False,False,3,False,medium
26,5,4,29,116.26626320803462,73.38332344213053,13.155374353355658,123.29301581857712,26.97941187757243,False,False,False,False,False,False,False,False,0,False,low
29,3,1,39,128.1146506940909,77.64577244630497,13.041021242818756,101.58361258060143,24.476469969577384,False,False,False,False,False,False,False,False,2,False,medium
29,2,1,12,118.54560209628887,70.4891509617074,8.60549208809224,91.90177818447378,18.976774638624452,False,False,False,False,False,False,False,False,2,False,medium
21,3,2,19,109.824454264915,90.35531148593968,11.061376228932234,70.91709848393717,31.949148007448265,True,False,False,False,False,False,False,False,2,False,high
19,3,2,18,115.80116945767462,79.62101657518507,11.099986426880234,78.28806980101632,25.557897662070882,False,False,False,False,False,False,False,False,2,False,low
23,3,0,26,115.97643932744484,72.50592093204742,9.749927549118965,111.8245309112611,18.009681743420096,False,False,False,False,True,False,False,False,7,False,medium
27,4,2,25,113.89965781260611,88.86309945181796,11.70119998731815,124.3920047460452,23.836460356490885,False,False,False,False,False,False,False,False,6,True,medium
21,5,4,34,99.17066253611179,90.6511334756409,13.337361340524804,95.77711722749113,22.118729994024694,False,True,False,False,True,False,False,False,1,False,high
20,5,3,26,129.9170632911747,80.12558693474669,12.426894374325226,131.64231950214153,23.02570899511395,False,False,False,False,False,False,False,False,4,False,medium
36,5,4,15,127.79720305437189,67.24742340242503,13.155309422307207,84.10181722025861,18.225134052485096,False,False,False,False,False,False,False,False,5,True,medium
26,4,3,26,102.46973167756171,69.49729568978267,9.850451443942944,96.40810638633712,23.21730599887901,False,False,False,False,False,False,False,False,7,True,medium
30,5,4,39,111.39129241379496,60.53261287006663,11.05841243642667,98.26479724482532,19.67498895293376,False,False,False,False,False,False,False,False,8,True,medium
29,3,1,27,112.29897196774941,74.57583120199487,9.774963713174166,138.6471033426973,21.601842211190096,False,False,False,False,True,False,False,False,3,False,medium
34,5,0,27,101.12177439400502,64.49958558555468,11.383088112928906,107.94050078962096,24.549775949192885,False,False,False,False,False,False,False,False,7,False,medium
34,4,0,13,92.5984447868528,71.70925230803482,11.527121454571596,70.0,21.09346945333517,True,False,False,True,False,False,False,False,1,True,high
24,5,4,8,106.95288817705196,77.6060030305516,12.535740808641451,125.93639471569827,21.838312878677012,True,False,False,False,False,False,False,False,3,True,medium
36,4,3,14,110.72317191698569,55.16291357996061,,145.6104066858135,26.280926622546875,False,False,False,False,False,False,False,False,2,False,medium
26,3,1,8,97.70519999963177,62.36258731478763,12.10236346231322,99.50570411377016,19.445611468813176,False,False,False,False,False,False,False,True,3,False,high
36,5,4,22,117.12373316902574,,9.62372821945459,85.26418884898327,20.40631636088022,False,False,False,False,False,False,False,False,1,False,medium
26,5,1,37,128.95427563979607,74.47472631276827,8.836523657081251,124.01366312305707,17.981642066103504,False,False,False,False,False,False,False,False,5,False,medium
20,3,2,22,125.10539375398321,70.06109200261892,11.832032049128529,148.21382200778672,19.708546300949344,False,False,False,False,False,False,False,False,7,False,medium
34,2,1,29,113.47977216209537,72.29482068613623,13.40083377417794,123.67209858696421,23.51649691792063,False,False,False,False,False,False,False,False,3,False,low
18,4,0,36,92.91505964174564,67.93812803874442,10.960332996690813,70.0,25.557855474023704,False,False,False,False,False,False,False,False,2,False,medium
34,2,1,33,123.58842808790857,,8.55617030058717,121.60299993819311,19.77533138790885,False,False,False,False,True,False,True,False,2,True,high
18,2,1,29,116.7567060287747,69.65249222608301,14.335609530732825,113.89256253109437,25.439249122312496,False,False,False,False,False,False,False,False,4,True,medium
22,3,2,33,120.09221331061624,72.86831475069695,11.78304728025831,83.99813288433697,23.42086116874151,False,False,False,False,False,False,False,False,1,True,low
31,5,0,17,138.23323360363017,71.89609896393752,11.273826425678603,133.35399261088452,17.469589299674094,False,False,False,False,False,False,False,False,1,True,medium
38,2,1,21,105.10226044563215,76.11795918796453,9.131246158389796,114.64372527314141,23.698241470142793,False,False,False,False,False,False,False,False,2,False,medium
26,3,2,21,90.0,79.18894570475197,11.025945956632723,133.9290890364505,27.77742890944999,False,False,False,False,False,False,False,False,5,True,low
20,2,1,34,102.35854506628291,81.8172622689667,12.099014659512886,81.64752469749476,15.431459412809637,False,False,True,False,False,False,False,False,1,False,medium
23,4,3,21,120.83254081921385,68.6644916448861,11.804833152885676,113.77311037603054,31.020821933005625,False,False,False,False,False,False,False,False,8,False,medium
37,4,3,38,115.32311082097648,59.24203196080215,9.912180594956107,85.30791546175641,20.557927016742177,False,False,False,False,False,False,False,False,0,False,medium
33,5,4,14,100.41236644481582,87.71596365728607,10.908695547268001,110.44867352675679,16.403577528292615,False,False,False,False,False,False,False,False,7,False,medium
20,5,4,13,97.96339140188283,78.85445915611088,10.014389276741175,137.49895990560762,23.553694271906103,False,False,False,True,True,False,False,False,8,False,high
26,2,1,31,110.74469181019126,65.45337648826062,13.662658532634229,73.61880990415604,26.324348139103535,False,False,False,False,False,False,False,False,8,True,low
23,4,3,33,100.04686396141834,77.77705056492421,12.43179836581778,74.88197444232459,21.87826628407664,False,False,False,False,True,False,False,False,5,False,medium
21,4,3,30,121.2476010190543,85.67994733268124,10.161064210240573,126.02044288382643,24.246397074388195,False,False,False,True,False,False,False,False,7,False,high
36,3,2,18,110.06287733648477,92.29176525239392,9.130448545831943,104.68929895155209,31.47894715449825,False,False,False,True,False,False,False,False,8,False,high
31,4,3,8,107.47458538801946,77.50610276157731,11.44450413157002,130.76779097535612,,False,False,False,False,False,False,False,False,2,True,medium
21,1,0,18,105.90068316492392,85.5967063734986,10.211492176452355,87.23973495081768,34.929950338831425,False,False,False,False,False,False,False,False,6,False,medium
32,5,1,23,118.15747271896713,62.90397927685276,10.330709338075831,106.12619304121979,28.058522315841834,True,False,False,False,False,False,False,False,0,False,medium
27,5,4,21,115.51131068512043,74.64097248403324,9.183657386303292,120.13883403813566,23.20614127632316,False,False,False,False,False,False,False,False,6,True,medium
19,5,4,38,117.42348723835113,71.64987350743681,9.381746040765213,109.62440418088528,24.166149016344484,False,True,True,False,False,False,False,False,6,False,medium
27,5,0,36,117.16155332566974,78.4256985170421,11.26027224409684,70.0,21.722261202535833,False,False,False,False,False,False,False,False,4,False,medium
22,3,2,33,114.13365356083952,91.11193935436222,10.572994483452764,167.09716163681682,23.998311823498632,False,False,False,False,False,False,False,False,1,True,low
23,2,1,8,102.6024329985029,77.49889394279258,14.99442301763311,109.67113860185533,25.2462313181073,False,True,False,False,False,False,False,False,5,True,medium
37,1,0,12,106.23543847922485,65.62309260733123,11.9508054922685,75.51082411819662,21.383400220696238,False,False,False,False,False,False,False,False,0,False,medium
33,4,0,22,110.26390113833276,62.365614201161186,9.157287709740778,111.91239763588533,17.480114706876094,False,False,False,False,False,True,False,True,0,True,high
20,4,2,28,139.78234285705986,91.45780062753938,8.542982011172619,114.44119095566897,28.285114724951583,False,False,False,False,False,False,False,False,5,False,high
36,4,3,30,98.81396415499826,80.13793412385233,11.63707422185296,126.86631864080321,26.893929174684224,False,False,False,False,False,False,False,False,5,False,medium
30,3,2,17,109.97228196019731,79.48081346975057,10.365012648436773,125.39718782329551,17.33164432804528,False,False,False,False,True,False,False,False,3,False,medium
37,2,1,11,116.17920472132586,71.5626861144183,13.130359919207448,100.2954200012765,23.6839643077002,False,False,False,False,False,False,False,False,5,False,medium
34,5,3,18,111.36000696073009,77.67861784667843,11.450982141535903,70.0,27.108290659703183,True,False,True,False,False,False,False,False,5,True,medium
25,5,3,34,127.88763449725285,65.1304009387319,7.827967504489067,115.14998669968611,26.694914395538014,False,False,False,False,False,False,False,False,4,True,high
29,5,4,40,111.2980248339656,78.87198355703651,9.36892112253195,70.0,20.224119261494845,False,False,False,False,False,False,False,False,5,False,medium
29,4,1,39,112.18550321019269,63.251298634259726,9.919548710388593,131.73538127008277,26.92846700132455,False,False,False,False,False,False,False,False,5,False,medium
33,5,1,27,124.77554216339581,71.4071155497224,11.707259101389182,88.8793247586696,23.0603890475444,False,False,False,False,True,False,False,False,5,False,medium
23,3,2,11,136.72853995502052,68.57106851340595,9.315596112242007,118.96912736242128,24.554708595600424,False,False,False,False,True,False,False,False,7,False,medium
25,4,2,39,131.88998048737994,55.0,11.244508150333722,90.56428613943504,19.322032460685264,True,False,False,False,False,False,False,False,5,False,medium
23,3,2,13,113.36015339069027,71.53231373466593,8.862160286060139,94.17521543328905,15.0,False,False,False,False,False,False,False,False,3,True,medium
24,5,4,16,114.40582945921116,66.01133575537071,11.009896670365526,87.37866403492737,19.89068594331415,False,False,False,False,False,False,False,True,1,True,low
21,1,0,40,115.56063093741045,72.89610116109216,11.592041575117142,120.75379359313544,25.146308405439207,False,False,False,False,True,False,False,False,2,False,high
18,3,2,24,116.76399290155102,75.01722800481853,13.338416507772736,91.33036642416953,22.17827083312671,False,False,False,False,False,True,False,False,4,False,medium
38,5,2,14,104.83182262782623,92.67931942981585,11.392920677768267,121.90770594020528,25.600763556000846,False,True,False,False,False,False,False,False,2,False,low
19,4,1,24,126.23912558626526,78.04708997157509,9.693224121198748,91.90581210798202,27.42459859246117,False,True,False,False,False,False,False,False,0,True,medium
37,4,3,10,117.47930953267344,78.34112632983538,13.388808139133054,99.9087984448822,21.677917364207694,False,False,False,False,False,False,False,False,7,False,medium
18,5,4,18,114.46172573421623,79.95613835219245,10.706915142067523,105.78242867910333,21.284204351236088,False,False,False,False,False,False,False,False,6,True,medium
35,5,2,39,99.74625548129113,83.71808512241125,12.237706828962315,108.38407533013,15.0,False,False,False,False,False,False,False,False,8,True,medium
25,1,0,17,115.74743450188735,79.54279453854518,10.019366766127769,84.66750463983142,16.80930532438084,False,True,False,False,False,False,False,False,7,True,medium
29,5,0,37,92.28145236135033,77.8171302442412,11.145245215827861,120.48376828462986,17.640281707510386,False,False,False,False,False,False,False,False,7,False,medium
24,3,2,25,108.02020787161321,82.11246918563144,9.717971304675288,99.03053746925984,25.226556793096645,False,False,True,False,False,False,False,False,8,False,medium
28,4,3,29,108.24282752224961,55.0,11.515615928558734,,21.717878171790687,False,False,True,False,False,False,False,False,6,False,medium
27,2,1,31,118.44394231705142,95.89051583278827,12.286124952261789,104.64297806631927,20.863061941872363,False,False,False,False,False,False,False,False,8,True,high
29,4,1,26,137.55820029934355,90.89729844713399,,117.90198580934775,20.405017146430048,False,False,False,False,False,False,False,False,7,True,high
26,5,4,9,121.86288958798525,77.1713575185929,10.11838732898132,95.95048154443671,19.88407602480303,True,False,False,False,False,False,False,False,4,True,medium
29,3,0,38,132.38082487162737,60.86993549591234,11.57090914954234,87.62884202276382,26.693843857752515,False,True,False,False,False,False,False,False,6,True,medium
36,3,0,23,122.74254607724292,87.10350432492945,9.679974448032338,114.39088115765622,23.37338638829326,False,False,True,False,False,False,False,False,4,False,medium
27,4,0,29,128.5006418762514,68.06123500935288,,94.1378556124164,26.965308116593242,False,True,True,False,True,False,False,False,2,False,medium
25,5,4,26,137.28552823531726,80.33841016574935,11.565114269441978,137.09330189441442,15.0,False,False,False,False,False,False,False,False,1,False,medium
20,3,2,29,106.21795801237295,62.17094398214534,10.827684517408105,106.48844744865768,25.130933944877263,False,False,False,False,False,False,False,False,2,False,low
25,2,0,19,105.43474679042195,97.26406898973123,10.793824973695074,74.78011188851372,21.064828443658275,True,False,False,False,False,False,False,False,7,True,high
20,2,1,35,123.02573080572786,60.5778323789138,11.833712663329983,92.11974902481826,21.874108435413625,False,False,False,False,False,False,False,False,7,True,low
22,5,4,15,114.95585855125304,75.68986070316501,12.057200563888658,83.01530012036099,28.411304809638374,False,False,False,False,False,False,False,False,8,False,medium
38,4,3,29,117.64424599368353,55.0,10.742396973460481,128.60421316839614,21.440600630436958,True,False,False,False,False,False,False,False,7,False,medium
19,2,1,27,112.01599729471167,74.58777547803678,9.203728951536077,122.01789304288977,24.96758593616676,False,False,False,False,False,False,False,False,0,True,medium
28,4,1,24,,,9.978261114926166,103.65704748792733,18.92821826471985,False,True,False,False,False,False,False,False,2,False,medium
36,1,0,8,134.4491760253003,86.37183393905966,11.935942288744624,111.38162147480665,23.144440624886844,False,False,False,False,False,False,False,False,5,True,medium
38,4,3,20,101.80166663416102,70.74620568408135,11.218244261511972,103.07105225645927,16.63501302942828,False,False,False,False,False,False,False,False,2,True,medium
21,2,0,9,123.23670711089854,86.3862358284633,10.120385014788031,123.9288451150638,22.7707559105474,False,False,False,True,False,False,False,False,2,False,high
21,2,1,24,121.29073942876539,64.7587943241133,9.744981622663802,116.43629614212057,24.541634155287106,False,False,False,False,True,False,False,False,8,True,medium
26,3,1,30,96.05184042915707,72.18038396955257,11.988516496409483,120.39946549289714,27.4254978475404,False,False,False,False,False,False,False,False,7,True,low
30,4,3,25,105.03063604007687,72.38087902079494,10.645356151100712,100.77938843604997,19.728424566333434,False,False,False,False,False,False,False,False,5,True,medium
39,4,3,32,107.04771326860158,79.95588255632917,12.204346846035419,91.1056842965455,20.88414376456334,False,False,True,False,False,False,False,False,0,False,medium
22,5,3,19,121.7750093597991,78.68374426407057,12.406937275901697,119.6313878705325,20.423513691947072,False,False,False,False,False,False,False,False,6,False,medium
21,5,1,18,110.59557872883339,82.22225154923362,10.499456399543705,139.1294876717124,21.983959131817393,False,False,True,False,False,False,False,False,5,False,medium
23,3,1,22,113.97292232067034,77.66830603289739,12.519435975737757,129.33222965653562,19.144375027959565,False,False,False,False,False,False,False,False,0,False,low
37,3,1,15,97.50823171618327,81.61314826613115,11.221455607139093,139.79649148536336,15.0,True,False,False,False,False,False,False,False,6,False,medium
18,3,0,34,142.91094060058376,66.02136071306862,11.428413180134463,108.56470067522766,18.829150953158262,False,False,False,False,False,False,False,False,4,True,high
26,4,3,34,115.85434742487396,78.88798666881235,7.498001447820869,83.66019596843742,22.804151937451724,False,True,False,False,True,False,False,False,5,False,high
20,3,2,21,120.98801076756332,91.08205927445681,9.446525922682472,85.61388248870153,22.40759701840641,False,False,False,False,False,False,False,False,3,False,high
21,3,2,34,108.51249413721733,,9.533289017796095,135.35053660130197,25.208477691070424,False,False,False,False,False,False,False,False,4,False,medium
38,5,4,8,107.16847207518579,79.89007954968928,10.490152444154289,70.0,26.368775988627497,False,False,False,False,False,False,False,False,2,True,medium
18,2,0,13,137.9522158594424,81.76779777938117,11.182961612246045,138.10464752480445,21.201792010375037,False,False,False,False,False,False,False,False,3,False,medium
25,5,4,17,91.99934071592045,89.61186377471684,11.248400520065559,87.67203727011307,16.6570427579572,False,False,False,False,False,False,False,False,2,False,medium
38,4,3,20,118.34376482116932,82.26046933290209,11.457195114866003,,24.61287724212903,False,False,False,False,False,False,False,False,1,False,medium
31,3,1,15,100.46195330670528,76.00315942158709,9.904088653974126,103.44676058301712,22.960763633385444,False,False,False,False,False,False,False,False,7,True,medium
19,5,3,24,110.13998614723594,79.30073195510039,12.106180742039742,120.8965580896398,21.966228556238114,False,False,False,False,False,False,False,False,2,True,medium
28,5,3,34,,67.64962165438659,13.894861509682546,157.47102076185735,27.88170017511312,False,False,False,False,False,False,False,False,0,True,medium
39,3,1,23,103.16826779896903,71.12031927642253,10.434680180081397,97.73674837677564,24.802191868012653,False,False,False,False,False,True,False,True,3,True,high
26,5,1,22,115.42530075647593,61.642971602980055,9.938130932106162,97.36747349169941,23.491597323491156,True,False,False,False,True,False,False,False,6,True,medium
29,5,4,9,90.0,89.87029514344223,9.903469081742603,89.7135376203707,23.655536761502457,False,False,False,False,False,False,False,False,6,False,medium
29,5,0,17,111.21413821697563,79.50157318950846,11.136748522448787,82.96076807762157,26.398824609732543,False,False,False,False,True,False,False,False,4,True,medium
32,2,0,34,113.9165202958003,65.83887539675386,10.158779024619193,97.74386493282431,20.24178827075462,False,True,False,False,False,False,False,False,0,True,low
22,4,3,34,98.68868144312785,77.71356962662584,8.231474539066864,92.79350102811068,19.47912242934237,False,False,True,False,False,False,False,False,3,False,medium
36,5,4,11,133.1586246573926,86.59347709994333,8.669197004077326,77.49434678909101,22.063460006335188,False,True,False,False,False,False,True,False,5,False,high
39,3,2,8,107.86649950243222,84.92792325454384,12.63230422314791,100.36941562008465,18.288256706287857,False,False,False,False,False,False,False,False,8,False,medium
21,2,0,35,112.15018909042196,65.72361386833599,13.0508704641974,114.89530452749835,22.818324151337723,False,True,False,False,False,False,False,False,5,True,medium
36,4,2,13,107.89337003302357,55.0,13.559823340732759,85.2900811795716,23.387804984715867,False,False,False,False,False,False,False,False,6,False,medium
35,2,1,26,114.02120655483297,78.9538608489638,11.362087102047003,101.42610429601461,,False,False,False,False,False,False,False,False,8,False,high
34,5,4,35,130.6977291220726,66.13130368161767,9.4145511872739,135.9430984404346,21.55432926368804,False,False,False,False,False,False,False,False,5,False,medium
26,5,3,33,144.67618964708169,,10.299174161348509,73.7703148939868,29.612041675701505,False,False,False,False,False,False,False,True,4,False,high
28,3,1,26,123.9476704444079,84.50270388336241,8.613779784032243,147.49667958660538,26.762644561370635,False,False,False,False,False,False,False,False,3,True,medium
36,4,3,20,128.05592520366125,86.13633111163382,8.552172816732842,90.17148139463798,22.61144064893561,False,False,False,False,False,False,False,False,3,False,medium
21,4,3,33,135.59712977772497,92.44740485978532,11.408420336900363,109.41989022623575,23.37211175965881,False,True,False,False,False,False,False,False,8,True,high
36,4,3,30,117.98645292119748,87.36356918077304,11.862418479051229,133.14158964532353,28.505377661638356,False,False,False,False,True,False,False,False,1,True,medium
38,4,1,35,133.84301048334243,92.49548828784022,14.133397689161988,139.85548471656904,20.661782605956194,False,False,False,False,False,False,False,False,8,True,high
33,3,2,24,124.50881358868484,88.79060343235331,10.867050278102406,115.33605547949747,19.137607217854757,False,False,False,False,False,False,False,False,5,False,medium
25,4,0,39,116.72784831173887,89.66217574022167,8.827464302711038,89.72087860895061,23.90758898922234,False,False,False,False,False,False,False,False,6,False,medium
30,3,2,33,119.20409241341761,,,87.77815199904994,24.655622793869924,True,False,False,False,False,True,False,False,5,False,medium
19,4,1,10,93.14299643958611,62.10673568767623,,92.35236679180507,24.954022272213056,False,False,False,False,False,False,False,False,3,True,medium
38,4,2,17,118.5054311253538,99.82270254482412,10.214029317122485,146.563643956218,26.311109380472363,False,False,False,False,False,False,False,False,7,False,high
25,5,4,34,,75.6295293521602,11.5499993079598,96.57079886617984,20.069690601830466,False,False,False,False,False,False,True,False,8,False,high
19,5,4,11,95.49677018066672,87.28708063974234,9.056843953430356,112.1198030784306,17.36620126931518,False,False,False,False,False,False,False,False,2,False,medium
35,3,2,31,117.3145442683027,69.49725168975777,11.20915429252154,82.03734099871319,,False,False,False,False,False,False,False,False,0,True,medium
32,4,3,19,101.63105685759935,84.63922442545639,12.042501225151167,79.56043426799828,25.32736505068732,True,True,False,False,False,False,True,False,3,False,high
31,3,0,14,114.91463498435947,55.0,13.271580432371142,105.58062892912146,19.312413278122754,False,False,False,False,False,False,False,False,7,False,low
19,5,2,25,116.66121423219838,70.89556608999045,11.496601358457502,97.85562445300782,15.264659814054925,False,False,False,False,False,False,False,False,1,False,medium
34,4,3,38,117.19659520980562,74.01588916607712,12.668992720830843,99.46247551614958,23.57707779145372,True,False,False,False,False,False,False,False,2,False,medium
32,5,3,37,104.15054311549478,79.62608768305186,10.289766335510249,72.46046400517723,20.731664070295484,False,False,False,False,False,False,False,False,7,False,medium
35,5,4,21,125.78418858977439,85.72024676601107,10.51313556147324,103.38327999460095,16.09164243662671,False,False,False,False,False,False,False,False,4,True,medium
36,3,2,8,113.92917716240706,64.05857078369685,,139.0839436659365,23.297805336626357,False,False,False,False,False,False,False,True,4,True,high
22,5,4,37,120.29290816205395,81.59968188920205,8.805464920057895,86.23316400630466,21.454909155294917,False,False,False,False,False,False,False,False,0,False,medium
22,5,4,37,100.64272463263605,87.26666976636741,10.35497551640705,124.74357457057494,29.70393088589359,True,False,False,False,True,False,False,False,7,False,high
38,3,2,27,112.86006931844815,98.45911582754258,12.805514090761546,70.0,23.355374696395632,False,False,False,False,False,False,False,False,4,False,high
29,3,0,28,128.16753379924145,82.06627983837534,10.662221256395982,87.34840570076113,25.344338459588123,False,False,False,False,False,False,False,False,4,False,low
27,5,1,25,126.64213158170442,70.40494018518778,10.543036749005994,70.0,22.93108083987321,True,False,False,False,True,False,False,False,2,True,medium
24,4,3,8,105.43248780490727,62.28235342891739,10.57546861349358,132.196481890079,20.609879800910306,False,False,False,False,False,False,False,False,0,False,medium
32,4,2,13,108.45330171310185,93.2920229786523,11.187442839755592,124.33310994917451,21.0495458084938,True,False,False,False,False,False,False,True,2,True,high
34,5,4,12,103.13575923923418,82.37341935592941,12.737734147070785,82.2446680571186,27.32383488683915,False,False,False,False,False,False,False,False,1,False,high
18,5,4,38,107.12304498086942,74.7802436841976,12.478770429317143,111.36409732645772,25.991155800470846,False,False,False,False,False,False,False,False,5,True,medium
30,2,0,9,98.21118951152165,58.80181705778182,11.018331586398338,131.43760744440175,17.045484213686912,False,False,False,False,False,False,False,False,2,False,low
39,5,4,26,113.34188953109832,,12.747821707985274,134.85821717044644,18.00557524159342,False,False,False,False,False,False,False,False,8,False,medium
24,3,1,19,122.59766077819413,,11.546868741327579,96.07260545858921,18.227696429816493,False,False,False,False,False,False,False,False,2,True,low
24,5,4,8,105.57936563438706,78.538330241259,12.37459226851333,70.0,27.24039897709202,True,False,False,False,False,False,True,False,2,True,high
37,5,2,38,113.91272460806587,55.53668441033546,9.354608841451203,85.23212073781582,16.074504157528235,False,False,False,False,False,False,False,False,2,False,medium
19,3,2,8,112.35401910842371,81.32612556501829,13.7816843734929,121.85518108833334,26.145951636713452,False,False,True,False,False,False,False,False,3,True,medium
26,5,0,36,127.66142477917863,59.3156355178004,11.352340886632685,151.17567182488438,24.593429478416944,False,False,False,False,False,False,False,False,6,False,low
28,3,0,33,107.66089795834695,88.5400906860226,6.602705044291498,103.80484996542766,23.587252346938044,False,False,False,False,True,False,False,False,2,False,high
35,3,2,34,108.09740670818978,77.08555914904957,13.65524347755097,91.64992071432472,21.108023479152994,False,False,False,False,False,False,False,False,6,False,medium
20,3,2,13,104.84774646049166,70.365785512507,11.008087889937059,157.78595272717817,,False,False,True,False,False,False,False,False,4,False,medium
27,4,2,37,101.34988575905815,84.90154339110673,10.367209662157771,113.92611840275381,23.45387251983621,False,False,False,False,False,False,False,False,7,False,medium
21,4,0,27,121.35021989736364,78.53499288445785,10.030907095700481,,17.22316475654502,False,False,False,False,False,False,False,False,2,True,medium
35,5,2,21,113.37867044403426,88.24927608505018,11.70320298965499,102.38403235818515,18.15470971349908,False,False,False,False,False,False,False,False,4,False,medium
31,4,0,30,115.65771831787963,75.80475613389568,9.578577729700337,126.99840822701904,16.42096890962806,False,False,True,False,False,False,False,False,1,True,medium
28,1,0,19,130.29569387434475,76.38819366405714,10.076949659726829,,27.80133679811992,False,False,False,False,True,False,False,False,3,True,medium
26,3,2,17,130.98496871113446,72.14749567402092,10.115395033901299,122.47593288478156,28.697020230528313,False,False,False,False,False,False,False,False,5,True,medium
21,4,3,17,95.24518830598235,77.62967142767164,10.53240473007642,70.0,27.3451060537836,False,False,False,False,False,False,False,False,4,False,medium
38,4,3,26,122.77401607714681,91.97950879789254,10.175666800429022,73.44816886449274,22.427467095803916,False,False,False,False,False,False,False,False,1,False,high
32,5,4,27,117.70776310853427,69.97235829938955,12.36450261064778,88.83316702883911,17.2944851108263,False,False,False,False,False,False,False,False,6,True,medium
25,5,4,15,109.46090801024876,81.47955149330636,11.43369968767632,98.79174543880434,18.783954749890903,False,False,False,False,False,False,False,False,5,False,medium
27,4,1,16,118.93220424433531,66.19556416992049,11.628858781350853,112.34687405917691,19.044507193023733,False,False,True,False,False,False,False,True,4,True,high
33,4,3,39,94.28340117735057,55.0,11.97696354162766,119.00872538625217,22.817227944231217,False,False,False,False,False,False,False,False,0,False,medium
33,3,0,24,132.55170811331678,77.07458740370109,10.851049167734878,159.25450387612588,28.54977092651841,False,False,True,False,False,True,False,False,3,False,medium
28,5,4,36,121.17932916486289,78.70405423469423,9.367505073401883,88.75175055107486,28.534071906291285,False,False,False,False,False,False,False,False,6,False,medium
24,3,1,18,104.6176270620081,73.89948730557516,13.888275967003011,,,True,False,False,False,False,True,False,False,3,False,medium
32,5,3,17,107.97507733816572,60.04015029227764,12.48405544740706,89.36558465388411,15.0,True,False,False,False,False,False,False,False,0,False,medium
32,5,4,17,94.56224229343071,78.04301074641621,13.580523222296934,128.7465435703395,18.33203764969456,False,False,False,False,False,False,False,False,2,True,medium
31,4,3,25,111.23251300196495,77.66313634139446,12.655261473538319,129.94690864302223,27.754403602281336,False,False,False,False,False,False,False,True,6,True,high
19,5,4,33,109.207216273113,66.11219368907426,10.26340575381523,95.15157857767302,23.926514850912405,False,False,False,False,False,False,False,False,1,True,medium
28,5,0,24,99.0986753545149,61.465084285269796,7.243235298673814,150.44640830847624,21.577415150870717,False,False,False,False,False,False,False,False,1,True,high
31,2,0,17,,72.47612072294032,9.033445719155607,89.4042220752418,21.29853756660183,False,False,False,False,False,False,False,False,6,False,medium
38,5,3,39,130.3215662763337,81.52929246777768,12.018435274733179,127.6581934526998,19.996596107533286,False,False,False,False,True,False,False,False,6,True,high
29,3,2,26,114.67167411946626,79.1665473179199,10.8372033290616,136.99949634201,,False,False,False,False,False,False,False,False,5,False,low
25,5,0,21,111.33223740584359,66.19163002165922,10.328240225734808,75.04524453837942,31.288253655854945,False,False,False,False,False,False,False,False,0,False,medium
30,5,3,8,120.21981522558153,76.36925085022007,7.007114397357845,117.7079104064199,29.87393297239111,False,False,False,False,False,False,False,False,2,False,high
21,4,0,26,114.76433245005948,83.87126405475567,10.97899637720915,70.0,19.712534896101538,False,False,False,False,False,False,False,False,2,False,medium
19,5,4,28,102.01384940522577,63.27334290733185,9.269154319596318,123.13267182393825,15.98451329625259,False,False,False,False,False,False,False,False,3,False,medium
32,4,0,38,107.16786416095286,75.63155368043194,9.840987870774525,,23.67607337981955,False,False,True,False,False,True,False,False,6,True,high
39,5,2,15,111.44276791902362,88.39640980170873,12.36016655503542,117.4843315079226,22.410127496182593,False,False,False,False,False,False,False,False,8,False,medium
36,5,4,13,117.97823913372035,62.25067844706102,9.353372873465585,121.60975069535412,25.51256924413344,False,False,False,False,False,False,False,False,5,False,medium
30,3,2,40,115.11204061451762,86.55526291049509,,129.6430465502383,26.41842758400627,False,False,False,False,False,False,False,False,1,True,medium
18,4,3,26,,91.19187452322385,11.296928523856192,124.58473770148889,18.319897474004865,False,False,False,False,False,False,False,False,2,False,high
39,5,3,8,96.70206420059294,72.77794474829113,12.395779346581294,106.22968983393541,28.12087194440051,False,False,False,False,False,False,False,False,0,True,medium
27,5,4,11,,71.56991380983719,10.355670567349126,96.6295167545581,21.58735172647016,False,False,True,False,False,False,False,False,4,True,medium
24,3,2,23,115.04099060810215,85.3309441901956,13.347544648036651,103.3634347399429,25.431639440479945,True,False,True,False,False,False,False,False,2,False,medium
37,5,4,28,145.63250864980185,73.13869624970481,8.954129315319744,80.44796667842296,21.954137855950318,True,False,False,False,False,False,False,False,2,False,high
34,4,2,16,110.34838755788304,55.0,8.673511039026545,100.34286511145572,26.68996068417868,False,False,False,False,False,False,False,False,3,False,medium
34,5,4,20,118.88150194131246,74.01205405310421,8.537142402743589,98.6046957376255,15.0,False,True,False,False,False,False,False,False,0,True,medium
24,5,3,32,148.95062994650203,79.70403968194563,8.35650597694331,87.65919313560619,25.953333773327124,True,False,False,False,False,True,False,False,5,True,high
39,1,0,39,117.32909955403815,82.40083853582468,11.538478344256186,70.0,19.672321995241752,False,False,False,False,True,False,False,False,5,False,high
27,4,3,24,114.1884335286878,66.19370835248077,9.435537088977323,76.90740541270652,23.29385719745912,False,False,False,False,False,False,False,False,4,True,medium
29,5,4,21,103.15693726299219,72.30198880527392,8.74369221784125,70.0,27.97881183511894,False,False,True,False,False,False,False,False,8,False,medium
34,4,0,19,133.33919640650782,84.769072641523,,98.22665777835728,19.787400096600997,False,False,False,False,False,False,False,False,3,True,medium
32,5,4,12,101.09078096588115,74.40001378586662,12.318318795505148,112.93097026259338,19.159949445741745,False,False,False,False,False,False,False,False,4,False,medium
21,5,0,9,120.12545100217746,59.71262006039086,12.681373435064637,70.0,21.51208596410847,True,False,False,False,False,False,False,False,4,True,medium
24,5,4,35,109.31733614429942,87.37638009620376,12.400455143471639,110.20772515643488,21.25971832427661,False,True,False,False,False,False,False,False,3,True,medium
25,4,3,9,112.72796484906374,72.85888977622754,9.531034454331857,102.30556845561604,18.79934951943563,False,False,False,False,False,False,False,False,8,True,medium
38,1,0,35,97.9128127766793,85.9121877718138,11.441745543119529,79.11137324221563,23.425087267718524,False,False,False,False,False,False,False,False,4,True,medium
33,5,3,16,131.11752666080673,61.045433041334505,11.79499452382788,95.51348543320957,23.6326820590399,False,False,False,False,False,False,False,False,8,True,medium
26,1,0,30,111.66643232898068,73.79013252410915,10.240186807857452,128.1176916347813,24.85195388953822,True,False,False,False,False,False,False,False,6,False,medium
34,3,2,39,100.4189240932836,80.09736023677235,11.263603366247544,83.56784066393658,19.721717568624683,False,False,False,False,False,False,False,False,8,False,low
34,5,4,32,130.0322871644811,74.12855138499012,8.997410832061307,106.73472366653783,19.223990514357773,False,False,False,False,False,False,False,False,0,False,medium
26,5,1,32,108.95035824355236,63.169937976790074,9.995839718249277,112.62510991077642,22.52561304136063,False,True,False,False,False,False,False,False,5,False,medium
26,3,0,16,119.01528750076865,55.0,11.594859688940932,86.91143925865514,22.01981799510833,False,False,False,False,False,False,False,False,4,False,low
37,3,2,27,125.09699658561239,90.2326512950336,13.412068246955512,127.18196212300754,22.09664410112505,False,False,False,True,False,False,False,False,4,True,high
30,2,1,29,120.68841196689183,77.48038201901325,12.842303381314943,113.88450078528335,20.17108150902963,False,False,False,False,False,False,False,False,1,False,low
21,5,0,22,90.0,86.66801052791138,12.05737356437491,99.45795935617996,24.32015973776534,False,False,False,True,False,False,False,False,7,True,high
33,3,2,9,123.34428041173345,84.2866909936045,11.127520062039642,156.99129038218496,19.230081185312674,True,False,False,False,False,False,False,False,5,False,medium
30,2,1,38,113.79263484801847,80.9684682611958,10.87963117923949,127.2767256180733,22.511300601528085,True,False,False,False,False,False,False,False,4,False,medium
29,3,0,14,111.05165563836,71.78662644852932,8.683840073779757,70.0,21.77452628625374,False,False,False,False,True,True,False,False,8,False,medium
33,2,1,40,,79.89766925639128,9.663189545776792,96.43853710174272,22.86616726853931,True,False,False,False,False,False,False,False,3,True,medium
37,1,0,38,95.67960647270702,89.32536946370725,9.715432232650095,159.26613737110247,27.741079274940564,False,False,False,False,True,False,False,False,2,True,high
25,5,4,8,117.30605097594163,75.83010928273757,11.919614904865039,83.39200752049904,,False,False,False,False,False,False,False,False,5,False,medium
27,5,4,32,98.62730351548828,94.01701044399191,12.511916434377323,106.45934344229472,15.0,False,False,False,False,False,False,False,False,3,False,high
22,2,1,28,111.56992348532043,60.00578113533144,12.178517471242339,132.08185428577843,20.623234199664555,False,False,True,False,False,False,False,False,4,False,medium
32,5,4,15,116.87517317845852,58.93091388737553,12.892266300911677,,18.39477582448843,True,False,False,False,False,True,False,False,2,True,medium
26,4,2,34,127.88844505585138,84.88075214519394,11.115612082442368,122.52232560585728,15.0,True,False,False,False,False,False,False,False,5,True,medium
25,5,4,11,105.16464208168343,66.81257063479121,9.427311707849782,121.22701010736746,29.98540267358733,False,True,True,False,False,False,False,False,3,True,medium
33,4,0,16,132.41904846215186,95.43336920428779,10.920107365841188,105.55863998643765,25.238840941331798,False,False,False,False,False,False,False,False,8,False,high
26,3,1,39,126.36223904218177,88.37341371232944,9.840260655308033,87.56908335978653,25.66862824298874,False,True,False,False,False,False,True,False,4,True,high
28,5,3,32,109.84708309011357,90.87571506758042,12.052575986809755,,21.858128701890568,False,False,False,False,False,True,False,False,0,True,high
27,2,1,11,101.69500880316876,83.8443630555125,10.42546015504417,96.13891420397064,24.68326961104599,False,False,True,False,False,False,False,False,7,False,medium
23,5,4,12,97.67420581323495,65.78416376329706,10.842349412424875,94.41027358108198,21.309438413797178,False,False,False,False,False,False,False,False,5,True,medium
20,3,2,16,118.26104621839767,58.40658399864808,12.109795567473734,137.61438151700492,26.25728377770106,False,False,False,False,False,False,False,False,5,True,low
36,3,2,10,106.15259020551024,89.95294669189022,9.814249136653494,96.61808818530946,23.756262122669288,False,False,False,False,False,False,False,False,1,False,medium
20,5,2,14,129.39228166338057,60.00431793987943,12.542362537315599,142.53486885294586,22.85389849112846,False,False,False,False,False,False,False,False,4,False,medium
25,4,3,26,106.84571404206075,90.84885687727521,8.843845836864618,110.64885950527368,23.155712380743545,False,False,False,False,False,False,False,False,6,True,high
32,3,0,8,104.19194823937633,81.69614760229355,11.490481548702121,101.49874990757164,28.86179811024992,False,False,False,False,True,False,False,False,0,False,medium
20,4,3,17,117.80351621493176,74.23747346179898,10.854561604283829,70.0,23.66932378097769,False,False,False,False,True,False,False,False,4,True,medium
32,5,3,18,106.76743771408692,79.42047684335311,12.323746874278367,151.63682601464538,18.881563185142685,True,False,False,False,False,False,False,False,0,True,medium
34,5,4,40,115.10259992042565,79.652909354491,8.801001661017624,104.86866978440236,24.344763685699306,False,False,False,False,False,False,True,False,1,False,high
32,5,4,40,126.83187196070226,72.9758961141292,8.550734203534063,70.0,24.95616262998546,False,False,True,False,False,False,False,False,7,True,medium
24,4,3,35,116.4067519800247,89.25687234919315,12.20007101737782,,22.421160581388065,False,True,False,False,False,False,False,False,5,False,medium
18,3,2,19,116.45157352843269,88.91400860599533,10.3745245735213,103.89578013518378,22.791588142826654,False,False,False,False,False,False,False,False,7,True,medium
37,4,2,25,117.46176050690102,76.55659301820941,10.854716633970872,84.51084005380503,18.735135528503633,True,False,False,False,True,False,False,False,2,False,medium
25,3,1,24,94.68281211657528,69.00005613299696,9.944401342545378,125.48603512646204,23.388302585742125,False,False,False,False,False,True,True,False,1,True,high
35,5,4,36,119.70205299916589,88.05954044404291,12.460496607723579,70.0,18.14207461342881,False,False,False,False,False,False,False,False,0,True,medium
22,3,1,32,116.91917892071075,55.0,11.478745936656063,89.28990572482338,21.996897820947986,False,False,False,False,False,False,False,False,7,False,low
21,5,2,37,125.71476792380105,79.43892607011323,11.38506254089127,98.41314736127882,20.32270889968523,False,False,False,False,True,False,False,False,7,False,high
35,5,0,26,122.26972961364542,82.39575108208922,9.128607250920222,123.74813483643732,26.93162485347557,False,False,False,False,False,False,False,False,8,True,medium
38,2,1,38,112.57661642073383,66.71648165221988,11.802408885127043,154.28553398409315,29.199772803406855,False,False,False,False,False,False,False,False,4,False,medium
36,2,1,32,127.38871469812828,84.73785487437647,9.412459329988033,99.61508611218898,18.422702698604994,False,False,False,False,False,False,False,False,6,True,medium
34,3,2,32,111.48843162864735,74.73614138683374,9.94631515570996,115.11877228563782,22.9815183253067,True,False,False,False,False,False,False,False,1,False,medium
23,5,2,29,117.96588524893247,69.54299878050882,8.81544373634376,165.46454248544933,21.75856252883126,False,False,False,False,False,False,False,False,4,False,medium
38,4,3,19,111.26620683424773,84.63223339663672,10.749533640664941,105.10420977366675,24.857753647346062,False,False,True,False,False,False,False,False,4,False,medium
32,5,2,28,120.54109365907854,64.14315571302251,12.703157216107696,115.30037923251234,23.3849666374663,False,False,True,False,False,False,False,True,1,False,high
21,4,0,19,110.48212260834686,,11.362711982661088,77.7782670548782,21.45049822459381,False,False,False,False,False,False,False,False,1,False,medium
20,3,2,29,134.7706193072988,55.17653786180744,10.293086549605594,,23.375002089071806,False,False,False,False,False,False,False,False,7,False,medium
37,2,0,16,139.20835284670767,77.85704446731197,11.174634108961902,89.3145204125157,22.141394968249184,True,False,False,False,False,False,False,False,3,True,medium
24,5,4,34,125.48725905023205,75.43843956213495,11.165782355414747,110.90856849396121,29.356538407288404,False,False,True,False,True,False,False,False,3,False,medium
34,4,3,26,133.49555979296835,69.6030423313424,11.105709894282388,110.28518731663554,19.82541854945169,False,False,False,False,False,False,False,False,4,True,medium
21,3,1,31,96.52942622969144,78.89624867889012,11.283735088415717,106.87744308433294,24.029946826228528,False,False,False,False,False,False,False,False,2,True,low
24,2,1,15,97.94346708070006,74.20429870632212,9.336009033687958,95.44509908612474,25.038533888085148,False,False,True,False,False,False,False,False,1,False,medium
24,2,0,34,111.14127320042545,85.54695627305547,11.170461376048337,110.30917739014545,24.75390887706677,False,False,False,False,False,False,False,False,5,False,low
24,2,1,34,115.49477158310653,,8.191602609119377,143.66164445462658,21.808441886535924,False,False,False,False,False,False,False,False,7,False,medium
32,4,0,12,112.62151098280401,79.52694232874353,11.920997773446366,155.18054747008563,28.47309573756167,False,False,False,False,False,False,False,False,8,True,medium
38,5,4,19,95.29437700440455,77.91861203560205,9.235601292943391,101.14685677366595,15.0,False,False,False,True,False,False,False,False,1,True,high
38,3,0,30,128.81910047588377,70.27833543452958,12.884156528254266,95.11180764175215,18.62425491510389,False,False,False,False,True,False,False,False,7,True,medium
34,4,3,36,140.85037880028324,71.98196450024302,7.087621978141113,87.20718259659715,25.65427976743663,False,False,False,False,False,False,False,False,3,False,high
22,5,2,32,130.37185215007148,77.4821584022089,13.679079908042743,164.09498334019088,19.479569569429792,True,False,False,False,False,False,False,False,7,False,high
39,3,1,23,128.02627922543766,73.26640512892864,8.377246917155336,107.83436776253005,19.245960216903683,False,False,False,False,False,True,False,False,2,True,medium
29,5,4,17,117.71343526174724,86.11452830432995,9.08010459338059,129.53093653055146,21.131217662959948,False,False,True,False,False,False,False,False,2,True,medium
30,3,0,38,104.88403155127436,75.93450189543753,11.478491260705601,120.32653410814153,19.857426696168407,True,False,False,False,False,False,False,False,3,True,medium
33,5,4,36,115.87033663163162,78.75966607825131,11.989943975079328,153.58483737101957,25.54835604230911,False,False,False,False,True,False,False,False,6,False,medium
34,4,3,37,140.26705644209804,60.97316066104439,10.546583317574319,99.55059388218643,26.617619137181432,False,False,False,False,False,False,False,False,3,True,high
38,4,3,18,110.77614264991533,84.43230272060377,12.428169683612595,80.64449720142214,23.353261321777573,True,False,False,False,False,False,False,False,8,False,medium
30,5,4,22,109.5405130261127,69.18826406325657,9.725513195590304,145.90793853711514,27.218505484108046,False,False,False,False,False,False,False,False,8,False,medium
31,3,2,16,128.28764390924695,64.57346417703286,10.360492885148734,124.87274178211221,17.454261999204824,False,False,False,False,False,False,False,False,7,False,medium
34,2,1,39,129.08423260894716,91.46186009112571,10.516675292028205,115.03822825106752,23.30355083044769,False,False,False,False,False,True,False,False,1,False,high
23,5,0,36,104.82517833070236,81.97621522432591,10.1385666269148,138.77423778110662,28.39181394338312,False,False,False,False,False,False,False,False,5,False,medium
24,5,4,13,111.86218464115093,84.77095718891775,7.905314280974042,116.29327068206184,26.90742321430289,True,False,False,False,False,False,True,False,2,True,high
31,3,2,16,108.97713404918278,79.54496182907317,10.960532693586408,139.53781519407363,28.74517632073296,True,False,False,False,False,False,False,False,5,False,medium
19,5,4,26,115.83627254873308,74.0684920409629,10.815988554075629,110.42502170119813,20.639817341578198,False,False,False,False,False,False,False,False,0,False,medium
25,5,1,21,128.2442400514179,72.20395991943737,12.72509242193654,124.84287414344143,26.668759297675443,False,False,False,False,False,False,False,False,7,True,medium
33,5,4,23,105.3516697464629,82.7911018545667,8.942488934873769,116.58060915977872,21.292895448793395,False,False,False,False,False,False,False,False,3,True,medium
39,5,4,20,128.07597774684325,86.32519042238293,9.976948281488495,97.843757829335,25.380611615496594,True,False,False,False,False,False,False,False,4,False,medium
29,4,1,30,116.2198149870557,74.31816252074154,12.925585960837672,100.48141024657517,28.243507287928313,False,False,False,False,False,False,False,False,2,False,medium
26,5,2,37,142.91430563577134,,11.469262178054963,96.35703126317588,19.82372951763627,False,False,False,False,False,False,False,False,2,True,high
27,4,3,38,118.82597061245048,73.02681450289191,11.879007497850194,110.84071609695933,15.576945677542021,False,False,False,False,False,False,False,False,2,True,medium
33,3,1,23,113.83697716444881,61.059915551100275,11.72549379734325,,30.390261394166902,False,False,False,False,False,False,False,False,4,True,medium
29,3,0,35,121.89657672539191,57.78477259006023,11.732594635895287,114.58979041028469,24.95250887548938,False,False,False,False,False,False,False,False,6,True,low
18,5,1,30,110.95424514535348,58.12224632120673,13.913679991756291,113.84183446679837,22.5716817657523,False,False,False,False,False,False,False,False,7,False,medium
29,3,2,14,93.4567225197781,70.86188207427506,11.146465052768507,109.51339093860645,22.351971019398242,False,True,True,False,False,False,False,False,2,True,medium
26,2,0,34,112.11374590874682,72.67981978887217,9.381850757051618,109.89541073421886,,False,False,False,False,False,False,False,False,0,True,medium
33,2,1,19,111.9244766911693,,12.022075977964626,92.54451470620329,23.834924809174865,True,False,False,False,False,False,False,False,1,False,medium
37,5,4,28,95.89219047340225,74.71391964746229,10.093517321236627,98.79651990743805,20.877738953136117,False,False,False,False,False,False,False,False,3,True,medium
39,5,0,31,114.12357772246608,83.43371034634185,10.824100837730734,70.0,23.209899396229158,False,False,False,False,False,False,False,False,5,True,medium
31,1,0,39,90.19467730468723,75.44892832622827,11.592289602809151,102.3628743813545,23.121171562539825,False,False,False,False,False,False,False,False,7,True,low
25,3,2,39,110.82775797813424,75.13521426126866,9.685833095649832,83.31215293733479,15.0,False,False,False,False,False,False,False,False,4,False,medium
27,2,0,34,117.92315190453607,69.22485125991552,10.18352840348837,107.19675347722891,24.95986022901927,False,False,False,False,False,False,False,False,4,False,medium
21,5,0,24,116.16395412565879,89.22588460397813,11.761357713712659,89.28123930690383,23.75587798626105,True,True,False,False,False,False,False,False,3,False,medium
38,3,0,21,110.06716632535819,59.685157034220055,10.122168046065484,70.0,24.293080023141364,False,False,False,False,True,False,False,False,3,False,medium
36,2,0,22,113.97363517662315,78.01310290713882,12.557416505584571,154.55374555270646,22.266321089825784,False,False,True,False,False,False,False,False,6,False,medium
36,5,4,39,105.59122675026603,73.18349538250766,9.42214784341979,,23.19569348659423,False,False,False,False,False,False,False,False,6,False,medium
25,3,0,14,115.12979823307042,82.81754597504501,9.416760997741491,136.83527295704138,23.691233663638872,False,False,True,False,False,True,False,False,6,False,medium
25,3,2,25,115.69703687910125,74.7917059884415,14.049689385208515,93.40622663148892,24.097052335553784,True,False,False,False,False,False,False,False,5,False,medium
36,4,3,30,104.19700026518188,75.08643705615899,8.551637693451276,142.3585613347815,24.90234480648421,False,False,False,False,False,False,False,False,7,False,medium
29,5,3,8,118.21239040610917,,10.957253553602737,79.66264700479847,24.131050903012103,False,False,False,False,False,False,False,False,5,False,medium
33,4,3,28,118.13743186096545,88.93256404131998,13.96237415610064,108.87269466882218,30.398915311595825,False,False,False,False,False,False,False,False,8,False,medium
28,2,1,16,113.00548103702715,75.0240588506029,10.954253683361165,80.96963276775412,20.09594008471406,False,False,False,False,False,False,False,False,2,False,low
27,5,4,17,144.0525644354418,94.69651211613473,13.154833070502399,162.21635014981283,21.500181579609244,False,False,False,False,False,False,False,False,5,False,high
31,4,0,28,113.3115713597883,77.72247081627536,12.043959783048024,99.51624755575345,29.771825723011393,False,False,True,False,True,False,False,False,8,True,medium
35,1,0,8,,75.21759840797327,10.988476985224318,123.2259561650269,22.381589613338825,False,False,False,False,False,False,False,False,1,False,medium
25,5,4,13,109.93128268950721,73.54673040145562,,114.9127033790145,26.726551433797432,False,False,False,False,False,False,False,False,0,False,medium
35,1,0,23,103.3487293230832,80.64246899685179,7.60909213737161,104.43865621072307,23.542019487050137,True,False,False,False,False,False,False,True,0,False,high
23,4,0,27,123.23076831812084,69.11606627092794,10.48942134418342,116.3898370208265,22.08875265444127,False,False,True,False,False,False,False,False,6,True,medium
26,4,0,11,106.7650363837666,76.45742399039037,11.37154960932991,134.90180465063557,26.944992893048486,False,False,True,False,False,True,False,False,0,False,medium
38,4,0,19,108.18462223602697,75.08137014107818,11.37066065550812,119.70053048417675,25.073690229576183,False,False,False,False,False,False,False,False,6,True,medium
38,4,0,18,108.54110128553683,78.25247699265189,14.945374011446233,108.57400721213642,16.863960649940633,False,False,False,False,False,False,False,False,4,False,medium
38,3,2,25,103.18067780981787,78.50030326261755,11.44953290583921,116.4251046355237,23.69397267381199,False,False,False,False,False,False,False,False,1,False,low
24,4,3,17,93.98700000946333,79.01994880183913,12.008232513270151,147.13085108172126,19.019753302504952,True,False,True,False,False,False,False,False,2,False,medium
36,4,0,8,109.44472159408967,75.94904746173292,12.863941067855842,,,False,False,False,False,False,False,False,False,0,False,medium
38,5,4,25,125.4800237525475,90.68943492349374,11.864802098444466,70.0,30.014360166056484,False,False,False,False,False,False,False,False,2,False,high
39,5,0,35,117.36375766558292,79.22568816182483,10.862321493221296,80.87697864580403,30.49588879996384,False,False,False,False,False,False,False,False,3,False,medium
18,5,3,27,133.7269032422575,101.05986288359328,10.870100239136955,82.5132828290108,24.430054101992088,False,False,False,False,False,False,False,False,7,True,high
34,5,4,19,124.0114756598702,75.49851408565873,10.43895282842195,85.61184799978699,21.153729406582304,False,False,False,False,True,False,False,False,0,False,medium
39,5,2,23,121.28757772328854,84.58913292455175,11.710737646618528,86.36804640664795,24.28703338330179,True,False,False,False,False,False,False,False,5,False,medium
34,3,2,12,137.59178827183257,67.73950791625319,10.727486846432194,104.48080934672137,19.24110185327702,True,False,False,False,False,False,False,False,8,True,medium
23,1,0,15,113.83425285996147,89.00789255311304,11.999898224850568,110.44319443566356,32.38199520176916,False,False,False,False,True,False,True,False,2,False,high
34,3,1,22,115.75690808205943,67.95716063225531,9.385460303472481,110.20677796009508,27.777428123253276,False,False,False,False,False,False,False,False,7,False,medium
20,5,4,27,114.86242694007835,79.55878017956096,11.23495753345383,88.93388590244585,24.218105404368046,True,False,False,False,False,False,False,False,7,False,medium
28,4,1,24,133.5254407742026,72.35572798435874,13.48330771425179,126.86580149148571,26.98819678206628,False,False,False,False,False,True,False,False,8,True,medium
31,2,0,39,115.0301837975091,79.52007797116883,10.640602404248298,116.75802807912775,21.03310350055455,False,True,False,False,False,False,False,False,2,True,medium
28,4,3,29,107.22067151107476,72.6520376312851,13.948802603146843,139.7887900240645,18.568167635190182,False,False,False,False,False,False,False,False,8,False,medium
33,4,3,8,122.05210645555422,67.10747106078784,11.261874315726287,123.62874288982776,15.0,False,False,False,False,False,False,False,False,7,True,medium
23,5,0,25,105.20488226731567,72.28407710202215,10.9095868925664,97.31030131104703,23.33222704559854,True,False,False,False,False,False,False,True,1,False,high
31,1,0,27,121.4016581513671,90.41580124141646,11.186589603686187,133.7207426799149,22.1673823050007,False,False,False,False,False,False,False,False,7,False,high
32,2,0,9,119.96609120970201,79.67276268505148,10.501722809337942,111.01889389888281,25.077157124372626,False,False,False,False,False,False,False,False,6,True,high
31,2,0,20,112.72716798632204,62.111499701208686,7.8311102862297375,122.55552961537211,23.052290801779808,False,False,False,False,False,False,False,False,0,False,high
24,5,3,36,121.78973886504193,85.9538270124006,12.408279773157041,120.84945416334139,24.895541044968084,False,False,False,False,False,False,False,False,4,False,medium
24,3,0,19,97.14652083629979,66.08485819672721,14.508341062315383,102.26496366784569,26.24433360198175,False,False,False,False,False,False,False,False,7,False,low
23,4,3,23,116.95554545589984,82.43359288058151,11.768686832052271,107.27194836947331,17.159275585266275,True,False,False,False,True,False,False,False,0,True,medium
28,2,0,15,109.44681538399922,80.53165147595905,11.866113538170335,,26.47559884009326,False,False,False,False,False,False,False,False,8,False,low
30,5,4,10,149.34716292741425,81.16310466251355,10.707851703107206,86.23518165868636,21.37367898656997,False,False,False,False,True,False,False,True,4,False,high
25,4,3,18,116.8699008356825,93.5318916616818,12.852462558129028,70.0,25.07031541623622,False,False,False,False,False,False,False,False,3,True,high
27,5,1,33,107.84329540259876,66.71359075097985,10.93716541046436,89.73627783912565,27.088907299311433,False,False,False,False,True,False,False,False,0,True,medium
24,3,2,40,98.46037916736302,81.10794775886829,11.427552157115034,109.3816444422605,27.116376964083873,False,False,False,False,False,False,False,False,5,True,low
22,5,0,29,130.6648743615312,87.59588612432387,8.495653652057243,128.8828673429219,23.516611265310193,False,False,False,False,True,False,False,False,8,True,medium
32,4,0,35,110.79960736571466,68.56658298375129,10.153053007608882,122.51177974586273,23.713903306695247,False,False,False,False,True,False,False,False,3,True,medium
35,5,2,29,105.50377519509497,67.54246419485006,11.58776503708998,98.84851191025876,26.567648928095167,False,False,False,False,False,False,False,False,7,False,medium
24,2,0,29,119.03559056810872,72.12812461227566,12.451538775334386,90.03611405595356,16.995295358353335,False,False,False,False,False,False,False,False,2,False,low
36,5,3,22,122.79662597686784,78.24733035822068,12.495903587407208,101.04276779155654,19.193683780211977,False,False,False,False,False,False,False,True,7,True,high
30,2,1,10,122.60743519851435,60.89523726039048,8.473310535491601,83.54985780127406,21.882973087912323,False,False,True,False,False,False,True,False,8,True,high
21,3,0,21,115.23700507671234,80.51401990858315,8.63555235960307,70.0,17.668823689463554,False,False,False,False,False,False,False,False,0,True,medium
26,4,2,36,116.91028164264064,60.91613258254273,11.934619361688341,71.00681825055557,21.913132943845685,False,False,False,False,False,False,False,False,2,True,medium
18,3,2,25,117.78444490816844,87.93330825807446,9.805106579192268,135.24430987955265,21.694604211459,False,False,False,False,False,False,False,False,0,False,medium
18,4,3,33,119.03675518754648,80.13766828090124,12.43134816966684,145.86026791964676,23.34842634624469,False,True,False,False,False,False,False,False,6,False,high
25,1,0,9,120.09862235081779,94.13139872135604,8.391730865468771,121.58670142649066,22.772466283572097,False,False,False,False,False,False,False,False,2,False,high
27,3,2,14,128.13343301566655,81.68783760609298,10.842544090026484,103.72064224449738,27.277394117629743,False,False,False,False,False,False,False,False,8,True,low
35,5,4,17,115.6769783443102,71.95239548879007,10.945221092411014,74.35443180169912,25.292018777972448,False,False,False,False,False,False,False,False,7,True,medium
20,5,1,19,105.19836081003565,67.01322864782337,11.768747355205193,101.45509543845287,22.71587489824935,False,False,False,False,False,False,True,False,1,False,high
36,5,4,40,113.26849956275159,77.38891058077863,,118.46046344882166,21.666950579261865,False,True,False,False,False,False,False,False,5,False,medium
23,4,3,23,124.04536982481996,74.69749411522125,7.853177501879332,123.25738799486768,22.809767560358075,False,False,False,False,False,False,False,False,4,False,high
21,5,2,29,93.56166449938185,86.86139034877277,11.274036418473091,120.15384201793002,22.88055582836543,False,False,False,False,False,True,False,False,5,True,medium
33,5,4,29,93.63097365553647,65.71381183645151,11.842288436072765,131.61049748920786,33.075025163540744,False,False,False,False,False,False,True,True,5,True,high
35,5,4,21,126.01931345670789,95.20902000460978,12.61192794021286,147.74494981264672,17.169891148995234,False,False,False,False,False,False,False,False,1,True,high
31,3,1,39,133.24147380221592,87.74776941714994,10.42631735458536,96.08950826171747,,False,False,False,False,False,False,False,False,5,True,medium
20,5,4,15,99.81759957976632,72.96476369742855,12.241090625624716,166.71686505826816,18.708296261220024,False,False,True,False,False,False,False,False,4,False,medium
20,2,0,9,116.20551124999474,92.9782089763762,11.777238039821487,70.0,,False,False,False,False,False,False,False,False,2,False,high
26,2,0,32,110.20545864499582,67.16871904942727,13.115848124342937,87.87714819778567,23.91869338652881,False,False,True,False,False,True,False,False,4,False,medium
27,4,0,29,111.87003865310051,,10.91137933432925,109.40000557512454,20.707712826024053,False,False,False,False,False,False,False,False,8,True,medium
39,2,1,16,118.66637210507699,62.23528948430346,8.232161115529474,117.07857029760514,26.58447066848377,True,False,False,False,False,False,False,False,8,True,medium
24,5,4,36,,,10.891744522209205,101.004015618015,24.478627457785002,False,False,False,False,False,False,False,False,2,False,high
22,4,3,13,101.71338999409119,58.52613186919022,11.141521197540339,94.09314932557379,26.75240125868762,False,False,False,False,False,False,False,False,6,True,medium
38,4,3,16,111.3849859249453,60.595583037378425,11.82911078783759,153.45687910810918,27.813817411643665,False,False,False,False,False,False,False,False,7,False,medium
21,4,0,13,113.25549282527008,68.65286892938796,8.547708213855014,93.04250332591418,15.0,False,False,False,False,False,False,False,False,1,True,medium
18,3,2,14,101.48853873178994,88.22323674676161,10.5007282963074,82.5737728969304,25.742466696085053,True,False,False,False,False,False,False,False,4,True,medium
27,2,1,32,124.47577209747021,84.54844886078885,12.388965714503383,142.1981643634084,17.83975811041237,True,False,False,False,False,False,False,False,4,True,medium
26,3,2,31,109.9892683226676,76.22050628229107,10.833463275646187,123.6813592055112,23.997650498538526,False,False,False,False,False,False,False,False,4,True,low
31,4,1,29,109.93818872719785,85.18926211167295,10.510824988588663,129.08377887844946,22.70841597949041,False,False,False,False,False,False,False,False,6,False,medium
37,2,1,36,118.39190548275882,73.84586275288851,14.0501222364536,109.30916722666171,22.87914499448782,False,False,False,False,False,False,False,False,8,False,medium
38,5,4,10,113.45310068719,79.22428779267996,9.287993301069516,74.72829280178607,18.181514665271056,False,False,True,False,True,False,False,True,7,True,high
24,5,2,28,125.04972175486975,91.51726075656116,12.973047535974903,106.86163372631691,27.121946145547064,False,False,False,False,False,False,False,False,0,True,high
39,4,2,11,103.798929546392,72.53381126795787,12.633999577398704,71.69887291635403,17.838020090556633,True,False,False,False,False,False,False,False,4,False,medium
31,3,0,39,98.23136083523832,67.33627379228294,10.63973366141286,110.3307554430842,26.002134445490388,False,False,False,False,False,False,False,False,8,False,low
19,4,3,28,111.2825492344167,79.7037171432699,10.947375115068278,119.37486454316901,17.272438445315117,False,True,False,False,False,False,False,False,7,False,medium
38,3,2,33,115.72283407522015,82.4027430749155,10.941666027276538,,22.928575801970457,False,False,True,False,False,False,False,False,8,True,medium
21,2,1,26,100.11092867082975,76.10447737145279,11.291116410149659,102.96746180438005,30.217565086288644,False,False,False,False,False,False,False,False,4,False,medium
30,4,3,20,98.34695725959689,85.03381313706032,10.04873382809954,121.4579721764901,32.44652219322436,False,False,False,False,False,False,False,False,7,False,medium
35,1,0,30,117.18757338805582,72.98740863766488,10.314962837714129,85.11539811259765,16.52512456812287,False,False,False,False,False,False,False,False,0,True,medium
23,5,2,35,105.90663319222045,76.27546009583492,10.431640750563501,126.26589206429013,20.1818470552667,False,False,False,False,False,False,False,False,4,False,medium
23,5,4,13,97.56985939591696,78.7457488256361,10.482723679041786,119.8407145937582,20.909354775024127,False,True,False,False,False,False,False,False,7,False,medium
28,3,2,36,126.58409550776875,77.87361038037444,10.502790031116689,87.39433285969575,32.02021433408374,False,False,False,True,False,False,False,False,4,True,high
37,5,0,31,107.41846392487489,91.13271629288849,7.4146803375422845,116.66797815868722,22.726693471261814,False,False,False,False,False,False,False,False,8,False,high
22,3,1,10,128.79773924638428,78.69556250000332,11.156238540687122,128.9738666213331,27.29865634489655,False,False,False,False,False,False,False,False,0,True,low
32,4,0,38,115.34164949331313,71.96097865078649,10.156051551753707,106.73021033199628,24.198828536663285,False,False,False,False,False,False,False,False,2,False,medium
27,3,2,13,118.53710634466364,80.27981701491012,8.01310226141648,86.90472216440698,18.203149987999517,False,False,False,False,False,False,False,False,3,True,high
20,2,1,27,112.46200304683776,85.08850840270127,10.4399183761425,108.91062771144992,15.5607915877934,False,False,False,False,False,False,False,False,5,True,medium
33,4,0,12,90.0,82.74235441518796,10.390468035188174,117.15391643144805,20.547633001921195,True,False,True,False,True,False,False,False,2,False,medium
36,4,3,14,101.35856210735555,82.18807571162979,13.040391243331955,86.73957208645307,32.26749288708035,False,False,True,False,False,False,False,False,3,True,medium
30,1,0,29,113.49148648337531,60.01949856485965,10.137232066512935,82.83183334578354,24.030453040197322,False,False,False,False,False,False,False,False,4,False,medium
21,5,1,30,119.37674964751245,55.0,12.068464287797593,116.47569152083128,27.21749583894294,False,False,False,False,False,False,False,False,3,False,medium
21,5,4,30,93.52391173134255,87.75264538620624,13.212499205417148,123.11299493905031,17.327029753227528,False,False,False,False,False,False,False,False,4,False,medium
27,4,0,19,114.35677950567447,79.38857446206131,9.995090065565455,152.29466165035106,21.69911233768235,False,False,True,False,False,False,False,False,8,True,medium
29,2,1,35,101.53283095343163,,10.92400446422119,119.64598569176881,26.115375694533018,True,False,True,False,False,False,False,False,5,True,medium
30,3,1,9,117.81544198107585,81.94313027780154,13.765906839855523,78.40020257852689,18.635332166052006,False,False,True,False,False,False,False,False,8,False,medium
23,4,2,36,114.7671905716021,94.27309935665913,11.366361848238794,149.8752378431505,22.744130434668694,True,False,False,False,False,False,False,False,3,False,low
29,5,1,17,123.92201922915488,89.1353116584641,11.597999747310283,128.20971725554713,,False,False,False,False,False,False,False,False,0,False,medium
24,5,4,28,127.80187516225023,84.62220572801958,10.348393721650675,70.0,26.305737535682283,False,False,False,False,False,False,False,False,6,False,medium
33,4,0,37,120.50787879128835,66.13274367167357,12.099281328691584,82.3336197300918,24.5940661831756,False,False,False,False,False,True,False,False,6,False,high
35,5,4,16,125.3247230676469,67.43209197030124,10.936571818103065,94.18571474009137,,False,False,False,False,False,False,True,False,1,False,high
32,4,2,21,110.79589028891394,,8.068635299392222,123.43816022755203,26.48430014320241,False,False,True,False,False,False,False,False,1,False,medium
18,1,0,35,148.87740893520575,81.3351347388492,10.431627945627492,70.0,22.089300787177734,False,False,False,False,False,False,False,False,0,False,high
39,1,0,36,100.37417084206143,86.08627197461166,9.106913935648347,102.37952684609841,27.012926887669046,False,False,False,True,False,False,False,False,4,False,high
18,2,0,15,108.66693066508815,86.90178046191512,11.179585542836072,122.18307482002038,20.64060739923575,False,False,False,False,False,False,False,False,3,False,medium
39,2,1,24,,,9.533057444705793,70.0,25.502880405743873,False,False,False,False,False,False,False,False,7,False,medium
18,4,1,18,,73.45933141772686,11.765005545107968,,15.116186879615459,True,False,False,False,False,False,False,False,8,False,medium
29,5,3,25,,69.35722538089856,11.071621473494075,124.07275594162124,20.014575242843154,False,False,False,False,False,False,False,False,2,False,medium
20,3,1,20,,66.74635203909234,9.003185594273816,86.37364419593779,32.26321281432651,False,True,False,False,False,False,False,False,4,False,medium
20,4,3,8,90.0,73.36575150834801,10.211939015018107,79.62768009675986,25.44395174692195,False,False,False,False,False,False,False,False,2,False,medium
33,4,1,38,134.071584334454,65.22173746103552,11.992900322609735,,25.445387546118546,False,False,False,False,False,False,False,True,1,True,high
34,3,1,29,112.55330849360062,92.55954065008586,12.836788857302345,70.0,19.704416274269235,False,True,False,False,False,False,False,False,8,False,high
20,3,1,23,129.95073018725023,61.976284469343994,9.556126029961707,97.8238223293446,18.6231581760666,True,False,False,False,False,False,False,False,6,True,medium
39,3,1,11,90.59768105238453,73.02946723110777,9.244095208094325,109.8311176265653,21.942559343043612,False,False,False,False,False,False,False,False,3,True,medium
25,5,4,10,118.07882204177429,55.63781586569126,14.121575904481686,78.17459045955157,22.73148606148924,True,False,False,False,True,False,False,False,1,True,medium
25,2,1,23,108.23797265026181,77.96554861298065,10.984371285607988,126.38509081628541,30.657868748454163,False,False,False,False,False,False,False,False,0,False,medium
24,3,1,29,121.86544181897564,74.9761629024287,11.146350296515157,107.256477974418,27.07575768777135,False,False,False,False,False,False,False,False,6,False,low
28,5,4,16,118.80484542962614,71.43209646360461,9.816974311837361,110.72039045937592,23.435711485054604,False,False,False,False,False,False,False,False,3,False,medium
21,4,3,32,119.39257356999013,65.67216733969946,11.34435236566462,96.15607341654504,23.262851215746377,False,False,False,False,False,False,False,False,0,False,medium
27,2,0,20,102.29269974122211,75.02461835587617,13.744153082464281,121.34696685649264,26.03256304302321,False,False,False,False,False,False,False,False,4,False,low
22,5,4,8,114.31637055017667,69.55539109985762,11.406984430171093,133.39233508882947,17.724816537966486,False,False,False,False,False,False,False,False,3,True,medium
19,5,0,25,112.8379954248479,73.6313211063333,12.703941198622951,96.03458986563774,15.31460035946478,False,False,True,False,False,False,False,False,7,False,medium
26,3,0,13,120.94372050048919,94.57430001917993,11.046374170458122,121.74269895968905,25.97355232354857,False,False,True,False,False,False,False,False,4,False,high
32,3,2,8,126.8715639452016,,9.358714895001691,121.98460407221754,23.2880506554205,False,False,False,False,True,False,False,False,3,False,medium
34,4,3,12,116.80571106410338,80.32867207974033,9.90682132913121,114.19315341651358,17.75153442100933,False,False,False,False,False,False,False,False,0,True,medium
25,2,0,17,99.68593253933682,70.35535224319506,9.211516519512273,141.89519227034327,15.0,False,False,True,False,False,False,False,False,1,True,medium
25,4,3,24,116.29094571480121,67.15564490325238,11.348458533738697,89.01722720058581,26.57546718735774,False,False,False,False,False,False,False,False,5,True,medium
35,1,0,40,146.33291474091115,74.77042286551352,12.958222069840001,95.72593706918708,20.913779345858856,False,False,False,False,False,False,False,False,7,True,high
32,4,3,15,134.75206392385343,100.03926004852224,11.257617507441317,87.90689372002495,24.601042734029786,False,False,False,False,False,False,False,False,1,False,high
36,5,0,9,90.0,72.12572305106039,10.507549090191572,120.95047618430291,21.944959894905715,False,False,False,False,False,False,True,False,3,False,high
37,4,2,14,115.76011784433814,78.61437803364822,9.736576396340203,,22.863044107570797,False,False,False,False,False,False,False,False,0,False,medium
36,4,3,18,126.18543430306413,66.7160148490946,11.568713380552278,89.69351894316925,,False,False,False,False,True,False,False,False,0,False,medium
38,3,1,14,112.81207584918425,,9.018988715530202,141.58924778837985,22.69395990251729,False,False,False,False,False,False,False,False,6,False,medium
27,4,3,18,109.4789089582734,67.10168668068344,9.185438274779113,144.80912790933655,25.308292945570162,False,False,False,False,True,False,False,False,7,False,medium
26,4,3,39,111.79642941899814,98.80709527353761,12.440261228224934,97.76875606224523,21.897085919551106,True,False,False,False,False,False,False,False,7,True,high
25,4,3,20,121.62627382521583,80.95390294724766,10.555623900255044,74.91702245912863,21.66870575691197,False,False,False,False,False,False,False,False,8,False,medium
23,2,1,28,101.21836030749989,91.40924201053451,10.524073291173307,145.99738390767695,25.430151565906638,False,False,True,False,False,False,False,False,6,False,high
34,4,3,30,129.26426381931245,71.52277765068024,10.7294943738996,115.35607183042197,25.69671959518951,False,False,False,False,True,False,False,False,8,False,medium
33,4,3,12,114.32808409962317,55.0,12.1613937067935,114.25589226348431,18.450039144487924,True,False,False,False,True,False,False,False,2,False,medium
35,2,1,16,103.77970871066141,63.91290996537555,11.264804276838989,107.3100222111026,22.884364632595723,True,False,False,False,False,False,False,False,5,False,medium
21,4,3,21,,78.97024761044169,9.811069693334538,87.39300996857999,20.90494876066622,False,False,False,False,False,False,False,False,2,False,medium
28,5,4,23,96.4584291386603,77.3761386093645,9.868652452882397,95.90771996934868,23.05487190383202,False,False,False,False,False,False,False,False,2,False,medium
22,5,4,8,108.33747883598099,74.89576203421771,10.687822702644747,119.90984093363171,28.7358675528118,False,False,False,False,False,False,False,False,2,True,medium
37,5,3,29,108.13989921657803,69.69750987563681,11.483551588309826,95.15367206824838,24.43586922805231,False,False,False,False,False,False,False,False,7,False,medium
23,4,3,17,140.72730325883356,84.39715686803244,10.943184090403323,,31.656979635825685,False,False,False,False,False,False,False,False,6,True,high
21,5,4,18,,69.98653325999038,10.800815702123064,105.29404269745025,23.87837811894049,False,False,False,False,False,False,True,False,1,True,high
30,5,1,27,90.0,78.07816870162699,11.074053694496225,81.74848641796717,22.33416596461109,True,False,False,False,False,False,False,False,4,True,medium
37,4,3,39,108.0182186166503,76.95328165032603,10.942040951849307,140.66487414173534,22.921270135758096,False,False,False,False,False,False,False,False,6,False,medium
38,5,0,36,120.46660416885734,71.31497556637788,9.751387355897698,118.06872440636299,23.57051939899303,True,False,False,False,False,False,False,False,6,False,medium
20,2,1,40,124.40901455900325,66.18703948960436,12.77128145974204,112.27424886979266,24.291405711816996,False,False,False,False,True,False,False,False,7,False,high
25,5,4,21,142.31847632131326,70.72669913277039,10.228301671693064,117.21046685780668,19.032130582402033,False,False,False,False,False,False,False,False,6,False,high
21,2,1,11,131.88277085183057,93.73621782697747,11.206752881094495,70.0,,False,False,False,False,False,False,False,False,8,False,high
24,5,4,15,117.25507112698183,86.12447863266178,7.703463606338609,94.15004875482045,20.102415559057242,False,False,False,False,False,False,True,False,6,False,high
29,3,2,19,104.30301438910267,85.20388731281979,10.655721139106697,71.3993881106095,27.118488201908,False,False,False,False,False,False,True,False,5,False,high
24,5,1,17,134.4883291761683,,,107.74309683540899,15.297325500733953,False,True,False,False,True,False,False,False,1,False,medium
19,1,0,14,110.57723739608522,60.623107270331104,9.433565168481136,112.17006849754209,23.627612072483846,False,False,False,False,False,False,False,False,8,True,medium
29,3,2,12,107.10211316542474,85.96494215758621,14.875497515146852,108.10945414810807,16.927320850150156,False,False,False,False,False,False,False,False,4,False,medium
19,3,2,14,109.99511437415116,84.04767260449944,11.399241441009375,130.92896137339113,24.728952020903613,False,True,False,False,False,False,False,False,0,False,medium
22,5,2,29,99.97254113323828,76.37248976682552,12.961635484878189,72.05825128754832,21.404380383420687,False,False,False,False,False,True,False,False,4,False,medium
18,3,0,24,109.4197589059483,71.2946011241654,12.368485733313259,87.41647860785524,15.732821734939822,False,False,False,False,False,False,False,False,0,True,medium
19,4,1,9,112.20270004025902,60.36055345764969,12.573188611196903,,26.768922224984006,False,False,False,False,False,False,False,False,2,True,medium
27,5,0,26,,83.67400444378502,,,15.0,False,False,False,True,False,False,False,False,6,False,high
36,3,1,35,110.34293997878777,86.8613511496591,13.570243219058447,76.06052387654078,22.874322058397095,True,True,False,False,False,False,False,False,6,False,medium
35,5,4,22,99.79048909793782,68.20907571508805,12.354699677722389,131.3236570955447,25.764762038120946,False,False,True,False,False,False,False,False,8,True,medium
20,2,0,18,95.7547341369196,67.37400399260378,11.066135922883685,138.95088669467177,28.506926852235676,False,False,False,False,False,False,False,False,1,False,low
18,4,3,16,117.51483697027739,87.41061925008803,11.421263399132176,114.36291416009689,16.559372809654285,False,True,False,False,False,False,False,False,1,True,medium
25,5,0,20,115.8715102416307,68.58135537106519,10.781228133660003,71.80042923168666,20.935904583621987,False,True,False,False,True,True,False,False,2,False,medium
32,5,2,17,108.34824746544199,92.79060207856382,11.083582695786202,108.51395539854713,27.334612110564173,False,False,False,True,False,False,False,False,3,False,high
34,5,4,38,109.39052247409515,73.9094824213429,10.93023882386121,112.4875364501534,27.604962811836817,True,False,False,False,False,False,False,False,2,True,medium
36,5,1,40,119.66184319359004,71.1343829313335,11.610453809978384,99.01946903990387,28.1229740834047,False,False,False,False,False,False,False,False,8,False,medium
25,2,0,19,,75.45108001213397,13.783958082256742,134.63938181778425,33.24632545670903,False,False,False,False,False,False,False,False,7,False,medium
21,4,2,38,105.63826499027215,71.13368265635981,9.071657412866022,,20.9652284770778,False,False,False,False,False,False,False,False,7,False,medium
18,2,1,36,116.0668340345852,86.26212386347682,12.827767621614091,151.29993178924275,24.489527640415545,False,False,False,False,True,False,False,False,5,False,high
21,5,4,10,126.49924484806388,83.85810139575386,10.41082482606197,122.2285787197378,21.616541998929304,False,False,False,False,False,False,False,True,3,False,high
19,5,4,24,105.686628517633,85.88106292750831,13.03146103722369,111.07376285916486,15.099544979976587,True,False,False,False,False,False,False,False,2,True,medium
36,4,3,29,114.81241462524034,76.84519740694063,10.466487419177344,125.24940244800923,22.639988346589597,False,False,False,False,False,False,False,False,8,False,medium
23,4,3,21,114.544052762948,70.43645501691637,11.660405882464405,138.6794760088988,15.022542045443249,False,False,False,False,False,False,False,False,1,False,medium
36,4,3,23,99.26445717947777,74.90935992572267,,124.77914438376327,20.916685902578497,False,False,False,False,True,False,False,False,4,False,medium
30,4,3,24,117.02198553718748,70.74303208429725,8.231052602594785,103.33162963295574,17.127367527894954,False,False,False,False,False,False,False,False,0,False,medium
29,3,2,30,115.37853614325317,89.6659651318296,,90.48175412033781,24.755428539032724,False,False,False,False,False,False,False,False,3,True,medium
28,5,4,17,121.6610109951527,85.02273723798601,9.491594218364853,80.31363858017475,19.8858948578226,False,False,False,False,False,False,False,False,8,False,medium
36,2,1,27,100.75736230407145,74.0847693314279,11.134212577850105,70.0,15.859167864572152,False,False,False,False,False,False,False,False,5,False,low
18,1,0,16,115.1196446231347,65.73525043228729,9.316125142119882,108.83313436654468,26.462634652797437,False,True,True,False,True,False,False,False,0,False,medium
20,4,3,37,131.5808087638697,90.40839688203818,8.860797357620074,96.4712679613842,20.58499391294925,False,False,False,False,False,False,False,False,2,True,high
27,5,3,10,139.92999798294744,76.36684135544301,10.672096256497388,97.6491721210415,21.271591550265356,False,False,False,False,True,False,False,False,1,True,medium
26,5,4,10,130.3615512276593,73.69832539803265,10.050381980687565,127.63486575533798,19.088970945652843,False,False,False,False,False,False,False,False,5,False,medium
30,5,1,9,100.8751419321971,90.49652719718958,9.129895965909716,102.53440476609785,27.59630474793112,False,False,False,False,False,False,False,False,3,False,high
34,4,2,19,120.41263218452352,69.90051186621932,10.943307816436503,146.69228026140982,24.082076002010716,False,False,False,False,False,False,False,False,2,False,medium
30,4,2,28,109.20224110046664,71.81073098670466,8.628949243043472,92.39180370613775,20.547646142052592,False,False,False,False,False,False,False,False,6,False,low
23,2,1,40,118.40680711755905,72.69241051624235,11.200758077463234,83.6390744267462,15.343857792594502,False,False,False,True,False,False,False,False,4,True,high
25,4,3,23,105.73339953067692,61.83430828358159,10.796277089604033,77.33199976428708,33.042536809188505,False,False,False,False,False,False,False,False,6,True,medium
34,3,2,14,94.4383186977724,78.15735365425948,,120.90052326934791,30.917469666353288,False,False,False,False,False,False,False,False,6,False,high
22,5,3,20,110.865793135602,67.37655255321549,10.16302415512025,130.33269322826143,28.772408058011244,True,False,False,False,False,False,False,False,1,True,medium
29,4,2,12,123.67123235932019,69.29278267688878,11.749456016362805,91.92331228230815,20.187313225864703,False,False,False,False,False,False,False,False,7,False,medium
29,4,1,23,118.45599706568574,67.95564520598336,9.298326584069567,81.59238055320834,20.996211167002883,False,False,False,False,False,False,False,False,0,False,medium
34,5,4,32,119.83537431897224,69.12929796696056,11.818867511097295,138.6660768853383,24.602661596630025,True,False,False,False,False,False,False,False,0,False,medium
33,3,2,9,117.59620387575254,66.61085535984185,11.692286735861725,73.09115863305837,19.42458546921015,False,False,False,False,False,False,False,False,0,True,low
28,4,3,33,119.85432969814853,77.47214177619972,9.371645716876472,127.22484391306725,19.04240313795841,True,False,False,False,False,False,False,False,6,False,medium
24,5,2,15,121.35414110904043,73.44406907514285,10.980348314710424,92.43841007289743,28.834234246496763,False,False,False,False,False,False,False,False,0,False,medium
26,3,1,30,111.70382285254458,75.48008138208115,12.31998573335625,113.73609785642414,22.779438558903163,False,False,False,False,False,False,False,False,7,False,low
27,5,4,34,115.9946867370354,98.53788076462313,9.597724431263176,128.69227789105375,18.520524051445946,True,False,True,False,False,False,False,False,6,True,high
22,2,1,33,135.91910049843628,73.44438818900802,10.670703107869938,115.47763617312333,26.81066934748388,False,False,False,False,False,False,True,False,6,False,high
31,5,4,30,116.70437234801366,81.04947622236367,12.840382588769826,98.50436661864138,20.704406724045946,False,False,False,False,False,False,False,False,2,True,medium
22,3,2,30,115.51076195744702,82.18749599335979,9.627788696385263,135.71413974671066,15.082581782387207,False,False,False,False,False,False,False,False,2,False,medium
32,1,0,14,116.23461408671679,74.37143375635726,11.734653257283389,111.36023046845226,18.460750006453864,False,False,False,False,False,False,False,False,2,True,low
34,4,0,12,112.38509778020537,77.73799131545039,9.273294226732363,186.01520913160863,20.934026278604744,False,False,False,False,False,False,False,False,6,False,medium
39,5,4,20,109.77572843535036,75.20698190262425,10.74246095488799,70.0,23.87983757186208,False,False,False,False,False,False,False,False,1,False,medium
20,3,2,28,117.50414229238518,77.02558395711478,11.714762743318234,70.0,23.686950474419074,False,False,False,False,False,False,True,False,7,True,high
34,5,1,28,108.93141757649019,69.13483210651863,7.152757136101269,126.87373249454195,27.911080833834994,False,False,False,False,False,False,False,False,3,False,high
19,5,4,33,113.25382084627341,70.05788690420177,10.145083070210186,104.30147434655892,22.05186847250443,False,False,True,False,False,False,True,False,1,False,high
25,4,3,18,105.51382352168456,75.16922253283076,11.686931083498205,122.437406696892,21.13738770955604,False,False,False,False,False,False,False,False,3,False,medium
21,4,3,36,116.29614165441181,55.28096356149006,11.361350574717436,80.83562042272592,27.980186561930655,False,False,False,False,False,False,False,False,8,False,medium
21,4,3,22,122.01033933011233,89.96072789765324,10.164194584580603,106.1909204827075,26.91480153361061,False,False,False,False,False,False,False,False,2,True,medium
21,1,0,16,112.45702168106902,96.60858017999129,9.232668791070127,115.06098458455561,22.146169487441146,True,False,False,False,False,False,False,False,2,False,high
18,4,0,32,90.8994587573282,76.70350259924714,12.005543811510794,93.03836143826928,24.168118323924585,True,False,False,False,False,False,True,False,6,False,high
36,4,3,12,122.08445852866566,81.65469177251005,10.484149219965094,110.10025352855176,21.09871102105477,False,False,False,False,False,False,True,False,8,False,high
19,3,0,21,116.44220611311712,85.81057670050497,11.872555522606408,75.04642402067981,18.35135255189916,False,False,False,False,True,False,False,False,2,False,medium
26,4,3,33,103.08122259983848,61.75330260421731,11.608357016828013,113.68610287926299,31.788944543606487,True,True,False,False,False,False,False,False,4,True,medium
33,2,0,33,124.27924290787928,84.28277945284424,10.28413074309042,136.7998565361519,20.832446386450385,False,False,False,False,False,False,False,False,7,True,medium
39,5,1,16,98.21889759140983,70.73560205565775,12.71609878879144,77.77328478060429,24.1799708545041,False,False,False,False,False,False,False,False,1,False,medium
36,4,3,13,127.54489138389361,97.90724229816844,10.049155823942142,76.44502643160745,,False,False,False,False,False,False,False,False,1,False,high
21,4,3,9,114.31160056423344,73.11740430001305,12.904726358643044,131.17826340149156,25.945806458318888,False,False,False,False,False,False,False,False,6,False,medium
39,4,3,10,90.0,84.0818222317166,13.11406804887605,76.0559681932852,18.176568967908228,True,False,False,False,False,False,False,True,2,False,high
32,4,3,35,117.13995504715885,73.21587069639867,12.68018347918436,,29.71183432581859,False,False,False,False,False,False,False,False,5,False,medium
21,4,0,33,110.12569158290877,96.96692756330447,10.711102154613924,106.21766669082155,30.189640241544893,False,False,False,True,False,False,False,False,4,False,high
27,5,4,24,108.31780849812236,69.87649782961094,15.075326630988782,95.80791725779366,25.262556223239777,False,False,False,False,False,False,False,False,6,False,medium
38,2,1,26,106.14729086252538,86.65088787327389,11.242951134542789,137.26354621613177,23.459526181629254,False,False,False,False,True,False,False,False,4,True,medium
26,4,0,18,113.47341050968153,81.26677882451946,11.385690366154336,125.41925178517457,,False,False,False,False,True,False,False,False,2,False,medium
22,5,4,14,109.1777358259943,79.0430996166416,10.964701847619027,111.15374382242113,22.809823976762804,False,False,False,False,False,False,False,False,2,False,medium
37,1,0,8,92.71971708173938,77.29007401044773,9.192373636709853,70.0,24.636940497892134,False,False,False,False,True,False,False,False,0,False,medium
38,4,2,30,130.26481464012645,68.32987482303137,13.072117179815622,120.66958176082306,23.358980284597678,False,False,False,False,False,True,False,False,1,True,medium
39,3,2,9,112.06770812845834,55.0,10.0841545125377,81.44108163198176,26.926819269258417,False,False,False,False,False,False,False,False,1,True,medium
39,4,3,11,106.21677980946085,85.74392108461615,12.471377641659702,100.12959711694202,19.326807497047003,False,False,False,False,False,True,False,False,7,False,medium
37,4,0,34,101.45891580945603,70.11160889655716,12.855284973309669,105.16134950544942,,False,False,False,False,False,False,False,False,4,False,medium
27,5,0,27,124.24878480943505,86.6960014368203,,146.7401010669493,21.30936495556444,False,False,False,False,False,False,False,False,8,False,medium
22,3,2,24,99.4188163708417,78.51697767915665,9.892849158562713,99.42867472511729,20.016484121146455,False,False,False,False,True,False,False,False,0,False,high
31,3,2,15,116.6078476222956,87.0025678102012,10.454274791180508,,24.450443613726485,False,False,False,False,False,False,False,False,8,False,medium
22,4,3,12,107.99621197751702,83.01892520109473,6.716678110909886,137.33216158311743,24.70620998703894,True,False,False,False,False,False,False,False,5,True,high
28,4,3,23,108.69496407325201,55.0,10.813651749813449,120.96610872996084,16.05331962636126,True,False,False,False,True,False,False,False,4,False,medium
32,1,0,19,101.7572856282892,81.14895616247998,12.284336300319973,121.78546770864318,21.075560852307653,False,False,False,False,False,False,False,False,4,False,low
38,5,4,25,107.55616680974008,71.56324514385516,10.619991873468923,137.74519607764202,15.0,False,False,False,False,False,False,False,False,8,False,medium
24,3,2,13,115.1057486980823,86.65011187268176,10.055871532388275,142.9105946699256,20.297171652497827,False,False,False,False,False,False,False,False,1,False,medium
23,5,4,15,117.82374671618791,80.912074951368,10.5236049214248,85.38185059531024,20.469426909582857,True,False,False,False,False,False,False,False,2,False,medium
34,5,4,11,105.57289022460427,81.02969037965607,12.94458555251043,74.39822543968221,24.189843940226048,False,False,False,False,False,False,False,False,7,True,medium
18,4,0,22,113.90878717075103,72.2775720429175,10.91301489777046,123.53432335747769,19.84881697507705,False,False,False,False,False,False,False,False,0,False,medium
30,5,2,17,125.66145317164506,65.87393807892208,13.97266588225378,99.22571903024456,20.795808979089628,False,False,True,False,False,False,True,False,5,True,high
34,3,2,15,95.04845731661113,70.67113041029475,10.086826392184443,,28.215550840773936,False,True,False,False,False,False,False,False,5,False,medium
30,3,2,26,114.92477231689769,57.00107738469052,11.347570856210021,80.32327335622583,31.25676851715778,True,False,False,False,False,False,False,False,4,False,medium
26,3,1,24,103.59059265517392,69.09656265453354,10.306556918996757,117.8457255473285,19.31638228725878,False,False,False,False,False,False,False,False,3,False,medium
36,3,2,14,102.36778993460162,60.358409004605676,14.319178262012784,113.84688582383778,27.07702695036676,False,True,False,False,False,False,False,False,6,False,medium
26,5,2,31,118.1321381559772,,,101.57904209374688,24.551229171106353,False,False,False,False,False,False,False,False,8,False,medium
33,4,0,19,,76.16478847226209,14.40492181952189,74.4564705520184,16.04484506866935,True,False,False,False,False,False,False,False,5,True,medium
28,3,1,19,100.3983624851788,80.34048939503961,10.32779591215629,131.60130063374194,19.835318972673647,False,False,False,False,False,False,False,False,7,True,high
18,1,0,23,130.89139830483984,74.68206519824784,13.444126681368099,110.62549918129994,15.0,False,False,False,False,False,False,False,False,0,True,medium
29,5,4,12,126.04107417198195,70.01209502661598,11.188805395637592,129.5925620634373,24.294265138356135,False,False,False,False,False,False,False,False,1,True,medium
19,4,3,21,91.81232852368997,,12.338648951272955,70.0,18.692836008702383,False,False,False,False,False,False,False,False,4,True,medium
38,4,1,27,97.30686246397518,71.82807007635289,9.048462435345519,106.25010936519216,23.53570774837588,False,False,False,False,False,False,False,False,7,False,medium
31,2,1,12,122.12148485582418,66.77776958772255,11.55746231873489,89.22822620933891,33.28380768687426,False,False,False,False,False,False,False,False,2,True,medium
26,2,0,26,111.58151400355037,74.37169257878689,9.28940729921488,105.79524031454234,29.372552024989954,False,False,False,False,False,False,False,False,6,False,medium
28,4,1,9,133.0068957322595,59.784682259210946,11.411354241128047,125.75063243983905,19.931974715412636,False,False,False,False,True,False,False,False,6,False,medium
31,5,4,27,122.39603678249212,82.01317578205727,8.570575915138955,113.1388420563258,18.964871125012337,False,False,False,False,False,False,False,False,5,True,medium
23,3,0,9,118.59358628624798,69.32968877924309,10.849467168685717,105.39868914991479,28.17192615644524,False,False,False,False,True,False,False,False,5,True,medium
24,5,0,13,102.73764769809475,78.76256900282338,12.752979259402727,105.2811695706542,18.98079414354046,False,False,False,False,False,False,False,False,1,True,medium
27,5,4,19,120.89728353837366,83.87221995631192,11.87608620639073,70.68516609045236,26.96449106815635,False,False,False,False,False,False,False,False,5,True,medium
23,4,2,28,99.6908325429944,78.27870881931,9.025679920654586,85.05550281607886,33.94346201836611,False,False,False,False,False,False,False,False,1,False,medium
34,5,0,31,130.66293440092082,82.99126789598083,7.962581787460644,129.66832597991697,25.701672911205314,False,False,False,False,False,False,False,False,4,False,high
20,3,2,23,120.0656630682189,55.0,11.795111328737228,93.8781896991493,27.73605487313143,False,False,False,False,False,True,False,False,8,False,medium
36,4,3,12,105.10203307890889,70.07143336296113,13.52991807257346,130.08921898493833,27.272119960628274,False,False,False,False,False,False,False,False,2,True,high
25,5,1,20,124.65612913758778,86.03076666789084,9.457686341007733,123.1801605805714,20.771606691023692,False,False,False,False,False,False,True,False,7,True,high
30,5,1,33,141.89829866963603,80.09229538316221,14.355846525082178,124.34251242808716,,False,False,False,False,False,False,False,False,5,False,high
21,4,3,10,112.38859480228659,93.48463265551463,10.9896107389296,112.32411657552336,19.174257397885608,True,False,False,False,False,False,True,False,5,True,high
26,4,2,31,121.6049582762955,92.04380479967017,7.866090346121014,95.40781886840092,28.15971256304907,False,False,False,False,False,False,False,False,7,True,high
34,5,4,20,109.81804816370799,77.99592134450637,8.502591429258397,101.67465467665367,18.659492175032696,True,False,False,False,False,False,False,False,5,False,medium
23,5,1,8,116.02422661142015,72.48021381115193,12.23191863899426,119.08848981290737,25.80395397312619,False,False,False,False,False,False,False,False,3,True,medium
20,5,1,30,96.91318527962264,65.4156128693301,11.207308865336055,70.0,27.526872067430187,True,False,False,False,False,True,False,False,1,True,medium
29,5,0,8,114.99364583792962,70.24191434464753,13.371553545269222,132.36308063781175,,False,True,False,False,False,False,False,True,3,False,high
21,4,3,20,115.52292795796734,70.91753091510634,9.083000373282902,93.99737224958956,20.11601771736465,False,False,False,False,False,False,False,False,5,False,high
24,4,2,14,136.58797332213697,69.06750807618285,11.189591677062047,103.10174849755434,22.321228225234293,False,False,False,False,False,False,False,False,8,False,medium
27,3,1,27,93.4599626475598,65.81662252258954,11.01081769822137,103.29142413001281,19.43027364710368,True,False,False,False,False,False,False,False,8,True,medium
30,5,3,9,111.62939849070665,79.01576587522045,10.771176763108413,,23.625590378114637,False,False,False,True,False,False,False,False,7,True,high
32,5,1,11,130.45740661397244,91.96639678142235,10.387828434164811,76.0998829507199,19.332119430253634,False,False,False,False,False,False,False,False,6,True,high
32,5,0,25,112.09874205041493,84.33256768230258,10.41968099913843,108.33795074093713,,False,True,False,False,False,False,False,False,0,True,medium
36,3,2,40,112.94390160418003,71.77579941729677,11.2794333188486,118.07602190402203,25.187611590633427,False,False,False,False,False,False,False,False,5,False,medium
19,3,2,9,105.0008917014139,85.1402884760071,11.484129644541145,70.0,25.470232678145607,False,False,False,False,False,False,False,False,2,True,medium
25,3,2,23,103.8087354368469,78.46650866838883,11.404116560165189,76.38271333252922,21.82594268937054,True,False,False,False,False,False,False,False,3,True,medium
18,4,2,34,93.08975481000218,,12.92958001425139,124.70903783850753,16.414304927534168,False,False,False,False,False,False,False,False,7,False,medium
18,5,4,17,107.44941702827015,73.96877274352596,9.077954380338047,120.61553717015587,27.683442493735946,False,False,False,False,False,False,False,False,1,True,medium
22,3,1,24,103.12773933865452,73.00059862011736,8.101306344792423,111.57230717639709,21.20639453566959,False,False,False,False,False,False,False,False,6,False,medium
31,4,1,35,116.41646600388488,81.51066122737271,12.627144087020582,89.99274190400853,31.249260074983837,False,False,False,False,False,False,False,False,0,True,medium
37,5,2,32,105.54798157091523,76.39670082276422,9.490359934545614,,22.470412512835093,False,False,False,False,True,False,False,False,1,True,medium
35,1,0,17,109.24490817941792,67.7157720242301,10.392838690215715,78.53618480117284,23.543109549581892,False,False,False,False,False,False,False,False,4,True,medium
32,3,0,32,109.57353528330808,67.23147890899648,10.020640576187557,101.97860705473822,21.272994277381887,False,False,False,False,True,False,True,False,4,False,high
35,4,2,30,114.42201781251553,78.05903981281668,9.986380284653164,76.25715538823087,23.973636676336632,False,False,False,False,False,False,False,False,2,False,high
21,5,2,24,108.65773292314191,79.28651215683276,8.66677753884012,101.43595725792585,36.906269420212425,False,False,False,False,False,False,False,False,1,True,medium
36,4,3,22,102.25856692075442,71.86867355683216,10.088755859624456,82.33140080781565,21.604124035455627,False,False,False,True,False,False,False,False,4,False,high
37,4,0,38,116.02919732737406,63.679943772537555,12.03892977964725,121.62783893782557,28.105314071974767,False,False,False,False,False,False,False,True,5,False,high
20,5,4,36,127.80979859517534,87.50965117085133,10.99370969662404,114.53000027727255,23.362534870362197,False,False,False,False,False,False,False,False,4,True,medium
28,5,2,40,116.54159434948929,85.38604609527101,11.807211405611064,92.44733723448367,27.69517324581076,False,False,True,False,False,True,False,False,0,False,high
36,4,0,30,107.68215474113653,55.12623499026502,10.206268804088243,128.98658276240042,15.272452631940325,False,False,False,False,False,True,False,False,5,False,medium
28,2,1,19,113.5222431388765,88.3958292331353,12.444553585251088,83.96106215181571,30.779552291419797,False,False,False,False,False,False,False,True,2,False,high
36,3,1,11,90.39240675572154,72.91024202666986,10.186620999450344,,24.36410178475725,False,False,False,False,False,False,False,False,5,True,medium
38,4,2,12,113.32716700553362,76.89987080027143,7.626308319158569,91.47393079541665,21.928979047469173,True,False,False,False,False,False,True,False,0,True,high
28,3,2,39,110.19574757091432,86.38223060052627,11.506598068682075,121.33217889697862,26.61323959477825,False,False,True,False,False,False,False,False,0,False,medium
19,4,2,19,103.79847570392185,91.52538786629053,12.227815630445889,119.15573402300963,,False,False,False,False,False,False,False,False,8,False,high
25,3,2,11,105.97481977201639,85.0286528504553,10.105217580129237,133.64304386847272,18.408494762216336,False,False,False,False,False,False,False,False,1,False,medium
22,5,4,15,110.07718598152424,77.41030498950559,12.918730027853462,106.82565786870049,15.0,False,True,False,False,False,False,False,False,1,False,medium
28,5,4,8,126.90949931207788,61.24359313697001,9.638892499672272,70.0,30.304234894296016,False,False,False,False,False,False,False,False,2,False,medium
30,5,2,25,128.10472500136112,55.0,12.073162900587734,95.52089366584575,22.108601502090835,False,False,False,False,True,False,False,False,4,False,medium
28,5,4,27,103.86249806130627,83.78158939024503,13.79164150745144,139.43571351754358,20.548282818525696,False,False,False,False,True,False,False,False,3,False,medium
22,5,4,20,108.78307152107928,88.42030345744476,11.05876957499448,97.85011787079516,20.859133386670248,False,False,False,False,False,False,False,False,1,False,medium
24,5,4,32,109.08892051253706,66.85355139161952,10.637627062363158,70.0,28.857878155035646,False,False,False,False,False,False,False,False,5,False,medium
32,3,1,23,124.7145461866015,72.3022003526127,10.830925319241496,114.88530079635079,21.03955421340467,False,True,True,False,False,False,False,False,1,False,medium
18,5,2,39,116.74607863157941,69.42734111614546,13.605272619122875,116.52930619158656,25.577462433370396,False,False,False,False,False,False,False,False,5,False,medium
22,2,1,33,,69.16099926510996,11.644452118065884,89.00162247243155,21.661479535861687,True,False,False,False,False,False,False,False,0,True,medium
37,4,0,10,121.43515136105428,85.74961183891965,14.430724283549875,99.57151968797174,17.980762731427667,False,False,False,False,False,False,False,False,3,False,medium
20,5,0,17,107.84303909906882,77.18373132753642,11.446802220710433,86.35948938328343,26.60513959917064,False,False,False,False,False,False,False,False,0,True,medium
27,4,3,32,131.3666388922487,72.7082168860433,9.95392534415401,116.49653338055457,27.41201819799084,False,False,False,False,False,False,False,False,2,True,medium
22,3,2,25,114.97906411095758,101.57520020510373,10.066388903658863,106.24518789927788,20.282725142227758,False,False,False,False,True,False,False,False,4,False,high
20,5,4,32,104.72905064569704,60.6557910099244,11.098571624788715,79.35294640220627,22.84897173408095,False,False,False,False,False,False,False,False,0,True,medium
27,4,3,19,112.24431707442592,80.47911081495785,7.733883814448502,104.79003580111133,23.38803514794464,False,False,False,False,False,False,False,False,4,True,high
29,5,0,9,129.78313989049445,64.51021714827804,10.240016261246996,88.87346380792219,24.78049910258012,False,False,False,False,False,False,False,True,2,False,high
21,5,4,33,109.89829436819474,73.42563128005759,10.27552346552037,137.14333526349932,30.885162289362135,False,False,False,False,False,False,False,False,2,True,medium
19,4,2,33,126.39469358853798,76.48638384462673,11.383663608670187,124.66135013058499,21.70451881906136,False,False,False,False,False,False,False,False,3,False,medium
20,3,2,29,107.49585048674174,83.44595719635092,14.10690915264232,102.30985443360387,21.679822838779135,False,False,False,False,False,False,False,False,8,True,low
32,5,4,21,105.81203563867233,72.38818104838978,11.087706381454687,106.78341140108168,22.298739580942154,False,False,False,False,True,False,False,False,6,True,medium
36,4,3,8,122.9151689271315,71.33051902203158,7.923745460597815,127.30307701463555,19.23114118717689,False,False,False,False,False,True,False,False,3,False,high
21,3,0,32,104.51232927225111,72.20914902186492,9.537747760196861,101.18057143338551,16.111353317386605,False,False,True,False,False,False,False,False,1,False,medium
25,1,0,29,124.87048300194034,64.20047313698824,11.419660578993462,121.68463553819674,23.53505241509079,False,False,False,False,True,True,False,False,7,False,medium
25,3,2,30,119.21951198828019,81.32309802091686,11.148791615485916,137.5024948497776,25.109107381663055,True,False,False,False,False,False,False,False,4,False,medium
25,5,0,13,104.5168727863889,77.81334370781909,13.599128835700133,94.20059455131549,23.00980983107359,False,False,False,False,False,False,False,False,4,False,medium
23,5,0,32,,79.3516867131505,12.536123677394198,141.21519222022462,22.749174279265034,False,False,False,False,True,False,False,False,7,True,high
19,4,3,31,108.41470851328555,74.30456997466919,12.488184758044346,,19.405080057102687,False,False,False,False,False,False,False,False,2,False,medium
29,1,0,36,119.18771868002871,73.07122040109907,10.652587052555983,110.46829365238041,24.009609767641333,False,False,False,False,False,False,False,False,8,False,low
25,1,0,26,137.65357893946504,86.7560033823085,12.758593658481404,95.23393595834116,23.679436751672963,False,True,False,False,False,False,False,False,1,True,medium
25,3,2,32,110.55154476535093,85.21786470157016,9.566522998084334,110.19445383791727,24.899567355014316,False,True,True,False,False,False,True,False,6,True,high
23,4,0,21,121.40531528630208,89.14800586184388,12.549270894869977,99.62098029068834,24.294703993037132,False,False,False,False,False,False,False,False,1,True,medium
38,2,1,30,115.2932877000102,78.7259435149587,10.548129754948212,87.55901916938339,24.57526531975088,False,False,False,False,False,False,False,False,0,True,medium
31,5,4,30,115.28869243675817,88.5266409465542,8.683210550463158,116.71005429719435,28.27512530064063,False,False,True,False,False,False,False,False,6,False,medium
27,5,3,33,113.01753855122172,70.83917360279585,11.949178720983799,82.48246541483594,25.28878814289376,False,False,True,False,False,False,False,False,5,True,low
22,5,4,36,104.71099064378136,72.99148213858669,13.236069789783018,97.55179902030478,24.922438967758875,False,False,True,False,False,False,False,False,6,True,medium
35,4,1,8,119.02167939138945,86.95100753681962,10.34943700589446,97.84116273624088,16.02995440044168,False,False,False,False,False,False,False,False,0,True,medium
37,4,3,33,111.53509900096734,83.43421538260239,13.500418800389538,74.96429195103926,27.213987506245992,False,False,False,False,False,False,False,False,1,False,medium
18,3,1,34,104.1423989951353,72.09549593085103,8.350494537085526,119.48638450854175,,False,False,False,False,False,False,False,False,3,True,medium
38,2,1,25,127.17007914697959,64.5374176398029,9.08513082115782,99.97656311052263,23.31684424205637,False,False,False,False,False,False,False,False,8,False,medium
33,5,0,25,116.18811547242811,72.96035793007528,10.76523833319658,133.57455282207658,17.90839387664435,False,False,False,False,False,False,False,False,8,False,medium
20,5,4,31,112.26281251188112,68.15131558722965,10.40677778251569,99.61763393678811,31.359494100995263,False,False,False,False,False,False,False,False,8,True,medium
34,4,0,23,,92.24503482488674,9.932586582305241,96.05490613846843,15.0,True,False,False,False,False,False,False,False,6,True,high
20,3,1,21,92.96702157360403,82.60040643519751,11.213884350109158,85.09786027335439,28.95244980211509,True,False,False,False,False,False,False,False,2,False,medium
19,4,2,34,130.27384964474905,67.34077422613234,10.154255267471433,105.85864253264445,24.70064226631333,False,False,False,False,False,False,False,False,6,True,medium
20,3,2,34,104.4377446103654,64.55009039334988,10.425640537915626,105.98292110852508,15.37882483307951,False,False,False,False,False,False,False,False,2,False,medium
28,2,1,14,117.53839047298624,67.21686726215445,11.445480112560594,121.31886817513696,31.145589510989616,False,False,True,False,False,False,False,False,3,True,medium
31,4,1,35,107.94323495055147,69.41174761533667,9.931940988045822,106.47441778733342,25.055061946124358,False,False,False,False,False,False,False,False,8,True,medium
26,4,1,18,103.92398751457091,73.33299606202806,10.830370941889642,,15.0,False,False,False,False,False,False,False,False,2,True,medium
20,5,4,12,130.76663831162122,86.14546490880888,9.967137525824656,115.03677981065653,21.310173422340675,True,False,False,False,False,True,False,False,8,True,medium
22,3,2,36,137.2745988087434,65.33483108646996,9.071007333183953,83.28958633976627,25.13805902880671,False,False,False,False,False,False,False,False,7,True,medium
36,5,4,15,112.34529219218706,97.8953724484655,12.221923479477926,81.42752045475638,29.85295139138787,False,False,False,False,True,False,False,False,3,False,high
39,5,4,14,119.02569642633154,65.56699763171345,13.732471105347221,116.76554431460572,21.36300740840315,False,False,False,False,False,False,True,False,2,True,high
34,4,3,16,115.68389501995,60.90952268905401,12.703315192118266,82.59678147952552,15.0,False,False,False,False,False,False,False,False,7,False,low
20,5,4,24,135.76608204823427,91.8830482532347,11.530745730978106,118.08657645989445,28.836082472714267,False,False,False,False,False,False,False,False,8,True,high
36,2,0,13,90.0,88.21255599836957,9.973554491622453,124.70405899014119,24.99280863479829,False,False,False,False,False,False,False,False,8,True,medium
33,5,4,13,119.52548129524264,,10.540930041307615,125.23432787590131,15.0,False,False,False,False,False,False,False,False,2,False,medium
29,5,2,20,106.2744842302728,78.81332315124527,12.691234016747726,85.87788049503524,24.370784578669895,False,False,False,False,False,False,False,False,7,True,medium
21,4,3,15,90.0,79.06569119102014,7.349621172762537,125.27236584884567,24.794265900807122,False,False,False,False,False,False,False,False,3,False,high
39,2,1,14,110.67363883084911,76.36712428743559,10.418783640969838,112.09696324369676,21.701134746388853,False,False,True,False,False,False,False,False,6,False,medium
27,1,0,38,137.17658549092664,62.03520461529527,12.174585471590827,91.62683666427927,19.69086895919596,False,False,False,False,False,False,False,False,5,False,medium
18,5,4,27,107.1274097151952,55.0,9.178751388504795,,20.561074694679302,False,False,False,False,False,False,False,False,3,False,medium
22,3,2,8,124.48918607877533,66.55273817676583,11.67742125479286,115.36815470931316,21.698584812038963,False,False,False,False,False,False,False,False,3,True,low
26,2,0,11,129.3840663647604,93.16154411370948,11.603182833225103,90.1972758478634,24.4188816641443,False,False,False,False,False,False,False,False,4,True,high
19,4,3,34,114.84763836856573,93.55413502726657,8.673068111580013,111.64090795330597,26.15343971292226,False,False,False,False,True,False,False,False,0,False,high
25,1,0,16,116.4454674209355,72.38163035507691,11.139164976228694,136.8032428678658,15.0,False,True,False,False,False,False,False,False,6,False,medium
28,3,2,13,94.40442512150666,65.42035777476329,10.012087571197569,126.20923486783326,,False,False,False,False,False,False,False,False,0,False,medium
38,4,3,29,106.40603364192825,77.7812121972938,11.665757881413652,106.80369625731669,24.951785921561378,False,False,False,False,False,False,False,False,2,False,medium
19,5,3,35,125.88409149195995,79.38981195467025,12.071661897426022,110.15113739098591,23.676565522921297,False,False,False,False,False,False,False,False,5,False,medium
30,3,2,21,115.72814916444482,81.00719519294057,11.638302294037041,,21.380577121409573,False,True,True,False,False,False,False,False,6,True,medium
38,3,1,32,119.40809729732419,55.0,11.116147718788953,93.7822790408594,28.679241560842005,False,False,False,False,False,False,False,False,6,True,medium
35,5,4,21,116.59789095619661,106.57756183825163,11.462194035876117,71.18168149892489,28.377610383166974,False,False,False,False,False,False,False,False,4,False,high
38,5,0,11,141.30404733155717,86.32474668043632,9.118295857734394,110.52441384270037,21.535149598914657,False,False,False,False,False,False,False,False,5,False,high
21,3,0,34,109.83376202573679,73.02136296260333,10.950797145818843,120.01496549512858,22.667688044939485,False,False,False,False,False,False,False,False,5,False,low
35,2,0,38,134.2649205158357,67.81522369839146,9.725626805244792,103.4414433149729,26.08736097716912,False,False,False,False,False,False,False,True,7,True,high
39,5,4,40,116.6020386664808,84.87305694079605,12.65046200557928,85.69886770704669,28.13051197899732,False,False,False,False,False,False,False,False,7,True,medium
25,3,2,11,135.33038769496957,79.95394615034542,12.093181049570305,106.45482646161267,19.737905960419898,False,False,True,False,False,False,False,False,4,True,medium
28,4,0,26,100.3002629289022,75.92147488034512,12.088642160191792,134.51882049180978,18.815203602685706,False,True,False,False,False,False,False,False,8,True,medium
29,2,0,28,117.21582649157033,79.58334633640811,13.741586489222371,124.75559639319496,24.096647471024784,False,False,False,False,False,False,False,False,2,True,low
28,4,0,10,110.27575859291836,73.87280395775386,10.47203605631944,104.35156399362121,18.505682746024867,False,False,False,False,False,False,False,False,2,True,medium
24,5,4,39,116.67366803020047,79.01862265717303,10.12158823646264,150.0434688384204,15.220010026469204,False,False,False,False,False,False,False,False,1,True,medium
39,5,2,11,129.66851515199355,82.26362850953504,10.434235653988091,164.37177377757703,19.718496239313843,False,False,False,False,False,False,False,False,6,False,medium
39,2,0,16,119.54571526429534,78.43316874082026,8.436421747458875,94.43686248018764,24.668654468496996,False,False,False,False,False,False,False,False,5,True,medium
26,5,1,39,129.64459228032325,77.90921898321919,8.562267006646387,,29.21444121317798,False,True,False,False,True,False,False,False,5,True,high
35,4,3,26,106.95734688071266,88.92860133211181,11.993764814348978,120.2532885833156,20.164941347413748,False,False,False,False,False,False,False,False,7,False,medium
26,4,2,30,105.1259865097154,59.02892880581544,8.767775790521876,84.9145199229783,22.502934221527294,False,False,False,False,False,False,False,False,2,False,medium
35,5,4,24,115.19326087764719,67.02117721441569,9.280139895983906,123.68095313609174,23.62218021707095,False,False,False,False,False,False,False,False,2,False,medium
30,5,0,32,114.53617385930697,75.26560685981022,10.837248196632064,107.23228925615251,20.405602513059236,False,False,False,False,False,False,False,False,5,False,medium
28,3,0,10,112.76968757410968,67.7013241707076,10.340435835619733,113.17604676871223,20.091344557314596,False,False,False,False,False,False,False,False,0,False,medium
20,4,0,30,103.49641929195178,71.03967461756059,12.417043772473708,92.34036742322213,24.33993980262462,False,False,False,False,False,False,False,False,5,True,high
32,2,1,10,129.38381907822267,87.87741782890045,11.096738088002391,87.67052614718209,18.210273558266522,False,False,False,False,False,False,False,False,1,False,medium
25,4,3,13,110.64595359239814,73.51029026042275,9.72245011332448,70.0,19.930345032425134,True,False,False,False,False,False,False,False,7,True,medium
22,4,3,24,132.11293746655218,56.70788972286026,12.554612815588927,137.66517972206796,22.189648481028804,False,False,False,False,False,False,False,False,2,False,medium
22,4,1,22,115.1529203824487,70.7665827066572,12.16606621574205,125.71182174703205,24.2898446483052,False,False,False,False,False,False,False,False,3,False,medium
39,4,3,13,122.78114716976853,75.58113174133872,8.742426499881761,119.81389813770025,16.939013688535375,False,False,False,False,False,False,False,False,6,True,medium
20,4,3,34,121.6925157155642,75.39689532456327,11.403626631456053,112.66317531934855,22.476732582108646,False,False,False,False,False,False,False,False,7,True,medium
35,5,0,17,105.10870311578977,80.56037441346415,9.855877136663763,70.0,17.83657706951839,False,False,False,False,False,False,False,False,7,False,medium
37,4,3,36,119.40643505862987,79.74388574755474,9.813699531519731,88.47577414955823,20.263196810120228,False,False,False,False,False,False,False,False,2,False,low
18,3,2,8,138.13999533360527,73.61173901474014,13.991223458100016,99.36621902001825,26.154506644774017,False,False,False,False,False,False,False,False,7,False,medium
30,5,0,15,118.01934703720428,63.06960241754567,11.19883422152286,81.21038024482338,22.70461792965668,False,False,False,False,False,False,False,False,4,True,medium
30,4,1,17,125.8153208747161,70.58860748362437,10.651938418377686,70.0,29.676280308681115,False,False,False,False,True,False,False,False,3,False,medium
25,4,3,27,123.31926213510623,68.77223443378202,11.135921960472993,83.49801731542985,22.711209910352206,False,False,False,False,False,False,False,False,5,False,medium
32,4,3,21,118.68459590037985,72.14896197313745,12.39878442052687,106.08114486914293,26.872051291089313,False,False,False,False,False,True,False,False,8,True,medium
26,5,1,13,117.23774461269696,81.91168535257887,9.877432838474489,106.08677759343782,26.17909883377078,False,False,False,False,False,False,False,False,5,False,medium
27,4,3,26,121.5677867094556,79.04102749563752,10.150640048894397,124.96550234662983,22.947118887273863,False,False,False,False,False,False,False,False,3,True,medium
27,5,1,39,124.15939055770735,83.24005713741685,12.050674333034124,150.3899534196456,17.73738938181901,False,False,False,False,False,False,False,False,0,False,medium
35,3,2,12,98.77403131538712,71.15916796397207,8.57377713521541,,22.579495125314416,False,False,False,False,False,False,False,False,7,False,medium
31,2,0,16,117.96763466915746,90.08360768284733,12.585234945454866,101.13790695514327,20.868917268151723,True,False,False,False,False,False,False,False,3,True,high
26,5,4,23,112.7910654310322,81.72838512596721,8.431712424282304,144.60718326535712,20.714324214052922,False,True,False,False,False,False,False,False,7,False,medium
38,5,4,31,110.3016778761795,76.12234681841957,10.606773106279345,70.19739858549818,23.62328396125569,False,False,False,False,False,False,False,False,2,False,medium
35,4,0,12,130.55157254834288,81.0334658437797,8.441867402932257,70.0,17.201716251702557,False,False,False,False,False,False,False,False,0,False,medium
38,5,2,15,106.20224502323376,68.24239585368969,9.309997340905051,85.4920849741767,19.504623943501407,False,False,False,False,False,False,False,False,8,False,medium
34,4,3,15,98.26277127627998,55.0,,,18.95174186277608,False,False,False,False,False,False,False,False,0,False,medium
26,5,2,28,124.54859470463025,68.93303630930222,12.671132598135554,108.7083255444857,21.983101708930292,False,False,False,False,False,False,False,False,8,False,medium
35,3,1,10,97.95527372135334,82.47456957242169,12.842115679644968,80.17687847819492,19.927354727433944,False,True,False,False,False,False,False,False,1,True,medium
25,5,4,29,91.86468306449724,75.80216039688963,8.681618746338552,,20.19028492534716,False,False,False,False,False,False,False,False,3,False,medium
23,5,1,22,125.89921227987958,73.63165527322127,9.318310146877339,77.68736298919903,23.541853656912664,True,False,True,False,False,False,False,False,1,True,medium
27,2,1,18,116.90466700674986,66.52159929222272,11.543796110129811,77.68681498226064,21.21726051065381,False,False,False,False,False,False,False,False,7,True,medium
39,4,1,36,120.67263552842532,55.441741740834644,12.144507984286957,139.12327104452825,23.019225147527756,False,False,False,False,False,False,False,False,0,False,medium
30,5,4,35,109.69086910264454,89.2484562081479,9.7207781038422,101.84443068749306,18.53720753892348,False,False,False,False,False,False,False,False,4,False,medium
26,3,2,34,98.38712642069177,72.92105258188393,10.073725787929725,143.9308059430161,19.68631085574102,False,True,False,False,False,False,False,False,8,True,medium
28,4,3,37,100.77055343658799,70.70462018102809,9.189843766306183,85.41968367309987,31.163313787637236,False,False,False,False,False,False,False,False,3,True,medium
24,5,4,15,111.7337332068246,68.28353732908128,13.653192464930466,115.80475029101811,20.210380996040556,False,False,False,False,False,False,False,False,1,False,medium
32,5,4,36,99.7311657049835,87.5452247762663,10.240070721514373,109.99581852696434,15.0,False,False,False,False,False,False,False,False,7,False,medium
25,5,4,13,118.68463488454783,83.81350812379384,11.050067685780423,124.3529946059777,24.368512851326333,False,False,False,False,True,False,False,False,5,False,medium
30,5,4,18,109.45050474358698,65.32760535789046,11.133831363556205,110.60006710590858,20.168123978710597,False,False,False,False,False,False,True,False,8,False,high
26,5,4,26,117.22043256838367,86.64542965043535,12.768992725558094,126.67183465199439,23.975387600853153,False,False,False,False,False,False,True,False,3,False,high
25,5,4,32,116.86177753871716,73.54929581078733,9.476053496588145,117.1923474752155,22.641860029504624,False,False,False,False,False,False,False,False,3,False,medium
39,4,3,27,119.64159465309432,68.89457812012773,12.869217334761846,80.99201842186902,25.19950496038544,False,False,False,False,False,False,False,False,2,False,medium
25,3,0,26,120.99379032746799,72.06387613202449,8.954046855005293,121.1197248174026,22.601508770956272,True,False,False,False,False,False,False,False,1,False,medium
19,1,0,20,110.87319291064905,67.16702749485103,12.865152412444358,102.73182132366851,22.093790946526628,False,False,False,False,False,True,False,False,4,False,medium
26,4,3,27,117.20763119960597,61.7912289725121,8.255520663832405,87.91216925849113,27.591681711465913,False,False,False,False,True,False,False,False,8,True,low
29,3,1,23,117.83209754104209,82.7613096550859,10.832710957011033,120.26751108741784,15.0,False,False,False,False,False,False,False,False,5,False,low
20,5,4,23,90.0,72.79295140968532,13.60069955472463,125.27428805175889,17.698049127035315,False,False,False,False,False,False,False,False,6,False,medium
24,5,4,27,122.75830895031388,81.17209533645271,12.115609773193048,94.36156638520929,19.69962030836162,False,False,False,False,False,False,False,False,6,False,medium
21,4,3,27,116.79930635464301,77.87213331129547,11.673987661825999,97.28757179732625,16.228624366367466,False,False,False,False,False,False,False,False,1,False,medium
29,4,3,18,121.76858638292285,80.4854111135324,9.322535773401324,74.48335337100407,21.082452689640547,False,False,False,False,False,False,True,False,7,False,high
33,3,1,12,99.55787685463285,55.0,9.824318009330629,70.0,20.687680671027188,False,False,False,False,False,False,False,False,0,True,medium
39,3,2,17,111.21072189805128,66.33239750642983,13.151033313649855,99.66921746509742,26.898800687154726,False,False,False,False,False,False,False,False,4,False,medium
26,5,4,21,101.90164652121304,80.69364755401848,11.75574318601117,122.42519860724603,,False,False,False,False,False,False,False,False,5,False,medium
36,5,4,13,123.9352165145545,62.25169305864032,12.424398795200903,,22.147954821995445,False,False,False,False,False,False,False,False,1,False,medium
22,2,1,13,98.13860149517807,78.73065083812232,11.118070099969186,136.41146060536346,21.480645893108406,False,False,False,False,False,False,False,False,5,True,low
35,5,4,39,103.85614261693215,61.09295419981425,10.549229625578423,100.48837217969972,18.792016586321214,False,False,False,False,False,False,False,False,0,False,medium
30,3,2,17,121.41176953926377,75.16443983494695,12.22665860876069,100.57779484728258,26.563175578703103,False,False,False,False,True,False,False,False,2,True,medium
34,5,4,32,107.44750561267303,91.09990393936057,11.414964855129552,98.63998236818267,27.84030789206934,False,False,False,False,False,True,False,False,6,True,high
34,3,2,12,103.85931211853129,82.74600115331624,10.728063998259131,126.59503662354909,18.15133599734537,True,False,False,False,False,False,False,False,5,False,medium
29,4,3,40,125.8806331544822,56.492590525592654,8.737588709533759,83.90396745331917,29.480223414026536,False,False,False,False,False,False,True,False,8,True,high
23,1,0,15,126.37254107910242,83.48371404316184,12.526253275711321,102.16287631883706,20.31606967414662,False,True,False,False,False,False,False,False,1,False,medium
29,2,1,20,123.66485431049198,93.22238226729583,11.704042098623015,,19.98993352323035,False,False,False,False,False,False,False,False,7,False,high
36,4,3,33,125.18451608728353,102.9701601016174,10.029980721363435,92.6455031564831,24.89117468680164,False,False,False,False,True,False,False,False,3,False,high
39,5,4,14,112.22104865274332,79.7507573746869,12.886804374604882,105.77339557852332,25.248176560137743,False,False,False,False,False,False,False,False,7,False,medium
38,1,0,26,112.54488430436062,61.35580076114645,11.3900999985066,102.50688760279432,22.71494349928678,False,False,False,False,False,False,False,False,2,True,medium
21,3,0,33,107.22302465759677,79.34677978024429,11.421438142552123,128.13676857038848,21.61486102672717,False,False,False,False,False,False,False,False,6,False,low
31,4,3,8,117.01275001259172,90.96033598341465,12.414232921991736,104.762967595603,27.68941153185241,False,False,False,False,False,False,False,False,7,False,high
20,4,2,8,108.66522007208982,73.12911820249697,12.069930592488479,117.21012638961143,20.506802908571892,False,False,False,False,True,False,False,False,6,True,medium
32,5,4,34,109.80320552887628,85.43108922882558,11.469879166609353,108.8006132243567,22.724923744014426,False,False,False,False,False,False,False,False,2,True,medium
39,4,0,16,122.1988052077948,66.60397001122313,10.698263914328004,135.88269800460813,29.775149880042143,False,False,False,False,False,False,False,False,7,True,medium
19,5,1,38,129.21447094617255,78.7235325312685,14.173862646775246,98.34753068743323,17.6516669321579,False,False,False,False,False,False,False,False,2,False,medium
32,2,0,38,119.77912305124114,55.0,9.825918686617577,98.40942934151477,21.16540189170446,False,False,False,False,False,False,False,False,1,False,medium
38,4,3,37,136.53179038291083,65.49664618163283,12.193554942390529,121.39084893108272,27.100541047302134,False,False,False,False,False,False,False,False,6,False,medium
36,5,4,40,106.53381313560702,74.93879352718145,10.865825333804278,98.04793747909945,25.112000166100056,False,False,False,False,False,False,False,False,1,True,medium
26,3,0,35,92.9443043294889,71.36643269423564,11.727541803941074,115.96461706435804,26.576070359622538,False,False,False,False,False,False,False,False,0,False,low
20,5,1,20,123.57553467507465,61.99382505724253,12.973477309392436,156.43411692180968,17.708462750914627,False,False,False,False,True,False,False,False,0,False,medium
38,5,4,40,,70.00343801915044,10.501474516849933,83.46304142060188,24.284460074043643,False,False,False,False,False,False,False,False,6,True,medium
38,5,0,19,111.71569309869564,78.29655048467997,11.962938147413864,138.696750260544,21.85917323604449,False,False,False,False,False,False,False,False,0,False,medium
30,5,4,27,93.76244187854651,74.13772412889782,11.424891648815636,94.17145417716938,32.08966787867352,False,False,False,False,False,False,False,False,0,True,medium
39,5,4,8,104.20947703185008,75.60937569870869,9.973917609154693,134.42893054223654,26.237511224340086,False,False,False,False,True,False,False,False,8,False,medium
18,1,0,39,96.97327100104917,82.31968803085739,13.012958397950733,120.09300881496661,22.910725553319825,False,False,False,False,False,True,True,False,0,False,high
31,4,0,27,109.78836083895635,71.56837299266753,,118.20720850494126,24.143593986346517,False,False,False,False,False,False,False,False,6,False,medium
18,4,3,39,110.2653820734046,88.59177883051915,,101.67881076245534,23.21715101705675,False,False,False,False,False,False,False,False,4,True,medium
38,2,0,19,116.0795249385785,65.10728933898588,12.765750043580928,99.48892807489025,25.796060031222343,True,False,False,False,True,False,False,False,3,False,medium
32,3,2,18,129.87667557226212,94.28002553059518,9.669728559883147,89.11583323908546,19.57479770309059,False,False,False,False,True,False,False,False,8,False,high
38,5,0,25,123.12287517877382,86.13038630494262,10.953705179383787,105.13807291292248,28.460869359335923,False,False,False,False,False,False,False,False,3,True,medium
30,3,2,36,95.53396436547423,71.44002219487778,10.313241864710216,100.95394818219151,,False,False,False,False,False,False,False,False,1,False,medium
19,2,1,26,122.29618522735427,72.1068129576892,12.202099182431985,109.20240156846594,23.82017530216378,False,True,False,False,False,True,False,False,3,False,medium
18,4,3,34,116.34105636929752,77.06735591611736,10.232506631146988,73.96558776616465,19.7028807985376,False,False,True,False,False,False,False,False,2,False,medium
25,5,4,15,113.82608281556682,80.98670929871977,12.21357298713767,105.498192636162,23.171309836575762,False,False,False,False,False,True,False,False,6,False,medium
34,4,2,33,114.7276056407533,85.94548275233457,11.951136228142456,132.77836568315053,26.952074975882255,False,False,False,False,True,False,False,False,6,True,medium
21,5,3,32,117.45462913703506,61.59408751984917,10.399601364138924,125.76906776303488,16.150618316363442,False,False,False,False,False,False,False,False,0,False,medium
36,5,3,37,106.69735850783722,79.37442622061246,13.927548146330084,105.50603908094678,22.322086750436085,False,False,False,False,False,False,False,False,8,False,medium
23,5,4,9,112.81178970970431,55.0,9.807624560442456,161.37319824894965,17.240972021758147,True,False,True,False,False,False,False,False,7,True,medium
28,4,1,20,129.20726948670202,73.22699514164516,8.745577462309182,92.29822729174552,21.88247005239593,False,False,False,False,False,False,False,False,4,True,medium
22,3,1,10,106.5531305868936,89.53912503787458,12.369758618669902,103.09321505798997,17.230427284782316,False,True,False,False,False,False,False,False,3,True,medium
28,4,1,21,102.64134428589885,60.82390967781502,,73.08867006665682,23.647142874363414,False,False,True,False,False,False,False,False,4,False,high
27,4,3,33,114.25951182551378,59.00762213968338,13.386906922129024,96.12002314459592,21.295320400135754,False,False,False,False,False,True,False,False,4,False,medium
18,5,4,29,101.43320251892384,77.20795099547976,11.162806202442187,144.33191084607358,25.988490151145882,False,False,False,False,False,False,False,False,2,False,medium
30,3,1,32,94.32660254254793,88.87429164172602,8.716823880311619,96.95941399117044,27.914232444023977,False,False,False,False,False,False,False,False,3,False,medium
35,1,0,32,110.8663938751022,78.25395451085322,9.482456796036205,71.38771375056743,,False,False,False,False,False,False,False,False,3,False,low
38,4,3,40,132.3834626147671,55.95382103118449,8.38545811917598,124.18397543248204,26.57461994169184,False,False,False,False,False,False,False,False,8,True,medium
25,4,2,37,114.53675084947729,58.16871586953726,11.612612724325668,113.56262532859316,28.529834573853297,True,False,False,False,False,False,False,False,1,False,medium
37,2,1,27,117.14292513337855,75.9774643292942,8.876937326412387,123.27421345255696,19.31158775091946,False,False,False,False,False,False,False,False,0,False,medium
37,3,0,36,90.0,63.207575807042325,11.803342449113517,98.46487627865685,28.739942262519993,False,False,False,False,False,False,False,False,1,False,medium
39,5,4,9,120.25750590929137,76.36686293905656,10.512281357674281,82.8432749787482,22.852243508197258,True,False,False,False,False,False,False,False,1,True,medium
26,5,4,31,116.1203903357175,76.95995113266939,,100.96028733175112,19.086493288472475,True,False,False,False,False,False,False,False,6,False,medium
36,4,3,25,107.02102206352775,70.10242489342289,11.814953546978549,,24.193849551429487,False,False,False,False,False,False,False,False,3,False,medium
30,3,2,39,117.1606056568285,93.14754293948813,11.997618127404946,103.40880731831234,22.71161946887868,False,False,False,False,False,False,False,False,4,False,high
19,5,1,24,117.04145940589552,80.90467204934292,12.833284595272728,113.53501381220764,17.371952776508234,False,False,True,False,False,False,False,False,7,True,medium
23,5,2,13,102.28614485970478,87.11590878794176,9.985954662031011,93.18999766746344,18.59580200676946,False,False,False,False,False,False,False,False,6,True,medium
32,4,0,31,118.98224472135891,84.20581758271622,10.952304859742512,114.35212363648206,29.549257322399775,False,False,False,False,True,False,False,False,8,True,medium
21,4,1,39,129.36562507032585,73.49926438050132,9.983476587949744,104.93369336487417,24.114299425895044,False,False,False,False,False,False,False,False,5,True,medium
27,4,2,8,112.2647022943178,73.05552748660652,11.26077996087487,89.47077384382276,28.927176988605776,False,False,False,False,True,False,False,False,6,False,medium
35,3,2,10,104.58886957075471,72.0237996317123,9.75473650356779,108.07890341198389,21.33370743297981,False,False,False,False,False,False,False,False,0,True,medium
21,3,0,29,112.86903916237927,81.81102252500244,10.321445231199172,96.4927727892155,19.79348395836569,False,False,False,True,False,False,False,False,2,False,high
28,5,4,26,125.25535834077314,68.49634822628137,10.3295991843663,118.57761829332765,16.26674166742107,True,True,False,False,False,False,False,False,4,True,medium
22,4,1,26,100.28417392843274,92.25032942034568,11.469377510443538,124.2094520471101,26.87190764535074,False,False,False,False,False,False,False,False,8,False,high
29,3,2,10,121.94269910541017,67.54130696327607,11.004727947575326,116.0338314141449,24.64252912591834,False,False,False,False,False,False,False,False,4,False,low
23,3,2,26,106.86382649775423,77.14475072297029,11.810082569229953,70.0,21.369819113061148,False,False,True,False,False,False,False,False,6,False,medium
39,3,2,26,117.90475697655685,72.70919187954051,10.82880546856653,,19.82936176193573,False,False,False,False,False,False,False,False,1,True,medium
19,5,4,36,108.22802469945324,70.49206685613473,10.072395733104852,90.99530893831393,27.507478376138444,False,False,False,False,False,False,False,False,6,True,medium
39,4,3,20,108.19579653902127,96.72346852463613,11.306052635611957,87.48109102472323,22.29087547729407,False,True,False,False,False,False,False,False,8,False,medium
35,5,4,19,133.27713899482058,70.60945658587536,9.53250569057466,93.05736655011044,22.333879138097753,False,False,False,False,False,False,False,False,3,False,medium
36,3,1,10,98.0909609135981,71.95278819007574,11.910652505246965,125.35546642948502,20.596917218030512,True,False,False,False,False,False,False,False,7,False,medium
36,4,1,26,120.82439413054654,68.35866401544111,10.543255699256253,120.37039764785534,21.37016202901745,False,False,False,False,False,False,False,False,1,False,medium
22,4,2,29,135.77589293105544,75.41040615688922,11.327231055519256,95.67527074579415,25.200491337802255,True,False,False,False,False,False,False,False,8,True,medium
38,5,2,17,123.22626311767387,73.98693632657306,,118.01946051981622,17.334239081522263,False,False,False,False,False,False,False,False,6,True,medium
31,2,1,32,99.02683577152982,63.80746869295695,13.562472775016863,112.23452515424059,23.322948998676033,False,False,True,False,False,False,False,False,5,False,medium
39,4,2,38,99.62103389301514,70.75630135652344,11.610533922500448,104.27710615791516,26.822340235362024,False,False,False,False,False,True,False,False,5,True,high
37,4,0,13,105.98049548024318,81.09686542783962,11.117150324911636,130.2609434573107,22.660965109741387,False,False,False,False,False,False,False,False,7,False,medium
30,3,2,26,,85.26986849421954,9.892206688223272,90.45148123668503,27.216905042536823,False,False,False,False,False,False,False,False,2,True,medium
26,4,3,30,117.71131232906862,75.2400061296548,12.283816247888808,106.16070981979527,28.362396582508005,False,False,False,False,True,False,True,False,1,False,high
20,3,2,8,99.7396413484037,75.58994790653209,10.567671167339965,81.88107774862115,26.614329380789105,False,False,False,False,False,False,False,False,5,False,low
20,5,4,13,104.5269104986364,71.39004928234723,8.55923176651768,82.93555199469661,20.850976923289767,False,False,False,False,False,False,False,False,7,False,medium
26,5,4,21,105.26221015623976,69.97558298042117,10.687858844381871,75.0631694524749,22.858246568089527,False,False,False,False,False,False,False,False,8,True,medium
35,5,4,12,112.83103830262128,65.80426970117698,11.306383670989142,83.31114267511286,24.38308074230129,False,False,False,False,False,False,False,False,8,True,medium
29,3,0,19,138.8163454874929,59.43350545761049,9.690390883755702,106.82821234542068,21.121001054140986,False,False,False,False,False,False,False,False,1,False,medium
28,5,4,12,103.80175521251863,67.97553325893463,10.810911511824425,98.34534805667758,20.987575688161748,False,False,False,False,False,False,False,False,0,False,medium
23,2,1,37,103.27650600237054,84.04052867340513,10.885627461361436,99.06283161105519,20.746746603337108,False,False,False,False,False,True,False,False,1,False,high
30,4,2,27,,70.75583057302823,10.910547369158689,98.41841139977895,33.1742424041874,False,False,False,False,False,False,False,False,5,False,medium
32,3,2,18,122.62653485490678,71.53981316305958,12.975426991544728,144.00033775129236,21.915637123278948,False,False,False,False,False,False,False,False,3,False,medium
39,5,1,33,114.50390084373878,71.34514800285353,8.901507422104462,79.98203672646315,27.274702435180497,False,True,False,False,False,False,False,False,0,True,medium
34,5,4,8,104.2452814219605,87.44707665832735,14.254083934696903,77.62994696588711,19.522390872865447,False,False,False,False,False,False,False,False,3,True,medium
31,4,3,27,110.64645299466001,65.71617429468662,10.947463487694067,86.40070296338445,29.807100149798174,True,False,False,False,False,False,False,False,5,False,medium
38,5,4,30,105.50187638850758,77.77053338389993,11.92833797432394,103.41831363781023,21.485730138418518,False,False,False,False,False,False,False,False,0,False,medium
27,5,4,34,118.55069537427094,74.31533866429837,,116.3249688769152,23.211907628809687,False,False,False,False,False,False,False,False,8,True,medium
38,4,2,15,147.21251928155604,75.67926825094769,8.238362285175695,118.6089275054803,15.66910891338961,False,False,False,False,False,False,False,False,3,True,high
26,4,3,27,121.61037286830684,77.4435040711645,9.3094757520226,125.78204296013534,27.46640391885264,False,False,False,False,False,False,False,False,1,False,medium
20,3,2,33,113.88413781871164,75.5716494026807,10.161158592579538,102.61874494707178,28.332879311739074,False,False,False,False,True,False,False,False,3,True,medium
27,3,2,34,107.02029415014457,82.9302188665092,12.589951708987144,96.28093536205031,18.25091361084979,False,False,False,False,False,False,False,False,4,True,low
20,4,3,13,98.87919901738181,,8.785086182800457,140.93613528895068,27.699216888316077,True,False,False,False,False,False,False,False,7,True,medium
20,4,3,40,123.80427677683643,92.44376393425698,9.630820116734268,70.0,17.65084956225085,False,False,False,False,False,False,False,False,0,False,high
37,5,4,17,123.15225014039584,75.44479938966846,11.263761344445209,106.38069849377123,25.5282687180289,False,False,False,False,True,False,False,False,4,True,medium
35,4,3,20,109.40678803971032,57.965331173997306,11.756570316452699,114.46015277886673,21.848120900222856,False,False,False,False,False,False,True,False,5,False,high
22,4,3,14,129.56000779531144,81.38310358143731,11.7083534029304,146.22104805229213,28.345015505525918,False,False,False,False,False,False,False,False,7,True,medium
36,5,4,12,115.25328326662101,78.92096805259781,9.425591818042054,70.0,23.996765870993826,False,False,False,False,False,False,False,False,1,False,medium
19,5,0,16,124.29712882474162,75.32545031761924,8.443213823693853,95.75697195455416,26.72587295363786,False,False,False,False,False,False,False,False,1,False,medium
24,4,3,12,,72.40428684378855,11.862495429140852,75.13257557554203,27.951026677977524,True,False,False,False,False,False,False,False,8,True,medium
33,5,1,32,112.87436944146835,55.0,13.292998306463566,70.0,21.83587393064497,True,False,False,False,False,False,False,False,8,False,medium
24,3,2,27,103.54138466431016,55.53155937734325,10.447517415398902,100.50043476221867,22.884386940622694,False,False,False,False,False,False,False,False,2,False,medium
34,4,3,20,113.25356089164795,91.47519220497482,9.168501624825547,123.32806266747296,18.555272995257475,False,True,False,False,False,False,False,False,4,False,high
37,4,1,26,125.10460802673816,69.14497396900613,,131.53133094328422,,False,False,False,False,False,False,False,False,1,False,medium
19,5,4,27,108.90237865720688,84.65620427552209,11.630500117415568,93.29879823248672,,True,False,False,False,True,False,True,False,7,False,high
18,3,2,14,120.27689674723814,58.96966726759538,10.626970949157387,119.66357729169496,26.023129919567204,False,False,False,False,False,False,False,False,8,True,medium
38,2,1,17,102.00716941571196,64.53141704631734,13.2515098264237,100.65018863669653,18.82160183876785,False,False,False,False,False,False,False,False,4,False,medium
29,5,1,37,124.3607000335643,81.78640946881715,12.47995315104686,117.2446231406954,29.52577054767626,False,False,True,False,False,False,False,False,5,False,medium
29,3,2,8,118.75529603787955,73.97498964301367,11.294940905926802,130.39845544850294,24.556012713890365,True,False,False,False,False,False,False,False,6,False,medium
28,5,4,39,100.574670893962,80.37667171989379,7.873083360593021,100.72693033431646,26.321697923636656,False,False,False,False,False,False,False,False,4,False,high
27,4,0,39,112.31182571774066,74.86367434070192,9.892378193854208,128.69343641335016,24.962115260917695,False,False,False,False,False,False,False,False,3,False,medium
33,4,2,16,126.17729091182044,72.92328035993391,10.123164277846934,78.31339966720438,24.679033722992795,True,False,False,True,False,False,False,False,6,True,low
30,5,4,18,99.89160951216131,68.1995617182511,9.80541442936321,119.44323137331877,15.0091446300796,False,False,False,False,False,False,False,False,2,True,medium
21,3,2,14,102.14859713650078,63.05997344069999,11.30531403498388,127.74081200134664,27.427837523312927,False,False,False,False,False,False,False,True,7,True,high
31,3,2,26,114.16603654256208,89.02701289732498,11.338307329656368,125.46460254570864,15.0,False,False,False,False,False,False,False,False,3,False,medium
32,3,1,15,140.59996876518633,90.6730910612988,8.32148021095165,78.92953112886107,27.063952882740132,False,False,False,False,False,False,False,False,7,False,high
20,5,0,34,106.92906299152602,64.61297045255816,12.287356899297842,100.47215801234894,23.39826637083362,False,False,False,False,False,False,True,False,4,False,high
26,4,3,20,120.94328799502594,63.959208979930516,11.025797930122131,111.6478528649063,26.341857106763428,False,False,False,False,False,False,False,False,3,False,medium
35,5,4,39,118.12162489121621,71.52226857577908,11.572226261613778,114.74715368883065,23.633603499026975,False,True,False,False,False,False,False,False,1,True,medium
31,4,2,36,107.92576119681347,78.40435014863152,12.19172213578964,107.54927088609367,27.17500772003566,False,False,False,False,False,False,False,False,3,False,medium
21,3,2,21,116.9336002214185,73.1818179204333,9.772848449055735,136.44209820586664,23.06459221078354,True,False,False,False,False,False,False,False,6,False,medium
18,2,0,27,109.62598405486054,79.99520065247721,13.01424910290531,76.49578776525802,24.123706719078555,False,False,False,False,False,False,False,False,4,False,low
30,5,4,8,110.70634251860186,,10.773130308660523,99.71448165237028,24.61904038869183,False,False,True,False,True,False,False,False,5,True,low
28,5,4,10,95.0647371667224,73.85368858550767,13.420075562507096,70.0,30.514569116952682,False,False,False,False,False,False,False,False,5,True,medium
39,5,4,24,114.70676518160414,99.13078736769869,9.56970810355012,118.66747382448568,25.40110030668093,False,False,False,False,False,False,False,False,4,False,high
29,2,1,23,125.78912207947062,69.74796748404692,13.301194571089425,117.20162784368625,17.732588628569175,False,False,False,False,False,False,False,False,2,True,low
38,4,3,21,115.68910929735623,91.39946892824547,9.553625561011907,178.6692740457577,20.744080909542987,False,False,False,False,False,False,False,False,1,False,high
22,3,2,10,128.08609312986917,89.46863067680864,15.078050058568945,127.57991248448832,25.39201604657231,False,False,False,False,False,False,False,False,1,False,medium
27,2,1,35,121.96392935134021,80.04093506584648,9.477065978585442,112.29003310537381,28.038983774403,False,False,False,False,False,False,False,False,6,False,medium
21,2,1,21,114.28550432403736,55.73868163550475,12.690538752728628,110.6076916648244,20.111295614831114,False,False,False,False,False,False,False,False,3,False,low
30,2,1,23,107.46489336391818,75.31057490362961,10.420169242091996,98.0345599662182,31.95951046532016,False,False,False,False,False,False,False,False,0,True,high
22,4,2,21,109.16483541566315,69.85305242604453,12.144035813866477,107.87072926721925,23.702415219593412,False,False,False,False,True,False,False,False,7,True,medium
28,4,0,24,97.35387431275454,75.20090691440474,10.935159892598932,111.07747715506535,24.68226961030625,True,False,False,False,False,False,False,False,3,True,medium
25,4,3,29,111.79505331882008,64.37033207612117,9.254031399419658,70.0,17.98370602375944,False,False,False,False,False,False,False,False,2,True,medium
22,3,2,33,116.75198510276984,82.56257949050053,6.5250717483001255,109.33209899115397,27.461906327211796,False,False,False,False,False,False,True,False,4,False,high
20,5,4,26,135.5850531735908,84.84985027111065,15.01213327390863,107.22221050424432,21.216863302329106,False,False,False,False,False,False,False,False,3,False,medium
29,5,1,13,121.33984387934652,86.70024302066942,11.11683876098402,143.58829208797536,20.016468674501102,True,False,False,False,False,False,False,False,3,False,medium
38,2,0,36,104.62175223834427,71.17821283615466,6.290351875307109,102.10322128434534,21.73122832314662,False,False,False,False,False,False,False,False,2,True,high
22,2,1,17,,64.40574897953226,11.484173770343851,88.15800221575046,28.531110046581084,True,False,False,False,False,False,False,False,0,False,medium
26,5,4,8,112.52137495354513,78.51681416470785,12.103338650447723,110.90770580575924,24.862970894798092,False,False,False,False,False,True,False,False,5,False,medium
22,5,1,9,124.741173361933,92.56074322148741,9.855870746377603,106.6356575813887,19.443659054503648,False,False,False,False,False,False,False,False,6,True,high
35,4,3,33,112.35260395966735,75.69389634613533,,102.12678629128622,20.87848411381188,False,False,False,False,False,False,False,False,8,False,medium
27,5,4,20,121.50381010006714,79.522970861121,10.968253044736027,76.8622461624746,28.638266299928524,False,False,False,False,False,False,False,False,1,True,medium
39,5,1,8,112.82649460897375,72.65076554118002,12.92415076921948,101.56757102619439,22.054475939151413,False,False,False,False,False,False,False,False,1,True,medium
23,4,3,34,123.60400521658718,69.96529794104237,11.159936191716843,92.25777881085168,25.241650236429223,False,False,False,False,False,False,False,True,3,False,high
19,3,1,18,95.83290372753207,81.58275938604498,13.341160486947977,100.23740702392871,26.22059614266203,False,False,False,False,False,False,False,False,7,False,low
30,2,1,40,134.25018544175322,73.93933232661135,12.809950676048386,121.10737091020418,15.0,False,False,False,False,False,False,False,False,5,False,medium
32,2,1,37,101.65019862131547,79.0352291152933,10.633944361178385,90.16068453659112,28.05756379233242,False,False,False,False,False,False,False,False,5,False,low
39,4,3,9,124.52478795675732,80.07506857277028,8.487161985290927,100.13288537401006,19.590594049833086,False,False,False,False,False,False,False,False,4,True,medium
37,5,4,30,111.73379206397254,78.47516839138908,10.637326657925835,116.90650927271275,21.557647400088825,True,False,False,False,False,False,False,False,8,True,medium
37,2,1,27,113.61006519559719,80.5785531938774,11.842371840632033,99.07314974930644,29.157277247794294,False,False,False,False,False,False,False,False,3,False,medium
31,2,1,13,112.10677712835822,66.46994267239909,11.09582956220715,162.4020917183888,28.78769878500613,False,False,False,False,False,False,False,False,0,True,medium
25,5,4,19,,65.85970643653168,12.015079730706072,110.4750630200872,24.97111961416618,False,True,False,False,False,False,False,False,4,False,medium
27,3,2,24,120.49029451937074,74.57378393392743,12.381471961839553,77.67826528993159,25.91375579245912,False,False,True,True,False,False,False,True,8,True,high
20,3,2,12,127.70033814187681,74.81438679738753,11.849373685465416,86.53533965231851,26.911846891106688,False,False,False,False,False,True,False,False,4,False,medium
27,4,3,31,131.89538659116855,69.77677173280371,10.55947431351628,84.32143465107863,28.720431777825887,False,True,False,False,False,False,False,False,7,False,medium
26,3,0,17,118.98185856132042,77.41000296414676,11.83181355998722,86.84942170032133,29.229674428511085,False,False,False,False,False,False,False,False,6,False,low
18,5,4,38,135.56409087001964,84.0821743083404,14.576774770446303,116.8135186008272,23.43080892648052,False,False,False,False,True,True,False,False,8,False,high
22,3,1,34,116.11567051386973,86.87511874153486,8.616192702926382,80.65679196138319,20.050659767665028,True,False,False,False,False,False,False,False,5,True,medium
29,4,3,28,127.9292843470351,89.12261872647156,11.779659947026335,97.71347336062497,21.97938914238545,False,False,False,False,False,False,False,False,6,True,medium
26,5,2,11,120.14463607487377,61.85198336942815,13.931205256089171,130.14043198173502,23.50880026298603,False,True,False,False,False,False,False,False,5,False,medium
39,4,3,8,108.4095444228956,63.370014262915745,9.120656006264896,93.5650125998503,22.787730513677015,False,False,False,False,False,False,False,False,2,False,medium
28,4,3,12,117.17480985255813,72.10354606558354,12.601760146953465,119.77270438181192,18.951112297819833,False,False,False,False,True,False,False,False,0,True,medium
39,5,0,24,121.0380625301095,75.80286541007376,12.815547591306602,70.0,24.747176696204498,False,False,False,False,False,False,False,False,3,True,medium
32,2,0,33,114.6136224231687,72.6158199614301,8.637046152145818,96.84646880927218,16.728849308948174,False,False,False,False,True,False,False,False,8,True,medium
18,5,4,13,119.95427821597067,69.4736066981745,12.139778743069106,85.50920147630251,23.34154990206483,False,False,False,False,False,False,False,False,0,True,medium
22,3,2,31,125.38435551192273,71.95581759802627,10.565894558142192,111.59496104503057,,False,False,False,False,False,False,False,False,2,False,low
33,5,1,9,114.71952229604929,79.83313822432503,10.903286725584236,82.23488119040866,23.460962940811797,False,False,False,False,False,False,False,False,0,False,medium
29,1,0,16,90.0,61.703775532079675,,150.53245136480464,26.404859197504635,False,False,False,True,False,False,False,False,3,True,high
24,5,0,27,135.13924181792046,98.43357172587102,13.10030254629541,70.0,25.87442423911657,False,False,False,False,False,False,False,False,8,False,high
29,5,4,35,111.42890283735606,75.20993543384299,10.820606367360917,129.9871851653323,31.890713357955626,False,False,False,False,True,False,False,False,3,False,medium
37,5,4,33,105.12063735001243,85.50847394228725,10.258698344558988,124.32209588329347,20.929152864716208,True,False,False,False,False,False,False,False,7,False,low
26,3,1,25,101.5106764521662,69.19995105035493,10.285799178652464,111.81694544366007,24.117332657805015,True,False,False,False,False,True,False,False,5,False,medium
18,2,1,9,110.96264917199626,80.74349592524769,10.454416070577457,106.1975315772638,23.860947091610377,False,False,False,False,False,False,False,False,0,True,medium
24,3,2,17,108.24702602419622,76.00091072828576,9.272743168111141,145.80909075444464,23.672745458763295,False,False,True,False,False,False,False,False,2,False,medium
38,1,0,33,106.1558864333837,83.56808393888294,10.244585507888837,159.36120556704685,17.940583061781734,False,False,False,False,False,False,False,False,4,True,medium
34,5,2,10,106.81448476186512,73.01353082176249,11.18827139952547,100.44013285799879,18.266096362778107,False,False,False,False,False,False,False,False,2,False,medium
36,4,3,31,121.35691388871787,90.51563567089678,11.647010271972018,108.47092622325118,23.02586587989859,True,False,False,False,False,False,False,False,2,False,high
38,5,4,31,139.36436129203722,60.07944152512956,12.92646249254849,,16.6964243275512,False,True,False,False,False,False,False,False,5,True,medium
20,3,1,32,124.84685917617881,84.49373830198023,11.385566239266812,79.27567724565682,21.663178579837343,False,False,False,False,False,False,False,False,2,False,low
24,4,0,15,128.47117821705484,76.18719755533048,10.24084843264501,115.18848059382064,20.409841598028194,False,False,False,False,False,False,False,False,7,False,medium
19,3,0,16,110.47107962263914,64.81673301627056,9.382336009896067,110.49169286567827,21.808090241365523,False,False,False,False,False,False,False,False,8,True,medium
18,5,1,14,116.25598438660694,94.5206587004711,11.471179009290562,70.0,27.529307822401375,True,False,False,False,False,False,False,False,0,True,medium
36,5,3,20,120.11778885076345,93.48697726567579,10.812206750787459,115.03204367417258,18.68665754769683,True,False,False,False,True,False,False,False,8,False,high
38,5,0,25,107.08530527628676,55.0,10.86509240957732,111.229076767232,26.47919660223966,False,False,False,False,False,False,False,False,5,False,medium
21,4,3,11,109.8912391534106,76.76784387345825,11.420047227436957,91.77261687408497,20.714849236964774,False,False,False,False,False,False,False,False,3,True,medium
33,4,2,26,125.25462349999692,,11.831022529991568,90.33650146066574,21.212989085116295,False,False,False,False,False,False,False,False,4,False,medium
29,4,3,15,128.0835130612013,79.41704808317814,11.431576358618353,114.32315488302454,24.862182623954777,False,False,False,False,False,True,False,False,7,False,medium
19,3,2,26,115.8089232341831,90.15529608278433,10.727171034808478,140.3953964139742,21.903405999509705,False,True,False,False,False,False,False,False,1,True,high
38,3,0,17,100.65811383065528,88.07632707514614,9.71778911353051,113.76470385241886,19.43012892807567,False,False,False,False,False,False,False,False,1,True,medium
37,5,0,39,111.4528962013881,77.65187356317182,10.019544369798343,122.17065352756073,21.518890782464396,False,False,False,False,False,False,False,False,0,False,medium
30,3,2,18,97.70402638592954,97.77103612411636,12.357215720200687,86.69167933992311,15.893465312906496,False,False,False,False,False,False,False,False,6,True,high
33,3,2,36,115.90242891801672,84.36846522707577,10.322262018565247,95.88600742932414,24.524738079201317,False,False,False,False,False,False,False,False,7,False,medium
26,5,4,13,118.06483733525702,71.48585504822077,8.846331532100061,118.37636900349311,15.0,False,False,False,False,False,False,False,False,0,False,medium
35,5,4,10,111.75147494754668,69.47652405171648,12.855319490419571,75.11641253772056,26.552078332013803,False,False,False,False,False,False,False,False,7,False,medium
27,1,0,14,117.90053466859845,87.43341502973608,9.492194412430688,109.5584373626772,25.46104780442106,False,False,False,False,False,False,False,False,3,True,medium
39,4,1,21,120.00281486900607,67.07045773469558,11.056395366091236,115.85530673034403,29.405739176648197,False,False,False,False,False,False,False,False,0,False,medium
19,5,1,37,118.08234451488549,70.90261720541523,11.785860936335123,104.15224980084534,31.728308454888683,False,False,False,False,False,False,False,False,5,True,medium
21,4,0,13,100.58163649243684,72.60428108545152,11.005149400860445,112.02618471364188,26.7430838386368,False,False,False,False,False,True,False,False,6,True,medium
39,4,0,33,111.96082809384767,78.55653393276151,7.034979366861545,106.272036651243,20.490379866512605,False,False,False,False,False,False,False,False,0,False,high
24,2,0,30,119.91811573919522,73.06541637038418,11.624780794570762,91.31244473998773,31.690489541581684,False,False,False,False,False,False,False,False,2,False,medium
24,3,2,19,133.944541255672,61.83029103519861,13.12234120020066,79.08165114259842,18.22426696062221,False,False,False,False,False,False,False,False,1,True,medium
35,1,0,19,111.73689099713563,86.62079737990763,12.25845156479977,103.01310631544592,15.389185468631808,False,False,False,False,False,False,False,False,2,True,medium
22,2,0,39,121.61008240537731,,7.6016096288072506,133.69913207465925,30.40985576736871,False,False,False,True,False,False,False,False,2,True,high
29,3,0,31,125.53782294308589,95.19935268799492,14.403590916804323,127.53637608039678,25.406232733096154,False,False,False,False,False,False,False,False,8,True,high
24,4,3,15,112.64046761952929,78.0399000725984,8.878637516905107,97.40268949893903,15.49672977354743,False,False,False,False,False,False,False,False,4,True,medium
22,4,3,38,128.78089296984808,87.6720748440216,9.274528864568728,96.94570235013333,17.578563192220102,True,False,False,False,False,False,False,False,5,True,medium
39,5,4,21,129.42608597717077,81.30861514180792,12.251004149659666,95.32632743238645,25.205140124403464,False,False,False,False,False,True,False,False,1,False,medium
22,3,0,10,131.56461680873429,88.15056271456626,11.724546321427708,95.32915487783882,19.52014064587731,False,False,True,False,True,False,False,False,5,True,medium
20,5,1,34,120.50118602782638,80.70338996264432,11.128536168383693,111.33048730824818,20.095404416391307,False,False,False,False,False,False,False,False,2,True,medium
32,3,2,36,143.32164699589043,77.35168833991807,10.088950012485691,128.26459069806089,30.865689735280256,False,False,False,False,False,False,False,False,3,True,high
37,4,3,22,107.6166026468279,85.93234091856516,13.129370765167707,154.7818031692353,31.592776460921463,True,False,True,False,False,False,False,False,1,False,medium
20,4,0,31,140.48893103414727,99.85972114592053,10.937078639709377,86.7433545485746,23.587049615433727,False,False,False,False,False,False,False,False,5,True,high
33,5,1,15,124.2195938639012,72.30203061395125,8.494692784600716,119.32596763211038,22.39802604896245,True,False,False,False,False,False,False,False,0,True,medium
29,3,2,36,131.08464799632063,82.94926987725015,12.971679919965542,116.93135686613317,26.609820714653196,False,False,False,False,True,False,False,False,3,False,medium
36,3,0,20,111.15954694549947,74.94755077489852,11.35085598874748,97.74557877150502,20.753573513434198,False,False,False,False,False,False,False,False,3,True,medium
20,2,1,16,125.13369643556516,80.06059020493035,12.784010731660752,82.42779652083708,15.0,False,False,False,False,False,False,False,False,3,True,low
39,4,3,24,132.12368996397234,75.42158557576533,11.916077797529319,111.05820813058298,15.0,False,False,False,False,False,False,False,False,1,True,medium
31,5,2,16,101.95169627531354,55.0,14.826596393929101,151.63735531125135,22.705606650498474,False,False,False,False,False,False,False,False,1,True,medium
36,5,2,28,113.04008461821496,72.99813282261823,10.504047565132435,110.91903629940984,26.52751436346411,True,False,False,False,False,False,False,False,5,False,medium
25,3,2,32,90.0,,,87.68090464341749,23.063999818346733,False,False,True,False,False,True,False,False,8,False,medium
38,5,4,21,112.86000427781012,67.3479337673143,12.151729030335668,101.54014120970349,26.239843073818605,False,False,False,False,False,False,False,False,2,False,medium
31,3,2,33,105.20790167847896,84.20946443071543,10.513932342709268,79.91617140361382,26.639334338694653,False,True,False,False,False,False,False,False,1,True,medium
20,3,2,22,112.38678774439919,76.83609164390344,12.284220334128467,105.40722628965183,28.544162670831533,False,True,True,False,False,False,False,False,1,False,medium
38,5,4,40,150.0837202912559,73.08509469145791,6.28413909441972,120.0349766086692,23.745058203021472,False,False,False,False,False,False,False,False,2,True,high
35,2,0,16,135.61364208156638,84.05815385283368,10.883546790678919,89.76279813915212,24.103501251889316,True,False,False,False,False,False,False,False,3,False,medium
24,3,0,31,97.72662955959241,81.81031543564262,10.835212050133668,70.0,22.852801898896747,False,False,False,False,False,False,False,False,2,False,low
30,3,2,25,121.66885961919286,79.20547071198035,10.777255658418978,111.09138360076933,21.96638850540319,False,False,False,False,True,False,False,False,0,False,medium
26,5,1,39,124.58717304471087,85.15900202780414,9.596916882386486,93.96584367355447,16.71188015544893,False,False,False,False,False,False,False,False,6,True,medium
29,3,1,15,110.94523495954492,77.03098319588581,12.449796541674079,88.4852636347418,27.687936359443405,False,False,False,False,False,False,False,False,0,True,low
39,2,0,14,117.1396912379026,58.553339670109764,10.192888281964901,88.2953647259776,21.464959048707847,False,False,False,False,False,False,False,False,2,True,medium
37,5,4,36,118.31178648897998,71.21879126867681,11.320439040115177,113.80554236533061,21.235806698445256,False,False,False,False,False,False,False,False,6,False,medium
22,4,3,37,98.84066352565767,56.95597577220134,10.940538176457032,96.02606992881817,20.833528222936017,False,False,False,False,False,False,False,False,5,False,low
39,4,3,32,102.62404775096623,81.57364826208634,11.800582732566076,125.46980391324901,17.638448676274464,False,False,True,False,False,False,False,False,1,False,medium
27,3,0,23,117.06756062129189,83.96199839292967,13.28953727824622,125.95393667637502,22.657827175830903,False,False,False,False,False,False,False,False,1,True,low
33,2,1,21,116.19283033578121,84.41702242133042,11.312166168341388,99.04609589276487,25.06570000783372,False,False,False,False,False,False,False,False,5,False,low
34,5,3,29,106.49724741499277,79.89094699229804,12.346235242210389,93.54094854978506,20.178849946555236,False,False,False,False,False,False,False,False,0,True,medium
28,5,2,32,105.46748632175387,84.67925129389299,11.23179227494334,107.80958711813766,27.150404426947528,False,False,False,False,False,False,False,False,2,True,medium
28,4,3,17,113.92264900394552,59.23396661732539,10.190386889717617,101.80135000035172,21.526354569471167,False,False,False,False,False,False,False,False,7,False,medium
28,4,3,8,125.63381143579927,73.92433078205713,10.773507941504095,70.0,16.869383274065527,False,False,False,False,False,False,False,False,2,False,medium
36,3,2,10,114.08217074863755,60.85084011191785,10.5463321897235,147.11028254529987,28.494793502978688,True,False,False,False,False,False,False,False,3,False,medium
26,5,3,19,134.47276996762778,71.41670387194111,11.909059411071256,120.7153864430333,23.79385070104966,False,False,False,True,False,False,False,False,1,False,high
24,2,1,30,106.65015342804926,91.16251735932757,11.170643267630695,94.80332908638576,26.453132849217432,False,False,False,False,False,False,False,False,4,False,high
25,2,0,22,117.31731761745792,85.93237182354694,9.729176667900797,70.0,26.547438616041223,False,False,False,False,False,False,False,False,2,False,medium
22,5,4,28,110.74845485075193,81.62285406474422,10.644860377418876,101.03049903448537,,False,True,False,False,True,False,False,False,0,False,medium
26,3,0,23,,73.18379771399357,8.558533281478262,92.06450995922211,20.912344917095737,False,False,False,False,False,False,False,False,5,False,medium
20,2,1,16,105.62094541329765,65.06405215554418,10.704634898159332,103.6673895323093,27.13714430102744,False,True,False,False,False,False,False,False,0,True,medium
19,3,0,32,138.12877304792505,76.87027683784429,11.002089388646798,70.0,30.340870060882096,False,False,False,False,False,True,False,False,5,True,medium
33,4,1,31,94.71265116308793,86.10675831822307,13.893517120617503,,23.253145994718512,True,False,False,False,False,False,False,False,1,True,medium
19,5,1,39,135.58576287616296,79.09871489259234,13.15752329735116,95.95091814629792,20.49124049019324,False,True,False,False,False,False,False,False,2,False,medium
30,1,0,35,116.079861629306,59.14309210815438,9.345480643765786,100.76994392989565,29.72934459257589,False,False,False,False,False,False,False,False,0,False,medium
35,3,2,20,121.62909498096296,76.04610897115835,11.322831070930848,99.80343101635455,20.49349251748038,False,False,False,False,False,False,False,False,1,True,medium
33,5,4,31,131.0142988371035,55.86671807933652,11.35089650259533,106.14951832320016,24.31588209765955,False,False,False,False,False,False,False,False,3,False,medium
27,5,0,19,125.29193794199283,83.04183833106008,10.631300235576337,138.46590232653926,21.288868536054423,False,False,True,False,False,False,False,False,3,False,medium
22,5,4,36,106.23967734648326,68.06992251933285,10.733298360190053,93.66968788056532,24.0762910910411,False,False,False,False,False,False,False,False,8,True,medium
38,3,2,28,122.20107466315122,62.76878600147067,10.433680410732485,84.95452497097163,19.21819154421668,False,False,False,False,True,False,True,False,0,True,high
36,4,2,35,137.4096876716154,83.17930662732203,13.996333579013289,70.0,21.501356088008315,False,False,False,False,True,False,False,False,4,False,medium
31,3,2,17,104.35249945407013,80.59377837183986,10.334105194505689,93.75555454232534,20.490811052152793,False,False,False,False,False,False,False,False,4,True,medium
19,2,1,8,140.42114213432774,77.32398962414211,11.545499429758829,74.1724796727439,25.648952769150096,False,False,False,False,False,False,False,False,8,False,high
18,3,0,12,119.62842983162277,96.9170794715105,6.953551786033332,126.12211848138323,23.652857802960423,False,False,False,True,False,False,False,False,7,False,high
24,4,2,25,109.80126673695692,81.34999836255956,12.31770941343977,102.88567172603486,26.520803004608595,False,False,False,False,False,False,False,False,5,False,medium
21,5,4,39,104.28052738470095,68.55043070072632,12.894807691603898,125.66822967014352,19.696960185589482,False,False,False,False,False,False,False,False,5,False,medium
36,4,2,28,112.3205551071007,80.19203867484941,9.316751953439004,137.2453352419021,22.166196053810406,False,False,False,False,False,False,False,False,8,True,medium
22,3,2,34,91.53666002715406,72.13922656603557,10.180981199858529,85.96872691923515,25.50012619154137,False,False,False,False,False,False,False,False,0,True,medium
24,4,3,23,110.01706637129455,87.66758821897002,11.722405632202207,97.35808527677017,26.434800601268883,False,False,False,False,False,False,True,False,7,True,high
39,2,1,39,111.84487307373266,77.80977206830428,11.031137111059914,134.29710963381714,17.21686337769859,False,False,False,False,False,True,False,False,2,False,high
36,3,0,39,102.10703621065096,78.79923286800448,11.746191344830757,109.16278674629622,24.271184029190646,False,False,False,False,False,False,False,False,5,False,medium
22,3,2,15,123.97414233885232,60.576315898047056,10.54041429668037,116.47321861395366,19.746999231982358,False,False,False,False,False,False,False,False,4,True,low
26,5,4,36,112.37480454652736,75.61351619502952,13.981224619282434,127.72550657233452,26.63720384588285,False,False,False,False,True,False,False,False,4,True,medium
29,4,1,8,107.37046546462686,74.4373414573474,9.928415788577585,124.7233223806088,30.44201994223002,True,False,False,False,False,False,False,False,8,True,medium
32,5,4,27,111.09599277917748,64.75786544789449,15.306519540877146,114.02791017240284,15.0,False,False,False,False,False,False,False,False,7,False,medium
38,5,4,22,119.26128967979017,72.78498513611154,12.987078267758617,135.71995267391586,20.376207389760854,True,False,False,True,False,False,False,False,1,False,high
37,4,1,17,115.87865452560393,79.35752443584079,12.331384459814917,103.49840521106144,24.05508298239673,False,False,False,False,False,False,False,False,3,False,medium
39,3,2,38,106.58829894294907,,9.33523578502832,116.42711676167272,22.984622988054745,False,True,False,False,True,False,False,False,0,True,high
18,4,3,29,116.50784168848533,60.87900308415966,12.455491813911957,101.11131290425973,26.758603672670674,True,False,False,False,False,False,False,False,2,False,medium
23,3,2,12,114.39188850920492,72.26783166803057,11.966301489088984,127.4521367196302,23.316257675136104,False,False,False,False,False,False,False,False,4,False,low
30,5,3,12,101.32642932221425,70.31975210960125,7.608623355723318,89.58317796574428,20.881035987339352,False,False,False,False,False,False,False,False,2,False,high
19,5,4,11,111.53794367791288,76.93513523031183,8.752639508446041,70.0,18.918675011161717,False,False,False,False,True,False,False,False,5,False,medium
25,5,3,18,121.95205924505066,75.85532561894422,11.572204682264795,119.4083453232433,18.245863307596753,False,False,False,False,False,False,False,False,5,True,medium
21,5,4,10,121.8656591187581,70.88386937888153,10.786720445334705,82.55695228432431,20.029000799369985,False,False,False,False,False,False,False,False,8,True,medium
38,5,4,16,112.24042801115928,70.49336556576648,,80.37666145837304,20.73960805577498,True,False,True,False,False,False,False,False,6,False,medium
19,5,4,33,123.12127353743172,75.672225879845,12.726318711128739,132.82845855856888,24.53500953816446,False,False,False,False,False,False,False,False,4,False,medium
21,5,4,36,,84.62976754986563,9.58595313852908,126.25815012620585,22.37309230309705,False,False,False,False,False,False,False,False,1,True,medium
22,2,1,33,103.61214594168008,77.78640522708186,10.271614491174306,97.46498392140347,20.39642398359626,False,False,False,False,False,False,False,False,0,True,medium
21,2,0,24,111.98494044047584,89.23069325290714,9.96475233917287,70.0,18.962734788494977,False,False,False,False,False,False,False,False,7,True,medium
30,5,0,30,132.97079363304562,,11.816270812607565,116.7312830633047,20.189486516281477,True,False,False,False,False,False,True,False,6,True,high
26,2,1,39,116.95901951845846,89.96682496209152,8.248866880286386,119.57510719639754,20.743868744567123,False,False,False,False,False,True,False,False,8,True,high
38,4,3,9,111.69561028401074,88.68627651803055,10.203725037039353,116.36984936699999,20.00749719371684,False,False,False,False,False,False,False,False,1,True,medium
23,4,2,37,133.52965601447977,,8.243575646939702,115.35877679973866,25.69245113509544,False,False,False,False,False,False,False,False,4,True,high
29,3,2,31,111.55673877755754,63.46857189528766,10.499399239612968,101.00943821278858,28.472177535367372,False,False,True,False,False,False,False,False,7,True,medium
32,5,0,20,141.81679884743193,81.47426277910468,12.15687841561203,95.96967883711302,18.29574947928559,False,False,False,False,False,False,False,False,3,True,high
31,5,3,22,108.86460251655105,87.18320552863896,12.185434392395377,80.66443886851428,27.47701567504801,True,False,False,False,False,False,False,False,3,True,medium
35,5,1,22,102.85925524898438,88.99027321856619,9.835842667572047,89.65727313489049,25.772946952515483,False,False,False,False,False,False,False,True,7,False,high
22,4,3,13,113.0036563017775,67.29281186986047,11.853315124665487,112.07266251872045,23.719474496468038,False,False,False,False,False,False,False,False,7,False,medium
29,1,0,15,112.0109888699558,81.57380524931438,10.703738524408099,112.4343929196903,29.106656976500688,False,False,False,False,False,False,False,False,4,False,low
35,3,1,17,105.3073602838086,75.75203064950419,13.177735956925453,122.37614007991364,22.318927090606607,True,True,False,False,False,False,False,False,1,False,medium
36,2,0,8,146.22368893790124,93.47060233007612,10.792059421641682,74.05851238185734,24.60758829612509,False,False,True,False,True,False,False,False,7,True,high
31,5,1,24,118.823518813663,61.12708375605549,6.2431242203468456,70.0,23.49489524782863,False,False,False,False,False,False,False,False,5,True,high
32,5,4,23,120.570994884059,67.30710418577135,12.431489613937558,96.64648752687471,23.197406828909035,True,False,False,False,False,False,False,False,3,False,medium
37,5,2,18,109.45744879435695,56.89366175037655,10.265441281217457,82.56115180020252,24.835994591195803,False,False,False,False,False,False,True,False,6,False,high
31,4,2,13,108.06796738305844,76.44616287033082,10.561280076560905,109.09172404273296,23.1856872434433,False,False,False,False,False,False,False,False,3,True,medium
38,4,1,40,127.3067002686124,97.63840269269652,,76.18271441412222,24.864470140477305,False,False,False,False,False,False,False,False,0,False,high
20,2,1,30,94.88989872892287,74.55658381466708,8.720467339080422,130.9651071369814,20.320719602295288,False,False,False,False,False,False,False,False,4,False,medium
25,4,3,23,101.28562632651558,76.01033322524255,11.119445719805839,86.91467211432902,20.445680594095855,False,False,False,False,False,False,False,False,4,False,medium
20,5,4,31,112.03229793270934,80.50238770623204,11.855195191816827,140.03883330858883,20.30256453426937,False,False,False,False,False,False,True,False,8,False,high
19,4,3,20,131.21256766761175,73.8370951499271,11.58250270314091,116.53464071126098,21.540809795360644,False,False,False,False,False,False,False,False,6,True,medium
28,4,3,15,110.50579632436632,,10.041709998346526,81.78489489976162,27.0531382150703,False,False,False,False,True,False,False,False,8,False,medium
22,5,2,30,119.99381868729036,78.92211669327814,12.587091141633993,151.08439033778407,21.151180743104653,False,False,False,False,False,False,True,False,5,True,high
26,1,0,33,115.3327441526571,66.54443347906474,9.404006481206489,110.83995092158528,25.609843482209747,False,False,False,False,False,False,False,False,3,False,medium
27,5,3,29,130.5551009552417,74.05953288450331,9.999165388194665,108.65462693571266,24.061785051860866,True,False,False,False,False,False,False,False,0,True,medium
31,5,4,26,95.98332378144494,,10.782397703156569,103.56533484779207,21.23431346719921,False,False,False,False,False,False,False,False,7,False,medium
38,3,2,8,123.83155844467332,84.28576116563096,11.472749374834958,115.26417308261281,28.23673014488412,False,False,False,False,False,False,False,False,0,False,medium
36,1,0,29,112.61321284308883,87.98501656194276,10.480730690630413,116.55925345239791,25.944444713941223,False,False,False,False,False,False,False,False,8,True,medium
26,4,3,28,126.0986103270329,78.35436066782793,12.96573903840255,85.9705730589678,23.007128357234045,False,False,False,False,False,False,False,False,1,True,medium
25,5,4,21,105.16861472679622,78.55785711244441,11.472457941761844,100.30186808833373,22.675445642608732,True,False,False,False,False,False,False,False,5,True,medium
34,2,1,16,115.29271683835407,82.50184865214625,11.121052741919788,107.5454210705105,23.374906242616326,False,False,False,False,False,False,False,False,2,False,low
20,3,0,40,113.76991946904779,69.05229786428691,11.416217854597075,117.82029022238719,16.881849424049133,False,False,False,False,False,False,False,False,4,True,low
29,4,3,20,102.97077434415505,68.64220948010838,12.17264948953872,118.19316409540744,19.700155278740056,False,True,True,False,True,False,False,False,5,False,medium
27,2,1,16,99.63504384463644,73.75202142345601,11.385239829025627,108.61991947182719,24.85006201475487,False,False,False,False,False,False,False,False,6,False,low
22,4,3,31,108.0350636576423,62.24982300445896,8.104773066961469,92.89289497630513,16.66829877278716,False,False,False,False,False,False,False,False,0,True,medium
31,5,3,23,116.55917354793999,79.0690077169991,12.743214182446193,91.76497796930279,20.00950181754946,False,False,False,False,False,False,False,False,8,False,medium
25,2,1,26,105.91705330834608,85.49082036168264,11.191480332921756,78.78725513382574,21.429822767524648,True,False,False,False,False,False,False,False,2,False,medium
22,5,0,29,111.03911724366618,67.89956355161645,12.095764491554794,118.03722561636957,34.61461856584173,False,False,False,False,False,False,False,False,6,False,medium
32,3,2,20,92.37043174619716,79.35149189885271,10.350490358346946,91.44850392949259,25.69494899692658,False,False,False,False,False,False,False,False,2,True,medium
21,3,2,13,110.55220095419524,68.70868949058007,8.077253526260947,100.78140105425364,27.389367302329287,False,False,False,True,False,False,False,False,8,False,high
32,5,4,13,127.28303975950008,64.83424498005074,7.353744608201062,110.23036595350464,19.77941111625303,False,False,False,False,False,False,False,False,7,False,high
21,3,1,39,123.462163911641,95.55561043759667,9.489011537027569,105.08655170100921,24.448223710163845,False,False,False,False,False,False,False,False,1,False,high
27,3,1,24,113.95693675567428,64.97766863982758,11.827670778972081,104.87655103196704,15.959301965979684,False,False,False,False,False,False,False,False,3,True,low
35,5,4,21,117.92383270016995,62.20680681912155,13.076625527942843,85.09083777513003,21.67754125627539,False,False,False,False,False,False,False,False,3,False,medium
23,4,3,18,105.06087525287012,77.14715397055313,11.483153960441468,110.91497628451606,25.021463711684255,False,False,False,False,False,False,False,False,6,False,medium
34,4,3,31,134.4932641994968,77.68521478460767,9.316436145001337,98.11776953658607,17.329688488290873,False,False,False,False,False,False,False,False,8,False,medium
33,5,4,38,139.81315007816687,81.6723214118994,9.745401370170164,103.09919015594944,24.572547759528167,True,False,False,False,False,False,False,False,7,True,medium
37,4,3,33,116.97788356847168,95.01228053509907,13.177252957841883,130.47530680345187,24.904285736223024,False,False,False,False,False,False,False,False,2,False,high
21,5,4,25,146.0882300327379,67.2287018480537,8.90275060713352,116.11700026652913,20.589987064056658,False,False,False,False,False,False,True,False,6,False,high
33,4,3,23,106.83781154157589,69.215631620261,14.362836610422981,92.44227668023868,19.66078088596873,False,False,False,False,True,False,False,False,8,False,medium
38,5,2,36,99.98704911917257,91.08805497306857,14.001660041319406,101.72389363702435,20.139032847607588,False,False,False,False,False,False,False,False,1,False,high
34,3,0,36,106.48451495087059,84.39123765505785,14.415555311791817,140.18761189929714,21.612204189238057,False,False,False,False,True,False,False,False,1,False,medium
22,4,3,20,112.36611681910011,83.00081337761732,11.60912237997511,98.23758605684465,21.73290392332109,True,False,False,False,False,False,False,False,6,False,medium
36,5,3,39,142.74479861443555,69.10131304492681,10.45356029184241,105.87738734988669,,False,False,False,False,False,False,False,False,3,True,high
20,5,4,35,111.62609047112849,86.25888220412251,11.570154025842458,119.61120251046414,20.86238987872812,True,False,False,False,False,False,False,False,7,False,medium
30,4,3,35,104.68413024635174,83.03182820181036,12.453735921683109,109.73421273387534,29.408504577851907,True,False,False,False,False,False,False,False,7,False,medium
28,3,2,9,104.21849368507075,76.89537268119365,9.958758550735489,96.79800138976579,29.37949709683286,False,False,False,False,False,False,False,False,3,True,medium
29,3,2,12,128.68026534451937,69.15072189766508,9.238074819478141,88.64474763032125,23.944805147136268,True,False,False,False,False,False,False,False,8,False,medium
29,1,0,17,126.96762097970843,76.06695554388445,10.545701609550939,104.77782328186923,21.62146357981908,False,False,False,False,False,False,False,False,7,True,low
18,4,0,33,109.17426176375668,91.48486888483272,9.764307555948212,119.4764255760053,20.866874805408784,False,False,False,False,False,False,False,False,2,True,high
29,2,0,10,92.49059060707414,64.0603224739632,12.985418365840577,134.0598045461193,24.267034455524996,False,False,False,False,False,False,False,False,6,True,low
38,5,4,10,101.45687746348858,67.0020093193653,10.013712778033096,72.76221008610909,24.96685929667621,False,False,False,False,False,False,False,False,3,False,medium
27,4,3,9,135.65492604999451,68.72197564929334,11.153026346555748,143.78125520492458,22.195982530433618,False,False,True,False,False,False,False,False,6,False,medium
24,4,1,14,,70.89178843990256,12.572864832972549,98.65500084007311,21.427481957213022,False,False,False,False,False,False,False,False,4,True,medium
39,3,2,38,115.78553650669966,74.84263313478974,13.047747696553342,125.34618670162347,24.410973204400534,True,False,False,False,False,False,False,False,4,False,medium
20,4,2,31,137.4259980778127,84.58571028201906,11.333694850967554,88.7742239014057,23.27616598519762,False,False,False,False,False,False,False,False,5,True,medium
28,3,1,31,138.4999152737382,79.61414114417462,11.614873978581203,70.0,20.711510077886363,False,False,False,False,False,False,False,False,3,False,medium
29,5,2,17,114.56872477646442,75.60841050503429,9.372814995994439,76.1151842581401,23.45215809051091,False,False,False,False,False,True,False,True,4,True,high
28,4,1,28,114.78913887362,77.76993475080346,12.636890635078247,97.71895150648857,20.578922993470634,False,False,False,False,True,False,False,False,2,False,medium
38,4,3,33,108.01543981465508,81.23990960363179,13.021637187675628,116.53004935656638,19.99336536290968,False,False,False,False,False,False,False,False,7,False,medium
27,4,3,25,111.58476055017837,58.182940537704056,8.007435084129407,105.68623405349216,22.980091152910056,False,False,False,False,False,False,False,False,7,True,medium
39,3,0,36,97.16410029039855,85.715841917546,13.820713312856995,99.49483812550994,20.701322581978165,False,False,False,False,False,False,True,False,2,False,high
19,3,2,26,97.11536348579128,66.73587057113598,9.878944853007496,129.59651300769417,20.06800550913323,True,False,False,False,False,False,False,False,7,True,low
34,5,4,18,94.32809357312918,70.56489628822511,11.951409421016438,105.04368806334546,27.18285608640933,False,False,False,False,True,False,False,False,4,True,medium
31,5,4,29,128.01204408303335,78.40435321703586,11.12409875970542,111.15526274646591,21.431178916155204,False,False,False,False,False,False,False,False,2,False,medium
23,4,3,39,96.26317332504924,74.24594171996083,10.903398646223078,173.44260108041922,30.373446661366344,False,False,False,False,True,False,False,False,2,False,high
23,4,3,35,138.39954758447385,79.8693044109334,10.669571234757017,104.82315285334707,25.506555848782646,False,False,False,False,False,False,False,False,5,False,medium
33,1,0,24,106.23546530560714,76.41827918456406,9.41189866876231,89.6914075169429,19.717186440636823,False,False,False,False,False,False,False,False,7,False,medium
32,5,4,27,135.84819888139043,72.10667712938378,11.838124817036764,115.58111488353707,27.639038441983796,True,False,False,False,False,False,False,False,6,False,medium
31,4,3,40,110.6193478856143,90.28758169376282,10.542328529990906,121.14995689747538,20.13352200011975,False,False,False,True,False,False,False,False,5,True,high
19,5,4,32,96.20575874895428,82.08065532010136,8.904924285880973,,30.893390037015955,False,False,False,False,False,False,False,False,1,False,low
31,5,4,24,130.40534677678562,78.02117325135619,9.343992498481542,108.45207416992658,23.904772278053567,False,False,False,False,False,False,False,False,2,True,medium
39,2,1,17,131.8223875315987,81.92519840859367,8.932085978093786,137.6090811784735,25.170269613214675,False,False,False,False,False,False,False,False,5,True,medium
18,1,0,37,104.12738799679587,67.94670507292504,10.16065511951677,134.85943867006384,23.12381122712497,False,False,False,False,False,False,False,False,2,False,medium
28,4,3,40,111.0201728008306,96.74771741816684,11.776158893491775,102.42377465353664,24.063530338395843,False,False,False,False,False,False,False,False,3,False,high
28,3,2,10,104.13044876126825,64.12362798916861,9.862211119041792,90.84311963842305,22.08356129401753,False,False,False,False,False,False,False,False,3,False,medium
37,5,0,9,113.55367966650738,76.13168658293401,12.560706490778596,114.4424625492172,19.296766561233742,False,False,False,False,True,False,False,False,2,True,medium
24,3,1,11,116.29394976929025,72.1357372138226,10.809256832932219,90.71686612440075,24.358700334882936,True,False,False,False,False,False,False,False,7,False,medium
28,5,4,20,110.78340329061486,71.75585624572952,10.536952125053807,124.47355669841326,27.09919746341028,False,False,False,False,False,False,False,False,2,False,medium
33,5,1,13,93.17330325530976,70.4574324368524,11.026824688473711,114.32923807699193,18.23743063750769,False,False,False,False,False,True,False,False,3,True,medium
19,5,1,37,108.02944821891974,67.28289999001498,13.232247890810115,163.74068284643835,29.161895294703427,False,False,False,False,True,False,False,False,2,True,high
35,4,3,38,123.4422251626485,86.8834220480812,8.805858092892308,137.4125317021925,25.404548764746693,False,False,False,False,True,False,False,False,8,False,high
36,4,3,13,112.49320548884901,62.952972054171155,13.65018715427063,81.26770904458574,21.25236728065669,False,True,False,False,True,False,False,False,4,False,medium
33,4,1,35,111.07071246925953,84.8356389868382,,93.58664900459355,21.180889455525257,False,False,False,False,False,False,False,False,0,False,medium
32,5,4,12,103.83068145963082,81.48537734720982,10.965349607940162,70.0,30.456649750592558,False,False,False,False,False,False,False,True,3,False,high
34,5,2,33,107.6793835696286,71.19108868320654,12.892841095632182,70.0,26.754898806734605,False,False,False,False,False,False,False,False,7,False,medium
35,2,0,20,131.90737727898352,80.32607283793853,10.4840434366811,107.50419108092463,27.560204743686192,True,False,False,False,False,False,False,False,6,True,medium
37,2,1,9,101.3226729183747,73.42100982303425,11.45708540052316,78.76755846158322,21.995753118504062,False,False,False,False,False,False,False,False,1,False,medium
27,5,4,22,123.64987716022276,63.98993661490648,10.133736787933227,141.10608609584244,25.222063526459145,False,False,False,False,False,False,False,False,8,False,medium
28,2,0,35,115.5646626508423,64.09566345329094,12.546360262216469,130.47414003974657,24.397514450362834,True,False,False,False,False,False,False,False,4,True,medium
32,1,0,38,117.93772795745683,81.5544151646969,9.868391031622933,99.02712246155598,22.301399015202357,False,False,False,False,False,False,False,False,6,False,medium
22,4,3,11,106.21172462782458,,10.917811537597215,97.77712631246757,23.437028447083893,True,False,False,False,False,False,False,False,3,False,medium
36,3,2,35,110.778671607425,77.4201141431922,12.086622109320313,137.67820504932163,27.44020469928663,False,False,False,False,False,False,False,False,4,False,medium
34,5,1,17,114.93135783793652,71.08483460659494,12.677103426381091,142.72136043107577,29.398366173261664,True,False,False,False,False,False,False,False,5,False,medium
31,3,2,23,108.75199642468965,73.09568466368978,9.68615193316979,84.4828460248682,21.994013140740584,False,False,False,False,False,False,False,False,6,True,medium
24,4,0,11,118.97718524843859,71.74446842835974,12.205021176192584,81.6539709309191,17.747774982327368,False,False,False,False,False,False,False,False,6,False,medium
25,2,1,40,120.48926819347685,57.53055864823133,9.428823870198114,98.37599476468536,29.574371725606852,False,False,False,False,False,False,False,False,8,True,medium
27,2,1,34,141.07247948343905,75.6125325025628,7.559470679025713,114.48621751820323,29.62463169165209,False,True,False,False,False,False,False,False,6,True,high
32,3,2,29,118.33828035234846,80.224548612095,9.803098164430741,93.69922356060987,,False,False,False,False,False,False,False,False,5,True,medium
35,4,3,31,92.05308813377395,75.67608798778205,12.335455961722108,114.94871161156375,30.17052384989939,False,False,True,False,False,False,False,False,3,False,medium
32,5,4,36,128.95622897006416,92.69149172019202,10.980452993635444,,24.31046130062853,False,False,True,False,False,False,False,False,0,False,high
38,2,0,12,112.5535523003657,64.9543785517002,10.14400324519009,74.0673136623868,,False,False,False,True,False,False,False,False,2,True,high
39,2,1,16,139.14310435524226,68.3889628310628,11.088765317585613,95.1951306386236,17.751480247664375,False,False,False,False,False,False,False,False,2,True,medium
33,5,1,9,132.6510934300637,76.3301899568367,11.035839476826808,74.48617785911892,17.713246986581638,False,False,False,False,False,False,False,False,7,False,medium
26,5,2,24,108.9367913954612,77.43766810192432,11.995037678182921,86.59513413757189,23.018227299782403,False,False,False,False,False,False,False,False,2,False,medium
31,3,2,24,123.6628334064541,55.987913749737274,8.421264120918963,98.51711717308602,21.135017394622643,False,False,False,False,False,False,False,False,0,True,medium
27,5,4,8,107.87253822702534,81.02697999875603,10.83623526906477,89.0013543752609,20.68457752084622,False,False,True,False,False,False,False,False,8,True,medium
31,5,4,29,115.03228991697632,77.48316839555599,11.198843634466439,116.43950645965609,22.57237349835704,False,False,False,False,False,False,False,False,4,False,medium
35,4,3,8,123.11181777224745,55.0,8.815407737833189,108.32103822872638,26.43188538611702,False,False,False,False,False,False,False,False,6,True,medium
26,3,0,34,128.35600247255812,73.83290731115078,8.793468126024583,111.57841977389887,20.81196689356954,False,False,False,False,False,False,False,False,0,False,low
29,1,0,31,125.74246994663488,66.91458478061332,10.416466529628176,,20.13842617710452,False,False,False,False,False,False,False,False,3,False,medium
19,5,4,34,115.89987558295394,70.46676735686209,11.0136388532322,100.27862428140062,21.075957366389268,False,False,False,False,False,False,False,False,7,False,medium
34,5,4,11,144.8010868009746,61.61899215322137,11.019273640088848,97.28480795279785,26.68370191779255,False,False,False,False,False,False,False,False,3,False,high
28,4,1,36,110.61975512167493,79.16188678673572,10.109842429850808,99.52952994099098,22.71992844746354,False,False,False,False,False,False,False,False,4,True,medium
28,1,0,26,95.71359241960843,92.61776380570225,10.044264651252602,114.21820484655564,24.119630897397265,False,False,False,False,False,False,False,False,8,False,high
29,4,3,36,98.02360845748811,77.65023574170283,10.36771788563317,70.0,29.21209416732427,False,False,False,False,False,False,False,False,1,False,medium
22,3,2,30,132.6880927614681,55.0,11.47763481815799,111.33470918369252,34.373092981791565,False,False,False,False,False,False,False,False,6,False,medium
31,5,4,29,114.08016496183835,77.85596037332799,12.99139361086931,85.88792760122516,25.561549662489803,False,False,True,False,False,False,False,False,3,False,medium
34,4,2,9,,73.05361207800965,,97.54513191782591,25.165426642614747,False,False,False,False,False,False,False,False,1,False,high
25,4,3,30,108.48971344090796,63.989874652458965,11.99680339408292,70.64627623292301,18.26189182952678,False,False,False,False,False,False,False,False,2,False,medium
20,4,3,22,109.56757024840972,78.53623831391027,10.822157342090433,97.10922249469475,24.47406217826312,False,False,False,False,True,False,False,False,4,False,medium
26,5,0,36,105.55484966860845,83.79764728127356,11.841155649758138,111.11344872860415,23.247981167445182,False,False,False,False,False,False,False,False,4,False,medium
22,1,0,30,120.65380975996106,68.31506518106862,12.896869339617583,115.05585585330171,26.56899301378068,False,False,False,False,False,False,False,False,2,True,low
26,4,3,10,113.83144098955479,58.56267189188109,9.79179827869348,78.90070661366211,21.4326125559879,False,False,False,False,False,False,False,False,1,False,medium
31,5,0,37,120.22006453364081,55.0,12.510887484635594,113.9944495946973,23.80286825539229,False,False,False,False,False,False,False,False,8,False,medium
20,3,1,10,119.0732606238098,68.34314906414677,8.993531417075314,130.07507439719853,25.42092930572621,False,False,False,False,False,False,False,False,6,False,medium
34,4,3,17,109.88945519640525,73.4449653074019,11.20415877242761,94.13881912983832,30.594170299293346,False,False,False,False,False,False,False,False,5,False,low
22,3,1,15,97.49523249636655,69.83994436362521,10.611973169062427,,29.2550871704467,False,False,False,False,False,False,False,False,7,True,low
37,3,0,40,96.45040484800771,68.16717907337618,11.074047148811822,70.0,28.064289426584324,False,False,False,False,False,False,False,False,0,False,medium
34,2,0,13,151.3198191003408,80.67899527128155,9.4175451442408,85.2652507759087,25.908477081353464,False,False,True,False,False,False,False,False,7,True,high
23,3,2,35,132.73808133307972,79.62826046145925,11.699013529680322,110.95144477835905,21.274693866413738,False,True,False,False,True,False,False,False,2,True,medium
30,4,3,15,131.08219080269458,76.99593402760192,13.53805962482365,126.02028289253045,25.906154808464372,False,False,False,False,False,False,False,False,1,False,medium
20,4,3,29,106.90471831615726,83.16487784344106,9.445029006693794,91.81588860292888,19.910928285181868,False,False,False,False,False,False,False,False,4,True,medium
20,5,4,10,115.11411680515744,68.43692647204682,11.303432834661157,163.72649357864896,22.175124526433432,False,False,False,False,False,False,False,False,8,True,medium
39,4,3,20,105.21564649140196,64.05440764941432,12.369396993726422,111.905572084433,30.113475320413325,False,False,False,False,False,False,False,False,4,True,medium
35,5,3,28,99.25501485800932,69.77666325772628,10.52521483493528,76.9861487334084,25.15192689803064,False,False,False,False,False,False,False,False,2,False,medium
21,2,1,31,107.93471775549159,69.08697228318229,13.176628674490651,133.31801964736877,,True,False,False,False,False,False,False,False,1,False,medium
24,2,1,36,130.91421956115494,,10.312498653730056,77.43525111842368,24.422843450016543,True,False,False,False,False,True,False,False,3,False,medium
22,4,1,34,125.08894440308764,69.54431360453029,10.813928474881928,112.22539455875312,22.624688518386424,False,False,False,False,False,True,False,False,6,True,medium
26,5,0,25,103.35942398053574,86.04850555182225,9.410953285717486,84.55669662071259,15.0,False,False,True,False,False,False,False,False,5,False,medium
24,5,4,18,111.2222073981103,83.00853430617862,11.202544571311662,75.13644211413067,17.942451405612644,False,False,False,False,False,True,False,False,2,True,medium
25,5,1,16,123.98947806323898,80.2518385695608,11.004836712798353,126.16734816996198,25.468953398655145,True,False,False,False,False,False,False,False,5,False,medium
29,3,2,40,108.14834325775195,76.31618043236979,12.017441991751786,99.28490680418669,19.317819398033045,False,False,False,False,False,False,False,False,8,False,low
22,3,1,28,,89.48898526142031,9.98207033532433,142.96478520032557,22.56965703752276,False,False,False,False,False,False,False,False,7,False,medium
37,2,0,37,119.82216936477775,64.3983210513204,9.908807000719081,82.60546106372617,,False,False,False,False,False,True,False,False,7,False,high
34,5,4,22,119.69116662212957,65.35172878037133,11.739987388639971,,20.125409567803548,False,False,False,False,False,False,False,False,4,False,medium
34,5,1,24,118.04974513228343,86.24295273688533,13.235504784119302,94.44735934659332,22.982953871284895,False,False,True,False,False,False,False,False,4,False,medium
21,4,0,35,,75.27604896838709,12.006416396209575,168.59119359412557,26.69544254632785,False,False,False,False,False,False,False,False,7,True,medium
33,4,1,31,108.38830494977421,68.28821692955822,13.955859597777831,123.34614336207525,27.49730947857473,False,False,False,False,False,False,False,False,3,False,medium
36,2,0,14,101.3962017817525,80.5192462675647,11.888491953955125,117.18564630220449,,False,False,False,False,True,False,False,False,4,True,medium
21,5,4,25,96.26396087797274,70.61533038312015,11.83086856936699,117.91266262343005,24.226812954356365,False,False,False,False,False,False,False,False,1,False,medium
34,3,0,15,113.62301509971725,66.62474504527265,12.086868609071871,94.33344428344178,17.298285151310225,False,False,False,False,False,False,False,False,4,False,low
25,4,1,33,124.7951153750463,66.3464818713291,13.381073209246662,165.04570602136846,23.2256423972689,False,False,False,False,False,False,False,False,0,True,medium
35,4,1,8,98.43661127015264,78.21549361026017,12.980112105787498,115.07787932623663,26.813271682951694,False,False,False,False,False,False,False,False,3,True,medium
28,4,0,35,118.27567892949108,77.05815496630663,9.26419482702597,113.01495823887659,22.731810427607115,False,False,False,False,False,False,False,False,6,True,medium
35,4,0,38,124.41557456060075,90.1674676665595,12.280931020176114,126.6669848892971,28.262748963855287,True,False,False,False,False,False,False,False,1,False,high
21,3,2,8,92.95919477414385,72.09910753398498,11.424570409277614,76.98864907976498,26.347677210110042,False,False,False,False,False,False,False,False,7,False,low
26,4,1,28,111.75302679836537,71.92850551202088,10.689543974577715,85.65436777851968,23.96529819344527,False,False,False,False,False,False,False,False,5,False,medium
24,5,0,10,134.7545224055005,89.39633530526916,8.163313351268126,99.59869441649592,22.001180877404106,False,False,False,False,False,False,False,False,4,True,medium
23,2,1,19,121.62329221308848,84.8564679327759,8.535742543583554,126.80922080553614,20.862680840564412,False,False,False,False,False,False,False,False,3,False,medium
24,3,1,19,92.55451421125254,76.44898303762739,10.416852447819041,76.44283371976046,17.168132532976294,False,False,False,False,False,False,False,False,8,False,medium
26,3,2,25,122.90007354893933,59.3898727741869,8.65665358650441,103.51820278118981,17.819370760776764,True,True,False,False,False,False,False,False,7,False,medium
20,5,4,38,106.02715846926006,66.88145217716767,10.449989089993737,100.4053105519458,26.979738622439736,False,False,False,False,True,False,False,False,8,True,high
33,4,1,23,123.29568316111312,64.45905202612263,12.142946004419132,,29.054763225004923,False,False,True,False,False,False,False,False,5,False,medium
30,4,3,21,106.7190188007907,75.3645177689937,10.07046988247015,93.80350394184848,18.675853379834596,False,False,False,False,False,False,False,False,5,False,medium
36,4,3,11,114.36361066705642,69.91658885458456,11.133540164401978,116.92954659980676,23.272747699037392,False,False,True,False,False,True,False,False,3,False,medium
33,3,0,37,108.54948677724461,91.029048928423,9.288076866753492,72.36806779478734,16.702106331315157,False,False,False,False,False,False,True,False,2,False,high
21,5,2,18,115.03789267286207,59.285627862259915,11.47802765595333,136.04936106159712,19.092865734496392,True,False,False,False,False,False,False,False,7,False,medium
19,3,2,23,108.19263791306786,63.386602830872874,11.813016626351306,115.2969984795145,24.039317343496165,False,False,True,False,False,False,False,False,7,True,high
27,3,2,11,112.31754110134627,,8.723305188777372,112.61214632929095,20.925211858838285,False,False,False,False,False,False,False,False,3,False,medium
28,2,0,17,100.89273990027186,80.21436049764169,9.796981925443218,105.1801377149016,15.335225898488005,False,False,False,False,False,False,False,False,1,False,medium
23,4,2,26,120.88791514496789,55.0,8.97252757214823,80.96891659238143,29.875459069625236,False,False,False,False,False,False,False,False,4,True,medium
35,2,0,37,117.1034225037271,57.64589840834756,11.814743674908563,90.70666929173495,22.803413447565905,False,False,False,False,False,False,False,False,8,True,medium
30,5,4,18,95.60161391075019,72.36396306859386,11.26241049687709,,18.582377807507303,False,False,False,False,False,False,False,False,7,False,medium
34,5,2,26,126.91499992242312,88.56043631484968,10.920461129223073,90.66358550148225,23.512136830551917,False,False,False,False,False,False,True,False,1,False,high
20,3,0,36,112.88454448414605,93.8776088521697,10.794749538973889,109.15247961500796,22.676531230248763,False,False,False,False,False,False,False,False,6,True,high
35,3,2,19,116.94114875483092,70.85502509836974,11.516536696692146,85.2246109766133,24.687302327968123,False,False,False,False,False,False,False,False,3,False,medium
22,5,4,17,124.17474006435023,73.29353022579583,11.548562387218249,114.9314580860804,21.64058080277617,False,False,False,False,False,False,False,False,5,False,medium
27,5,3,9,118.93890690831981,66.63134242715357,10.207076009898332,116.57377315590989,24.25703394037302,True,False,False,False,False,False,False,False,1,True,medium
27,5,1,37,128.9824379015308,81.33206399886122,9.983045113807336,70.0,26.774543893707115,False,True,True,False,True,False,False,False,0,False,high
36,5,4,11,111.48045373353507,90.28529584493931,,106.48078780302167,17.727263441552825,False,False,False,False,False,False,False,False,2,False,high
24,3,0,15,127.41315263472447,87.5602073738005,10.69642416320043,71.52330558641242,20.226983785393564,False,False,False,False,False,False,False,False,6,False,medium
23,4,1,12,116.47509541368785,,14.29709156007891,70.0,26.357047847507644,True,False,False,False,False,False,False,False,4,True,medium
25,4,0,31,121.09160109408029,66.61468294864775,10.38576852420627,91.9343704887278,20.79445948693782,False,False,False,False,False,True,False,False,3,True,medium
25,5,4,20,119.84355007357485,75.08197004309821,11.463464499383006,166.53218636794497,22.673310020501674,False,False,False,False,False,False,False,False,3,True,medium
21,4,3,31,129.8887639037143,88.80786704433578,11.745482381253039,122.05853496654807,21.118430002473264,False,False,False,False,False,False,False,False,0,False,medium
21,5,2,28,123.65694848271153,70.99482901653381,13.240838864982706,135.62628896045405,21.367899899300212,False,False,False,False,True,False,True,False,5,False,high
23,4,3,8,109.68465423628184,56.84570970652247,9.702104653206185,118.38516384752127,21.028259876350475,False,False,False,False,True,False,False,False,3,False,medium
28,3,1,18,107.30479547200183,71.39990746682533,13.143436526626674,109.51975445466216,17.9652478545987,False,False,False,False,False,False,False,False,3,False,low
25,3,0,8,114.40295022886201,72.2097424651166,,124.69861556815552,24.836787812649817,False,False,False,False,False,False,False,False,6,True,low
26,5,4,10,105.87878270704904,56.787018387305025,15.002152367434244,90.92942988942465,27.24921276137795,True,False,False,False,False,False,False,False,5,False,medium
33,5,4,23,102.37369358408384,77.32037331998319,11.580163550761839,115.35132156807704,22.294037412943315,False,False,False,False,False,False,False,False,1,False,medium
23,2,0,16,90.0,80.06004663255398,9.033713393038612,130.89615187334635,26.797851719840573,False,False,False,False,True,False,False,False,5,False,medium
38,2,0,10,96.40884690605547,93.5989261481831,10.684546123771383,120.38727788421508,21.03566889914732,True,False,False,False,False,False,False,False,0,True,high
34,3,2,21,138.8248763333383,61.676230431568875,13.138030971725206,132.34115923080668,20.79953666653536,False,False,False,False,False,False,False,False,8,True,medium
21,2,0,22,107.12199700444268,82.30521431288764,11.130465847057962,109.01720351183057,24.64278761179963,False,True,False,False,True,False,True,False,4,False,high
24,4,3,40,137.84152359785375,84.66836151175876,10.904599347844632,142.22577434027173,24.709498592897546,False,False,False,False,True,False,False,False,7,False,high
22,5,4,29,119.83785521386696,80.1962093093531,12.150395462188294,100.41890141601958,22.54896508274322,False,False,False,False,False,False,False,False,8,True,low
24,4,1,20,114.40290374036674,64.93198367155875,10.448003694931913,151.58923346019404,25.706352441580638,False,False,False,False,False,False,False,False,2,False,medium
26,3,1,23,96.9927385981452,64.35073319257488,10.662826918747301,117.61936329267138,17.85209251580645,True,False,False,False,False,False,False,False,7,True,medium
20,5,4,10,115.0560267469126,75.97196752283814,9.48852078410952,96.55318237181145,21.78411176196007,False,False,False,False,False,False,False,False,4,True,medium
18,2,1,20,137.70620520361877,75.90177659846292,13.766113249546224,79.05913594915147,26.859271304381977,True,True,False,False,False,False,False,False,6,False,high
27,4,1,27,133.69164092820085,69.40566175371293,9.043821953203949,87.22419727244764,26.848505003144673,False,False,False,False,False,False,False,False,0,True,medium
33,1,0,8,118.29086383237095,87.91637013533256,11.271146655621582,83.89404334235557,26.344102757624206,False,False,False,False,False,False,False,False,2,True,medium
24,5,4,38,101.21597960913981,70.9924841750794,11.767815276931094,,27.082956632561604,True,False,False,False,False,False,True,False,2,False,high
36,5,4,24,103.51401585701018,56.06299255880963,10.978158208130461,76.97291661430964,21.509837789722507,False,False,False,False,False,False,True,False,2,False,high
26,3,0,33,104.76889787929048,72.75943485495162,8.993819527216283,133.44068587126625,16.179207666929372,False,False,False,False,False,False,False,False,2,True,medium
37,5,4,17,130.3378591283524,79.80273348245706,9.401977555662187,107.43590323689523,21.964854433760266,False,False,False,False,False,False,False,False,3,True,medium
23,5,0,35,134.58064523330512,78.41961152061046,11.836027069370589,106.54329293486929,25.543982923841927,False,True,False,False,False,False,False,False,8,False,medium
29,2,0,20,117.35071401961103,78.34222587139946,9.752193106246153,79.36148975839318,26.197746956663245,False,False,False,False,False,False,False,False,0,False,medium
34,5,1,38,,89.93989014356677,7.684772444018456,88.08117052100692,20.894914032916965,False,False,False,False,False,False,False,False,6,True,high
19,3,2,25,133.5845259599318,63.852094282978754,11.619165316462558,70.0,19.127936919631708,False,False,False,False,True,False,False,False,7,True,medium
38,5,4,29,103.25711750962054,70.76291651649325,9.60400739207075,140.59171309050413,,False,False,False,False,False,False,False,False,8,True,medium
26,4,3,14,115.62187993120439,90.45054038010403,12.009950837712402,73.810233837283,20.825325071313575,False,False,False,False,False,False,False,True,3,True,high
28,5,0,40,120.55559199455357,55.32650113035716,10.677405922841144,75.4781176525513,15.41144191246481,False,False,False,False,False,False,False,False,2,False,medium
31,3,2,14,104.6463927138832,74.4630555279723,10.600300274377915,136.08981462558498,20.891416771167226,False,False,True,False,False,False,False,False,2,True,medium
32,5,4,9,107.3690293433043,87.28921115237034,11.08358109282732,113.52642249403426,23.191506882358485,False,True,False,False,False,False,False,False,7,False,medium
18,4,3,22,106.43514904974876,87.1401625093406,9.17841067190339,107.65620932412178,22.608462715329775,True,False,False,False,False,False,False,False,6,True,medium
37,5,1,35,132.00072227185703,81.60116372846353,9.679275059843821,112.48590645862517,21.67891762115957,False,False,False,False,False,False,False,False,6,True,medium
31,3,0,38,137.97240732468507,81.85439301761694,10.58412152199254,125.98580821174566,20.24295992575253,False,True,False,False,False,False,False,False,7,False,medium
39,5,2,36,116.37751036283873,64.58976876944864,9.169051320367087,107.19725696836011,20.708771332856045,False,False,False,False,False,False,False,False,1,False,medium
28,4,2,26,111.78137695548655,88.73177083929185,,71.04223563160782,20.77950132361919,False,False,False,False,False,False,False,False,8,False,medium
31,4,1,38,107.80190710008044,62.99938288714206,10.508193631219056,121.13017719226218,25.82192065941604,True,False,False,False,False,False,False,True,2,False,high
27,4,0,24,115.02095576140395,63.59586980626625,8.68090143735855,114.2915652861523,22.996284258762007,False,True,False,True,False,False,False,False,6,False,high
37,1,0,23,108.39733898275853,78.87874131163746,10.105553633937554,130.7741736439833,35.667362706706285,False,False,False,False,True,False,False,False,6,True,medium
36,3,2,13,113.83563709173735,70.06985504282801,11.161924103875052,77.51982500353932,21.670652589012676,False,False,False,False,False,False,False,False,3,False,medium
37,5,4,33,119.95879387604708,77.06696699039759,10.28625527438098,88.95447825311521,24.751492595688887,False,False,False,False,False,False,False,False,2,False,medium
29,3,2,18,110.13624468651558,79.30767079280227,,113.62595546371206,21.75986486359546,False,False,False,False,False,False,False,False,5,False,low
35,3,2,14,112.72494324863084,92.78109739375549,11.91845815922022,84.22074553607749,21.66265972050102,False,False,False,False,True,False,False,False,2,True,high
25,5,4,20,112.77454617913234,79.3372458556641,14.842720441524984,70.0,29.24948627147192,False,False,False,False,False,False,True,False,5,True,high
28,4,3,27,111.18923878328633,68.81465695841541,12.84103072217716,109.34127273221112,26.990193500459952,False,False,False,False,False,False,False,False,8,False,medium
34,4,3,16,109.70262547580546,,8.381807449018659,124.69016792820516,15.981240756299922,False,True,False,False,False,True,False,False,2,False,medium
19,3,2,19,124.14635923524168,66.68245799917888,10.42362802400212,102.16349993928547,18.90989604623664,False,False,False,False,True,False,False,False,4,False,medium
33,4,3,18,93.75116765228269,84.13155524376042,10.573373932083253,117.05897279959795,,False,False,False,False,False,False,False,False,2,False,medium
18,4,2,27,133.89135830801516,75.64627919569256,11.920113475879422,113.87408531499345,20.93154897259073,False,False,False,False,False,False,False,False,3,False,medium
30,5,3,31,116.62635355843597,79.00543816156949,9.506262286877261,105.23089786711266,16.966691538150968,False,False,False,False,False,False,False,False,0,True,medium
28,5,3,30,122.32021091183817,57.1934602288532,10.149996537282659,107.99118944733587,23.463219937249246,False,False,False,True,False,False,False,False,3,False,high
28,5,3,12,123.70093339778651,55.0,9.008940998545084,134.6810384639171,15.487499448827977,False,False,False,False,True,False,False,False,4,False,medium
28,5,4,19,106.50329007963315,59.98575767586567,10.036374842413586,83.78648731934014,23.507011045536004,True,False,False,False,False,False,False,False,5,True,medium
28,4,1,29,104.0276973258491,92.45770855698467,10.096055124396676,122.00698587040182,25.919906653409875,False,False,False,False,False,False,False,False,3,True,high
26,4,3,15,102.61276858415408,63.518451771529094,,79.02068930966661,26.490943543844153,False,False,True,False,False,False,False,False,5,True,medium
27,3,0,10,112.03518364205694,82.32309801988931,9.101579620928389,87.51483532136508,22.422743722177916,False,False,False,False,False,False,False,False,0,True,medium
30,4,2,18,123.39045629861235,68.58092201089295,12.571241183041428,131.31018092398187,29.043263010655032,False,False,False,False,False,False,False,False,7,True,medium
34,5,4,30,107.9948556973501,72.5996990078076,11.755542180533416,78.38370930455474,24.32650418577487,False,False,False,False,False,False,False,False,1,False,medium
30,4,3,29,122.29517968213966,74.5527974493074,8.681872363656879,99.68499254963098,26.383301179973742,False,False,False,False,False,False,False,False,5,False,medium
32,5,1,12,90.0,91.43778427811496,11.041556702667885,156.9496363216008,20.054945079476738,False,False,False,False,False,False,False,False,1,False,high
36,4,3,30,110.373193576297,80.84505530791425,8.495592192411921,127.56211452684128,29.08653918734513,False,False,False,False,False,False,False,False,8,False,medium
39,2,1,14,129.00564841133874,78.85033140320351,13.147609161642611,88.78221681537586,22.988169285954815,False,False,False,False,False,False,False,False,3,True,medium
20,3,2,32,112.94834453160477,87.96698432111197,13.582573397050604,92.55184449940779,29.30708430735091,False,False,False,False,False,False,False,False,5,True,medium
33,5,1,26,105.050276366006,68.66803136238418,10.910820329778327,101.25744517996195,28.432613149144128,False,False,False,False,False,False,False,False,3,True,medium
22,4,3,12,107.11788133434884,85.68342976951433,9.635767732232532,133.8627730828611,24.030552034019674,False,False,False,False,False,False,False,False,4,True,medium
22,3,0,19,90.0,84.01302595158731,9.937169075847077,82.9637628541676,24.62274772440517,True,True,False,False,False,False,False,False,7,True,medium
35,4,2,35,102.85837635505695,83.89899363243532,10.274012668358711,81.63228327889733,22.280254948283286,False,False,False,False,False,False,False,False,7,False,medium
19,5,4,22,127.68689647015098,73.44983297088493,10.829076422520641,120.6937672513474,,False,False,False,False,False,False,False,False,1,False,medium
36,4,3,30,108.00876679724522,70.62685104222571,13.192751435850123,70.0,25.380792752221964,False,False,False,False,False,False,False,False,1,False,medium
34,3,2,32,109.4254676559853,66.30176354830584,12.528962896494503,84.95630264167634,25.1761684809108,False,False,False,False,False,False,True,False,3,True,high
39,5,4,9,90.0,66.92817635033462,12.553607205974552,103.1280424053365,16.525309773321226,False,False,False,False,False,False,False,False,5,False,medium
32,5,0,38,95.42994648264926,65.82986848941508,11.272925233076558,104.2559553364781,22.668883605761717,True,False,False,False,False,False,False,False,5,False,medium
37,5,4,19,129.28059014319703,78.66847761826077,9.154221241693254,,26.47205744563444,True,False,True,False,False,False,False,False,3,False,medium
20,2,1,34,122.40752896793873,72.71663686729929,9.767909264589393,112.78228878094757,28.862948377469806,False,False,False,False,False,False,False,False,2,True,medium
37,5,4,23,99.43073162272682,79.3140019768002,11.09715402104389,117.18283061451821,25.901266024737836,False,False,False,False,False,True,False,False,1,True,medium
21,5,4,27,107.43313130112136,79.87882019652804,9.078239845049453,90.42523482717044,16.930933078521196,False,False,False,False,False,False,False,False,0,True,medium
24,4,3,19,114.6499318840146,64.40243945711667,11.48637272088337,141.5366608500619,18.782222090597628,False,False,False,False,False,False,False,False,2,False,medium
20,4,3,36,100.64646721411893,64.1023146789077,12.288197634256557,112.47133350365009,21.616011620399714,False,False,False,False,True,False,False,False,7,True,medium
26,4,3,11,90.95027339783678,72.71339616826687,11.87255262713332,82.89310259024059,28.59524773740065,False,False,False,False,False,False,False,False,5,True,medium
34,2,1,37,,67.24879276386218,11.808303156669332,140.65717201822247,20.571694745913728,True,False,False,False,False,True,False,False,3,False,high
23,2,0,14,121.8713027460789,66.19587860473715,8.01394776006976,93.48686352412562,27.23439967490583,True,False,False,False,False,False,False,False,8,False,medium
36,3,1,37,122.10228783675944,91.95687009074871,13.133369274673754,108.93521621509737,20.50746960957728,False,False,True,False,False,False,False,False,8,True,high
31,3,2,8,125.50284862650575,59.66645228122587,8.492183471948778,94.29081308961254,25.130471297207354,False,False,False,False,False,False,False,False,4,True,medium
31,5,3,8,96.35731285864212,95.23064427278011,10.755601257846683,118.73136818983028,19.23988605938801,False,False,False,False,False,True,False,False,4,False,high
38,5,1,11,115.69482291792326,77.88876383359089,11.989669670057719,94.40637766831283,22.22474643187671,False,False,False,False,False,False,False,False,3,True,medium
27,3,2,26,111.77858362925053,84.86238283017926,11.573756041575717,,18.473553914698005,False,True,False,True,False,False,False,False,7,True,high
25,3,0,16,113.95335177403369,83.68332817330231,8.955461876726462,101.48049187560599,28.772398097125823,False,False,False,True,False,False,False,False,8,False,high
39,1,0,27,112.45862039639036,81.16959177266035,9.242679003354086,93.9570943897796,20.220590692311433,False,False,False,False,False,False,True,False,6,False,high
30,5,4,35,107.07462183270981,91.61831799143185,11.45931459585085,128.57992094592876,16.811414134290445,False,False,False,False,False,False,False,False,1,False,high
31,5,4,8,90.0,64.17583311523218,,77.32854792527372,16.494732115334088,False,False,False,False,False,False,False,False,5,False,medium
24,5,4,25,128.94194824684809,73.43621622221592,9.228473848619476,104.1827511216584,22.658268766670037,False,False,False,False,False,False,False,False,0,False,medium
22,4,1,32,118.95988198570106,66.47153087499252,11.628148222343963,106.96823152308254,21.167727407555926,False,False,False,False,False,False,False,False,1,True,medium
21,3,2,22,,58.039204689676176,8.575562432489498,102.25804579760083,25.594894828661026,False,False,False,False,True,False,False,False,2,False,medium
22,4,3,38,120.67757983591306,68.38758881441777,11.999022811686064,126.30256971480063,22.05953429474984,False,False,False,False,False,False,False,False,0,True,medium
22,2,1,29,109.63234231598236,93.72547778223822,9.58585308517275,71.91314412826183,27.66386484387427,False,False,False,False,True,False,False,False,0,False,high
34,4,3,9,109.97233220298725,73.26533302582286,11.128821532669127,117.49417935820917,21.458335247416265,False,False,False,False,False,False,False,False,2,False,medium
19,4,3,25,105.77902478213161,94.8351571333356,10.860163692327191,77.61105054381046,27.105927830819194,True,False,False,False,False,False,False,False,3,False,high
31,3,2,20,121.44316567182717,95.85827163443204,12.85705172465803,93.80691657026495,19.189771964214366,False,True,False,False,False,False,False,False,1,False,high
38,5,2,12,105.40211714180562,,11.387408045920541,75.35081679148755,16.986667015235966,False,False,False,False,False,False,False,False,2,True,high
34,3,1,39,101.8379837669128,94.05493019098306,10.041437032575175,,19.706646426991433,False,False,False,False,False,False,True,False,3,True,high
26,5,4,15,128.58093772727196,98.58131865333807,11.575348328870678,92.27935192844038,18.485028942910553,False,False,False,False,False,False,False,False,1,False,high
19,5,4,10,112.8534230827993,78.25167541055724,14.427861182753565,141.04197954442859,18.03747564667686,False,False,False,False,False,False,False,False,8,True,medium
36,5,4,15,113.23016332009351,77.28328233686673,12.184196674058937,110.31006086052496,24.6546087147062,False,False,False,False,True,False,False,False,1,True,medium
18,4,3,35,123.30956944331999,77.94839361215351,10.905332778026088,114.67529244320984,21.942733591726697,True,False,False,False,False,False,True,False,2,False,high
32,2,1,27,106.98895958984589,75.00062204610364,9.666219245859239,80.63492151647377,23.56710170377772,False,False,False,False,False,False,False,False,2,False,low
32,4,3,35,109.38216192823738,76.49663135167543,10.013613599027655,121.28169648254404,25.11019760286681,True,False,False,False,False,False,False,False,3,False,medium
22,3,1,23,118.66858323667402,82.52182565153419,12.08798867461637,141.04097156827507,16.257213136550895,False,False,False,False,False,False,False,False,4,False,medium
34,5,4,11,96.50346877043481,70.34182144703462,9.582715884285323,124.13800170845676,25.27972186971504,False,False,False,False,False,False,False,False,3,False,medium
21,4,1,20,117.65318856121857,61.223757621912895,11.004302017726616,76.13572334958916,18.179180653803645,True,False,False,False,False,False,False,False,0,True,high
22,3,2,14,105.93146248982359,78.63618797572526,13.300190259743058,94.7888792385889,20.692719966170465,False,False,True,False,False,False,False,False,5,False,medium
35,4,0,26,125.26567110946178,68.07195165675184,11.240627828837846,107.38678244408666,,False,False,False,False,False,False,False,False,5,True,medium
39,3,0,16,121.55995992219891,69.10726502528661,9.273389133924109,92.30241013208133,25.61832040023222,False,False,False,False,False,False,False,False,8,True,medium
23,5,1,40,119.97458028370036,73.57246769685828,14.484556564276177,160.72579877173766,16.2437481308578,False,False,False,False,False,False,False,False,6,True,medium
38,3,2,20,95.71649621734531,71.27856780466125,13.819917276713456,94.3899185232386,18.199564669525447,False,True,False,False,False,False,False,False,8,False,medium
38,2,0,18,113.75925525791416,86.10042492516692,11.801882493406548,104.04627028413381,18.48967518934471,True,False,False,False,False,True,False,False,6,False,medium
34,5,4,40,100.87280127502868,73.33258460476657,13.041208658142539,91.79498427479624,22.484959987080543,False,False,False,False,False,False,False,False,7,False,high
21,4,0,25,114.55763316427569,86.60449637876717,10.57283251018511,110.09704170459234,22.36292305443727,False,False,False,False,False,False,False,False,4,True,medium
24,5,4,13,90.0,77.06016248942153,12.15912716426472,135.41170035248763,26.24759220592036,True,True,False,False,False,False,False,False,6,False,medium
32,3,1,23,96.51001277949709,74.1147099806433,10.322336311710798,107.52681996109601,,False,True,False,False,False,False,False,False,4,True,medium
39,3,1,16,129.26840330608226,76.58220486286794,8.831335952072072,100.18170839478819,26.86308160521207,False,False,False,False,False,False,False,False,2,False,medium
35,2,0,31,119.42863811207873,62.08370135979266,15.147076177345083,81.37397018259054,24.517297599480955,False,False,True,False,False,True,False,False,5,False,medium
27,5,4,26,110.754209830244,78.38077189470695,8.749539093402714,131.59440010408227,19.218082772451137,True,False,False,False,False,False,False,False,4,True,medium
23,5,3,32,104.09508012776533,83.49189296314961,11.476093009692653,101.83873336222929,20.331222113209225,False,False,False,False,False,False,False,False,2,False,medium
39,4,0,39,101.98895298895488,84.90850426846225,11.457402696285074,100.89268173719323,29.04233354015625,False,False,False,True,False,False,False,False,8,False,high
24,1,0,32,117.40186906106231,61.47825914622132,11.82560893470323,70.0,27.909722741673413,False,False,False,False,False,False,False,False,1,False,low
25,5,3,19,110.87641228489184,59.81019797757023,10.856505174093044,102.20123478085729,26.29631448485996,False,False,False,False,False,False,False,False,1,True,medium
39,5,4,14,133.5597661998073,69.63181474919163,10.873200250835028,96.1756904979554,26.82195683099081,False,False,False,False,False,False,False,False,4,False,medium
30,1,0,25,112.7828353598758,88.84662357992877,11.221458773424523,70.0,24.860502041525375,False,False,False,False,False,False,False,False,0,False,medium
23,4,1,22,115.7046459069344,77.20975393580245,11.767789570145256,126.77145146464555,24.340426697616348,False,False,True,False,False,False,False,False,7,True,high
18,3,2,18,98.33795838333555,67.25304760251798,10.997093821711632,93.22466677700734,23.19885946960399,True,False,False,False,False,False,False,False,2,True,medium
27,5,0,34,110.67160929787433,60.4706053306962,10.890622166680167,146.70251530961957,29.795396932475423,False,False,False,False,False,False,False,False,4,True,medium
39,3,1,38,117.12389686081583,68.16010695546385,8.886224091297,136.11771387315932,21.141366201078327,False,False,False,False,False,False,False,False,5,True,medium
27,3,0,20,110.52657146544176,67.48448871486922,14.221891951515806,89.16212056349039,23.961200101442415,False,False,False,False,False,False,False,False,2,True,low
33,3,2,30,109.17245759710922,84.35617718645256,11.857118638883787,135.12490034996065,16.16691829056544,False,False,False,False,False,False,False,False,1,True,low
23,4,3,40,118.92291550738388,85.12544249387044,11.334250818086648,140.43192827854315,17.277131440800723,False,False,False,False,False,False,False,False,1,True,medium
35,4,2,8,133.17787937873186,64.50098127809063,10.000852329056624,92.70121777851843,30.26064894120361,False,False,False,False,False,False,False,False,0,True,medium
35,5,1,20,116.73963244369394,,9.394217291440249,82.281477592083,25.467121056472365,False,False,False,False,False,False,False,False,0,False,medium
31,5,2,32,128.73023540167765,81.50756898675428,12.375978316876058,70.0,22.14920595803338,False,False,False,False,False,False,False,False,6,False,low
34,4,2,24,122.45922853022539,63.20319185237068,10.74422018386474,113.36971517997412,23.313298348608136,False,False,False,False,True,False,False,False,8,True,medium
30,4,0,34,128.01224049601421,74.16181301172098,11.993703335316631,83.58683080514803,17.56751147990447,False,False,False,False,False,False,False,False,3,True,medium
26,3,0,23,,78.40819988157418,8.83655978607816,114.03084440550876,21.287520013383144,False,False,False,False,False,False,False,False,2,False,medium
34,2,0,10,112.51687006018717,76.63235418717359,13.47496775036261,92.50727833751479,17.167452884375717,False,False,False,False,False,False,True,False,3,False,high
36,5,4,22,112.56671715082402,57.89458923191444,12.4422038966551,87.84590499678362,21.818778216898195,False,False,False,False,False,False,False,False,8,False,medium
36,4,3,21,121.55532683876771,76.31182454516619,10.870299691576571,92.64719277062883,25.72128208413537,False,False,False,False,True,False,False,False,2,False,medium
22,2,0,35,124.50895386654237,81.36264891431676,11.748200669476653,76.40402777169899,24.813204132351625,False,False,False,False,False,False,False,False,8,True,low
32,5,1,12,116.5006742933427,90.79594168867523,12.185606975255705,92.63702783169293,29.356477680841653,False,False,True,False,False,False,False,False,2,False,high
18,3,2,13,125.52047892851037,68.31208799852851,8.860831119336847,88.79452128410907,24.178933543833164,True,False,False,False,False,False,False,False,4,False,medium
30,2,0,12,108.24002227622353,69.54546843471108,13.684523026220672,104.68857595619421,15.0,False,False,False,False,False,False,False,False,2,True,low
30,5,4,26,125.6245306347895,72.91133234127389,11.773217596932746,107.29367789607748,,False,False,False,False,False,False,False,False,3,False,medium
25,5,4,40,127.18971330623042,77.91215921316889,9.873436339947673,81.43414806974464,19.637226547002314,False,False,False,True,False,False,False,False,6,True,high
39,2,1,28,123.12995615109597,75.97017767622856,9.245453349336701,129.21771419341877,23.648413079771206,False,False,False,False,False,False,False,False,2,True,medium
37,3,0,34,116.61003740177456,81.04307987967091,12.579356386214476,101.48949005658564,23.407312853007156,False,False,True,False,False,False,False,False,0,False,medium
18,3,1,36,123.55987998885959,63.74813457784858,11.337854715563209,138.05366569906133,23.963594864630288,False,False,False,False,False,False,False,False,5,False,medium
22,4,2,27,104.27194641713812,,11.77216144469135,110.30381062169363,23.19223522778582,False,False,False,False,False,False,False,False,6,True,medium
22,5,4,28,117.3803471723225,67.57784619774345,11.042663287290047,106.52028885478495,23.26270527908235,False,False,False,False,False,False,False,False,1,True,medium
37,3,1,16,118.60612572190146,73.56666097944421,9.395610097318318,94.1984817884206,17.71345127457582,False,False,False,False,False,False,False,False,6,False,medium
29,4,1,39,99.04581204218218,92.08013627256206,11.813788463884988,,33.347931007417436,False,False,False,False,False,False,False,False,3,False,high
34,3,1,33,120.69501103527425,61.01757191233992,10.68394377735927,105.73846852555701,25.605745225473527,False,False,False,False,False,False,False,False,6,False,low
35,5,0,36,100.01417529181822,72.20532531560629,10.965294197610977,123.88624560070566,23.20752291718013,False,False,False,False,False,False,False,False,2,False,medium
34,3,0,40,109.86498042508683,62.253542276893754,14.803204329128922,140.3025727462861,30.36746763920187,True,False,False,False,False,False,False,True,0,False,high
19,3,2,19,115.47713151131558,76.53067974551773,12.390510620423534,89.00923690003698,18.712301588443246,False,False,False,False,False,True,False,False,3,False,medium
21,4,3,12,106.23116338440632,85.48232915390018,12.482823855612681,118.49619872343426,26.47355854657676,False,False,False,False,False,False,False,False,0,False,medium
26,5,0,36,115.99064846344382,76.6965511884427,15.352837003900094,117.87255588113976,20.77933626921795,False,False,False,False,False,False,False,False,0,False,medium
25,4,1,23,115.79868388523464,73.83284146664337,11.615318195488191,115.07846198169455,24.609331409293993,False,False,False,False,False,False,False,False,1,True,medium
34,5,4,39,105.15782032769391,88.28402329052052,11.1915320583189,95.46961804672098,24.697810399144224,False,False,True,False,True,False,False,False,4,False,high
21,5,4,30,121.81569350589197,78.30502434772144,9.913268240974013,95.91473930086401,15.0,False,False,False,True,True,False,False,False,1,False,high
26,4,3,16,105.83012196032522,83.19566056311811,10.275917026836247,92.15459225342177,17.273342839621428,False,True,False,False,False,False,False,False,0,False,medium
23,5,2,19,142.45569249681634,82.15257386845134,7.724633973522862,91.71822465758054,29.345756826985223,False,False,False,True,False,False,False,False,3,False,high
22,3,2,28,113.68625412003274,55.0,,86.51726174904594,21.991338771876197,False,False,False,False,False,False,False,False,7,True,low
21,3,1,21,100.94447026011962,74.23331194379051,8.97292640430336,102.70105971346558,31.006320717610965,False,False,False,False,False,False,False,False,2,False,medium
22,4,1,17,103.18789880543474,64.21925531118647,12.444377571129207,88.32799621248611,28.240501770676353,False,False,False,False,False,False,False,False,3,False,medium
30,3,1,14,128.7709655763796,66.70683105843138,10.931158372863083,114.584161264613,22.118900831520474,False,False,False,False,False,False,False,False,7,True,low
27,5,3,29,110.09018020337855,89.74586107325294,11.204893943622984,106.25298996885797,21.76594266696527,False,False,False,False,False,False,False,False,6,True,medium
27,4,3,9,98.63483430604037,71.25194454677408,10.932211311768961,108.72069671352034,29.59366566420473,False,False,False,False,False,False,False,False,3,True,medium
28,4,3,11,125.2445529655332,93.92568195806008,13.217719086212746,98.98323927766327,31.4120797369647,False,False,False,False,False,False,False,False,1,True,medium
34,4,3,9,110.013113346663,60.923115797291445,12.935107775898286,106.51576245994224,21.853593781170726,False,False,True,False,False,False,False,False,5,False,medium
36,4,0,32,122.84103413343222,64.16329219722633,10.953773750952605,99.55890547958114,29.15265983129685,False,False,False,False,True,False,False,False,5,True,medium
29,4,3,8,126.22679230787352,82.62350660951971,9.561593477738725,122.14994775489527,27.1200742567434,False,False,False,False,False,False,False,False,2,False,medium
32,5,4,21,118.29356246570254,71.58628480241491,12.478222568531264,95.26743585579398,27.81018919261266,True,False,True,False,False,False,False,False,1,True,medium
34,4,3,12,143.75088874822399,78.0732733660105,9.440680045735581,113.26153831219307,23.40458371045027,False,False,False,True,False,False,False,False,2,True,high
33,3,2,27,94.30309008480131,73.8769317363025,8.512221934210942,76.2598392375043,20.310328273716138,False,False,False,False,False,False,False,False,5,True,medium
20,2,1,9,,73.57423762033993,11.797359789580364,120.66564630264746,18.78250164139476,False,False,False,True,True,False,False,False,3,False,high
39,4,3,8,111.9285999447525,71.95763931267923,,92.69626041999398,17.782934442587365,False,False,False,False,False,False,False,False,3,False,medium
21,3,2,21,142.13408234329745,76.79493360407737,10.351863731529798,84.93002924820235,30.64355552220577,False,False,False,False,False,False,False,False,7,False,high
27,2,1,30,136.57602964122654,81.41638287527903,11.647228301175618,79.94640806177448,23.043779095067823,False,False,False,False,False,False,False,False,5,False,medium
32,3,2,11,130.46429040872698,91.14422150972476,10.33492190121968,78.20572817488171,18.420897560023555,False,False,True,False,False,False,False,False,7,True,high
26,3,0,24,105.47051271104908,72.97487464657182,12.155189357897308,94.40763069324588,27.00970970422798,True,False,True,False,False,False,False,False,0,True,medium
23,5,4,34,106.86982312275484,71.06361704364124,12.752047498259545,137.96980928428235,21.084511192806257,False,False,False,False,False,False,False,False,6,False,medium
38,5,3,28,105.05727957831455,69.77538443540868,10.579415656828763,90.84689714939098,20.396097977205606,False,False,False,False,False,False,False,False,8,False,medium
19,4,1,32,105.59887734351085,89.69783855032499,9.355834947643954,70.0,31.27204014635545,False,False,False,False,False,False,False,False,3,False,medium
23,4,3,18,132.9124552873117,81.90324897113818,8.668751035821538,,17.67718851565297,False,False,False,False,False,False,False,False,4,False,medium
39,1,0,39,112.07479451924988,56.0096657356183,12.481101491936398,80.48635606362207,,True,False,False,False,False,False,False,False,2,True,medium
34,4,1,12,113.66202202427269,55.56879297203618,9.181493613267477,122.92576673574858,20.63631969790557,False,False,False,False,False,False,False,False,6,True,medium
19,4,3,27,124.29264144308118,66.69942120501915,11.595238785923787,,19.99798282002232,False,False,False,False,False,False,False,False,4,True,medium
34,2,0,22,95.03766431159231,77.30145444054375,12.243851309508026,98.97182361293308,17.14458070085626,False,False,False,False,False,True,False,False,2,True,medium
39,4,3,9,115.63174985522967,,10.197916994319131,131.3408387848157,23.23833413103213,False,False,False,False,False,False,True,False,0,True,high
20,5,4,39,101.83753925592495,80.1477855184368,10.734062639712072,118.59004923690462,19.504396010722004,False,False,False,False,False,False,False,False,6,False,medium
27,4,2,31,111.46702095330018,73.2455655781672,12.598469516010836,77.5797048925276,25.365511636493373,False,False,False,False,False,False,False,False,4,False,medium
28,2,1,15,107.96295167248945,88.97418771378942,9.706889940264384,80.81631105396582,22.811972389305833,False,False,False,False,False,False,False,False,8,False,medium
20,4,3,9,107.34423104762492,82.72111378774015,9.544461431945445,70.0,21.749498633560222,True,False,False,False,False,False,False,False,2,True,medium
22,2,1,30,117.70698168047637,75.77576607115687,10.624974046065487,162.27086117547057,19.525822037251757,False,False,False,False,False,False,False,False,8,False,medium
21,4,3,25,117.65456082871013,86.45339430534105,13.044660259322196,86.0204397277065,28.722823847376354,False,False,True,False,False,False,False,False,4,True,medium
22,4,3,9,112.36215292919218,58.510937756847795,13.577169751365764,130.7358856640002,25.94272161483166,False,True,False,False,False,False,False,False,7,False,medium
26,3,0,40,,74.14925287334776,10.841947167294826,93.28995955605627,20.274629784669678,False,False,False,False,False,False,False,False,3,True,low
28,2,0,31,104.5766255097574,76.37512306127985,9.860605395128319,81.24317796068053,17.563179819845267,False,False,False,False,False,False,False,False,3,True,medium
23,1,0,23,123.17903042847313,81.0203649995251,12.702583385471335,105.47433707368654,15.44804325829272,False,False,False,False,False,False,False,False,5,False,low
24,1,0,15,112.52561173410874,57.84833997171379,8.32912706934324,97.81338784984443,27.549413575238745,False,False,False,False,True,True,False,False,1,False,medium
22,2,1,16,109.19603725434524,72.39593093125518,11.396177366636945,122.64124302080064,26.63669174012377,False,False,False,False,False,True,True,False,7,True,high
35,4,0,22,105.46289425956422,79.00460796351075,10.929738251457271,122.9164461207875,27.18628118480564,False,False,False,False,True,False,False,False,2,False,medium
22,5,4,9,112.10323047439982,79.77162126397336,13.07012454963901,92.01689758344588,22.51884700637625,False,False,False,False,False,False,False,False,5,False,medium
37,5,4,20,137.44767108215106,86.861298414542,13.232029663421402,73.3210028112167,26.224048104197305,False,False,False,False,False,False,False,False,6,True,medium
29,1,0,15,114.24023475876892,82.61505332406745,9.491954307284361,78.66239089666821,27.10877625292333,False,False,False,False,False,False,False,False,3,True,medium
35,3,1,11,101.26715756627873,74.39153950627959,11.26828485675996,70.0,22.720818442907383,False,False,False,False,True,False,False,False,2,True,medium
32,5,3,12,126.02582880142056,81.74973748948754,10.087033052413535,98.96188788508567,21.567407537625552,False,False,False,False,True,False,False,False,5,False,medium
23,4,3,19,109.33685877049895,72.98636364445368,10.530676184149216,104.74039233320458,19.09486528251402,False,False,False,False,False,False,False,False,2,True,medium
31,3,2,20,118.40510805222965,76.46773952762852,11.98782043929276,79.85778579642948,24.704595530118052,False,False,False,False,False,False,False,False,4,False,low
24,5,4,19,107.73207339488107,82.94802350147363,10.464169404652909,77.19967563173303,25.23685533485261,False,False,False,False,False,False,False,False,2,False,medium
20,4,3,30,130.36927979371805,74.54699206811958,11.31028073044484,104.64615467529757,21.373861027364345,True,False,False,False,False,False,False,False,5,False,medium
23,4,3,25,107.91088292024843,78.61989679531837,12.531635464447621,91.09699773241938,21.845033461749985,False,False,False,False,False,False,False,False,2,False,high
24,3,2,14,131.77429574293043,84.61308769317013,13.424258758073481,100.31556298307613,22.130820004587562,False,False,False,False,False,False,False,False,6,False,medium
20,3,2,40,102.40887298565457,82.12164860739053,11.461888231695127,96.92105332245883,26.164964263461187,False,False,True,False,False,False,False,False,4,True,medium
18,4,1,32,111.48512337141425,87.33471855881369,11.188424651264222,110.47206529575979,17.502697289785903,False,False,False,False,False,False,False,False,0,False,medium
38,3,2,23,131.79994943088138,98.2844829795291,9.228335744829044,92.56386162092483,18.578986070751288,False,False,False,False,False,False,True,False,6,True,high
29,5,4,9,117.01809069737607,82.02927773356943,13.537277526577151,,18.65701887548615,False,False,False,False,True,False,False,False,6,True,medium
26,2,1,38,142.2575913016676,70.38707448595245,11.793121708525039,70.0,,False,True,False,False,False,False,False,False,3,False,high
38,3,0,32,111.7703146091438,80.118230478198,11.217960199178707,103.89268359069297,,True,True,False,False,False,False,False,False,4,False,high
22,5,2,23,118.08451423552809,79.68818416490417,11.13607875551471,106.95122009274793,18.724497022798154,True,False,False,False,False,False,False,False,3,False,medium
26,4,3,13,137.8617912645858,81.13510693510382,11.577045557688407,,26.636023494956902,False,False,False,False,False,False,False,False,4,False,medium
36,5,4,11,96.83292139909278,89.95016247237372,12.234864783809172,147.0603488911872,28.850597808677602,False,False,False,False,False,False,False,False,7,True,medium
31,4,2,17,95.34699960182155,58.158884910159934,12.43288084820895,108.58113145188487,24.655190478789127,False,False,False,False,False,False,False,False,0,False,medium
26,4,3,15,105.4539018734871,90.13837991329734,13.57728303329057,101.55750377234632,27.49116042114277,False,False,False,False,False,False,True,False,1,False,high
23,2,1,14,124.76047227367991,93.50416868058113,11.388301613620186,115.9811893149179,19.33931178299121,False,False,False,False,False,False,False,False,5,False,high
18,3,2,21,95.68178580001674,80.68070663270214,13.806721950824645,151.48299782869,19.43456114524179,False,False,False,False,False,False,False,False,5,False,medium
19,4,2,9,122.16458867874424,80.92135081223132,12.692357247172097,110.55990696673665,25.058495910390956,True,False,False,False,False,False,False,False,6,False,medium
21,3,1,18,121.32048033386673,72.58355192740501,10.903789790128842,70.0,22.846389137452334,False,False,False,False,True,False,False,False,4,False,medium
35,4,3,36,139.1726827984235,75.06323989816705,8.33220203449068,114.50528814343974,19.42711937283945,False,False,False,False,False,False,False,False,5,True,medium
32,5,4,36,127.54581910614847,81.97952159148151,11.136899622875173,85.65682061964154,28.700190386703117,False,False,False,False,False,False,False,False,4,True,medium
27,3,1,8,119.36860284997331,81.33552392770325,13.493564487824514,70.0,24.195160942279106,False,False,False,False,False,False,False,False,0,False,low
35,5,0,30,131.30959522183554,82.20709730003388,9.759578991788462,142.34634743577075,25.808699890746983,False,False,False,False,False,False,False,False,8,True,medium
21,5,4,40,121.46684729337841,81.26668571603284,11.131940235940084,,20.30299414616485,False,False,False,False,False,False,False,False,3,False,medium
22,5,4,27,109.47915934447357,83.9838997414237,11.264350254914842,85.08609453997732,29.719633824968124,False,False,False,False,False,False,False,False,0,True,medium
26,5,4,20,101.26473067541366,82.86648669985648,12.50740254692992,85.23011538421966,,True,False,False,False,False,False,False,True,5,False,high
38,4,1,24,108.16761275568302,64.75651334739868,10.379501523546725,108.5236786620878,27.076227071960577,False,False,False,False,False,False,False,False,7,False,medium
31,4,3,15,114.51911350543459,83.3226804350788,9.608986002471537,85.52606548055051,20.66868877148096,True,False,False,False,False,False,False,False,2,True,medium
36,4,3,21,117.10022086419525,93.58586616416227,11.912003441957975,102.02837983957474,23.67459142437796,False,False,False,False,False,False,False,False,3,True,high
23,4,3,38,90.0,74.73373248044598,9.810580769539836,89.30999550205118,25.231344120873548,False,False,False,False,False,False,False,False,8,True,medium
36,5,4,28,112.36527598091207,89.99479947982478,8.063191436572623,96.19114908952258,30.98162845426885,False,False,False,False,False,False,False,False,7,True,medium
19,5,4,22,115.34298123459334,65.8270470008841,13.944595079084584,74.1041857023824,21.241091600557727,False,False,False,False,False,True,False,False,6,True,medium
23,3,2,12,121.57044933855809,74.70237380389565,12.483249059420084,123.19176320399572,23.810250577326823,False,False,False,False,False,False,False,False,4,True,low
29,2,0,37,134.5216105900762,68.58841848190141,14.0134204566675,,25.36742104247036,True,False,False,False,False,False,False,False,1,False,medium
19,3,0,13,117.22784242534324,88.792212524238,12.398420404824858,102.79551223818433,17.34063980583411,False,False,False,False,False,False,False,False,1,False,medium
36,5,4,31,104.08524548502739,91.40476554408852,12.088583874707924,104.20266491477025,15.0,False,False,True,False,False,True,False,False,7,False,high
37,5,4,18,93.18304739678233,74.00803879912438,11.591257013472571,118.84145440996414,19.016650698248398,False,False,False,False,False,False,False,False,5,False,medium
29,5,0,17,123.24413149734858,86.71061522661851,10.702354749500355,105.04182518645591,26.868719565624453,True,False,False,False,False,False,False,False,3,True,medium
24,5,1,13,104.57095168627104,91.50626627903334,11.819370531048154,143.05040467433494,29.865627630880418,False,False,False,False,False,False,False,False,8,False,high
20,2,1,20,125.40204372593617,74.6708114203833,10.114828025001437,76.04001715970321,19.308058059251373,False,False,False,False,False,False,False,False,1,False,medium
31,4,1,30,131.76904182595084,76.29751611796983,9.289233324033251,123.9407231130005,18.133101982876518,True,False,False,False,False,False,False,False,0,False,medium
29,4,3,21,96.47110280824991,82.33615369626983,10.46843869292628,102.48754796775914,29.138983901092402,True,False,False,False,False,False,False,False,2,True,medium
34,5,2,8,121.64671070510755,66.57462018479715,13.06638766616223,80.3333251390911,20.73829312460934,False,False,False,False,False,False,True,False,7,False,high
31,3,2,16,130.51146892407212,76.1009759521456,9.0281493009196,154.43595234333935,21.512837024017216,False,False,False,False,False,False,False,False,7,True,medium
20,3,2,13,127.22847190336338,96.42787106201938,9.053573358719841,157.4744081953476,28.836535970864485,False,False,False,False,False,False,False,False,5,False,high
20,4,3,21,90.0,69.99986479749703,11.946094660340515,100.42686137658849,28.17880307932095,True,False,False,False,False,False,False,False,1,True,medium
35,4,3,37,104.75617546247555,83.53826240706513,10.335874072901333,114.78395765692963,26.736262053442942,False,False,False,False,False,False,False,False,7,True,medium
21,1,0,39,99.63783393099492,80.23804446137012,11.776792072255144,94.63390222484726,16.15411551452119,False,False,False,False,False,False,False,False,7,True,low
38,3,0,40,121.28167306176461,73.36234091297048,12.583771891007112,98.1735134635814,17.966179051764236,False,False,False,False,False,False,False,False,7,False,medium
20,2,1,11,119.95991948182596,77.21655092909391,11.738451974812605,,27.482032352076885,False,False,False,False,False,False,False,False,7,True,low
34,4,2,24,90.0,92.5261992453943,9.988407074114484,76.83423179697816,24.271560757836195,False,False,False,False,False,False,False,False,1,False,high
39,5,4,9,111.3900205440659,80.53597146579301,13.052694093645767,145.57129938230068,19.88906110612982,False,False,False,False,False,False,False,False,8,False,medium
27,5,4,24,124.60863796409328,82.09818623261263,12.187396292165618,104.14710655560181,21.621764436683996,False,False,True,False,False,False,False,False,3,False,medium
19,5,3,27,116.77571189468946,91.00862296251756,11.042924566703325,106.11286839161134,27.443941728395217,False,False,False,False,False,True,False,False,7,True,high
37,4,0,33,116.75520303399834,72.10589563001831,10.96546749776251,87.16859917417489,,False,False,False,False,False,False,False,False,5,False,high
22,4,0,19,110.62007575937547,64.53085090162155,11.598388063163183,109.17934445000726,,False,False,False,False,False,False,False,False,3,True,medium
29,5,2,9,102.29270870710386,92.6834739159028,10.500826079586712,71.916528219319,20.25232797478645,True,False,False,False,False,False,False,False,7,True,high
39,3,2,22,114.7953301133142,76.3652178261843,8.390072488447904,87.977751625483,21.898027781412242,False,False,False,False,False,False,False,False,2,True,medium
34,4,3,22,115.62512141482149,83.93600850149014,12.200252394018678,78.60495633635472,28.372262289273234,False,False,False,False,False,False,False,False,2,False,medium
19,4,0,28,122.38305424399547,67.3767081438064,12.10518883179388,133.44345061189549,28.294133489610925,False,False,True,False,True,False,False,False,1,False,medium
36,5,4,11,123.35799909154554,78.88526305246165,7.31829445488524,70.0,23.77701892160126,False,False,False,False,False,False,False,False,8,True,high
21,5,2,28,116.0303370299589,64.03067215138142,11.817081828251606,79.05725906113419,20.882041797873104,False,False,False,False,False,False,False,False,1,True,medium
34,4,2,21,128.13890037501798,75.63739839728093,13.810373662223538,70.0,27.33105937660184,False,False,False,False,False,False,False,False,0,False,medium
31,2,0,32,110.50090398237074,68.5207681482172,9.195778634922336,85.4197286960466,29.49177817469781,False,False,False,False,False,False,False,False,0,False,medium
24,5,4,40,97.6717051614432,66.22345665087448,10.882733934574862,94.89053841991024,17.185972059408616,False,False,False,False,False,False,False,False,5,True,medium
27,3,2,15,120.72464403301846,71.96877330634076,10.708828297385507,126.51116829530041,22.070273277984125,False,False,False,False,False,False,False,False,0,True,low
20,5,1,32,116.51655465267106,55.0,13.656659094993412,100.11604753166539,27.623836018476837,False,False,False,False,False,False,False,True,5,False,high
39,5,1,12,120.96317818815837,63.40097562222467,12.793515270651138,95.96708800569681,23.294689261628427,False,False,True,False,False,False,False,False,2,True,medium
23,5,1,40,99.82658382060487,82.82414156260329,9.59453416558011,111.59797872018957,21.045654512369225,False,False,False,False,False,False,False,False,5,True,medium
24,4,0,23,136.48955306333255,78.47666389547727,11.54738963737364,95.25613129663084,23.740752437381197,True,False,False,False,False,False,False,False,8,False,medium
29,5,4,32,123.5260289639637,64.25813053037392,14.684275411644043,158.01797297919947,24.482817207877485,False,False,False,False,False,False,False,False,0,False,medium
32,5,4,33,111.54403730801049,80.47873569465067,10.000467361374179,91.99792468823668,18.492650604027048,False,False,False,False,False,False,False,False,4,True,medium
29,5,4,28,103.77456224842426,66.21786927848115,10.982153946145068,114.1016592165352,23.363180408772028,False,False,False,False,False,False,False,False,4,False,medium
29,2,1,20,127.92584092518699,82.21963870413418,11.82161168558019,123.18202723382421,24.469334065447796,False,False,False,False,False,False,False,False,0,False,low
30,3,2,32,101.77876261523372,73.84360926538174,10.023912720449188,91.36629190662892,21.036618964452774,False,False,False,False,False,False,False,False,1,True,medium
36,5,2,23,142.13637789750484,71.74876849607674,13.821124935988392,108.6381913181098,19.882047242876048,False,False,False,False,True,False,False,False,5,False,high
26,3,2,29,107.64154072120803,74.08936376272545,10.243730719546365,93.98140006122819,20.84844964030251,False,False,False,True,False,False,False,False,4,True,high
36,3,2,28,135.64606257526734,100.59528456665709,8.77754379340129,111.02845777482719,19.1163495450497,False,True,False,False,False,False,False,False,6,False,high
35,3,2,23,112.7863145791274,67.4119848047765,10.160028737733937,107.22033220321853,26.40248220597332,False,False,False,False,True,False,False,False,3,False,medium
39,4,3,11,133.96896050584368,77.2655866626638,12.044832137897872,101.91377421210613,19.065439539869395,False,False,False,False,False,False,False,False,0,False,medium
38,4,0,17,106.18157791808181,82.81368709492371,9.722921398793195,79.57760175767355,23.75617319814458,False,False,True,False,True,False,False,False,7,True,medium
35,5,0,38,,65.37587150911065,11.483519022187364,146.00128553855097,21.503204129949253,False,True,False,False,False,False,False,False,1,False,medium
23,5,4,25,124.6569919620468,59.05742162594068,11.900080704226665,117.90078323986678,20.175262583754073,False,False,False,False,False,False,False,False,0,False,medium
35,5,4,28,,68.98901857037828,9.065705532672554,70.04997824409048,28.485310498835265,False,False,False,False,False,False,False,False,1,False,medium
34,5,4,16,128.2091420038946,,10.098076451849241,95.75186901990345,22.476866085496685,False,False,False,False,False,False,False,False,3,True,medium
24,5,1,31,109.15033462238122,71.57996548271717,11.558353375260907,70.47328735965827,20.322402292933592,False,False,False,False,True,False,False,False,2,False,medium
32,3,2,24,116.01770047419774,72.68894068638976,12.123859456005622,121.76579005298846,19.939525202034375,True,False,False,False,False,False,False,False,7,True,medium
23,5,0,15,129.98066291197685,84.1076965129208,10.137945568371778,104.52078054556799,24.356258915009988,False,False,False,False,True,False,False,False,5,False,medium
29,3,1,12,106.53693397937258,66.93656920505141,11.242835696396845,105.08971105357969,26.306351442166296,False,False,False,True,False,False,False,False,5,False,high
35,5,3,21,121.87049273342082,74.11244688853884,10.54570200040678,86.46792102590683,28.083019319371346,True,False,False,False,False,False,False,False,0,False,medium
22,2,1,26,112.370077122667,59.86158958683181,12.16456027328095,98.05759230219522,22.329374969924665,False,False,False,False,False,True,False,False,1,True,medium
25,3,2,17,117.47048927899127,78.20719060725796,11.831061726664972,122.31805021348492,22.089075885173987,False,True,False,False,False,False,False,False,5,False,medium
35,5,0,16,116.01460259697338,77.2950707456841,10.402427175686924,128.22830734065107,23.52381741749298,True,False,True,False,False,False,False,False,7,False,medium
27,4,2,16,105.54060219058043,82.95536298167218,,123.62126463878492,23.668498658392306,False,False,False,False,False,False,False,False,8,False,medium
39,4,3,17,111.87168169453062,63.54743868328614,10.339842605131683,70.85232898064581,19.911773274624505,False,False,False,False,False,False,False,False,3,False,medium
18,5,2,32,116.73918702492047,73.08112419227584,11.731779126970366,100.90544741601688,28.849647919744324,False,False,False,False,False,False,False,True,8,True,high
33,3,2,24,113.76731201545445,62.21529639541813,11.754071272551341,110.57289606011808,23.08888702735503,True,False,False,False,False,False,False,False,4,True,medium
35,5,4,23,133.87283139753086,72.538933138442,14.793674445709614,88.83493703427224,25.1389600355302,False,False,True,False,False,False,False,False,6,False,medium
38,2,1,13,127.11946668179634,89.81788075441224,10.461980412633423,70.0,24.697818257688667,False,False,False,False,False,False,False,False,5,True,medium
21,2,1,25,118.47976598192196,71.79247244026017,10.773970420858412,76.69412798245408,24.615731914909997,False,False,True,False,False,False,False,False,8,False,medium
39,5,3,39,105.84224580736597,61.34080175755096,9.964429439372601,137.99504491145356,18.983612937767738,False,False,True,False,False,False,False,False,1,False,medium
26,5,2,32,105.11172289722457,68.20120735025183,9.347482083537288,78.78784961053445,22.97439806971251,False,False,False,False,False,False,False,False,5,False,medium
25,5,4,22,138.68573242336493,58.890481665827885,10.269663210252128,106.04633536474721,32.12297716170856,True,False,False,False,False,False,False,False,5,True,medium
25,1,0,18,102.88137476713366,62.042271211927805,12.06416111235398,101.5606301097668,29.348674871814627,False,False,False,False,False,False,False,False,4,False,medium
32,4,0,19,116.36631541780629,81.709869474954,12.17993845015889,101.61680308991046,23.628030642677402,False,False,False,False,False,False,False,False,6,True,medium
32,2,1,8,119.33138457218415,60.53716762637897,11.473087751499728,97.96304773001198,21.532542195939623,False,False,False,False,False,False,False,False,0,False,low
28,4,2,8,111.26411618220033,78.12328590354878,10.526776191152143,122.36101429592264,15.0,False,False,False,False,False,False,False,False,5,False,medium
19,5,4,33,102.97355482507169,75.25742675882573,,105.78348421914373,21.01065527911496,False,False,False,False,False,False,False,False,5,False,medium
39,4,2,35,105.58124033192216,69.68471750906666,9.53307118326076,91.23559748096892,22.686323569710318,False,False,False,False,True,False,False,False,6,True,medium
22,3,2,39,108.44193997235166,77.27349980057777,10.10897983845919,106.12956413317431,21.730734159095427,False,False,False,False,False,False,False,False,5,False,medium
20,1,0,28,106.48608557082665,65.62338490652745,8.927795105388359,76.8940283961735,22.0092703171566,False,True,False,False,False,False,False,False,2,False,medium
31,4,2,38,130.93264471817116,83.40844400827046,13.17257329900106,115.47078113958561,25.48972539943125,False,False,False,False,False,False,False,False,7,False,high
27,3,2,21,114.89048807832846,68.01659701427668,13.939442378115272,90.01872929260398,18.998577102437647,False,False,False,False,False,False,False,False,2,False,low
31,3,2,16,108.71438678622866,71.13633111393113,7.902619594400116,91.28583463906679,24.09060686451595,False,False,True,False,True,False,False,False,6,False,high
37,4,3,16,116.28349652640647,69.94648994602893,11.462821820560977,116.2870458157813,22.558964542131697,False,False,False,False,False,False,False,False,2,False,medium
20,4,2,15,123.01547086353898,81.89473564407766,11.436307128569643,96.03904987865135,19.470785941972146,False,False,False,False,False,False,False,False,6,True,medium
24,2,0,32,110.86456352730904,80.444439135089,11.334094063344212,97.27764459963888,29.696419092830673,False,False,False,False,False,False,False,False,2,True,low
29,4,0,8,125.82377554211098,55.0,10.051609086059187,130.687865176923,25.991239541236684,True,False,False,False,False,False,False,False,7,False,medium
35,4,0,39,99.74623870772129,77.54242936278179,,83.58986986141089,19.85440083926129,True,False,False,False,False,False,False,False,3,False,medium
31,4,3,33,129.05564358539698,57.55407168174419,11.656763682525696,115.96447003768047,25.06900433824082,False,False,False,False,False,False,False,False,3,True,medium
26,5,4,20,114.89257192273335,71.58678287810837,12.654594806342132,125.88952860106154,17.44215107535359,False,False,False,False,False,False,False,False,2,False,medium
31,5,4,31,114.42385177897926,73.918259782533,,130.67173837737622,20.346083290267778,True,False,False,False,False,False,True,False,2,True,low
39,3,1,12,106.68382810642177,71.47941770468162,8.786907512547312,152.88344041452976,28.310279176830733,False,False,False,False,False,False,False,False,8,False,medium
28,2,0,22,100.26579843383904,80.00819222098916,11.69584884733123,90.87291475348043,24.406059501071717,False,False,False,False,False,False,False,False,8,False,low
37,4,3,11,94.99993677021531,82.20076566079533,9.459290038690794,85.90541166750711,24.08478926531691,False,False,False,False,False,False,False,False,0,False,medium
35,3,0,11,105.84667997260257,67.2653420718071,12.687359369334196,122.97873993100184,26.947872322908548,False,False,False,False,False,False,False,False,5,False,medium
24,4,3,8,122.05207864722823,66.90202997502679,7.597405896997067,125.68530450508187,25.445112439638862,False,False,False,False,False,False,False,False,7,True,high
23,2,1,34,103.46465893234405,74.64030446347483,10.25033616815649,87.60383774933648,21.93579378969629,False,False,False,False,False,False,False,False,5,False,medium
34,5,4,32,96.4186217713083,59.562679194338436,10.014525043755093,115.66569880705154,26.745618577789422,False,False,False,False,False,False,False,False,3,False,medium
22,4,3,37,104.09121626994656,70.23022024812322,10.46819737306854,164.9325509353806,16.244177714646195,False,True,False,False,False,False,False,False,7,False,medium
25,4,3,40,110.38200018994822,88.48077833387357,11.417758515141129,107.30261693874223,20.330101316533174,False,False,False,False,False,False,False,False,5,False,medium
23,3,2,39,110.85398532805176,59.93699434789284,11.633977177602233,125.31697370812721,22.612196148374615,False,False,False,False,False,False,False,False,1,True,low
31,5,4,40,113.45328510108682,71.59882640686592,12.023580163703514,,25.190916029055856,False,False,False,False,True,False,False,False,2,False,high
24,3,2,8,127.39127615262254,69.07699187069883,12.20797818286341,160.0824152912848,21.700003010852768,False,False,False,False,False,False,False,False,0,True,medium
32,5,3,33,129.99105325709786,95.05267881387758,10.725559038925178,110.40539188850488,15.863757397494265,False,False,True,False,False,False,False,False,8,False,high
38,2,1,31,139.06555006467187,69.62138793330347,14.373926978730333,132.56673800871215,15.302086788272549,False,False,False,False,False,False,False,False,1,True,medium
36,4,2,13,95.50111219961718,70.20189114641504,13.219344534331182,87.65312944226,22.727629136404808,False,False,False,False,False,False,False,False,0,True,medium
38,5,4,12,104.72939295596399,64.69235072198269,10.500818854941823,105.54738077842126,21.088897808037117,False,False,False,False,False,False,False,False,8,False,medium
18,2,1,40,123.38182188471706,75.0932180356725,10.781002092572836,95.17804555220481,19.360091200271416,False,False,False,False,True,False,False,False,2,False,high
28,2,0,37,109.5516254136997,77.70167055023687,10.467123531679597,70.0,18.690914848466356,False,False,False,False,False,False,False,False,5,False,medium
22,2,1,18,125.32943763819078,66.14180152380406,11.581277782176924,70.0,23.535104191809666,False,False,False,False,False,False,False,False,8,False,low
38,4,1,10,117.48536116137792,84.88722800721965,9.444899471771441,114.46071660224422,28.2090450982778,False,False,False,True,False,False,False,False,1,False,high
33,3,2,19,133.9504505204416,77.71063584288508,9.736740062521678,114.89315637162423,23.535441979482304,True,False,False,False,False,False,False,False,3,False,medium
25,3,0,8,,83.51899268765182,7.532214007336997,82.08417123868637,28.262410339129314,False,False,False,False,False,False,False,False,1,True,high
30,1,0,30,127.73219951870777,71.71864472160081,10.362143793962918,139.2624779669016,21.504033313228224,False,False,False,False,False,False,False,False,2,False,medium
31,5,1,20,110.05754069567566,,12.703614694358404,80.58040486353528,24.773769223550698,False,True,False,False,False,False,False,False,8,False,medium
28,3,2,9,113.83046984838074,72.86903505125917,10.756638367760853,110.65991710918637,28.408156992688134,False,False,True,False,False,False,False,False,2,False,medium
28,3,0,40,111.33695850919173,89.5768154949115,10.846140893632535,95.8647319384033,22.368501704031523,False,False,False,False,False,False,False,False,2,False,medium
19,5,1,35,96.92929427620112,76.16264137371063,11.445054630168817,107.35285653278767,23.10388921676394,False,False,True,False,False,False,False,False,1,True,medium
27,4,1,37,132.6612310659464,75.08753948314998,9.396420107527797,124.7677318654828,21.502065049147877,False,False,False,False,False,False,False,False,6,False,medium
25,4,0,40,123.94464770611854,70.41758000979085,11.04045794023078,121.66152435883437,25.370024956823606,False,False,True,False,False,False,False,True,3,True,high
36,5,1,8,110.85967451102874,69.84036369527836,12.42452719279812,120.572529802972,26.609088404499445,False,False,False,False,False,False,False,False,0,False,medium
37,2,1,33,130.65511008951967,77.37722074823827,11.49050106657917,117.76342380316774,24.405120517629445,False,False,False,False,False,False,False,False,2,False,medium
34,5,0,33,107.43558823903413,83.19587459372714,12.565063570018735,76.99962228165903,22.082232113541785,False,False,False,False,False,False,False,False,7,False,medium
18,4,3,33,92.9423863785367,68.15441902089911,13.022611050029854,129.9596518874928,17.00110574403154,False,True,False,False,False,True,False,False,2,True,medium
36,3,0,16,127.08843703472337,76.26579277176128,12.060143618620492,81.67365313720904,22.806280831195668,False,False,True,False,False,False,False,False,7,True,medium
26,3,2,20,99.65727720260803,76.84169491019115,9.858612761311907,102.66724997930035,22.232184883698316,False,False,False,False,False,False,False,False,0,True,medium
27,4,3,38,112.6506944125122,78.5836351637561,10.449383418207583,97.2708077306199,23.943984375544357,True,False,True,False,False,True,False,False,3,True,high
38,5,4,10,117.47347648940513,57.92503598139282,,,23.4671689326354,False,True,True,False,True,False,False,False,5,True,medium
37,4,2,29,119.62558413686514,65.75267300289012,11.502669621325596,94.33626457973813,29.289632602713205,False,False,False,False,False,False,False,False,0,False,medium
19,3,2,34,125.18081267444555,61.34155479878099,11.289530543635836,101.5127665180664,20.214360445279034,False,False,False,False,False,False,False,False,6,True,low
25,4,3,34,121.97021711521015,75.32884426651745,9.624065055401672,140.61509684280614,16.698947790374973,False,False,False,False,False,True,False,False,8,False,medium
34,5,4,27,121.59871031874432,65.9902663010969,10.853662151015484,76.50442578995492,18.42985839248665,False,False,False,False,False,False,False,False,6,False,low
29,2,1,33,105.5109786153221,70.03758881573252,12.146197737844458,104.94573850256747,20.465508054109907,True,False,False,False,False,False,False,False,7,True,medium
23,4,3,38,118.53092268721188,,11.023753136794348,80.48920238611308,27.328028686334633,False,False,False,False,False,False,False,False,1,False,medium
29,4,2,33,96.93340035939873,,,119.83569207046506,17.811029679110028,False,False,False,False,True,False,False,False,4,False,medium
37,1,0,11,133.74565238143396,,10.540182139284129,89.01196612550746,18.344791218569892,False,False,False,False,False,False,False,False,5,False,medium
22,4,3,16,98.16922211418131,82.57908442032951,12.906920508825756,105.84780168553888,24.655624845712534,False,False,False,False,False,False,False,False,4,True,medium
34,5,4,18,,79.79227969795578,12.06844930026278,75.85737145340453,26.397224368763737,False,False,False,False,True,False,False,False,8,True,medium
34,3,0,19,99.1735091316786,76.50229281474353,11.854464362979577,133.41387628628644,16.803045042620855,False,False,True,False,True,False,False,False,6,True,medium
37,2,0,19,106.23800456961217,71.98058070319432,11.70541142231786,106.60137817229126,15.911781088221273,False,False,False,False,False,False,False,False,8,True,medium
24,5,4,15,115.16114098518462,55.0,9.107152065223643,108.0308413167525,19.85385360199526,True,False,False,False,False,False,False,False,6,True,medium
22,5,2,30,108.65490281780798,70.41793374505154,11.435758538798826,123.23935566229426,25.62944853121472,True,False,False,False,False,False,False,False,8,True,medium
30,3,1,11,128.73095509774745,67.38543456312625,,77.46901242220144,,True,False,False,False,False,False,False,False,7,True,medium
29,4,3,33,117.72281219155356,77.47274217265522,10.582525534047608,91.46950920757618,20.000104529550264,False,False,False,False,True,False,False,False,1,True,medium
27,4,1,29,109.44508324925688,81.19707168804372,12.563884899777317,108.74119155475591,25.957721432814257,True,False,False,False,False,False,False,False,7,False,medium
35,4,1,39,113.39701684031144,78.24632662493086,11.872362749633965,70.0,23.497221294928885,False,False,False,False,False,False,False,False,8,True,medium
35,4,1,8,129.63640548467123,87.63038309126588,12.32427654809073,70.0,22.569617860176397,False,False,False,False,False,False,False,False,5,False,medium
23,4,2,17,,69.3168576561491,11.081498378491329,86.93222883997157,16.54260428921463,False,False,False,False,False,True,False,False,2,False,medium
35,5,0,37,101.33474927181507,68.90224118679356,12.41853689794799,79.89805185366374,19.91792585372125,False,False,False,False,False,False,False,False,3,False,medium
23,5,1,24,106.83217943032474,85.37878228902576,8.656509418526976,97.43500636774894,30.827710241387898,False,False,False,False,False,False,False,False,0,False,medium
26,2,1,26,120.69747782421246,76.66216394538134,11.053033152277406,116.49350711532198,21.654827497776758,False,False,False,False,False,False,False,False,0,True,low
18,3,0,8,119.24039903232448,72.53001259457784,12.140823777724032,121.49736719589707,19.172825538586096,False,False,True,False,False,False,False,False,3,False,medium
25,4,3,33,102.39542150321485,,11.474079241993525,144.80703426557727,21.470994521209626,False,False,False,False,False,False,False,False,2,False,high
39,3,0,16,123.98951907167948,80.77730547382683,12.752997849606459,104.5022622329596,23.47633831898074,False,False,False,False,False,False,False,False,2,False,medium
27,5,4,39,104.30951031776326,73.09455826065917,10.748641879686167,108.3958935641051,26.533375568013643,True,False,False,False,False,False,False,False,2,False,medium
33,4,0,20,130.6459212862761,68.140551863527,10.124071563191906,104.4526276330095,25.484340160355277,False,False,True,False,False,False,False,False,6,True,medium
20,3,1,14,121.35338987499546,88.26512671583869,8.377480001340224,,20.293615967121944,False,False,True,False,False,True,False,False,3,False,medium
31,2,0,27,101.41690659225134,77.06997020889669,10.563253599403364,113.76408298314576,28.086307334934386,False,False,False,False,False,False,False,False,8,True,low
26,3,1,23,108.65107958243905,75.24516919538426,11.826999914911939,125.2865907085832,26.258753443000444,False,False,False,False,False,False,False,False,8,True,low
34,5,3,23,108.4424726256565,81.7627642745509,12.217613621998577,,21.219465692894296,True,False,False,False,False,False,False,False,6,False,medium
38,2,0,39,116.91852065562797,,8.761303069350367,116.42599200261083,22.48720698011015,False,False,False,False,False,True,False,True,7,True,high
29,3,2,20,112.55227722385011,80.49869984490897,12.880520202122613,138.22380207638386,25.40267633264876,False,True,False,False,False,False,False,False,6,False,medium
20,5,3,21,101.2541330394186,83.83975575631943,9.440926686192459,105.58865531205483,27.29881396658881,True,True,False,False,False,False,False,False,1,True,medium
28,3,2,28,98.26889024532909,79.51374358902682,10.80616297392854,91.54551061545325,16.925328659600986,False,False,False,False,False,False,False,False,1,True,low
20,4,0,13,121.58828001277433,80.54890583430226,10.089893789347936,95.14300885406783,23.281799645727602,False,False,False,False,False,False,False,False,4,False,medium
27,5,3,35,118.43484237476996,67.68362145156566,11.667599814131819,102.67163336727072,22.875501446059022,False,False,False,False,False,True,False,False,6,True,medium
19,2,0,15,116.26645068646037,93.10353881617559,11.150519548066951,81.16002821727594,20.71746416148377,False,False,True,False,False,False,False,False,4,False,high
32,2,0,15,118.24878230752553,62.66323341009297,12.084749688591742,91.50591365463127,20.696795255669777,False,False,True,False,False,False,False,False,2,False,medium
24,3,2,8,107.57297022969958,78.09377614497474,13.950087383239016,79.92357217515983,27.217505639640784,True,False,False,False,False,False,False,False,0,False,medium
22,2,1,19,117.20790829330173,61.63232941821392,11.636563956810795,112.5671257559693,25.138712454261753,False,False,True,False,False,False,False,False,2,False,medium
18,1,0,27,145.4620667798112,74.01871261164045,10.077312578185206,112.78406418081926,31.426538334001386,True,False,False,False,False,False,False,False,8,False,high
37,4,3,31,,69.28706362131915,11.737710444088888,70.0,20.7208287617,False,False,False,False,False,False,True,True,3,False,high
36,3,2,37,111.53909858848195,76.35755871343984,14.112222794779802,90.61019284866963,23.548537896886007,False,False,False,False,True,False,False,False,8,False,high
35,5,4,33,108.71953903478511,78.41757681357645,12.050144422126333,145.15415461024574,24.238801005503905,False,False,False,False,False,False,False,False,8,False,medium
19,3,2,18,90.0,65.43666297005407,12.513109774495984,118.8551601718091,26.584336288118426,False,False,False,False,False,False,False,False,1,False,low
25,5,2,35,127.82432983581637,74.70585545048424,8.45027768016285,114.99540306699429,28.43365097712913,False,False,False,False,False,False,False,False,1,True,medium
39,5,4,14,124.43926424529775,88.93674222456282,11.6190057583318,90.38642834087378,23.37444640750772,False,False,False,False,False,False,False,False,4,False,medium
30,1,0,14,108.4740643686821,61.87734902498539,10.571171600118953,111.32021618886313,18.62089827424981,False,False,False,False,False,False,False,False,8,False,low
20,5,1,19,97.81950780547447,66.45946230837933,9.911800220684134,104.68078179546274,20.156486973066794,False,False,True,False,False,False,False,False,2,False,low
21,4,3,25,101.13679068172328,83.60754647915334,10.964292276385715,87.47158012478118,23.570910469121074,False,False,False,False,False,False,False,False,4,False,medium
23,3,1,14,120.33277434975308,75.7755481324642,11.173814370075439,94.13663132838535,27.49104725555384,False,False,True,False,False,False,False,False,3,True,medium
39,5,4,37,113.92791119604983,76.51154929824564,10.000972956812845,94.63242478775193,17.214376129466995,False,False,False,False,False,False,False,False,0,False,medium
21,3,1,16,123.29910421128737,85.22302348692327,11.301542016333965,72.24918825786669,18.319988753641816,False,False,False,False,False,False,False,False,4,False,medium
37,5,2,20,116.0373176604182,67.05931298201708,,75.88152015246932,26.02861395472321,True,False,False,False,False,False,False,False,6,False,low
32,5,4,27,126.60110598539781,69.80664769902404,,100.61168677237958,17.825491254276724,True,False,False,False,False,False,False,False,5,True,medium
38,2,1,22,119.43490168470696,68.57358133533161,11.364119745312918,86.34404198957215,18.49990862945395,True,False,True,False,False,False,False,False,6,True,high
36,5,4,21,124.94554456192817,71.51796952664438,11.601477374158875,98.37980099782006,27.5461498124044,True,False,False,False,False,False,False,False,7,False,medium
25,5,0,40,90.0,88.39522084947679,12.56702074989866,70.0,22.114712743158687,False,False,False,False,False,False,False,False,8,False,medium
36,4,1,22,100.18785315403048,57.98919904475488,11.887929375742742,122.62917215570643,21.808752077175487,False,False,False,True,False,False,False,False,8,False,high
21,5,2,11,110.62777996134847,63.057811890899266,10.990264971825393,150.77054771344802,28.473175286353026,False,False,False,False,False,False,False,False,2,False,medium
24,3,2,32,127.9548254188029,61.34316932706821,7.66092007997376,127.60270318902315,18.748093378825924,True,False,False,False,True,False,False,False,1,False,high
22,5,4,31,137.56635671281288,89.01693950685969,11.821964790072016,129.87176329352727,17.944061848500226,False,False,False,False,False,False,False,False,0,True,high
20,5,4,15,113.02917061135747,68.85600065300237,9.540922716388732,118.77469495601486,,True,False,False,True,False,False,False,False,7,True,high
19,5,3,36,107.66103923334184,71.73326353915002,10.862019480479532,110.8428885052144,23.933289222593213,False,False,False,False,False,False,False,False,3,False,medium
22,5,3,20,91.54037746890636,58.853658220790635,11.593675176415648,106.9035038145267,25.71881900087068,False,False,True,False,True,False,False,False,4,False,medium
20,4,1,12,125.36276516887797,72.37613963834082,13.13284643806594,84.8804145151248,21.75566369872977,False,False,False,False,False,False,False,False,2,True,medium
26,5,4,13,108.39771309766628,83.66521720841966,13.947716482320356,120.18122674260647,22.573606295903765,True,False,True,False,True,False,False,False,2,False,medium
19,4,3,31,150.50001603229785,77.52957048272962,9.526050741005736,118.87558588123285,20.184937066604082,True,False,False,False,False,False,False,False,4,False,high
19,2,0,15,106.12715295958584,73.92135948701375,8.894619397820058,94.8137891018013,24.27248013725918,False,False,True,True,False,False,False,False,2,False,high
39,5,4,23,140.26330116232796,59.35114474548259,11.521147470698919,116.5720898240412,26.325491725891716,False,False,False,False,False,False,False,False,5,False,high
19,3,1,32,123.98040860304961,71.72047912692028,11.38788440646063,89.73320339376043,23.78392764170758,False,False,False,True,False,False,False,False,6,False,high
19,5,2,36,102.6608272081436,76.46914763925882,9.07699859532144,91.13438189017398,27.24362703742549,False,False,True,False,False,False,False,False,3,True,medium
18,3,2,24,117.78572546372304,65.08175142966695,10.973435196911867,122.05231767986994,25.649582655980204,False,True,False,False,False,False,False,False,5,True,medium
20,5,4,37,124.25656631860559,81.54891157977882,11.95606551319481,114.47160353814148,18.806230885482037,False,False,False,False,False,False,False,False,8,False,medium
29,2,1,17,112.296973689801,83.8506854664507,9.031757244513718,99.89722459179394,22.42102395879003,False,False,False,False,False,False,False,False,6,True,medium
36,4,1,36,125.05579252662758,69.71351291345904,9.408663372590542,97.35134459449029,21.206421366937214,False,False,True,False,False,False,False,False,1,False,medium
34,3,0,16,124.79148591218392,82.25832193771704,9.969344103420395,108.8450004847348,,False,False,False,False,False,False,False,False,2,True,medium
30,5,1,10,122.15606200712958,73.90260402515968,10.660383601594534,70.0,24.846349861386244,True,False,False,False,False,False,False,False,1,False,medium
19,3,0,31,114.80231958342993,86.47137981578813,12.110354409240745,88.32907280735357,23.509530666944965,True,False,False,False,False,False,False,False,4,False,medium
35,3,2,32,100.90071892832648,,10.47763092227959,77.16759951365177,27.054355062172956,False,False,False,False,False,False,False,False,3,True,high
18,5,4,38,114.0785754942972,64.06334518066754,11.088506921639206,105.26076748852404,15.537278786087523,False,False,False,False,False,False,False,False,2,False,medium
31,5,2,38,117.11277596459011,82.69484403546666,14.593884528383933,128.94960613456897,20.587479104240998,True,False,False,False,False,False,False,False,4,True,medium
27,5,4,11,92.4873895475461,88.04964566162728,9.469903547714004,115.49749182851522,20.926851985475174,False,False,False,False,False,False,False,False,5,True,medium
37,5,4,28,117.03082379189613,65.29319659648168,9.95521056431794,93.74704470165366,24.0069375544844,False,False,False,False,False,False,False,False,4,True,medium
24,1,0,31,113.83838482227829,69.2487933178134,,89.45486943680375,25.211240795379453,False,False,False,False,False,False,False,False,3,True,low
32,3,2,27,99.44048715058055,69.13622901770796,12.580869105812416,88.41493924007503,22.994768890277186,False,False,False,False,True,False,False,False,6,True,medium
27,5,2,8,111.00392331169891,73.67218761463877,11.663681397833592,148.99157671820709,17.740160540413605,False,False,False,False,False,True,False,False,2,True,medium
29,2,1,9,111.25784383798842,71.43634493779379,13.894348110024534,106.49737052320526,24.627087150367828,False,False,False,False,False,False,False,False,0,True,low
38,5,4,30,138.16113440192103,73.01715411944917,11.507929495795183,109.39452068635468,23.512247334015175,False,False,False,False,False,False,False,False,0,False,medium
33,3,1,36,117.64142015412841,83.37988328278169,7.838234106384308,70.0,17.125145160153053,True,False,False,False,False,False,False,False,8,False,low
27,5,0,13,127.43254301577518,56.04188278113844,11.155193099915774,79.01935114333888,21.818392447709925,False,False,False,False,False,False,False,True,2,False,high
27,5,2,9,113.58621634611221,65.26106578358625,10.086426201443984,104.02810859885734,24.49609819683334,False,True,False,False,False,False,False,False,0,True,medium
33,5,1,21,92.513001797979,81.69928076209867,13.214098798168974,94.04043446950689,29.612835293670027,False,False,False,False,True,False,False,False,1,False,medium
25,2,1,18,123.06810218585949,80.52776148620875,12.543398502744044,107.92727776483257,18.6437165049207,False,False,False,False,False,False,False,False,5,False,low
21,3,2,40,107.1017592449495,64.4145780596661,8.456494757663023,107.63733516233476,26.160481757153327,False,False,True,False,False,False,False,False,2,False,medium
28,4,3,38,110.97279844014507,80.59701950303669,13.160508901740068,118.2099494344481,18.694104988902197,False,False,False,False,False,False,True,False,4,False,high
19,5,1,26,102.36434501061436,88.26866956819775,12.502988430077995,70.0,17.917566042148678,False,False,False,False,False,False,False,False,6,True,medium
21,2,1,39,115.87321436705632,74.5097348553449,10.480860593438676,80.68497116882214,18.15363500586179,False,False,False,False,False,False,False,False,2,True,medium
27,5,0,15,127.78214033946942,64.92038977936113,10.874492969014838,102.80852878521819,25.42005575700648,False,False,True,False,False,False,False,False,1,False,medium
35,2,1,40,126.19285730169551,83.74954256314247,13.227483265818433,90.75712941703291,23.519572488448322,False,False,False,False,False,False,False,False,3,True,medium
35,3,2,22,,92.23045430970873,7.845580934760075,98.1738931121671,21.741242810865234,False,False,False,False,False,False,False,False,3,True,high
23,4,3,23,135.73551349544934,66.13859696560435,11.712636808063513,,24.831327939845725,False,False,False,False,False,False,False,False,4,False,medium
27,4,1,9,90.44950923690132,75.39252073950034,12.749455416200053,88.61147318266741,23.163285628279144,False,False,False,False,False,False,False,False,7,False,medium
21,1,0,13,100.67655326885041,85.9015563488702,10.858059150860745,109.22994269705318,23.442075718667024,False,False,True,False,False,False,False,False,0,False,medium
34,3,2,14,93.30170106008137,76.15358714963186,12.036655701026865,116.96765968958498,21.785895261760462,False,False,False,False,True,False,True,False,7,False,high
23,5,3,24,122.58316492467507,57.52703666991915,11.165047258492518,106.43173949815557,18.88981175575904,False,False,False,False,False,False,False,False,3,True,medium
35,5,0,14,106.68301859441017,79.43417718785798,9.745537168460931,120.85601114495599,29.765228464803677,False,False,False,False,False,False,False,False,7,False,medium
36,3,2,11,109.12983601787285,,9.705551972137195,70.0,28.60172646644689,False,False,False,False,False,False,False,False,3,False,medium
33,5,0,27,112.40083081687054,62.292774010059865,12.139086827806578,92.1072310403775,,False,False,False,False,False,False,False,False,1,False,medium
25,5,2,36,119.59084825708902,57.72252009014205,9.982869239138958,124.63127999587932,20.84274045435644,False,True,False,False,False,False,False,False,4,True,medium
38,5,3,10,97.17614742392253,86.9040729316568,8.560670498566784,85.98423239464853,20.272289149795235,False,False,False,False,False,False,False,False,7,True,medium
33,4,3,26,99.89363844839096,66.65288680982573,11.195837906754399,82.99870068781291,21.34222015112914,False,False,False,False,False,False,False,False,4,False,medium
32,4,3,39,115.01555447837328,78.33336180247872,,102.22209982208278,27.296427776077994,False,False,False,True,False,False,False,False,0,True,high
36,5,3,21,129.3849512338536,80.78954430579402,9.081426999616463,104.61898132291512,22.99923171452854,False,False,False,False,False,False,False,False,8,False,medium
37,5,1,14,114.69523116098698,76.618189898152,11.114795892908619,93.23666754940672,20.827233205407563,False,False,False,False,False,False,False,False,6,False,medium
19,5,4,10,105.50008352341561,77.96570779973972,12.227642784139194,145.55862435875045,24.4554467123153,False,False,False,False,False,False,False,False,7,False,medium
37,2,1,38,90.0,78.81048087399496,11.03224010270627,111.30279658366362,20.054204266949984,False,False,False,False,False,False,False,False,8,True,medium
34,2,1,21,126.43210702072335,76.38097686645393,9.294014630294802,85.13657661546888,17.57843781331139,False,False,False,False,False,False,False,False,6,False,medium
22,4,3,11,106.16882020731424,67.39840485683976,11.770885699845683,73.33083636547893,23.51693983073462,False,False,False,False,False,False,False,False,4,True,medium
24,2,1,36,101.23075701097935,66.50662837848411,12.656250211322327,113.9226839240543,20.935707151496278,False,False,False,True,False,False,False,False,8,True,high
34,1,0,34,94.41609728249463,73.95018455824074,14.540854661275075,84.61526766553757,22.945199617304112,False,False,False,False,False,False,False,False,0,True,low
22,4,3,31,97.73079026629641,73.73835951950983,13.306950448425093,152.35762465307744,15.0,False,False,False,False,False,False,False,False,2,False,medium
27,4,3,10,103.46542935455376,79.29319732426575,9.391426575682093,114.41474169324468,19.431686419046223,False,False,True,False,False,False,False,False,3,True,medium
33,3,2,10,112.13381516567019,86.0165006716516,12.372932380951355,117.31938337019479,22.819770966717797,False,False,False,False,False,False,False,False,2,True,medium
32,3,0,15,100.49509954287211,,11.410438273052156,,16.93443744096006,False,False,False,True,False,False,False,False,1,True,high
38,5,3,13,117.22849645057165,66.8911628088284,9.156641342609152,129.67452758994958,17.070445817458292,False,False,False,False,False,False,False,False,4,True,medium
20,3,0,25,112.04262712098277,55.0,11.454072338915152,70.0,23.15507750642687,True,False,False,False,False,False,False,False,2,True,medium
24,3,2,20,141.66390747021433,67.31062794120676,14.069882716651346,78.52805925239974,25.806327661830608,False,True,False,False,False,False,False,False,6,False,high
39,3,2,33,94.54668260328806,,12.913382737150673,127.75103615434027,19.433135698501523,True,False,False,False,False,False,False,False,7,False,medium
30,4,3,11,116.93775316374858,67.69627797639201,9.378480310021379,138.01275806043594,21.95149336991456,True,False,False,False,False,False,False,True,6,False,high
23,5,4,32,117.08805986849148,77.42276988865211,11.021947547015902,77.82379542408137,22.043909292604695,False,False,False,False,False,False,False,False,5,True,medium
24,3,0,38,102.63331115292222,75.84390507838675,11.786679088490954,70.0,16.750743151102473,False,False,False,False,False,False,False,False,5,True,low
25,5,0,12,116.14302876936952,93.5817761693821,8.232154237377365,108.68547931437347,27.735544318193675,False,False,False,False,False,False,False,False,3,False,high
30,3,2,29,124.23513239688059,79.83081552082186,8.287299578096663,115.67907321255815,22.26817019916712,False,False,False,False,False,False,False,False,1,False,medium
24,5,4,24,116.157897790694,94.09167283314702,11.247404550573858,108.24241229791792,22.311041618087778,False,False,False,False,False,False,False,False,2,False,medium
31,4,0,11,131.61355461783805,82.15139403989927,11.26828007989443,103.68816032922098,24.491933615852005,False,False,False,False,False,False,False,False,1,False,medium
27,5,2,17,90.0,85.85706743305035,8.057889706459596,70.0,16.760020063995196,False,False,False,True,False,False,False,False,5,False,high
31,3,2,34,104.89319904636736,71.41097728379042,11.6207576411322,96.74977694014925,26.67973718116813,False,False,False,False,False,False,False,False,2,True,low
21,2,1,36,132.70067256677135,64.25490716670708,12.739140325597468,100.03017731823843,27.20244308381918,False,False,False,False,False,False,False,False,4,False,medium
31,4,3,20,125.94431599916621,70.5104010919912,10.65071732983278,92.93871556670967,23.562126787285333,False,False,False,False,False,False,False,False,3,False,medium
38,2,1,11,121.48614053519546,74.88130469322002,11.095698857905886,70.0,24.848833791314576,False,False,False,False,False,False,False,False,5,False,medium
20,5,2,16,129.7985848782335,68.7184111599498,11.914258746694795,117.8642037331453,21.6956820101956,False,False,False,False,False,False,False,False,3,True,medium
25,5,4,35,92.00130545557876,64.98857575529149,11.702446842070488,124.04677459493625,26.453176195246318,False,False,False,False,False,False,False,False,5,True,low
33,2,1,26,124.54732795267385,79.16837692420759,,87.51781966472143,19.708241171496084,True,False,False,False,False,False,False,False,6,False,medium
31,4,0,22,127.77244194903307,64.94602833802747,,100.90862462113353,22.870406697463217,False,True,False,False,False,False,False,False,4,True,medium
32,5,4,8,107.09559800589116,59.6650805188147,,94.0679460868678,23.10905394408673,False,False,False,False,False,False,False,False,6,False,medium
30,2,1,33,146.55084541469472,63.779138861024045,9.622676718742103,94.28177013831414,22.84526212449933,False,False,False,False,False,False,False,False,2,True,high
33,4,3,23,117.35618756874469,72.65644511736751,13.347149596763414,115.84964948334897,27.27650422516055,False,False,False,False,False,False,False,False,2,False,medium
31,4,3,25,90.0,65.09080892235477,12.015161501227812,116.38101694305692,31.752819348886902,False,False,False,False,False,False,False,False,6,False,medium
19,3,2,35,119.57526397520505,72.7191009668149,9.224439350725442,128.64496723462594,22.560651811092193,False,False,False,False,False,False,False,False,6,False,medium
34,1,0,26,106.3616796401272,81.0044430527921,10.657062787528792,128.1864384405008,24.881430535308603,False,False,False,False,False,False,False,False,4,False,low
27,5,4,38,128.9799432871542,80.74443046863351,12.808627419280525,,19.790290245842176,False,False,False,False,False,False,False,False,3,True,medium
19,4,3,26,121.57532840069558,68.39174090910689,9.966016973778643,167.52629759448143,27.127685920659165,False,False,False,False,False,False,False,False,0,False,medium
26,5,2,19,107.82493513268571,61.9605841296105,12.362534166950812,139.0989430722329,20.930061374727483,False,False,False,False,False,False,False,False,0,False,medium
27,5,4,38,133.02942301915476,69.24376534850792,13.213087504897048,90.52092139680776,35.580512461049636,False,False,False,False,True,False,False,False,6,False,high
19,4,3,29,126.27341567175172,81.5564480978355,12.945825543434506,107.78517330502862,16.317040801477265,False,False,True,False,False,False,False,False,5,False,medium
39,4,3,33,105.06496014781479,83.89196229044568,11.288646631334126,70.0,31.589780668351686,False,False,False,False,False,False,False,False,3,False,medium
22,3,0,15,113.17545903326983,78.52889921033353,13.001639995704464,105.59966792219264,,False,False,False,False,False,False,False,False,7,False,low
25,5,3,30,,87.0143605099542,10.164419173463502,141.82128477644895,18.511032669293606,False,False,False,False,False,False,False,False,5,True,medium
27,4,1,26,110.62884084672854,92.29202119619373,14.977410140713754,166.18869834810167,32.27779355107842,False,False,False,False,False,False,False,False,6,False,high
36,2,0,11,110.98720715383294,70.16772071870471,11.385359266295263,102.33187228797881,19.28635836023023,False,False,False,False,False,False,False,False,4,True,medium
34,2,1,16,115.44070033917382,89.8656325398649,12.834870659375833,112.36741247072614,21.74267659854913,False,False,False,False,False,False,False,False,1,True,medium
34,4,0,38,102.21041699155133,72.39450479208256,,118.31686463578635,17.8136297765197,False,False,False,False,False,False,False,False,6,True,medium
23,5,0,26,,85.19848697260063,11.799063253202387,148.55347857351492,22.414192379244533,False,False,False,False,False,False,False,False,3,False,medium
36,4,3,33,117.86961834798446,82.08572468672762,11.8695415690582,83.37456456405401,22.789210880975656,False,False,False,False,False,False,False,False,6,False,medium
36,3,2,13,91.13320060845777,55.22941580747376,9.513866121175973,163.42128707182587,26.320122762438924,True,False,True,False,False,False,False,False,7,False,medium
28,3,1,15,103.08353556226335,65.3377286507321,9.466490608141187,98.02441849110944,32.753254808757355,False,False,True,False,False,False,False,False,3,False,medium
30,4,0,39,93.74101169261714,62.78712083689642,10.672795909723932,79.25661334374821,20.948157446146887,False,False,False,False,False,False,False,False,0,True,medium
18,4,3,21,,57.17952968374112,12.768532070153585,98.06425351370542,15.0,False,False,False,False,False,True,False,False,8,False,medium
34,5,3,37,120.1162620894315,83.79314983395656,8.06971576984797,87.18868987467978,25.593992579466423,True,False,False,False,False,False,False,False,8,False,medium
39,5,2,34,112.33230201927913,95.68771855120066,10.419441248491687,114.22362521575282,20.798757122669798,False,False,False,False,False,False,False,False,8,False,high
28,4,0,19,111.89919453438252,72.42327495300947,13.095796196585892,70.0,30.273813614225293,False,False,False,False,False,False,False,False,0,True,medium
29,1,0,39,99.20917859651189,83.54156665366379,9.028592970499703,108.11608083733996,22.861661566785653,False,False,False,False,False,False,False,False,3,False,medium
28,5,0,33,107.12981093393726,89.84625317690744,13.006241061209199,119.60731666576841,19.96363689730866,True,False,False,False,False,False,False,False,1,False,medium
19,4,0,12,119.51746191052224,77.0833170018276,9.195531237491725,137.62234783521035,18.948125536550993,False,False,False,False,False,False,True,False,5,False,high
31,5,4,11,114.374952816322,74.74686935084961,9.533533417464959,119.97333392763173,25.49154687865715,False,False,False,False,False,False,False,False,5,True,medium
33,3,1,12,124.87208873250383,72.54312072257908,10.764445155398425,136.26803853796352,21.8990533478893,False,False,False,False,False,False,False,False,7,False,low
38,5,3,32,126.58110414551098,80.37558882204974,13.997534509409498,91.67531120041897,28.870829012521007,False,False,False,False,False,False,False,False,4,False,medium
38,5,4,12,111.97336170090146,83.7469405003258,9.975988485740295,113.67218563737117,22.157642004312788,False,True,False,False,False,False,False,False,5,False,medium
28,5,4,17,92.7730085689541,79.61804906039181,8.227259538620434,70.0,,False,False,False,False,False,False,False,False,5,False,medium
39,2,1,22,105.9202612112054,79.27463075816867,8.7569023240334,102.49226490524347,17.479463175676127,False,False,False,False,False,False,False,False,7,True,medium
29,4,2,12,113.8277286295277,74.48797098792045,12.491117104436018,113.50852821301106,16.045521312650564,False,False,False,False,False,False,False,False,4,False,medium
32,4,2,18,105.68215537595063,59.07045474927224,8.832415543852349,115.49911593722412,26.316750481624062,False,False,False,False,False,False,False,False,0,True,medium
31,1,0,30,102.34450946399497,83.97716388756596,12.900743320769866,70.37030222848888,21.142297617907502,False,False,False,False,False,False,False,False,7,False,low
39,5,3,40,115.83702741068183,62.15374880385152,11.11166531376097,96.41634996018524,21.945796551825314,False,False,False,False,False,False,False,False,2,False,medium
34,3,2,23,144.16363723279937,81.19385642085821,10.94836603741609,99.48326898113535,18.951224122792013,False,False,False,False,False,False,False,False,8,True,high
20,5,1,32,109.1417432555635,82.55736649992954,11.475686793535132,95.56034788086438,18.657994470234588,False,False,True,True,False,False,False,False,8,False,high
19,3,2,25,114.9663297700987,63.59567895509274,9.718527462565167,120.95012862607011,25.54266842350757,False,False,False,False,False,False,False,False,6,False,medium
27,4,3,23,99.25556947322814,68.92199209394846,11.220595074392307,100.22979643883606,22.92461082077643,False,False,False,False,False,False,False,False,3,False,medium
29,1,0,25,129.92081266049817,96.21474551389744,9.091083205220713,107.18519313316864,18.759195402405314,False,False,False,False,True,False,False,False,5,False,high
32,4,3,39,125.49691652021708,,13.158225487446504,,26.162175517926954,True,False,False,False,False,False,False,False,8,False,medium
28,5,4,9,124.66880967359101,62.79786324565481,9.356327632142929,128.42613772048188,,False,False,False,False,False,False,False,False,3,False,medium
29,4,3,24,131.31754973565694,83.0087923971304,11.702209015877914,130.06315209892563,22.564671531707237,False,False,False,False,False,False,False,False,2,False,medium
38,5,3,9,109.87190374366232,67.27324794426819,9.344399516383021,98.21648162234307,27.012799672031807,False,False,False,False,False,False,False,False,5,True,medium
25,2,0,36,111.37098616185254,55.79475977545904,10.146872661613745,,18.992780435952092,False,False,False,False,False,False,False,False,8,True,medium
28,5,3,27,135.5185423826398,80.19769548046467,10.401868745344304,88.13748844987313,25.308835599070687,False,False,False,False,False,False,False,False,7,False,medium
30,5,3,9,122.5927372353347,65.83382184216872,15.5,127.15833210536567,23.647000844810993,False,False,False,False,False,False,False,False,3,False,medium
28,3,2,28,90.0,78.21188342222439,10.976886261223653,84.07798515907788,19.833755633419603,True,False,False,False,False,False,False,False,7,False,medium
39,4,2,22,120.45785170764411,66.87309961897635,9.68555232473567,122.0065334617836,31.212234325281067,False,False,False,False,False,False,False,False,7,True,medium
39,5,3,9,108.01962327076484,82.07204194269684,10.288711021161797,120.29008785626145,23.93109996702636,False,False,False,False,False,False,False,False,0,False,medium
29,2,0,40,125.77806189587989,76.83498324605935,8.592523917139957,82.74176141826015,20.6367190907903,False,False,False,False,False,False,False,False,6,False,high
27,2,1,20,119.89828563304208,55.0,10.739542525671908,102.12673478087761,23.07849619737223,False,False,False,False,False,False,False,False,6,True,low
30,5,3,8,94.1134868317264,78.82012540704588,13.961738663054188,146.0902678200197,19.521222454685848,False,False,False,False,False,False,False,False,4,True,medium
21,5,4,28,118.22596204594574,72.1026867156961,11.537663249568043,87.0853654545414,18.372486419456983,False,False,False,False,True,True,False,False,1,False,medium
27,2,1,20,117.52753272701929,89.16717642190805,12.445441519562966,113.84105171659536,21.2023215777491,False,False,False,False,False,False,False,False,7,True,medium
22,5,2,29,119.36154983757744,78.95207849015851,9.544090176311833,112.38064549826949,21.47315027884979,False,False,False,False,False,False,False,False,4,False,high
21,5,4,13,121.9063462229597,82.56157843753016,10.674652529213269,104.0697749994935,19.783304759173724,False,False,False,False,False,False,False,False,8,True,medium
20,1,0,35,132.95159151786078,67.89459198979075,11.32624421640987,70.0,28.00445320727601,False,False,False,False,False,False,False,False,6,False,medium
30,2,1,21,119.96666787537158,67.09932249182037,9.839509071317998,123.22975075489278,19.936893712596927,False,False,False,False,False,False,False,False,2,False,medium
18,1,0,21,115.27478152569357,74.74350668939435,11.640010778769737,105.25555820110523,19.271083834620477,False,False,False,False,False,False,False,False,8,True,medium
32,5,1,34,128.7756106502587,71.39383873206151,11.984685464302027,129.2846047994597,18.257119042351604,False,False,True,False,False,False,False,False,3,False,medium
27,4,3,26,141.9128886830772,88.38009052210082,11.868556881338463,110.09867831446196,17.87206777300249,False,False,False,False,False,False,False,False,0,False,high
26,4,1,8,125.98084905001707,73.46680941276672,10.758266756258648,106.41832309513238,27.109806738152663,False,False,False,False,False,False,False,False,0,False,medium
34,5,4,27,117.47447352169708,62.75178250016272,12.745458081044097,113.19590271802214,24.032668673974403,False,True,False,False,False,False,False,False,2,True,high
29,5,4,29,120.19036659722703,,10.587812098370433,83.27432208224296,25.761310178177293,False,False,False,False,False,False,False,False,2,False,medium
34,5,4,18,118.07252511277909,84.65051084614005,10.441886739556354,139.27833699991092,27.07362032451318,True,False,False,False,False,False,True,False,0,False,high
33,5,3,13,115.22222098327993,73.32742655737073,13.306462411360734,96.7408844587409,21.66680095959782,True,False,False,False,False,True,False,False,7,True,medium
18,4,3,9,140.98204997807656,72.79288232050239,9.228853920479077,97.02364624600317,28.88895904750161,False,False,False,False,False,False,False,False,6,False,high
22,3,2,35,106.01135950820282,85.60187569217796,8.275249726743231,133.43051897954265,20.492439286960366,False,False,False,False,False,False,False,False,0,True,medium
30,5,4,8,128.8588699389124,65.85236811134459,9.61149389401905,110.44152830114805,18.617095896807793,False,True,False,False,False,False,False,False,1,True,medium
39,4,0,27,113.48971668759312,55.0,11.619587082684864,99.79809930048714,,False,False,False,False,False,False,False,False,7,True,medium
21,4,3,35,97.23496995833531,66.47133353643358,,114.10404205817267,23.57819151179399,False,False,False,False,False,True,False,False,1,False,medium
20,1,0,19,112.74018707696192,77.42089088546341,9.943170386909415,118.77164972978555,23.571839022142818,False,False,False,False,False,False,True,False,0,False,high
38,2,1,14,108.43868999495302,72.50488479661911,13.903740032464672,102.3965282116381,27.061285366743384,False,False,False,False,True,False,False,False,0,True,medium
39,3,1,31,121.9309278210119,,11.0435157668421,125.29126187032472,23.424843858009012,False,False,True,False,False,False,False,True,7,False,high
21,4,3,28,116.09560267190285,85.16059531351551,10.815152724482896,,24.252207236057398,False,False,False,False,False,False,False,False,6,True,medium
26,4,3,8,102.73567763622438,76.63496946084449,9.640098974688707,110.75981535920823,28.438410314098853,False,False,False,False,False,False,False,False,4,False,medium
31,5,0,27,132.65209496187657,78.89014694713492,14.122168269817013,122.6059330514399,24.066723901558625,False,False,False,False,True,False,False,False,0,True,medium
22,5,3,8,128.0816080537087,79.1961025978337,10.75953779516962,118.67949230891797,24.97703613703741,False,False,True,False,True,False,False,False,5,True,medium
25,4,1,21,134.03266638515683,62.01475754150105,8.868819158093261,70.0,17.329142598878438,False,False,False,False,False,False,False,False,4,False,medium
26,3,0,18,117.84357596881739,78.0287891642949,14.932269870128737,102.21496377818205,37.8766059226828,False,False,False,False,False,False,False,False,2,True,medium
32,5,2,35,114.57120318063171,84.07453783202006,11.629872150163756,78.2911879244416,16.63663079387955,False,False,False,False,False,False,False,False,1,True,medium
24,4,2,40,123.44272579142346,86.40310230370655,12.27812872096685,133.28697749541374,,True,False,False,False,True,False,False,False,0,False,high
27,3,1,31,108.07029974894917,82.21263325012953,13.690496353345157,96.40517415607434,20.721730868790935,False,False,False,False,False,False,False,False,5,False,low
24,3,1,32,116.56071465663803,80.13129658592025,11.983140131927106,130.84348475587558,,False,False,False,False,False,False,False,False,6,False,medium
34,5,4,8,112.89186520814361,57.62578735229586,12.559822971271128,78.22503548144257,20.597602506891782,False,False,False,False,False,False,False,False,1,False,medium
21,3,1,10,97.46758819372096,74.85065347222529,11.086920115724888,113.59414124943454,24.767517751529994,False,False,False,False,False,False,False,False,2,False,low
23,5,4,33,116.52946605806886,65.43425650563553,12.173971659896356,105.17469324520333,20.748936833954627,False,False,True,False,False,False,False,False,2,True,medium
23,5,4,22,109.70839729908037,87.82167881946359,10.945347496709397,165.80952372122422,18.83961175692067,False,False,False,False,False,False,False,False,8,True,medium
37,2,1,24,112.08937403178035,86.3037949237705,10.967663862654298,130.91440912781937,25.281421411942425,False,False,False,True,False,False,False,False,7,True,low
38,4,2,30,119.36541934779946,65.49471189279807,11.191546810454314,129.50545393935755,20.124134587512888,False,False,True,False,False,False,False,False,0,False,medium
29,4,3,19,130.2703976078395,74.54021816293985,10.365095766326109,149.6117703233945,23.830359611169744,False,False,False,False,False,False,False,False,0,False,medium
21,3,2,30,104.81475891342426,77.48509443507108,11.80700453653747,111.2428870078479,25.50677008787724,False,True,False,False,False,False,False,False,8,True,medium
34,3,2,31,110.96130141844772,84.00791257489034,11.80295228034417,102.81086225693566,30.62701959103236,False,False,False,False,False,False,False,False,0,False,high
28,3,1,15,105.81900764368227,58.243817501325466,12.310266559831344,100.30247464581325,17.951300153719714,False,False,False,False,False,False,False,False,1,True,low
36,5,0,30,105.03783294641211,55.0,12.023370424056756,112.21196646876541,22.388739213892848,False,True,False,False,False,False,False,False,6,False,medium
25,2,0,13,107.86517267620273,75.38148510840821,14.200068882585642,70.0,22.554122409716044,False,False,False,False,False,False,False,False,1,False,low
39,4,1,18,112.64259660621767,55.0,12.684207583418507,105.0511765695844,23.003712377501042,False,False,True,False,False,False,False,False,1,True,medium
35,5,3,33,,76.58572409812064,10.66839697533665,109.98941381696874,33.275205291663596,False,False,False,False,False,False,False,False,6,True,medium
22,5,1,40,118.84534917741806,80.92207773582741,11.724914406121462,101.57128949746706,22.30666974554456,False,False,False,False,False,False,False,False,2,False,medium
33,3,0,10,102.31771601100101,87.36079908327773,13.260316982656025,71.32003445837276,15.0,False,False,False,False,False,False,False,False,5,False,high
24,2,1,29,130.52992388700585,68.77431748744007,9.480042897575151,101.70359510917082,22.206276552304914,True,False,False,False,False,False,False,False,0,True,medium
25,4,2,26,126.33294767772445,76.61181646135157,14.222786868985875,71.25861739624871,22.526491148787372,False,False,True,False,False,True,False,False,8,False,medium
23,3,1,27,104.18577219268356,81.51509839660324,9.760576906000287,144.02267026892784,22.035833481626,False,False,False,False,False,False,False,False,4,False,medium
33,4,1,33,129.68933070303473,63.24279991585642,12.440440629180438,99.33829561170221,20.1254232086016,False,False,False,False,False,False,False,False,4,False,medium
23,4,0,10,118.92326095115531,84.15347797751599,11.010560704359184,70.0,17.71479345541053,False,False,True,False,False,False,False,False,3,False,medium
32,4,1,32,113.12253636489704,77.7434232522765,10.918508160136895,100.45675906545995,31.637964158682045,False,False,False,False,True,False,False,False,4,False,medium
30,2,1,17,119.29696053375174,68.9455366929419,8.915339402163479,124.69876450271984,24.273173887751568,False,False,False,True,False,False,False,False,7,False,high
34,5,4,13,114.69075045249373,76.41380572225596,12.452000151873042,108.87371762832545,22.231038896936642,True,False,False,False,False,False,False,False,8,False,medium
39,5,4,22,,73.6066551482026,8.938626903830924,84.89516635363485,31.510503866403244,False,False,False,False,False,False,False,False,0,True,medium
18,5,1,8,117.24778627757401,82.80073950247865,8.691567627421248,90.07853993347761,19.525369260666423,False,False,False,False,False,False,False,False,4,True,medium
39,4,0,28,110.95088737273356,71.39539909853067,12.855524829450522,98.68936061571196,25.40963364076671,False,False,False,False,False,False,False,False,8,False,medium
20,5,0,26,90.6900788900634,77.2709049337886,13.863368953268926,95.32740458394512,18.003754459646487,False,False,False,False,True,False,False,False,6,True,medium
29,5,1,24,121.32619048758312,68.79068381846687,9.932406774030412,77.28954488803716,26.00303385210403,False,False,True,False,False,False,False,False,0,False,medium
25,5,2,9,110.51613665935919,65.62157161308268,12.604974757848376,103.51284955169336,18.462018829529228,False,False,False,False,False,True,False,False,8,False,medium
32,4,2,33,124.33535931574295,76.71532791909848,12.274442165436286,75.65784684028212,24.881852224373958,False,False,False,False,False,False,False,False,1,False,medium
33,3,1,9,120.78010074730864,66.0323233298143,10.853570087821634,125.87898660941192,30.812943115606593,False,False,False,False,True,False,False,False,1,False,medium
36,2,1,16,110.82802946612789,83.00580291448823,13.13730701056676,128.56432867579144,23.373798377546436,False,False,False,False,False,False,False,False,1,True,medium
26,2,1,21,127.27585829292802,80.92232532177124,10.738204511557498,82.92987639186607,15.0,True,False,False,False,False,False,False,False,2,False,medium
38,3,2,31,117.45809994203886,67.34885543656112,11.82805463251044,89.23383391205441,23.143085922618624,True,False,False,False,False,False,False,False,6,True,medium
25,4,3,21,116.96371416853705,77.13780431873182,8.993968186651745,95.69399702705749,24.92180807911965,True,False,False,False,False,False,False,False,2,False,medium
22,3,0,34,113.34267175884229,67.30300099665983,9.062352591758284,104.3066085250907,26.603935923170287,False,False,False,False,False,False,False,False,2,False,medium
26,3,2,38,135.20266854687756,58.95687194198324,12.870471943662048,110.65065035550644,28.894365973932217,False,False,False,False,False,False,False,False,5,True,medium
29,4,3,33,106.4407992508521,69.02774832552963,11.881928338517458,115.18715974851052,29.09828257163426,False,False,False,False,False,False,False,False,0,False,medium
32,4,3,9,111.12790555049133,74.49683170727289,10.772068998499329,114.67388095228605,22.476240647893054,False,True,False,False,False,False,False,False,3,True,high
36,3,2,33,100.15197825904004,80.21408724913533,14.05255232154316,139.18504216242144,20.362245808924342,True,False,False,False,False,False,False,False,4,True,medium
22,3,2,14,123.72077292789407,76.49479930470339,14.035705074931316,106.3280094443335,18.525957837415906,False,False,False,False,False,False,False,False,5,True,low
24,4,3,37,108.01421192370792,84.07674615028229,11.702668799616214,76.34540668311136,20.840201015952008,False,False,False,False,False,False,False,False,2,False,medium
38,5,1,40,109.35957301928414,65.18833828583426,8.67095181082686,70.0,24.906122062419033,False,False,False,False,False,False,False,False,1,True,medium
27,3,2,10,108.79676041411383,71.2330161208784,10.821441619199462,140.9873112496054,17.605408743083323,True,False,False,False,False,False,False,False,5,False,medium
23,3,1,11,115.75266299274865,91.44366701766326,9.667869072006772,116.21242910590036,19.292558938286064,False,False,False,False,False,False,False,False,2,True,high
39,3,2,31,99.99088498409024,55.68919947049175,11.143221745300735,109.54195129221455,25.249196352378263,False,False,False,False,False,False,False,False,4,False,medium
27,1,0,12,90.0,70.48045694074005,9.501924533475945,114.87825181587661,20.41405151211475,False,False,False,False,False,False,False,True,8,False,high
39,2,1,39,120.49244844871326,64.28506052237351,9.086038520917432,108.5259163474051,24.479944934428765,True,False,False,False,False,False,False,False,0,False,medium
38,5,0,25,90.0,73.0460159574592,7.379818810039116,114.53015586858749,19.742759216778513,False,False,False,False,False,False,False,False,8,False,high
37,3,1,26,125.24965340772854,70.65552512563883,11.267611701601552,96.80305479174332,24.151193212410043,False,True,False,False,False,False,False,False,8,False,medium
30,3,2,36,133.70233299442177,81.02155438090082,7.3219790131534515,128.21432497202397,19.91249203124095,False,False,False,False,False,False,False,False,8,False,high
35,3,2,15,113.02931435277961,77.55520659409505,10.487614945998228,93.45296461903379,15.392094431525244,False,True,True,False,False,False,False,False,2,False,medium
39,5,4,26,130.59391536064587,61.943824280897196,12.11103515722287,85.1276833968628,26.823827486496427,True,False,True,False,False,False,False,False,3,False,medium
23,4,0,40,114.70892296548136,69.11837926820913,9.844646900473505,70.0,20.21642203270146,False,False,False,False,False,False,False,False,0,True,medium
18,5,4,8,134.19089390893444,74.99882950874314,9.264274379200845,99.77005640230605,22.00547917160536,False,False,False,False,False,False,False,False,3,False,medium
25,2,1,13,109.52538577464146,82.39380884039014,10.891444867906076,132.8850563508586,20.235431606766618,False,False,False,False,False,True,False,False,5,False,medium
32,4,3,12,90.0,99.32956284679926,9.67423115443912,94.93829686525417,25.17791108099358,False,False,False,False,False,False,False,False,7,False,medium
30,5,3,19,114.04105907072197,82.02795788955417,,74.6719467503568,24.332675645834495,False,True,True,False,True,False,False,False,7,True,medium
19,5,4,12,135.49555832092886,64.87500079450514,9.347472215181167,111.26621795733799,25.168373932010756,False,False,False,False,False,False,False,False,1,False,medium
30,1,0,13,121.41961967128502,74.06154744600803,10.83280971810716,90.6765084819729,20.801827857726188,False,False,False,False,False,False,False,False,4,True,low
21,5,4,36,108.81612125754587,76.80976195033809,10.445726845056065,139.06187611699693,22.801086602908175,False,False,False,False,False,False,False,False,0,False,medium
29,3,0,23,118.94681403141678,69.80609129656479,10.981565415181446,128.64115083909155,24.668129186928276,False,False,False,False,True,False,False,False,7,True,medium
30,5,4,19,126.65349806143064,79.70257805934544,13.616242550427497,77.04031451276029,29.180815890129466,False,False,False,False,False,False,False,False,6,False,medium
32,4,3,21,113.97260273302635,55.0,11.319697399867456,101.17431582518435,24.226125086955463,False,False,False,False,False,False,False,False,0,True,medium
27,3,2,40,146.51668102410855,80.53149621328,11.807110595614443,88.38403044152905,18.986601379226677,False,False,False,False,False,False,False,False,8,False,high
26,2,1,24,108.79098452176615,70.23612577569527,10.000331065842163,79.4688991062154,24.071575602318106,False,False,False,False,False,False,False,False,2,False,medium
32,2,0,23,127.03012866453697,73.90294768304476,11.357210270229354,103.76944118018422,22.340008935900304,False,False,False,False,False,False,False,False,7,False,low
34,5,4,38,124.14324683778159,89.657229390265,10.560314495667306,123.00112080387157,15.005064155145998,True,False,False,False,False,False,False,False,5,True,medium
35,4,3,9,106.60207090362331,62.38482824391078,11.047449665133371,103.20243966760893,15.61937275980302,False,False,False,False,False,False,False,False,5,False,low
25,5,4,23,109.90671679182793,77.7271927860383,12.038312913384871,93.64467246376387,22.734041529908097,True,False,False,False,True,False,False,False,6,False,medium
27,4,3,32,,82.93921579006447,10.199625855604907,70.0,23.071195731078554,False,False,False,False,False,False,False,False,2,True,medium
25,5,4,24,116.7374546512509,76.703364582863,10.363127302386573,90.3520629660314,21.82100103906436,False,False,False,False,False,False,False,False,0,False,medium
29,5,4,36,119.05686072072727,58.85807694479824,10.221736529148988,117.13970475184423,26.536727144974268,True,False,False,False,False,False,False,False,6,True,medium
20,3,2,37,95.36839175554772,88.50396627301328,10.190848570548832,75.47729950395149,19.25941692331583,False,False,False,False,False,False,False,False,5,True,medium
27,4,3,19,122.87198386194521,72.88645949593644,11.277176368917784,133.21636659429512,17.45521950907243,True,False,False,False,False,False,False,False,5,True,medium
22,2,1,34,118.44756212899081,69.72459149921971,10.417628919483803,92.16003303937168,19.697230817111908,False,False,False,False,False,False,False,False,6,False,medium
29,5,3,16,114.23307972830615,71.8951711780708,13.396730181725719,109.26183603955113,20.56089575013504,False,False,False,False,False,False,False,False,6,False,medium
36,4,3,15,119.33070235670891,71.17853608994416,15.286660337910666,96.21893857948238,,False,False,False,False,False,False,False,False,1,True,medium
39,3,2,40,110.089387514509,63.09820327250224,,,19.80943950880088,False,False,False,False,False,False,False,False,1,False,medium
27,4,3,8,107.8971699533983,76.64950586077319,11.47040457312751,114.68651320446287,15.0,False,False,False,False,False,False,False,False,1,False,medium
19,3,1,19,112.09737362033069,69.02766992085999,12.66081212168838,91.84372052846018,15.0,False,False,False,False,False,False,False,False,3,False,low
23,4,3,28,109.42956186018043,81.7088827214983,10.574801500761634,86.67331439115931,23.492636634996156,False,False,False,False,False,False,False,False,4,False,medium
20,3,2,21,141.1663547325184,80.1759549361518,9.408974177110828,70.0,18.483913853115816,False,False,False,False,False,False,False,False,6,True,high
34,4,1,35,125.94244874612308,91.2566941176381,13.781077298343613,133.65910901267023,15.0,True,False,False,False,False,False,False,False,3,False,high
39,5,4,16,103.37837291233959,72.8836685662732,12.097851670088325,105.13527246279753,25.499765202716212,False,False,False,False,False,False,False,False,0,False,medium
30,3,0,26,139.43555202713011,66.96750248955183,11.509904724756893,129.34452652621167,29.180724140594208,False,False,False,False,False,True,False,False,3,False,medium
21,4,3,12,109.80572066276424,60.30257664847285,13.3208358402095,118.64423295391175,22.62216584492164,False,False,False,False,False,False,False,False,4,True,medium
18,4,1,14,115.35346440957142,96.93343386074812,12.232373078117977,129.34151319985568,24.073760525673457,False,False,True,False,False,False,False,False,7,False,high
39,2,1,13,125.76900633917585,81.62107996516133,10.923303942463045,92.58881406333819,24.10766358833403,False,False,False,False,False,False,False,False,2,True,medium
24,2,0,32,91.36013747322862,68.07580078820209,9.437390614794362,74.80597653817685,15.0,False,False,False,False,False,False,False,False,0,True,medium
20,3,0,14,112.15568983670838,91.93155089267137,10.210669208921095,121.77924325910514,26.554610428779682,False,False,False,False,False,False,False,False,4,False,high
21,3,0,30,108.11999378839398,88.56162383886033,12.927717128541623,107.86437236064579,27.959527073775554,False,False,False,False,True,False,False,False,6,False,medium
23,5,4,19,117.46096095452961,61.487224975448626,12.091337047695918,94.73993957575054,30.347196718373432,False,False,False,False,True,False,True,False,4,False,high
32,5,4,26,119.44059619918531,67.46525124916027,,121.33969497032376,21.249520757217876,False,False,False,False,False,False,False,False,7,True,medium
37,3,2,36,114.07288761601178,73.6767515483963,13.826501111192714,111.77887309127138,18.459517943670694,False,False,True,False,False,False,False,False,2,False,medium
24,4,0,36,,64.29914903998038,10.748445941774701,119.05664643096232,28.43423008024683,False,False,False,False,False,False,False,False,3,False,medium
33,5,4,8,127.78157647162534,74.03420537089146,12.580028737169853,82.50732252230581,24.995641570109008,True,False,False,False,False,False,False,False,8,False,medium
19,4,3,33,118.61783116400846,82.11961946439789,11.352062475658775,126.50756216391684,26.49865482983843,False,False,False,False,False,False,False,False,6,True,medium
18,5,2,39,115.49710012062332,61.267391416777066,14.0927248598764,104.89812512803962,20.411694566275496,False,False,False,False,False,False,False,False,7,False,medium
19,5,4,30,116.77444709752167,77.93000547973936,12.204872779298123,128.86714377345902,24.086249666903235,False,False,False,False,False,False,False,False,5,False,medium
38,4,2,14,137.03066797036263,,11.073855169940899,126.3015730502467,18.78640032232869,False,False,False,False,False,False,False,True,2,True,high
30,4,1,29,117.07208772380928,79.00220239270523,10.713917633973056,120.09855583620758,22.979040717173913,False,False,False,False,False,False,False,False,2,False,medium
35,4,3,28,108.82661794041154,74.24383645219909,10.975403998300512,102.55522335487173,21.60844929150496,False,True,False,False,False,False,False,False,2,True,low
18,4,2,29,92.0920109366673,68.31898240423745,9.839364366172253,120.61052290867055,32.374215773850764,False,False,False,False,False,False,False,False,4,False,medium
18,4,3,22,97.79275151158056,83.30841872099352,8.813274979938214,129.4372821798346,25.194518840891373,False,False,False,False,False,False,False,False,3,False,medium
36,4,3,25,109.39568925904287,63.23079887951965,11.493976624174685,118.34812303843637,,False,False,False,False,False,False,False,False,0,False,medium
20,5,4,29,113.69947787255023,77.42791811095123,10.146370378616998,109.45714160665544,22.99377829752552,True,False,False,False,False,False,False,False,3,True,medium
21,2,1,23,108.33254248467713,75.25515733053315,,120.66067457488234,24.47268395023935,False,False,False,False,True,False,False,False,7,False,medium
29,4,0,33,119.21372772454971,86.25611026209708,10.857855621524234,93.4345011007497,21.1041587915707,False,False,False,False,False,False,False,False,5,True,medium
31,3,2,31,108.1779034659003,69.1725123893111,11.08355750143563,138.30777009639314,18.588963266263065,False,False,False,False,False,False,False,False,0,False,low
23,5,3,18,104.02612875837484,70.02264188106882,,70.0,25.642064305436275,False,False,True,False,False,False,False,False,3,False,medium
27,5,4,28,122.35172602428895,62.58135129368577,13.78127256289352,105.75685985785184,19.154450358975456,False,False,False,False,False,False,False,False,2,False,medium
32,3,1,32,,79.3728427460041,12.059807148658244,96.06892579099107,25.30177487510831,False,False,False,False,False,False,False,False,0,True,medium
27,5,3,24,101.71398882704142,70.76184156967751,14.372504925328466,90.90038274680191,18.816491489000107,True,False,False,False,False,False,False,False,3,True,medium
26,5,4,31,117.92459036449374,66.37926022730149,10.297615408216775,111.71431200362908,20.86439475899073,False,False,False,False,False,False,False,False,3,True,medium
19,5,4,12,92.13994410215419,,12.253953029005192,80.23953667274137,26.82460032289671,False,False,False,False,True,True,False,False,4,False,medium
27,5,4,20,97.30554243127409,80.37105496462908,10.38653993499223,152.34250836738082,24.956696457262694,False,False,False,False,False,False,False,False,6,False,medium
35,5,4,31,107.93481006427393,63.970395002769365,10.102189027320174,75.25368035693589,23.125684641185448,False,False,False,False,False,False,False,False,4,False,low
31,4,3,37,128.61892518852633,64.85834035020316,14.43286820225019,84.07210348845389,22.880384599356123,False,False,True,False,False,False,False,False,2,False,medium
37,2,1,29,105.6555276435343,83.96361425517384,9.770962768967493,81.99495997214291,23.362212692318987,False,False,False,False,False,False,False,False,5,False,medium
20,3,2,29,105.2067943028134,73.33879424170527,7.429225594843858,109.36695856137936,19.83383318055521,False,False,False,True,False,False,False,False,1,True,high
18,4,3,19,115.43304738273339,84.55445085984307,9.867281105336232,127.31997033342621,16.933210955620748,False,False,False,False,False,False,False,False,8,False,medium
30,4,1,31,115.44500333379821,71.40644184690835,7.786682141204206,116.57215191970597,25.27669197293131,False,False,False,False,False,False,False,False,5,False,high
21,4,3,19,105.57842232694397,74.98874100603368,9.477880798285064,137.39157442782772,29.12040017561354,False,False,False,False,True,False,False,False,4,False,medium
31,4,2,9,138.83465880715886,76.56299271936217,9.626134686639967,86.80010300064475,25.4169317154413,False,False,False,False,False,False,False,False,2,False,medium
37,4,3,16,111.81563952261553,88.87286267146824,11.05645082376248,119.49187217559299,24.016689662383108,False,False,False,False,False,False,False,False,5,True,medium
25,3,2,28,116.36301978901696,88.0587282621027,7.720645396351382,98.32219401220598,18.165903691680402,False,False,False,False,False,False,False,False,1,True,high
30,4,3,39,110.1786455474747,86.53237038192336,12.91352356172981,110.0176306621446,26.508697083572777,False,False,False,False,False,False,False,False,0,False,medium
32,4,0,24,120.27965874581415,68.71181130064608,7.9987691785473345,129.39098404407991,24.92557754981355,False,False,False,False,False,False,False,False,5,False,high
21,4,3,36,129.8194907164494,65.13170430616782,10.79559868375379,70.0,26.040586003331306,False,False,False,False,False,False,False,False,7,False,medium
37,5,4,33,134.96396436345486,82.60791463060907,10.481352302419765,148.80218839705125,27.135564042604813,False,False,True,False,True,False,False,False,7,False,medium
22,5,4,26,105.85281189683344,88.76759702300816,12.320560575842068,101.80463204139814,29.34402786817462,False,False,False,False,False,False,False,False,3,False,medium
35,5,4,34,128.20954211561454,86.62818732118737,11.562469239841132,70.0,18.541112597416216,False,False,False,False,False,False,True,False,5,False,high
32,3,1,21,121.59616983461221,75.1304925733342,12.89899667401722,89.75735467188238,17.8440922644444,False,False,False,False,False,False,False,False,5,False,low
21,5,0,22,126.69443931352093,82.27808544874149,10.421674732835159,107.25071510545328,23.59261620228765,False,False,False,False,False,False,False,False,2,True,medium
33,4,3,32,113.89744872768642,82.45387653085129,10.256405232531092,89.7523269561518,19.309927324463143,True,False,False,False,False,False,False,False,8,False,medium
22,2,0,29,112.75551072061383,76.48942791379405,11.660465576085091,70.0,18.617183278210483,False,False,False,False,False,False,False,False,1,False,low
31,2,1,25,126.22857574856792,76.92373624737,12.64672300724449,107.12957935965987,27.880383004311,True,False,False,False,False,False,False,False,6,False,medium
39,4,3,22,126.45631007267545,75.98195336802804,12.320110553731288,89.12150960230737,18.96374961956368,False,False,False,False,False,False,False,False,7,False,medium
38,3,2,40,133.78864676634262,67.11903466721098,,119.32507894807408,22.95573146719208,False,False,False,False,False,False,False,False,3,True,medium
37,4,3,10,117.38257066540586,68.13947562444048,11.37226000362848,81.49547806826625,16.474297082008153,False,False,False,False,False,False,False,False,5,False,medium
28,4,3,9,113.71702446838292,67.98509638490361,10.941937401919247,154.75365013347383,23.252156250032506,False,False,False,False,False,False,False,False,4,True,medium
30,4,0,23,90.0,59.00763223217496,11.6558882631711,116.29983973211134,27.73127022505181,False,False,False,False,False,False,False,False,0,True,medium
24,4,3,9,95.664873544056,76.4285992734841,14.255895111166733,109.32947775541018,27.85237306258256,False,False,False,False,False,False,False,False,1,False,medium
38,3,2,19,110.26898073779928,74.5942662716244,10.611882589508994,118.7087151636549,27.179968765546324,False,False,False,False,False,False,False,False,2,True,medium
28,4,2,26,101.78729282504541,82.61964135683702,10.416815741735327,70.0,22.686512124273698,False,False,False,False,False,False,False,False,5,False,medium
34,3,2,21,124.76956678519896,87.60717282979112,10.29431061447492,94.06692165724856,27.44601807563093,False,False,False,False,False,False,False,False,7,False,medium
25,3,2,14,,88.2429436484653,11.622996412995862,144.22645695574283,24.720324988938568,False,False,False,False,False,False,False,False,4,False,medium
34,3,2,17,108.98434805979655,89.18465458309751,7.605207569444876,97.95708080580344,,False,False,False,False,False,False,False,False,6,False,high
22,3,1,27,109.45568208233814,67.42918972710993,10.783901274985062,103.61783201884336,24.526806078111505,False,False,False,False,False,False,False,False,5,False,low
34,2,1,39,129.45691700079334,60.680407220128366,12.409034961999962,94.7370113920652,26.54269405542263,False,True,False,False,False,False,False,False,6,True,medium
19,2,0,33,107.70113501176426,84.30743578065433,10.158030729820448,137.21917737784568,17.689128435298407,False,False,False,False,False,False,False,False,2,False,medium
20,3,1,26,120.42894541657586,88.821334382009,11.298727407702156,99.61804540221753,18.758331193487084,False,False,False,False,False,False,False,False,1,False,medium
25,2,1,12,117.3484735302726,90.55992447210426,14.374936741290334,77.4596233727737,22.425549672808838,True,False,False,False,False,True,False,False,6,False,high
28,3,2,16,125.83946182536735,79.84996209692376,11.530559799965989,161.73393269613265,18.11296750066289,False,False,False,False,False,False,False,False,5,False,medium
33,5,4,22,125.20258062539776,55.03296052396373,7.417237405940647,74.74948432000524,18.055882321753877,False,False,False,False,False,False,False,False,2,False,high
25,1,0,16,114.59871864556547,78.65609463433593,8.744185013508305,102.85763495182512,21.3176517130885,False,False,False,False,False,False,False,False,1,False,medium
18,2,1,30,94.64446584871384,80.5544086790941,10.598394797724026,86.48052532817178,26.967956118165365,False,False,False,False,False,False,False,False,4,True,medium
25,2,0,20,112.21910936025245,87.5207502125859,9.713878546860283,89.56477622679826,26.892603924562675,False,False,False,False,True,False,False,False,4,True,medium
27,5,4,35,114.76053226561417,89.29628693983234,11.165413129281026,81.68368617443377,24.284320695818284,False,False,False,False,False,False,False,False,1,True,high
29,5,3,16,118.43211079783333,84.09633403385335,10.528678364349174,93.12017245978039,23.721123958678497,True,True,False,False,False,False,False,False,8,False,medium
32,2,1,24,106.14933825735028,69.12721101704145,12.86571445253008,126.64873154695172,31.349913713663128,False,False,False,False,False,False,False,False,6,True,medium
23,5,2,31,128.69081342090337,64.70882685447341,9.253869684517529,70.0,20.842596110141226,False,False,False,False,False,False,False,False,6,False,medium
31,5,3,14,115.16343301977992,80.33961151816307,10.668000988517061,132.73776681619773,23.96429653993239,False,False,False,False,False,False,False,False,1,False,medium
31,5,4,33,103.9540318262545,67.07584889574434,11.3476135796403,128.94475746746548,20.644048176504995,False,False,False,False,False,False,False,False,6,False,low
35,5,2,27,109.50126593509984,89.75137106842371,11.545815109603144,116.19930334617939,17.85031465468841,False,False,False,False,False,False,False,False,5,False,medium
29,2,1,29,138.14251184760195,57.95441062648079,11.234888413724807,107.77575050654619,27.739524259173905,True,False,False,False,False,False,False,False,6,True,medium
35,4,3,22,122.97253471535798,80.66886612394667,7.141962522627008,111.08606222011778,21.77917826887013,False,False,False,False,False,False,False,False,7,True,high
22,4,3,38,127.58147866677285,78.19534974742488,11.133267324812904,136.31507346608973,25.77928787887974,True,False,False,False,False,False,False,False,4,True,medium
33,4,3,33,102.50095636343903,72.93233332468837,10.75879300339959,70.0,22.01548404071123,False,False,False,False,False,False,False,False,5,False,medium
19,1,0,14,106.73404369379439,65.74883725695258,12.38257560466057,121.00037317637468,27.986548658126775,False,False,False,False,False,False,False,False,1,False,low
20,4,3,26,106.82293232942506,55.0,,,19.0110533279141,True,False,False,False,False,False,False,False,5,False,medium
37,5,0,37,117.21272485106347,69.68571313927316,11.385351217589303,123.16644548743292,27.655650851351567,False,False,False,False,False,False,False,False,8,False,medium
28,5,4,17,112.91197802697329,69.86116818766014,11.501062605449212,91.50079240912447,26.576821478629782,True,False,False,False,True,False,False,False,7,False,medium
31,5,4,25,109.12606706491574,86.11736658848456,13.163812958767467,120.55113915619575,15.82144994058028,False,False,False,False,False,False,False,False,1,False,medium
31,3,2,32,110.63116488995855,67.17144361719875,12.840473771353105,70.93332262865803,20.932568297172413,False,False,False,False,False,False,False,False,8,False,low
33,4,3,17,105.47157775989916,79.52770613563791,11.440531203617859,70.0,27.0833145696423,True,False,False,False,False,False,False,False,3,False,medium
23,2,0,25,112.84192855718308,62.07760196558205,14.432669260201608,102.5126175111213,29.5493104980825,False,False,False,False,False,False,False,False,1,False,low
21,5,4,26,128.35858700600497,79.80248194083588,9.99488588070881,136.58166057767326,25.86198527455999,False,False,False,False,False,False,False,False,5,False,medium
18,2,1,13,96.84232778140296,55.0,9.103291027050837,116.79825726574556,21.413767647766267,False,True,False,False,False,False,False,False,4,True,medium
37,3,1,13,119.15775320362276,95.95296177930695,10.982659188978728,116.64051817987486,19.126642213595314,False,False,False,False,True,False,False,False,3,False,high
22,4,3,26,131.5611123385555,73.58932473202148,,123.9242638971985,25.26661791719202,False,False,False,False,False,False,True,False,3,True,high
30,5,4,13,112.8017548172132,55.0,7.055453904851046,96.26651885663591,21.2959158342339,False,False,False,False,False,False,True,False,6,True,high
28,3,2,39,108.65348765024925,67.82250524440124,9.956190704013782,118.43647493399078,21.465755373647678,False,False,False,False,False,False,False,False,0,True,medium
21,3,2,25,126.09077783140707,66.24337766914134,11.549736246087637,92.24719458447582,22.103372190061542,False,False,True,False,True,False,False,False,4,False,medium
27,5,2,31,103.18933747757387,68.44181868133698,10.90715560679144,98.09167173901382,26.527028481453538,False,False,False,False,False,False,False,False,3,False,medium
19,4,1,21,114.72770164073523,71.35358604201157,9.75766174128924,100.82331085713642,30.22578030836484,False,False,True,False,False,False,True,False,6,True,high
21,5,2,17,102.52187079537127,68.37382846674407,11.067720831289716,92.99839038951778,27.10751733270726,False,False,False,False,False,False,False,False,6,True,medium
21,5,4,24,92.55878835970864,66.83587922931787,11.19691596678902,103.5468880085777,23.0382057042144,False,True,False,False,False,False,False,False,8,True,medium
36,2,1,31,113.17618882246246,63.413170480011566,12.144119014178147,99.3997218169167,19.403223564896738,False,False,False,False,False,False,False,False,7,True,low
30,5,3,21,99.8392592407962,83.21789423933087,9.97359896715425,89.43137040680797,25.670442454529944,True,False,False,False,False,False,False,False,8,True,medium
38,4,3,17,114.85995384004998,87.01135615236247,12.39817086482633,101.90676238731778,29.66177139418412,False,False,False,False,False,False,False,False,7,False,medium
27,5,4,12,128.38035549256847,72.45426176763712,9.254971241185048,108.41585393369716,27.014153279157945,False,False,False,False,False,False,False,False,5,True,medium
22,4,3,25,137.25106488015547,74.82363349967724,10.194596929280516,80.80298563004665,23.830924210200543,True,False,True,False,False,False,False,False,0,False,medium
31,5,4,30,116.1223514073185,63.73669139807422,13.718389122561137,114.18404102908923,21.0439456576657,False,False,True,False,False,False,False,False,7,True,medium
38,4,3,25,127.23058998370719,75.71020698336424,9.361795571844505,94.13903738213911,24.380689175471804,False,False,False,False,False,False,False,True,3,False,high
29,5,4,16,119.7875518012796,77.2996376215382,,109.3604830395313,27.61830639563067,False,False,False,False,False,False,False,False,3,False,high
18,4,3,16,110.4026366334993,72.80601390286176,8.99502230304909,90.36346071996341,23.929235622882995,True,False,False,False,False,False,False,False,8,True,medium
24,5,4,20,91.90268375282926,78.96074977769449,9.67637378670095,128.1108988733776,22.586268896207212,False,False,False,True,False,False,False,False,4,True,high
38,5,4,19,134.51790792498542,78.08708782051025,11.22138105284603,126.03454563141919,20.251021439858526,False,False,False,False,False,False,False,False,4,False,medium
29,5,4,14,102.41077372862652,64.4586061090942,12.13046766854872,81.91344700975739,33.35770642641552,True,False,False,False,False,False,False,False,2,False,medium
38,5,2,39,131.59325093701324,86.93047513728956,10.970178986370124,116.54998173783203,19.436274470503115,False,False,False,True,False,False,False,False,8,False,high
29,4,3,18,121.44169155114702,72.92353740170425,10.480496241246934,136.81797426600798,19.066570510956836,False,False,False,False,False,False,False,False,3,True,medium
18,5,4,16,103.28784657703169,91.75571601916985,9.011561782208044,,23.656389727233712,False,False,False,False,False,False,False,False,3,True,high
37,4,1,28,118.74398034182744,79.20420589419226,9.836591271708889,85.88300409412196,22.192289425300704,False,False,False,False,False,False,False,False,6,False,medium
34,4,0,34,140.59493273542395,94.70933130371833,8.526342722046477,121.17130793947474,27.09318384179806,False,False,False,False,False,False,False,False,3,True,high
33,5,4,23,133.42783097036525,86.75269169306446,12.178495399815263,76.24207354210353,27.228448448845754,False,False,False,False,False,False,False,False,8,True,medium
39,4,3,30,108.84744332638661,77.27189628140862,12.28971711783554,87.89471526517346,18.142814921159765,False,False,False,False,False,False,False,False,4,True,medium
22,3,2,11,106.45623090178381,67.76893133380376,10.935283841069525,82.67736483760027,,False,True,False,False,False,False,False,False,6,False,medium
37,4,3,25,116.20249644779287,67.98432525230504,11.706321574215364,121.44465448539783,19.49835288260402,False,False,True,False,False,False,False,False,7,False,medium
23,2,0,10,113.01383525236196,80.33034284982521,12.401972117355566,89.76654530679045,26.138109381533987,False,False,False,False,False,False,False,False,8,False,low
39,3,2,12,129.39684862771276,76.43126083790918,11.161934220292064,98.73872509381164,24.713358719300167,False,False,False,False,False,False,False,False,2,True,medium
22,4,1,27,123.87506963706166,69.10973764008914,13.229777094387881,88.53686674816166,21.514031217980506,False,False,False,False,False,False,False,False,3,False,medium
30,2,1,14,94.69310078165893,83.33059947610042,9.361931686013282,130.26729701559506,23.865597729969874,False,False,False,False,False,False,False,False,3,False,medium
35,5,4,9,120.50410306508694,75.38771330356032,10.442127635119814,86.09348691225063,18.49495484101989,False,False,False,False,False,False,False,False,4,False,medium
19,3,2,13,112.85090846959159,83.39009815300726,10.251612531123824,74.03279877571524,20.029788879704338,False,False,False,False,False,False,False,False,7,True,medium
19,2,0,33,115.4452976323368,65.24529933298443,12.035580950447214,73.17056806498483,17.799918138923214,False,False,False,False,False,False,False,False,8,False,low
36,2,1,27,117.9873161711279,84.99471668008168,8.705373873078276,120.26051196086632,23.58195858733421,False,False,False,False,False,False,False,False,2,False,medium
19,4,1,20,129.38474806331922,80.0099556934728,13.316759371383283,121.84903278293802,23.56677737038367,True,False,False,False,False,False,False,False,0,False,medium
31,5,4,40,126.73351556255226,86.97569664461903,11.898839008792084,132.46820026393527,19.06253000106438,True,False,False,False,False,False,False,False,3,False,medium
38,4,1,20,,84.77430500716338,13.800471156188754,77.25858703453035,24.6848364631603,False,False,False,False,False,True,False,False,0,False,low
31,3,1,36,114.29665638772397,74.15046599292087,10.935086058584451,99.9133328299936,27.228461195805593,False,False,False,False,False,False,False,False,7,True,low
28,4,1,19,109.61774328571346,73.34625459356684,10.119489121625989,158.4005869680687,18.87806625017022,True,False,False,False,False,False,False,False,6,True,medium
27,3,0,8,94.81784837312082,92.83030992590942,12.05136974361754,98.34903447024229,21.694717068010526,True,False,False,False,False,False,False,False,3,False,high
32,4,3,11,113.68755390878691,,12.648904124662838,92.60501007538076,25.054484703497856,False,False,False,False,False,False,False,False,3,False,low
30,3,2,17,137.13705313070915,82.48433698837844,9.85692665524553,104.53778614950451,22.974526066451823,False,False,False,False,False,False,False,False,4,True,medium
29,3,2,14,94.45547927500303,71.18613007810258,7.803845587866154,116.65891701807627,17.511849681027787,False,False,False,False,False,True,False,False,6,False,high
21,5,1,13,114.7112584760792,56.38116919862351,8.07797537296916,116.29113086205965,21.23684523468187,False,False,False,False,False,False,False,False,0,True,medium
32,4,3,20,114.3263422550839,62.72660902194047,11.418215881355168,91.48251310781869,21.10408239753287,False,False,False,False,False,False,False,False,3,False,medium
34,1,0,40,118.45282566117184,,13.464303020595874,92.12922363428119,22.31832947725624,False,False,False,False,False,False,False,False,8,True,low
33,5,4,14,103.44730051127283,82.01131699605104,8.91865813430718,,22.488661816377213,False,False,False,False,False,False,False,False,3,False,medium
19,3,2,15,97.89867291040055,,10.564213850837723,88.9380938370418,29.264026775358122,False,False,True,False,True,False,False,False,5,False,medium
33,3,1,40,98.45682811846449,86.45949501393503,10.442480716428895,77.83521232084911,22.16598233327628,False,False,False,False,False,False,False,False,2,False,medium
34,3,2,14,130.97120509997774,78.91260155234129,14.07285130755976,144.7749334099365,16.12767063892983,False,False,False,False,False,False,False,False,8,True,medium
22,5,4,35,103.20776830765772,67.24765293665915,14.613913204939859,96.04765848703471,23.36452470690487,False,False,False,False,False,False,False,False,5,True,medium
36,4,0,28,109.00525370016193,80.94302181473763,11.679124301252157,97.29465019671358,29.991004338341227,False,False,False,False,False,False,False,False,7,False,medium
29,5,2,38,140.25559118335568,76.69607960929963,12.436800587074373,97.98009471678232,22.331536786598683,False,False,False,False,False,False,False,False,8,False,high
28,5,2,26,106.18893211868253,69.24441995050461,12.392318390906448,103.22877999246224,21.247652103781565,False,False,False,False,False,False,False,False,6,False,medium
33,5,4,27,119.10879517541112,79.72519301466862,8.95148548858292,114.56471492960017,21.779504388474926,False,False,False,False,False,False,False,False,1,False,medium
29,3,2,15,127.76574011950608,75.79370166017446,12.117636824697385,94.76578031951524,25.33657961459296,False,False,False,False,False,False,False,False,1,True,low
29,4,3,26,127.18864224375092,68.94999449112652,9.368629645919855,130.0657776463931,21.76249887597296,False,False,False,False,False,False,False,False,2,True,medium
24,5,3,30,99.02108371547583,73.2213422643702,10.725542673637413,118.15194934327603,16.937561099229697,False,False,False,False,False,False,False,False,4,False,medium
38,5,4,40,106.43977062758202,89.13567135542141,12.82357927213301,100.8002305662672,20.312892246263246,False,False,True,False,False,True,False,False,2,False,high
39,2,1,11,118.62836771502383,88.80887816069647,11.129493321290969,90.34283828307854,22.741235700541875,False,True,False,False,False,False,False,False,0,True,medium
20,4,3,13,138.14820948859952,76.88144139270541,12.763994305696595,128.86838379186543,25.142498313634793,False,False,False,True,False,False,False,False,1,False,high
34,4,1,8,,75.57267157887286,13.078821507181706,101.43507186969016,20.66922156031759,False,False,False,False,False,True,False,False,5,False,medium
18,5,4,34,109.07664419066708,60.66954012736159,8.188906087473288,77.65947249221178,21.815144304615693,False,False,False,False,False,False,False,False,0,False,medium
26,5,4,10,120.03489305681205,92.19365113366284,7.515683899390994,127.46341951248078,23.17970259135686,False,False,False,True,False,False,False,False,8,False,high
39,5,1,38,122.43589872818052,85.36341887367968,12.859347927729786,89.0207741349093,19.890306830801148,False,False,False,False,False,False,False,False,2,True,medium
21,3,2,20,123.16304805163284,82.51951570704327,12.923851791945921,124.10701706833204,22.633013022496268,False,False,False,False,True,False,False,False,3,False,medium
26,5,4,17,104.84372962198239,55.0,11.410551386084895,70.0,24.868847133235924,False,False,True,False,False,False,False,False,2,False,medium
22,4,0,40,108.61542235678714,75.40922650655796,11.62754562709941,96.88942475270314,18.254013840262285,False,False,False,False,False,False,False,False,3,False,medium
34,4,3,31,117.58601439762363,73.72871291680912,12.428876316932412,130.51930921619302,24.225822283927275,False,False,False,False,False,False,False,False,5,False,medium
28,5,4,26,130.1477357515394,81.82815438300598,12.399054258162971,105.11287606211751,18.638771441165268,False,False,True,False,True,False,False,False,2,False,medium
31,5,4,37,112.13819101457887,70.48969186454204,10.513305627852706,118.15897632808253,18.718836499321583,False,False,False,False,False,False,False,False,4,False,medium
38,2,0,32,114.73237719899417,72.68289783546481,12.529360376543268,85.15752379222003,20.348816070083426,False,False,False,False,False,False,False,False,5,True,medium
29,4,3,29,102.68885875432709,,10.445642963060447,112.64951498987539,28.461673362950677,True,False,False,False,False,False,False,False,7,False,medium
34,5,3,18,137.3587219827069,67.26421632911321,11.389681761330552,105.08254987379335,16.139282824860654,False,False,False,False,False,True,False,False,8,True,medium
20,3,0,40,116.85115536570052,69.2595731659068,11.32003592882344,110.35334943151095,21.14420791447791,True,False,False,False,False,False,False,False,2,False,medium
22,5,3,31,127.9330573546809,76.93326639760961,9.624897442202027,149.8641578914471,22.894197480343077,True,False,False,False,False,False,False,False,5,False,medium
38,4,3,39,115.35876649681121,88.38485703349573,9.811220342065612,133.70097200863148,27.66870920617793,False,False,False,False,False,False,False,False,0,False,medium
36,5,4,39,116.02320478292094,83.08469737223348,14.574574202850396,122.42385359286605,30.79176823157193,False,False,False,False,False,False,False,False,6,True,medium
32,5,0,26,96.99629330977527,85.75404068932498,9.572982795561206,122.70162109991003,21.31189978566691,False,True,False,False,False,False,False,False,3,True,medium
26,5,4,19,90.0,,11.59193482664886,84.99857103665728,25.157438948908766,False,False,False,False,False,True,False,False,3,False,medium
22,5,2,39,130.0228625420315,89.95078023782975,11.927678682346572,94.63296009939356,22.621795878225875,False,False,False,False,False,False,False,False,7,True,medium
36,4,1,40,115.93669857114904,57.588175754986906,10.91325393394896,71.28320175720943,22.596114356382056,False,False,True,False,False,False,False,False,3,True,medium
35,4,1,12,117.47713747583941,95.22239218401347,12.074383896581049,77.06912202761497,24.093078168609832,False,False,False,False,False,False,False,False,2,False,high
23,4,3,29,100.01135497359508,96.51758975180036,11.526373225716291,85.49625585752761,16.658142571051968,False,False,False,False,False,False,False,False,2,True,high
30,5,4,27,104.16322986647651,79.5661634953689,9.607597523012199,104.35925918280311,22.808464741209775,False,False,False,False,False,False,False,False,6,True,medium
31,5,1,32,127.74762401361981,83.32262637435512,11.858907670621733,78.04980865911847,24.80303355709688,False,False,False,False,False,False,False,False,0,False,medium
28,5,4,40,135.88172525009725,74.62000135994721,10.128469723609038,104.1382558950856,19.560937828629516,False,False,False,False,False,False,False,True,8,False,high
38,4,3,16,107.54471183472938,,13.78507069333572,101.61135082121858,24.829632495021325,False,False,False,False,False,False,False,False,7,True,medium
20,2,0,40,123.05779946035666,68.89129624635663,11.686600443547334,80.04696668311584,16.086180459585957,False,False,False,False,False,False,False,False,0,False,low
23,4,2,29,117.28029919217926,74.50987983735577,9.879754358263595,138.56291101966974,23.374266106392643,False,False,False,False,False,False,False,False,6,True,medium
20,5,4,10,113.55365271906729,80.55933475605704,11.54766328631783,75.86043456387277,28.368715739665944,False,False,False,False,False,False,False,False,0,False,medium
33,1,0,24,137.22350824213984,79.19883847163422,9.520232897744608,129.58114590284214,22.12563961820065,True,False,False,False,False,False,False,False,1,False,high
32,4,0,12,109.56158024772698,94.86603071691238,11.412446527989747,70.0,19.08729278630149,False,True,True,False,False,False,False,False,5,False,high
39,2,0,39,129.88855164420983,76.00274545802552,10.638883536533584,101.87086930138506,17.299449396046484,False,False,False,False,False,False,False,False,4,False,medium
29,4,2,33,119.57707980450458,60.11171438654969,9.677006130570467,78.65225367309898,24.562097578021667,False,False,False,False,False,False,False,False,7,True,medium
21,3,0,37,,91.44310621223416,9.656893768740835,90.60199621291018,26.71206563965691,False,False,False,False,False,False,False,False,5,True,high
27,5,4,27,131.46420607639695,62.790457217402306,14.895894813060936,144.82339802180465,22.77562235183777,False,False,False,False,False,False,False,False,0,False,medium
19,3,0,21,118.48161398107634,69.40609074494576,11.1462276507227,97.36671253460624,21.145236577979905,False,False,False,False,False,False,False,False,7,False,low
32,5,0,22,113.84286964105263,77.71743141350903,10.309217336593285,80.699926464491,,False,False,False,False,False,False,False,False,2,False,medium
32,5,1,39,131.5533060757844,79.17175082263225,10.032130240413043,115.72798908199164,23.496117447006732,False,False,False,False,False,False,False,False,1,True,medium
36,4,3,13,129.9911470452627,,11.753865764644136,97.17356784725574,20.242933052430075,False,False,False,False,False,False,False,False,3,False,medium
25,5,4,37,129.4235598538465,67.5352776362638,9.978406344714784,108.31568968554606,20.472932358968936,False,False,False,True,False,False,False,False,1,True,high
24,4,1,21,90.0,60.19217538727465,9.248611252970003,84.88199976055508,29.465663746807536,False,False,False,False,False,False,False,False,2,True,medium
19,3,2,27,120.28211950886093,81.21713063322561,10.948136964953225,85.96523849462017,15.793565242482124,False,False,False,False,False,True,False,False,2,False,medium
27,4,3,30,117.54540631683963,86.83379884702886,10.936049457357866,87.67102236011362,16.328969350564364,False,False,False,False,False,False,True,False,8,True,high
28,4,3,10,114.58164095097418,62.78161955753486,10.332744034837713,122.56552913415835,23.925302915591498,False,False,False,False,False,False,False,False,2,False,medium
34,1,0,12,122.31735560767214,84.95659953047866,9.573932352896549,100.00974544795454,21.45875601085543,False,False,False,False,False,False,False,False,5,False,medium
34,5,4,13,118.12668247005433,84.30778744324662,10.374445438714408,81.93827464173462,20.924797318578392,False,False,False,False,False,False,False,False,1,False,medium
21,5,4,33,123.13368900792618,68.40929210088497,10.248580217095473,108.56002830925758,24.090604995778172,False,False,False,False,False,False,False,False,1,False,medium
24,4,3,10,111.78445830694008,55.17420964132173,10.026617318827359,106.74854945471118,24.02363619540581,False,False,True,False,False,False,False,False,7,False,medium
29,3,2,28,132.9781675621179,64.28743980805271,11.442400109181916,117.61926155690918,19.105450751431068,False,False,False,False,False,False,False,False,3,True,medium
25,3,1,11,124.34733030127391,69.04742413091208,14.561964772758778,94.40037287121426,20.63320658532952,False,False,False,False,False,False,False,False,8,True,low
18,5,4,33,121.51031908617809,90.41670846809194,13.130824272539785,103.293426761518,23.19823126462622,False,False,False,False,False,False,False,False,2,False,high
36,5,4,40,120.92446280448236,73.81697424983778,14.107071150861621,114.27692995071395,23.668302770064887,False,False,False,False,False,False,True,False,5,False,high
34,3,2,21,128.88737568992278,64.93172024009696,,,24.933014752579012,False,False,False,False,False,False,False,False,0,True,medium
29,4,3,15,127.26025344322588,76.4784855495194,13.679501179953906,124.49690296533903,20.66734433468681,True,False,False,False,False,False,False,False,6,False,medium
24,3,1,22,113.64673535744454,62.04652329134417,11.363641306190667,105.36175982051516,24.388196809697348,False,False,False,False,False,False,False,False,7,False,low
36,4,3,30,126.88372456987955,80.14340050206349,12.57818158675162,80.77771811189135,26.801390961710243,False,False,False,False,True,True,False,False,4,False,medium
18,4,0,32,117.08862688050453,65.22335940728236,11.732326332877047,80.61470927155372,23.18743708297583,True,False,False,False,False,False,False,True,6,False,high
27,5,4,29,138.00312149800394,,10.450772454063763,,22.58868618260523,False,True,False,False,False,False,False,False,5,False,medium
35,4,2,27,128.1727337325636,78.75492048431892,12.15119618976967,92.89503217111073,22.05782661748811,False,False,False,False,True,False,False,False,4,False,medium
38,4,2,28,107.49268817725968,92.5023368280222,11.775888885789561,121.60134568309978,,False,False,False,False,True,False,False,False,7,False,high
23,4,0,15,142.9685282734032,96.97787560235896,8.170901600939366,98.69145792469482,19.248083074332694,True,False,False,False,False,False,False,False,6,True,high
32,3,2,14,90.0,64.60134494220458,10.801401230218994,111.66702440540644,21.80744671624096,False,False,True,False,False,False,False,False,7,False,medium
22,1,0,38,122.64825688802851,69.03393673284681,12.395846698525247,86.33033543888092,24.803195688394926,True,False,False,False,False,False,False,False,2,True,medium
20,5,4,27,106.64503204665657,80.1553228503736,11.44387458111022,104.49408852568874,19.443381136556248,False,False,False,False,False,False,False,False,2,False,medium
25,4,3,36,137.58616352407623,86.68789348308705,11.751153553596474,133.94179080305886,22.69839801095672,False,False,False,False,False,False,False,False,0,False,medium
37,3,2,28,118.03367278354344,55.0,9.797721876568081,101.74117757419401,22.234253549759604,False,False,False,False,False,False,False,False,7,True,medium
33,5,4,23,105.47445441895455,75.87336818906299,11.40993697024749,92.8347883935803,30.11122324445918,False,False,False,False,True,False,False,False,3,True,medium
28,5,4,26,111.802063453365,70.12857023436105,10.845851822094497,85.99629109959122,25.891112209846987,False,False,False,False,False,False,False,False,0,False,medium
24,5,0,30,106.4328224960129,55.75978800969689,10.674474824635027,104.58704834259187,25.826257193355435,False,False,False,False,True,False,False,False,8,False,medium
21,1,0,14,111.33067625715906,61.6283222000763,9.913189715146599,136.00492489910638,26.680179291371644,False,False,False,False,False,False,False,False,1,False,medium
23,2,1,23,111.05622860932594,69.32225540359053,12.463779767461059,75.0009225490416,20.817222665225255,False,False,False,False,False,False,False,False,8,True,low
21,4,0,31,105.98612957558734,75.58815019982455,11.55274973255309,103.90181090131095,28.507034815470778,False,False,False,False,True,False,False,False,2,False,medium
22,3,2,10,118.24076573899148,85.08102860264144,11.391276439902951,70.0,23.63668810577232,False,False,False,False,False,False,False,False,5,False,medium
33,3,2,10,119.6946899608808,78.54348115082065,14.281255459986523,95.9707113724887,22.82133893581217,False,False,False,False,False,False,False,False,4,True,high
20,4,2,13,103.04432330468839,84.47539437167653,11.75807867122794,,18.141082269450386,True,False,False,False,False,False,False,False,4,True,medium
19,3,0,27,95.10077484347202,75.26724335847263,12.92079470022943,70.23174823795512,21.393544765724346,False,False,True,False,False,False,False,False,2,True,medium
29,5,4,15,118.73147742579486,67.95054053063002,11.436692524097756,95.21418997041242,15.936244425593621,False,False,False,False,False,False,False,False,3,False,high
24,5,4,22,121.3830466134344,73.16250046129426,10.434938099181293,111.39142811853571,22.007263721040836,True,False,False,False,False,False,False,False,7,False,medium
28,5,2,12,123.76260114353481,81.95517347469212,9.305380285369026,107.88503800951155,20.694796700765806,False,False,False,False,False,False,False,False,2,False,medium
21,5,0,16,121.61409257912953,85.32562169326783,11.38622420479645,112.45708187886365,21.406594621495216,False,False,False,False,False,False,False,False,4,True,medium
22,5,1,8,133.87260130884388,73.52125315556152,6.738416739269589,83.55887399333895,17.456177523036256,False,False,False,False,False,False,False,False,8,True,high
27,4,3,34,126.96481464317516,65.70884737616962,11.435947321425905,111.38236948290256,25.814413961411383,False,False,False,False,True,False,False,False,3,True,medium
33,4,3,23,147.1579383569869,78.35658159487237,11.504637428791781,91.79981901610883,25.370130530724335,False,False,False,False,False,False,False,False,8,True,high
27,2,1,13,152.20776636199534,79.77980963842221,10.651891872244676,120.70864567040634,29.759116316975287,False,False,False,False,False,False,False,False,7,True,high
29,5,4,25,93.90276894826344,87.32719086053118,10.852213822519392,70.0,29.64587134667675,False,False,False,False,False,False,False,False,5,False,medium
29,5,4,38,90.0,68.21237127040395,8.998128771105451,98.62859367537318,23.624822778256128,False,False,False,False,False,False,False,False,6,False,medium
23,4,2,35,114.91130442583942,68.32202745734313,13.216965792113161,107.17529608631413,27.09361106810377,False,False,False,False,False,False,False,False,6,True,medium
24,3,1,37,121.05078915856386,82.56160197539576,10.460398470224758,134.6875051123918,24.045223310567142,False,False,False,False,False,False,False,False,6,True,medium
27,5,2,21,,70.92566428990891,9.444651605754613,106.90953485197763,21.29058797306159,False,False,False,False,False,False,False,False,2,False,medium
18,2,0,19,123.44296535269312,70.50315817320896,11.871457704373585,109.14228653696105,21.88752008600801,False,False,False,False,False,False,False,False,2,True,medium
33,4,2,18,111.7570950952195,87.54139870140243,11.177209772464535,113.26078502662307,25.555682135545872,False,False,False,False,False,False,False,False,8,True,low
31,4,0,18,106.67259083903052,61.289943937188276,10.426664344755855,132.5679184120706,38.0,False,False,False,False,False,False,False,False,2,True,medium
24,5,0,38,108.48530968178747,95.5620313977551,10.257546615156095,96.59832293212514,,False,False,False,False,False,False,False,False,6,False,high
26,3,2,12,,,10.9909780916139,74.13177812369125,23.98562925796658,False,False,False,False,False,False,False,False,2,False,low
25,4,2,36,125.12214812872179,83.66728402800712,13.153305552856585,70.0,24.93516623355827,False,False,False,False,True,False,False,False,3,True,medium
32,5,4,38,109.15911164001004,73.91200338074626,11.75127425677847,119.61229572462226,24.8994737706484,False,False,False,False,False,False,False,False,7,False,medium
34,3,2,35,111.53237556499954,77.71362284872136,10.944946751188017,109.91055387340386,22.63884367266966,False,False,False,False,True,False,False,False,5,False,medium
20,5,4,28,121.84260212853225,72.37213500238238,12.363894201153984,99.36046567964685,26.025880086953563,True,False,False,False,False,False,False,False,3,False,medium
27,5,4,36,112.61444322945772,83.56576652032973,11.044051025805187,92.10592184520365,22.378146269516087,False,False,False,False,False,False,False,False,5,False,medium
18,4,1,9,128.40052660774467,71.52676125980433,11.642483641336561,108.97831951082759,18.953953216523804,False,False,False,False,False,False,False,False,1,False,medium
27,5,4,34,103.96592521317926,69.27053528154899,11.241804371178672,109.61391098815692,24.926647023326918,False,False,False,False,True,False,False,False,2,False,medium
23,5,2,24,101.36363492241415,93.13341825869992,11.943648668822153,115.5562557771031,25.461348565504515,False,False,False,False,False,False,False,False,4,False,high
25,3,2,39,118.65554840822011,75.29382697013692,10.2893693212689,80.60932753042944,22.416778980914764,False,False,False,False,False,False,False,False,7,True,medium
28,4,0,10,119.85146154717756,68.2430443898046,9.177051418299879,70.0,24.239432075348333,False,False,True,False,False,False,False,False,1,True,medium
25,2,1,38,104.62048607099905,60.097134100881014,12.450957040663676,84.90240866843399,26.843558741225927,False,False,False,False,False,False,False,False,3,True,low
26,3,2,26,131.1231448159291,93.6557803103598,13.407885308500742,75.27516509475866,22.792759678050245,False,False,False,False,False,False,False,False,5,False,high
34,2,1,11,138.0992417172427,69.48074623544748,9.252990265984485,74.13562944087721,21.211983770100517,False,False,False,False,False,False,False,False,2,False,medium
35,4,2,24,107.46574944591141,95.61838238501147,11.28686667863451,139.5341996864611,20.16273558574928,False,False,False,False,False,False,False,False,4,False,high
18,5,0,9,132.84760807277428,78.98854351412882,10.281807697113155,70.0,21.98485813650631,False,False,False,False,False,False,False,False,6,True,medium
26,4,1,10,,76.42885200302452,12.41340590720122,115.33350361571306,29.139567616979626,False,False,False,False,False,False,False,False,2,False,medium
36,5,3,25,127.9133472006163,76.69843812327997,11.394633175725414,124.95396071903664,22.20656315728782,False,False,False,False,False,False,False,False,2,False,medium
29,4,3,34,104.706846746459,97.15950939276695,15.5,126.72422194997458,24.43780035821841,False,False,False,False,False,False,False,False,8,False,high
22,5,4,11,126.71287218366568,55.0,10.517706423503185,111.09910438079095,21.702086505009255,False,False,False,False,False,False,False,False,6,True,medium
31,5,4,16,103.46468816852001,77.14341519507505,13.459667739160208,134.03801330658192,21.359076056690906,False,True,False,False,False,False,False,False,3,True,medium
21,5,4,20,114.17814958447846,72.34796392469943,13.615409032561816,144.23479408026603,19.482791259987536,False,True,True,False,False,False,False,False,2,False,medium
18,4,0,25,105.27861284149793,72.86906614916937,11.853755934480102,98.35091691996313,23.401095715628166,False,False,False,False,False,False,False,False,4,True,medium
31,4,3,8,112.43343162661503,76.49311852141904,11.05933331100511,114.84437740618955,20.93165466572242,False,False,False,False,False,False,False,False,7,False,medium
29,2,1,29,,72.33745850503874,11.151740315984046,,28.094658310159296,False,False,False,False,False,False,False,False,6,False,medium
34,4,1,24,113.70474644087912,,11.016327763369054,86.0368956875736,22.56999102400404,False,False,False,False,True,False,False,False,4,False,medium
25,4,1,39,140.32361948711002,74.76422537844945,12.813279539861025,99.61202605235971,22.82187716989065,False,False,False,False,False,False,False,False,5,False,high
36,5,2,17,110.37024926688596,61.86441821815351,9.603781924675665,91.23192539885537,22.279273746918662,False,False,False,False,False,False,False,False,1,True,medium
27,3,0,24,132.9011764456816,78.81366037810879,10.742425643075366,115.14151547832607,24.484256575638092,False,False,False,False,False,False,False,False,0,False,medium
34,3,2,10,95.49168872184636,82.16054451699581,10.548502467642384,70.0,28.963639055487995,False,False,False,False,False,False,False,False,6,False,low
20,3,0,38,111.56189133546171,69.57934382491916,8.238088926201664,136.6057935482123,18.840895732194678,False,True,False,False,False,False,False,False,4,False,medium
20,3,2,35,108.56668017609572,93.67896078224071,12.374263855619859,116.74352441571499,24.111238961862366,True,False,False,False,False,False,False,False,8,False,high
35,4,3,19,133.4524672095657,88.35571745664095,12.700671010229344,117.97870577300013,16.724878713315277,False,False,False,False,False,False,False,False,8,True,medium
36,1,0,23,117.22298543243289,83.43952299171171,,70.0,27.892832973469993,False,False,False,False,False,False,False,False,8,False,medium
38,4,0,36,90.0,83.31820744028015,12.648211930647593,82.11693993861395,22.567449276293793,False,False,False,False,False,False,False,False,8,False,medium
25,5,4,17,99.27844414331724,75.30096952609888,8.466147646340344,137.79032174445237,,True,True,False,False,False,False,True,False,5,False,high
18,5,3,15,,86.41372104734421,11.038327205123895,101.09707085080647,17.896907442740435,False,False,False,False,False,False,False,False,1,True,medium
39,4,1,15,126.20860352934602,90.70754612062102,10.797986446898046,70.0,26.255560228369927,False,False,False,False,False,False,False,False,5,False,high
31,5,4,31,124.66008980387531,83.08024012811948,11.140397933439347,109.87568747330901,16.34147221389118,False,False,False,False,False,False,False,False,2,True,medium
23,2,1,14,111.39520680446657,69.29716658187635,11.132072272403354,119.94147828551165,24.113154695364834,False,False,False,False,False,False,False,False,7,True,low
34,5,4,10,108.41788247658913,74.60318561713399,10.876733338845742,116.6928323623274,21.28581404387425,True,False,False,False,False,False,False,False,2,True,medium
37,5,0,13,123.59665889020063,80.7367003297609,10.379563335334355,101.6910852786648,22.220966135748423,False,False,False,False,False,False,False,False,7,True,medium
24,4,3,40,101.44572289081647,83.37744904046144,10.826070450467576,129.98239905839438,20.304615930545623,False,False,True,False,False,True,False,False,8,False,high
34,1,0,36,120.49202773540424,74.2252278545645,13.181153982562265,89.55573631085983,,False,False,False,False,True,False,False,False,4,False,medium
35,1,0,39,119.4702159624428,69.33191452892929,10.074049680145757,116.88195871123422,21.050253466243365,False,False,False,False,False,False,False,False,8,True,medium
29,3,2,17,111.70492488319883,90.84206987377833,14.608544021098348,107.97038815625285,25.287880673356604,False,False,False,False,False,False,False,False,3,True,high
31,5,0,22,119.77213558054859,64.27680285481043,9.983736875658812,102.07210040010715,21.829665403861664,False,False,False,False,False,False,False,False,3,False,medium
23,4,2,24,116.22513223689621,65.58668244367082,11.384094747067062,96.66207161348532,24.68493082007763,False,False,False,False,False,False,False,False,8,False,medium
38,3,1,25,120.96903393707848,61.72872190498586,11.913930405071834,97.44096734575005,22.031040658673767,False,False,False,False,True,False,False,False,6,False,medium
39,1,0,8,98.99077229823888,65.56449180375677,10.53319055143449,105.7095751571355,25.44497872243371,False,False,False,False,False,False,False,False,1,False,medium
39,5,4,27,122.37402376634442,87.47344877119004,13.211781139921658,98.56014243615958,24.659768994450502,False,False,False,False,False,True,False,False,1,False,medium
34,5,4,9,127.31921595402727,87.80832756513203,11.872338853404807,121.1275380613009,20.83711660292272,False,False,False,False,False,False,False,False,4,True,medium
18,5,4,17,118.85141704677334,74.25954465534831,10.672156225465692,93.208323042633,19.18528940113055,False,False,False,False,True,False,False,False,5,False,medium
26,4,0,17,122.214590211898,79.9631439555678,13.194023636871703,139.50240194147565,26.822610539842803,False,False,False,False,False,False,False,False,5,False,medium
27,5,1,30,113.68096819108285,74.89495422376083,9.375213151170838,92.22529259311551,19.746445842874117,False,False,False,False,False,False,False,False,0,False,low
39,2,1,37,125.69599079515652,63.08023174047045,10.095226368743752,125.2417771829594,25.003139899189897,False,False,False,False,False,False,False,False,1,True,medium
30,2,1,31,115.78296553575825,97.18107007674433,11.900112691084388,126.19077105411633,23.124371438620685,False,False,False,False,False,False,False,False,0,True,high
29,3,2,22,101.22470461054468,88.74739965069978,12.282346280663255,108.64896763746414,21.14774958234786,False,False,False,False,False,False,False,False,7,False,medium
21,4,2,25,124.84259385859912,78.54419405329709,11.516195016248721,106.68871956519817,24.71786864117202,False,False,False,False,False,False,False,False,3,True,medium
35,3,2,24,95.39024502990674,66.4411007760773,10.796492284549146,88.96272565439783,28.47151255431494,True,False,False,False,True,False,False,False,3,False,medium
25,2,1,12,118.3933569314606,72.7506562283022,10.597689491291394,93.62442810785527,25.502047604670253,False,False,False,False,False,True,False,False,7,True,medium
20,5,4,39,110.38932579943625,68.07574448580031,12.81024148156062,109.83523911485112,23.517158750704716,False,False,False,False,True,False,False,False,8,False,high
39,5,4,38,109.62249100354346,75.97582240928469,11.384631439257983,104.00701682930966,29.48592259251198,False,False,False,False,False,False,False,False,0,False,medium
22,3,1,15,117.06386499911446,78.09923174599348,9.604417964158877,131.02785187179592,16.302930950104237,True,False,False,False,False,True,False,False,7,False,medium
18,4,1,11,106.48854171018407,71.58874506189638,9.512156218887853,94.99902453752959,18.55117671556999,False,False,False,False,False,False,False,False,2,True,medium
19,3,2,13,121.146472169534,60.455872470929975,13.421538100150286,96.33058185909701,21.142198732189843,False,False,False,False,False,False,False,False,6,False,low
27,2,1,28,115.68155959146402,96.32058985715884,9.84998142081798,70.0,28.67729347696198,True,False,False,False,False,False,False,False,5,False,high
20,5,4,8,107.59247258305362,77.37526746831351,11.436369707335702,119.15761300174451,26.771350980265883,False,True,False,False,False,False,False,False,1,False,medium
36,4,2,11,131.05815484055583,79.56592000194428,13.161450295579305,117.17081408276655,16.134855381139594,False,False,False,False,False,False,False,False,2,False,medium
29,2,0,29,117.45739132359398,70.77590613925014,11.867371665247187,126.49580171185079,21.25449953583714,False,False,False,False,False,False,False,False,3,True,low
25,2,0,12,122.56961120109378,59.379888846707864,9.787772147727866,127.73559793125949,17.704693581910263,False,False,False,False,False,False,False,False,0,True,medium
18,1,0,10,131.99906475393306,74.16699469102163,9.374889447706055,122.35682386793847,22.838197276205783,False,False,False,False,False,False,False,False,3,True,medium
28,4,1,8,131.80214242953247,71.767779910131,13.991821556554177,123.28455089929824,26.607329484145076,False,False,False,False,False,False,False,False,4,True,medium
21,5,1,31,121.95742544627426,82.09534380719577,9.33413665290242,118.42151278292953,26.90261519260905,False,False,False,False,False,False,False,False,5,True,medium
39,5,4,19,111.36810158788235,84.0607757337617,10.114769225758016,121.81005295239913,24.072035409161415,False,False,False,False,False,False,False,False,1,False,medium
24,5,4,17,97.84355454955346,82.65029479709371,11.596005821788584,70.0,21.29991864494496,False,False,False,False,True,False,False,False,6,True,medium
28,4,0,29,117.48028840575695,84.8827233591715,10.649794481477622,80.80460434134824,22.618401318376296,False,False,False,False,False,False,False,False,2,True,low
18,5,4,13,128.13501178980863,,11.918088327832994,77.20973145815718,25.73312000440682,False,False,False,False,False,False,False,False,4,False,high
20,3,2,25,119.25177783271943,78.89851739535555,8.651564599320755,132.94380624096164,32.38921378083491,False,False,False,False,False,False,False,False,8,True,medium
22,2,1,23,90.0,85.99215820809835,10.663360985749762,87.77488973737124,18.25960194009717,False,False,False,False,True,False,False,False,4,True,medium
19,4,2,30,125.4407458579176,79.93860573835728,12.084301995748083,91.29703201046934,29.3553972685984,False,False,False,False,False,False,False,False,5,False,medium
33,4,2,28,126.1779898573089,55.99964600022083,12.08971692322769,105.14645986497695,23.976224569203072,False,False,False,False,False,False,False,False,8,False,medium
38,5,0,30,111.38533367528423,73.45479717312291,10.084074757913557,77.63905216334103,26.281013003192246,False,False,False,False,True,False,False,False,6,False,medium
39,5,4,15,126.86034010304226,66.32288493096216,9.365263928643467,113.3719851454955,23.740663821736057,False,False,False,False,False,False,False,False,3,False,medium
23,2,0,12,122.53558497272051,77.31433330704361,11.341940971870198,70.0,28.616774774566515,False,False,False,False,False,False,False,False,1,True,low
35,1,0,25,106.77391849261565,67.08989840686363,8.900059767001528,79.09522710767189,24.318725736620287,False,False,False,False,False,False,False,False,3,False,medium
29,2,1,9,130.25561339461223,81.05680890030337,13.054832953542252,109.37395613644851,20.40495300942357,False,False,False,False,False,False,False,False,6,False,medium
19,5,0,22,99.79027692272663,84.81028098139595,11.251854022785539,77.68400287912338,24.80045646255967,True,False,False,False,True,False,False,False,3,False,medium
19,5,0,28,114.31306394753277,87.03570046020158,9.885101478044852,133.5804882800147,,False,False,False,False,False,False,False,False,1,False,medium
30,2,1,35,113.11597224673498,91.19261561524267,9.31279774818225,106.01814764994013,23.00085648699603,True,False,False,False,False,False,False,False,0,False,high
27,2,1,29,105.09474217373463,58.239759159291076,9.987109334732203,129.90554291635593,15.0,False,False,False,False,False,False,False,False,7,False,medium
18,3,0,40,118.64552641178759,63.00999965053182,8.500910291715613,112.8741663187681,22.54026478498546,False,False,True,False,False,False,False,False,2,True,medium
38,5,4,26,,,11.79164651232797,104.7375450612684,23.392201224063705,False,False,False,False,False,False,False,False,6,True,high
34,5,4,22,129.97290246233666,85.09523719859544,9.715445454473691,83.07563259100488,22.820287755210614,False,False,False,False,False,False,False,False,7,False,medium
29,4,3,16,123.683970576903,77.24447971047012,11.6394748188097,125.44121746258222,21.018088978485384,False,False,False,False,False,False,False,False,6,False,medium
39,3,2,30,94.64892991743645,75.32037510311895,11.860073147939799,114.70760249811643,28.29206745636337,False,False,False,False,False,False,False,False,0,False,medium
39,5,4,34,98.96857238947457,74.43139852905081,12.545595571012507,150.8622538562227,15.0,False,False,False,False,True,False,False,False,1,False,medium
39,4,1,18,116.99402943710523,55.6625344246458,11.402956155191822,123.22480809426631,23.37590922570967,False,False,False,False,False,False,False,False,0,False,medium
23,3,2,10,114.58917950699751,67.27670895376508,12.800374993861613,96.2571345217186,23.43192689518962,False,False,True,False,False,False,False,False,3,False,medium
37,5,0,8,109.02304207002021,73.88152405495342,13.217776695583622,111.36727460272343,31.379412995813798,False,False,False,False,False,False,True,False,7,True,high
29,4,3,28,137.86387836945798,67.84140124539613,11.41314427278398,114.28703550186923,22.94225808661153,False,False,False,False,False,False,False,False,0,False,medium
33,3,0,29,116.27032183805369,69.14864009450585,11.509642519827135,130.58508251715898,24.78251561480189,False,False,False,False,False,False,False,False,3,False,low
36,4,3,11,121.50895289428982,100.58731421980619,10.10804192168235,134.08113912790918,23.500050053768387,False,False,False,False,False,False,False,False,3,False,high
21,4,3,8,126.85472657138135,72.48346958433599,9.419800479105582,101.43654343827086,23.3777128954646,False,False,False,False,True,False,False,False,5,True,medium
27,5,1,29,115.65950139606952,77.78120008266731,13.05131921489777,78.25853627356716,30.051835867286723,False,False,False,False,False,False,False,False,0,True,medium
20,5,3,21,146.09274601494843,77.42536285003722,11.969189939903504,70.0,18.55338584580289,False,False,False,False,False,False,False,True,5,True,medium
24,2,1,21,103.71553237077156,80.89459498623083,12.098926489998446,79.92991188618146,20.331180820335977,False,False,False,False,False,False,False,False,0,True,low
27,4,1,16,107.72714092127053,70.22717234129898,10.054864629175215,91.98091819301104,26.016686002552,False,False,False,False,False,False,False,False,3,False,medium
36,3,2,31,103.68609138060992,87.46981248038682,13.598274405779588,138.09537812878898,24.027361465665134,False,False,False,False,False,False,False,False,1,False,medium
36,3,1,32,133.75189943712763,79.43562193606736,10.634217720792485,138.42912075487294,21.867085032153945,False,False,False,False,False,False,False,False,3,True,medium
26,5,3,9,124.62503049062376,,9.717054859490124,126.12352119140841,22.717769085555293,False,False,False,False,False,False,False,False,6,True,medium
25,5,1,10,108.4701770473769,73.92496000770372,10.082121399685589,132.0687752238635,26.655698515599752,False,False,False,False,False,False,False,False,7,True,medium
29,3,2,26,104.63348350054264,73.2785167932821,13.513906586750783,89.4373598160774,24.94035876317289,False,False,False,False,False,False,False,False,2,False,low
38,5,4,27,131.61868600723125,72.81834544669377,9.222323798384329,71.66305301486506,20.148148808267724,False,False,False,False,False,False,True,False,3,False,high
39,5,1,12,119.3402525840663,80.09296802223083,9.798203983910142,82.85637198004889,23.951105385307446,True,False,True,False,False,False,False,False,8,False,medium
22,5,2,13,131.92501562339606,81.34725189179221,,70.0,22.800789902035934,False,False,False,False,True,False,False,False,8,False,medium
22,5,4,30,114.27820779062132,80.16653082813986,12.505660378119797,,,False,False,False,False,False,False,False,False,4,False,medium
33,5,1,23,121.1384238692032,78.38915358077563,9.827110647319659,93.86916651974084,21.71568836809034,True,False,False,False,False,False,False,False,4,False,medium
24,3,0,11,118.60273186292804,75.85637707656176,9.269684226113931,108.66748102033051,18.166768324315218,False,False,False,False,False,False,False,False,4,False,medium
22,3,1,28,107.51066398751118,55.0,8.323684490643116,107.9800595216718,25.68948407868386,False,False,False,False,False,False,False,False,8,False,medium
18,5,4,10,113.27027009429189,82.77892628938173,11.15538263395447,89.82799419480862,25.19447671003466,False,False,False,False,False,False,False,False,3,False,medium
26,4,3,15,100.78835986841986,79.88354095106477,12.164832567128768,117.5168546451833,28.661196038873843,False,False,False,False,False,False,False,False,3,False,medium
26,5,4,31,120.92928188472692,65.15238723328758,13.430077135841545,90.2503269431006,17.735084181513002,False,False,True,False,False,False,False,False,4,True,medium
30,4,1,15,124.13498495616231,77.80582278396642,7.969626270138501,105.22098341409259,22.71847118481699,False,False,True,False,True,False,False,False,7,False,high
22,5,4,10,126.88193440126383,81.47938481080223,8.879389595883572,80.58039067351136,22.078399226851037,False,False,False,False,False,False,False,False,1,False,medium
33,5,1,39,122.99853871805207,86.71247065225062,10.808719075893002,128.95068086497642,21.415138026527515,False,False,False,False,False,False,False,False,0,False,medium
32,5,3,15,113.4614783619637,80.10301443173887,15.460272089374511,105.45836175958887,16.835920414389424,False,False,False,False,False,False,False,False,3,False,medium
28,5,4,24,133.62364774092381,78.21601806816368,12.417444003836007,119.93415035128265,18.734861559941447,False,False,False,False,False,False,False,False,4,False,medium
21,5,1,35,125.70770185275454,84.46772317500744,11.596479638008121,78.24374548336523,24.0820851957179,False,False,False,False,True,False,False,False,0,False,medium
29,5,4,40,131.66255561988527,71.93459979805884,9.040122255157515,108.83733176673184,21.001002240806855,False,False,False,False,False,False,False,False,4,False,medium
32,4,3,34,132.4154404536442,79.12003219595053,7.608023521442025,117.5913419431549,19.694361152751007,False,False,False,False,False,False,False,False,3,False,high
26,4,3,19,,68.78886805796178,11.06215949694483,70.0,28.721583430232627,False,False,False,False,False,False,False,False,5,False,medium
23,4,3,36,119.65455348271884,86.10296707621303,10.841008817351598,130.6981340352737,32.4948843964001,False,False,True,False,False,True,False,False,3,False,medium
29,1,0,8,124.29478220196974,58.902888857433275,10.571507967117967,77.51265914955277,22.77427994979321,False,False,False,False,False,False,False,False,0,False,low
25,4,3,18,101.2102985495869,83.16737174150325,10.391306131760869,109.63980474005027,16.991288011468992,False,False,True,False,False,False,False,False,0,False,medium
26,3,1,14,101.47632193145441,75.17708961848007,9.802633567296322,144.32946419775882,24.585617650067853,False,False,False,False,False,False,False,False,5,False,medium
25,5,1,25,99.40826024805908,84.65387330726293,9.435772596743325,126.00786627138498,15.0,False,False,False,False,False,False,False,False,5,False,medium
24,1,0,37,113.70279893776132,67.19455629608703,13.223212477165063,72.22136577090629,17.599327125744892,False,False,False,False,False,False,False,False,2,True,low
33,4,0,33,111.00019528946082,75.89983578816296,9.581554725575405,101.08322774322671,24.654595703275877,False,False,False,False,False,False,False,False,7,True,medium
28,5,4,40,97.77195246045714,75.60630089731278,,132.13545464811972,17.46506319180231,False,False,False,False,False,False,False,False,3,False,medium
28,5,1,12,116.79229873238413,79.33883560050455,10.937475030854133,87.0309496518131,21.81586458283565,False,False,False,False,False,False,False,False,1,True,medium
32,5,1,32,113.85257299940089,64.5243804935202,12.13004853605007,97.08264567354077,17.065489934697716,False,False,False,False,False,False,True,False,3,False,high
25,3,2,31,129.1868820409239,81.36215088084353,9.637071454085795,96.46658749976176,23.225038058141834,False,False,False,False,True,False,False,True,4,False,high
20,5,3,23,139.1557489495895,56.54105871927643,12.564908834400438,117.54085636589397,27.49296196703687,False,False,False,False,False,False,False,False,0,False,high
36,3,2,11,120.47740408497079,68.32157942882637,10.072533821514755,71.1861885767237,20.54860524969736,False,False,False,False,False,False,False,False,8,True,medium
19,5,2,11,106.64043374360517,59.37269992860801,10.740964529189736,118.77442478626581,22.922334326270082,False,False,False,False,False,False,False,False,3,False,medium
30,5,4,38,122.76069252816482,83.28219399685626,13.628957737055712,91.29841806406374,19.736616164748543,False,False,False,False,False,False,False,False,8,False,medium
23,3,2,17,115.11163507984567,79.00130777509037,9.449235659042131,104.75058589627227,20.01684266770746,False,False,False,False,True,False,False,False,2,True,medium
22,4,3,29,112.11849695462202,79.56038646898736,12.15344753990508,100.05283168400088,19.674517528577365,False,False,False,False,False,False,False,False,2,False,medium
18,5,4,39,104.66078654584226,89.7318939624856,,118.19487049775373,26.14372053239094,False,False,False,False,False,False,False,False,1,False,medium
37,4,3,24,109.42935952933591,71.84058330838198,11.495836483584519,,17.345992194535565,False,False,False,False,True,False,False,False,1,False,medium
27,1,0,14,112.86650786471407,81.0958568141266,10.811950684503723,136.6895577303715,21.67258371850832,False,False,False,False,False,False,False,False,6,False,low
25,5,1,23,124.64915670598538,75.66022347176475,14.401126456131468,126.76743936871713,24.639267505855084,False,False,False,False,False,False,False,False,1,True,medium
34,5,3,15,121.1323069648944,74.13765445331391,10.97784736892903,87.50290065621883,26.639193532250783,False,False,False,False,False,False,False,False,0,False,medium
18,3,2,13,136.90691371514194,88.06625832078896,11.326524000052483,135.03655085556645,24.76242950248603,False,False,False,False,True,False,False,False,5,False,medium
30,2,1,34,123.09205688615766,95.81879363402041,10.461557161795955,112.02693761284041,22.709466166852025,False,False,False,False,False,False,False,False,6,True,high
28,2,1,19,120.09153909474833,70.68533337136586,11.241730971807554,108.73743361922469,20.724444167438804,False,False,False,False,False,False,False,False,7,False,low
30,5,0,30,111.32523561432912,83.33719591519883,12.542588765930327,123.66059914569942,26.701265387307764,False,False,False,False,False,False,False,False,4,True,medium
20,2,1,31,102.55044421783947,78.19116912646811,10.559511454542116,82.09473046879722,,False,False,False,False,False,False,False,False,2,True,low
38,4,3,26,108.16127869776228,78.31112422450443,7.626351261978041,74.65235801588605,19.591186372310432,False,False,False,False,False,False,False,False,8,True,high
23,2,0,25,106.60193604685688,77.47177729033488,11.821712292506913,105.54871227062341,28.409996520897476,False,False,False,False,False,False,False,False,5,True,low
32,5,4,13,,71.66922008538842,9.274664894225898,91.66135958498351,24.441046961349734,False,False,False,False,False,True,False,False,8,True,medium
34,4,1,25,102.89641860910994,55.0,12.187002307134676,150.62180857461306,24.582425848874873,False,False,False,True,False,True,False,False,6,False,high
25,5,4,32,134.2265171363917,90.34809324598488,10.997880429237274,88.18489808727409,25.39419697264961,False,False,False,False,False,False,False,False,3,False,high
20,5,1,14,119.42320255550791,68.052674123276,12.508974565298425,105.88544165372154,22.620580163795907,False,False,False,False,True,False,True,False,1,True,high
24,5,4,15,110.48171373585885,72.58442855049391,9.482649971332462,109.22321840506454,17.249227711490796,False,False,False,False,False,False,False,False,5,True,medium
35,5,2,30,119.78175786568025,72.79707099981913,10.143646073865076,132.0880315114905,24.00466634397381,False,False,False,False,False,True,False,False,0,True,medium
37,5,4,40,91.55914569124751,67.16196606746622,10.455942358410638,83.11965751502018,22.92706289155554,True,False,False,False,False,False,False,False,7,True,medium
38,4,0,20,118.38517259754909,77.40240141995622,8.628348475812647,70.0,19.563709658677634,False,False,False,False,False,False,False,False,0,True,medium
22,4,3,35,130.3299071577698,74.55687564577916,12.778272333944605,135.67756575773302,18.643792274560266,False,False,False,False,False,False,False,False,2,True,medium
31,4,1,14,113.54660863492744,67.83464021170462,,106.77141545110946,22.81385129848386,False,True,True,False,True,False,False,False,4,True,medium
21,4,1,26,93.73612568501719,76.49302016651355,12.755701788765082,122.81433549793803,17.568801233052238,False,False,False,False,False,False,False,False,8,True,medium
33,2,0,39,110.03271358267963,74.66953307041635,11.679037565877852,123.84733921410276,22.426368013221808,False,False,False,False,False,False,False,False,2,False,low
27,5,4,22,130.35114393979745,84.27838571288102,10.681812268251434,127.66018866684495,21.943840798893113,True,False,False,False,False,False,False,False,3,True,medium
33,5,3,24,118.10355588277203,61.596172123182676,11.552185837815646,96.68700369640935,22.52340106371606,False,True,False,False,False,False,False,False,3,False,medium
33,5,4,13,97.9802788624772,,11.508373261328517,90.7234265598688,24.610623616836545,True,False,False,False,False,False,True,False,1,True,high
39,3,2,25,143.41155015020644,82.25297610837404,10.359315341475167,70.0,25.4878181808618,False,True,False,False,True,False,False,False,8,False,high
28,4,0,27,99.9542978050584,68.60257056551777,11.477039702975684,83.11216841224457,20.154012021583977,False,False,False,False,False,False,False,False,4,True,medium
25,2,1,40,112.08490502064143,65.96597737454917,12.169893325627212,106.36732401890406,26.479166054168108,True,False,False,False,False,False,True,False,2,True,high
29,3,2,14,102.55136799217355,69.09709058991389,9.488507680286373,89.56928263861576,22.12251712771036,False,False,False,False,False,False,False,False,6,True,medium
21,5,0,20,102.56797582103678,73.99021283310617,11.553911923743321,79.90018103201658,30.0132055419622,False,True,False,False,False,False,False,False,2,False,medium
20,5,4,29,109.57418661117812,74.02821063932959,6.7978798460043794,106.10927431018405,20.658316350838074,False,False,False,False,False,False,False,False,8,False,high
29,5,4,39,122.63380191815293,72.90041563897667,,134.5447249539579,16.554679840054412,False,False,False,False,False,False,False,False,6,False,high
36,3,2,15,130.48637734263522,64.7143485155135,11.903242642490289,103.76765153835503,26.33456827115333,False,False,False,False,False,False,False,False,1,False,medium
29,3,2,30,110.36598193561048,82.73158927253532,10.331473229049278,80.07796900112217,24.702483655122318,False,False,False,False,False,False,False,False,8,False,medium
35,4,3,37,102.8782773497809,,9.63449892401037,132.99334370610285,27.80664599621965,False,False,True,False,False,False,False,False,1,False,medium
21,4,3,28,120.74367179991769,55.89571313613269,10.915159242308885,87.96941612507075,24.238575232762702,False,False,False,True,False,False,False,False,5,False,high
27,4,0,22,121.09556294715026,59.46459382576474,10.366477352201239,137.54617790375917,32.36003563386162,False,False,False,False,False,False,False,False,0,True,medium
31,3,2,15,117.8845160266414,85.02856974774987,9.418227523499231,99.21106086152462,22.244447965982843,False,False,True,False,False,False,False,False,6,False,medium
25,5,3,17,118.3088777548808,90.69796340625739,8.377521580906716,107.26886236677245,27.185207462822472,False,False,False,True,False,False,False,False,7,False,high
18,5,4,9,113.64920264387582,55.0,7.850948046826295,139.33964766317382,20.898170458055134,False,False,False,False,False,False,False,False,2,False,high
19,3,2,13,116.17781025467058,83.15436501278833,12.182067816415769,75.26705687093454,24.96710610533601,False,False,False,False,True,False,False,False,2,False,medium
38,5,4,22,112.82018645651715,91.37879886448779,10.324000716036291,81.89768402103313,25.71208976158423,False,False,False,False,False,False,False,False,1,True,high
31,3,2,12,127.84292472444547,66.37587734167188,12.551278902295868,97.81594484487631,26.330251158299877,False,False,False,False,False,False,False,False,1,False,low
23,2,1,8,141.74151400847052,90.79667826893211,10.307759736635102,101.92070612640514,26.105306306572615,False,False,False,False,False,False,False,False,8,False,high
23,3,2,30,117.15583782048631,73.22005719119994,11.567951924005401,163.12553516991989,15.0,False,False,True,False,False,False,False,False,5,False,medium
18,4,3,10,114.92113302434367,78.1463709057312,10.799352894024752,85.46265091610135,22.725290977005592,False,False,False,False,False,False,False,False,8,True,medium
38,5,4,12,118.07033638828082,67.80766685452912,11.071114766174555,76.30655511757458,20.69956944049028,True,False,True,False,False,False,False,False,0,False,medium
20,3,1,27,107.1049383882005,85.01028526021389,11.148858896977556,84.41163221903079,21.488459064774084,False,False,False,False,False,False,False,False,3,False,medium
34,4,1,38,124.17974045325785,83.34452117615467,10.286869189069634,110.10692701230826,21.8663609009192,False,False,False,False,False,False,False,False,6,True,medium
23,4,3,31,120.29411690897355,92.24709355729823,9.032605579392852,115.82478679771958,26.90989599984591,True,False,False,False,False,False,False,False,7,False,high
25,4,3,9,109.95435750348771,89.40607369110225,12.225810792917926,89.44408398968183,23.810316851872162,False,False,False,False,False,False,False,False,5,False,medium
24,2,1,13,125.82480182850973,74.90849955782765,13.549674867507289,105.46279515656288,20.96990694963974,False,False,False,False,False,False,False,False,2,True,low
36,4,3,32,115.22787722014465,106.08378615181897,13.654744655958437,147.79445145908338,17.126940878633377,False,False,False,False,False,False,False,False,1,False,high
18,5,0,32,103.3593203383075,88.507926484737,10.114768142291235,105.77370660093752,29.13223064081054,False,False,False,False,False,False,False,False,0,False,medium
25,4,1,20,119.21925334507551,80.40516035045657,9.826926787246926,112.06178051155875,20.410728008856125,False,False,False,False,False,False,False,False,7,True,medium
24,5,4,39,117.84391004079191,65.02845602346389,10.113148083463477,146.55774069971957,22.477174214363107,False,False,False,False,False,False,False,False,6,False,medium
24,5,2,37,126.5250177533275,59.69967270772365,10.718660156569934,89.64343427332548,31.555475538823973,False,False,False,False,False,False,False,False,5,False,medium
22,5,4,32,124.97856340089818,60.549721429233394,10.916062457397912,88.20500819130037,20.519569689254986,False,False,False,False,False,False,False,False,4,False,medium
38,3,1,32,113.68928403245486,65.66334513075455,9.403314466788313,94.66699379235511,21.897283089299012,False,False,False,False,False,False,False,False,5,False,medium
26,2,1,33,109.33495676303764,88.77302655890229,8.632422645527353,93.38596861262249,23.928717135302797,False,False,False,False,False,False,False,False,0,True,medium
27,5,4,12,115.0209250006936,79.87088913337523,11.079907690411837,70.0,16.576213993251564,False,False,False,False,False,True,False,False,2,False,medium
26,5,4,31,119.35970655602388,68.86626816631542,5.351345438565532,108.03587114591292,16.112804397705382,False,False,False,False,False,False,False,False,3,True,high
39,5,4,39,120.80505253318059,73.64130989103292,10.838949089094704,109.7727086495277,21.073547192246732,False,False,False,False,False,False,False,False,3,False,medium
25,5,1,15,118.61694649763342,72.42253597072114,9.488403826542296,100.91111190369685,21.211987550010782,False,False,True,False,False,False,False,False,5,False,medium
25,5,4,8,113.91085667833877,83.00050670523663,12.248247242580547,110.44435854234806,23.536904861229814,False,False,False,False,False,False,False,False,3,False,medium
25,3,2,19,126.96180424027868,66.2120223756417,12.676215803368233,110.67839448109889,19.08802267078272,False,False,False,False,False,False,False,False,3,True,low
25,5,4,16,106.90837727088068,78.49686386116242,12.713993216396695,76.04465667257753,24.735921729734645,False,False,False,False,False,False,False,False,1,False,medium
19,5,4,39,144.75284142585787,,10.44568498993498,111.35007883656806,15.0,False,False,False,False,False,False,False,False,0,False,high
31,3,2,22,124.1568445618451,66.51131989847089,9.183769580858542,117.28726573209819,22.71883440004799,True,False,False,False,False,False,False,False,7,True,medium
18,2,1,29,101.47017516195987,90.8800602921035,9.69665229301341,70.0,24.44070522870727,False,False,False,False,False,False,False,False,8,True,high
22,5,4,40,117.22275197123699,72.04428793476872,11.46017709309024,137.18855249211344,24.313776962087314,False,False,False,False,False,False,False,False,6,True,medium
22,3,2,34,124.27220221638558,65.07249875443765,8.366616839934096,77.81248133609317,22.34889404114109,False,False,False,False,False,False,False,False,8,True,medium
24,3,2,32,110.80757073376348,83.52879979520193,13.229679183142458,79.95876140204403,20.358645635736433,False,False,False,False,False,True,False,False,5,True,medium
34,4,3,39,97.05827142907953,75.54495577154643,10.470991949124267,109.44301686093087,22.23251838329328,True,False,False,False,False,False,False,False,7,True,medium
31,5,4,30,102.53123270081326,79.08428312659055,11.800277875908696,116.76337339723261,27.93583695468265,False,False,True,False,False,False,False,False,3,False,medium
39,2,0,15,121.50511533214662,63.1532019980846,8.149718218021055,122.1087687011061,20.60213025720232,False,False,False,False,False,False,False,False,6,False,medium
25,5,4,31,93.94460232917955,83.12416251641972,9.51842875878664,117.34183137458658,26.91244295071507,False,False,False,False,False,False,False,False,2,False,medium
38,3,2,18,97.60786513784774,96.72428364524554,,93.56653368414615,27.548978663593644,False,False,False,False,False,False,False,False,8,False,high
18,4,0,18,121.44201696320711,62.37166270215537,12.633903190081844,107.38834845669233,16.056432694967967,False,False,False,False,True,False,False,False,6,False,medium
29,4,1,29,112.32940939783805,78.54208805989529,10.743672416199969,98.03325178637895,22.48739602385856,False,False,False,False,False,False,False,False,7,False,medium
35,5,2,18,106.65063532474244,67.14690304649987,11.914087925497977,108.83369881234235,19.089033107211968,False,False,False,False,True,False,False,False,0,True,medium
29,4,3,8,109.0632142321296,101.89606059597463,11.101461891728121,106.50604651133244,16.992664583265288,False,False,False,False,False,False,False,False,4,False,high
38,5,2,40,97.35023424586817,87.3963247815025,11.749560086259777,93.89201058932572,26.168123351977943,False,False,False,False,False,False,False,False,5,False,medium
24,2,0,26,120.81344116545934,,10.460093023346356,97.36120584441491,24.893291675733558,False,False,False,False,False,False,False,False,4,True,medium
18,3,2,30,105.32147733979066,62.72132524130579,10.674327056841749,70.0,24.053837625911033,False,False,False,False,False,False,False,False,4,True,medium
35,4,1,34,108.57097378499356,65.13943925223742,10.853228129905212,123.26286043253276,18.658012312858904,False,False,False,False,False,False,False,False,5,False,high
19,2,1,28,119.16142163904614,82.4627450568179,11.649010647883566,111.54626515374885,23.841857051896596,True,False,False,False,False,False,False,False,2,False,medium
34,4,3,28,111.9204695745494,61.37507802282509,11.691389473948844,70.0,17.758147248264994,False,False,True,False,True,False,False,False,2,False,medium
34,5,4,34,106.54416028438797,61.68886155257932,15.498299014411751,122.44952591215447,23.309047768694008,False,False,False,False,False,False,False,False,8,True,medium
36,2,0,17,91.12673890331286,75.08831265167878,13.69056340380737,103.83338821175751,20.35379664368189,False,False,False,False,False,False,False,False,1,False,medium
28,4,3,35,119.40911015041378,76.33416669543574,8.15398594257658,84.38991344004957,,False,False,False,False,False,False,False,False,8,False,medium
37,3,2,31,115.94791561130081,78.80031407194294,10.771031235316391,82.44064605396329,21.54742003668537,True,False,False,False,False,False,True,False,8,False,high
21,2,1,14,108.79135050779952,70.60474702182886,10.350566655575205,89.8591122875517,23.924968641651404,False,False,False,False,True,False,False,False,4,False,medium
27,4,3,12,102.55121073439784,84.20146546131085,13.048208769296,84.5064426524795,23.933472095823113,True,False,False,False,True,False,False,False,4,False,medium
20,2,1,37,115.15314974384229,66.38185287023573,10.494803259838054,87.46186399038007,22.696801551784922,False,False,False,False,False,False,False,False,7,False,medium
34,4,3,37,120.76566112630923,81.2664435355644,11.742862203914665,142.413952759842,23.421328358707964,False,False,False,False,True,False,False,False,0,True,high
33,3,2,40,116.17310657589165,77.14120678668125,7.260701391551809,113.16477187641924,24.215120960138076,False,False,False,False,False,True,False,False,7,False,low
35,1,0,11,134.65678624590583,81.00649085628532,8.578238701770754,149.7922269932164,19.414423889267688,False,False,False,False,True,False,False,False,8,False,medium
34,4,3,37,123.45729403126035,86.81998051925538,14.347669086563938,109.96624954364442,24.61175736384545,False,False,False,False,False,False,False,False,2,False,medium
24,5,4,36,113.7126029239115,70.44667654895119,11.080391037133195,117.74384584184428,26.455456652591398,True,False,False,False,False,False,False,True,7,False,high
19,3,2,33,123.85934507315876,68.38922468180571,9.40246396244957,85.62448575251024,24.589392173743374,False,False,False,False,False,False,False,False,4,False,medium
38,5,3,24,115.58394734069294,58.116062438484164,11.38859339395606,101.3033755861945,21.583306355722737,False,False,False,False,False,False,False,False,5,True,medium
28,4,0,24,115.54231305427184,55.0,9.315105674475976,103.20303623495815,23.697606655312207,False,False,False,False,False,False,False,False,8,True,medium
20,5,1,22,130.55636556773226,73.24025841930522,10.546602332966907,118.64203379791448,21.54495531077078,False,False,False,False,False,False,False,False,8,False,medium
38,2,1,8,104.22330546231377,73.92477119130386,8.675811297209576,103.91136122345189,22.525040304915972,False,False,False,False,False,False,False,False,3,True,medium
39,4,3,24,115.2797157766595,64.13916876056173,9.73804605153051,112.72920481810647,18.249250694558597,False,False,False,False,False,False,True,False,7,False,high
27,4,1,15,129.27652003179526,66.28900300131558,10.333861296866196,111.94161329529938,28.520264068795257,False,False,False,False,False,False,False,False,2,True,medium
34,4,3,14,118.70788669809869,90.2345385729593,12.793118902938739,98.33713120455502,30.741950150540724,False,True,False,False,True,False,False,False,0,True,high
18,5,1,9,110.57136417557466,83.75839780302813,11.742473612293056,96.0747965826628,20.184276797117857,False,False,True,False,False,False,False,False,6,True,medium
20,4,3,23,94.52608281550997,62.38393125278377,12.02163845750735,90.28215103671131,26.14468376252581,False,False,False,False,False,False,False,False,6,False,medium
24,2,1,9,90.0,70.57651948881094,10.958760557817632,128.81068115863175,28.831472750872045,False,False,False,False,False,False,False,False,3,True,low
32,5,2,36,139.91417427712898,79.06002691656403,12.316558557391337,98.34650455099494,19.169491723700702,False,False,False,False,False,False,False,False,1,False,medium
20,3,0,37,118.70214185500974,68.73548975639459,9.602369169050816,112.23574509813483,15.0,False,False,False,False,False,False,False,False,0,False,medium
18,5,3,34,107.99112233096486,66.91304684594567,9.827670488029325,101.55578703758258,29.067197344160697,False,False,False,False,False,False,False,False,6,True,medium
32,3,0,17,119.1934826695581,71.61754216217469,11.652145714331008,128.37758264330108,22.958701503123915,False,False,False,False,False,False,False,False,1,True,low
34,5,4,13,103.6279103403598,85.90660885332474,10.553364175956517,70.0,20.92203723074228,False,False,False,False,False,False,False,False,2,True,medium
34,5,4,24,111.02558467124481,86.81401302518739,,111.66533660312862,23.189357613861272,True,False,False,False,False,False,False,False,2,False,medium
35,3,2,30,103.70871528408442,67.6455318220773,10.737383555336647,77.39196900642726,21.523683301892156,False,False,False,False,False,False,True,False,3,False,high
35,5,4,8,98.04071698522594,79.60551094634312,13.005520663298364,113.59543298829621,34.837830872372336,False,False,False,False,False,False,False,False,1,True,medium
31,5,4,36,90.0,74.9358824712225,13.088884692286197,101.77597587020745,20.877169871282714,False,False,False,False,False,False,False,False,7,False,low
29,4,0,22,95.82811129325398,64.91764507513949,9.998134783098005,72.476055613561,24.309301649233856,False,False,False,False,False,False,False,False,4,True,medium
36,5,3,35,127.25545316724953,72.02925486749956,8.18420904497483,112.42807530996737,28.168983532619244,False,False,False,False,False,False,False,False,1,False,low
25,3,1,10,103.15741646547963,62.35765812002361,9.861604958579775,109.93200003248475,28.149708785350555,False,False,False,False,True,False,False,False,6,False,medium
20,5,4,22,121.41870534163455,86.63055237153095,9.564863765491268,99.91313453683141,27.383951395647983,False,False,False,False,False,False,False,False,8,True,medium
34,5,4,23,126.47976867814256,90.52472042655303,12.330797345278517,102.69955729504441,21.297296965069993,True,False,False,False,False,False,False,False,1,False,high
24,5,4,9,115.1989562224895,70.8942691842591,12.472795962839132,108.55324381495899,22.391605430248557,False,False,False,False,False,False,False,False,1,True,medium
39,5,2,31,111.41719345214715,68.50920687455687,9.350281307139236,130.92084447019332,15.0,False,False,True,False,False,False,False,False,8,False,medium
27,3,0,38,116.59627504633197,85.54594437648575,9.792792386312241,98.08480889227981,22.702018254523093,False,False,False,False,False,False,False,False,0,False,medium
36,3,0,25,110.00055560171063,87.16148940980018,8.633582260391831,127.28670304072364,23.131226843727624,False,False,False,False,False,False,False,False,5,False,medium
18,1,0,21,129.44691114467958,63.85588598107485,11.215005637636416,104.17609404712596,25.966892814449842,False,False,False,False,False,False,False,False,0,False,medium
32,5,4,28,137.5184064897339,73.5195533124735,10.928133716132145,133.50616173939738,30.1819494519073,False,False,True,False,False,False,False,False,0,False,medium
27,4,2,19,132.39774196445146,74.41061612128766,12.262594907902285,99.82688329386978,25.845238575998682,False,False,False,False,False,False,False,False,7,False,high
28,5,1,19,90.0,67.29223726345082,11.795410071295091,90.34086723754379,27.282580617662365,False,False,False,False,False,False,False,False,1,True,medium
23,5,2,33,109.75567889367863,78.85981694087448,,80.85111689925911,22.930135842282883,False,False,False,False,False,False,False,False,4,False,medium
39,3,0,27,115.04990966537387,68.00054664916048,8.532796736342819,104.25605927392012,28.137190254495096,False,False,False,False,False,True,False,False,5,True,medium
26,3,2,16,120.55669552507052,,9.997878341452388,87.55019237281755,23.04452931525046,False,False,False,False,False,False,False,False,4,False,medium
36,3,2,21,94.27222554757543,73.98657270164959,12.518235687589126,135.8987435031652,27.562424795747773,False,False,True,False,False,False,False,False,4,True,medium
27,4,3,35,94.07867607557242,,10.138278210459768,85.83332408128047,26.21799843875406,False,False,False,False,False,False,False,False,7,False,medium
19,3,0,25,130.6814769955047,55.0,8.395894600849532,89.81948587169978,24.570902947984877,False,False,False,False,False,False,False,False,4,False,medium
37,5,4,10,108.29056817668265,84.18272366638327,12.29278332779465,117.78382839852175,16.837083919457175,False,False,False,False,False,False,False,False,4,True,medium
22,1,0,36,97.15112393856121,67.59676910888153,10.076376007976949,131.08742294419278,27.37338800106737,False,False,False,False,False,False,False,False,7,False,medium
23,3,2,32,101.75631030732447,96.34864083025039,12.700219189803006,121.08299820950023,24.512542528719763,True,False,False,False,False,False,False,False,8,False,high
36,4,1,16,119.68569571974658,94.7183792508366,10.970536446655501,128.2910628818352,25.8103000475058,False,False,False,False,False,False,False,False,1,True,high
37,5,3,39,105.12942776243804,69.93521378280944,10.556448891358276,103.2352458013825,24.25416529692572,False,False,False,False,False,False,False,False,0,False,medium
38,5,3,39,117.8995077062086,98.39052995582627,13.181105425797387,103.54524695379926,24.94372100690347,False,False,False,False,False,False,False,False,0,False,high
27,2,0,40,103.25527164704195,84.37574529387577,8.915751009380527,149.25867307968915,28.202615943778905,False,False,False,False,False,False,False,False,1,False,medium
34,3,2,20,94.06959847139176,68.54686197056924,13.294753887409742,142.18591170523615,21.104305841851847,False,False,False,False,False,False,False,False,0,True,medium
25,5,2,38,132.0925619586559,55.0,9.977030407126524,120.71245195166445,24.870554265523076,False,False,False,False,False,False,False,False,7,True,medium
34,4,2,34,119.77827893546771,81.88155137600326,11.259791776505615,129.34534382882038,19.89025992452072,False,True,True,False,False,False,False,False,4,True,medium
29,2,0,36,110.9949896651426,75.31295874881145,11.274912312680929,123.88771839554596,25.30672053829568,False,True,False,False,True,False,False,False,8,False,medium
19,4,0,26,108.74365933982068,79.31361585743699,10.316608282300008,78.46856196512694,24.00514852289683,False,False,False,False,False,False,False,False,2,False,medium
27,3,2,17,132.57880442890283,72.7116382349555,9.780619695876895,104.12765358083556,20.47612505341379,False,False,False,False,False,False,False,False,6,True,medium
28,3,1,15,122.09836054634471,63.56143069401136,10.408284497655776,137.92903435832366,23.374655755734526,False,False,False,False,True,False,False,False,4,True,medium
23,3,2,39,128.7617563796291,70.72973335578827,9.376699705931522,120.84746192322939,20.725162729059274,False,False,True,False,False,False,False,False,2,False,medium
26,5,0,24,107.9956878701296,82.0663728594504,14.139137028716847,103.60102746751214,21.48799628060624,False,False,False,False,False,False,False,False,7,False,medium
29,4,3,38,115.60799848215494,71.45624632625788,10.230190446900446,138.19267160507798,24.419227727368664,False,False,False,False,False,False,False,False,7,False,medium
19,5,0,26,119.82638699195839,71.39582142657393,12.854315607087909,113.12464197443191,24.073595438487445,False,False,False,False,False,False,False,False,1,True,medium
21,4,3,25,108.39917068823391,59.80612911942354,12.643476733722103,121.62275204239418,15.31808692562392,False,False,False,False,False,False,False,False,1,True,medium
34,5,4,10,113.85361469195632,75.91200481778274,11.580687582330981,113.23969180698445,24.48195514838239,False,False,False,False,False,False,False,False,6,True,medium
25,4,1,21,107.99667592140099,63.88068058512471,10.782913545493951,116.9055698273271,21.786667666777397,False,False,False,False,False,False,False,False,3,False,medium
31,4,0,26,119.7887103700266,84.18526199698113,11.31005095532861,118.47872167183218,21.342768235776198,False,False,False,False,False,True,False,False,4,False,medium
30,1,0,11,99.14327003379303,67.65899099769818,11.915471627606665,133.59282969252862,18.49138036151035,False,False,False,False,False,False,False,False,7,False,low
30,2,1,13,121.86364023096469,72.04295909504243,11.160749536954478,136.45904348499295,22.818434794026437,False,False,False,False,False,False,False,False,6,True,low
27,1,0,27,118.72855842091494,96.63983565744371,8.493201614970184,95.07599538165604,20.907929576116405,True,False,False,False,False,False,False,False,3,False,high
28,5,4,16,112.56029765791213,71.93425777299412,8.09070189399983,112.82124389086542,28.094091177219372,False,False,False,False,False,True,False,False,5,False,medium
36,5,4,31,120.394205747825,,13.414381158098836,132.962196208042,16.002275193406305,False,False,False,True,False,False,False,False,7,True,high
39,5,4,23,110.62071443520428,80.8562198589893,6.784457754855247,102.10569315571712,19.14430563976598,False,False,False,False,False,False,False,False,1,True,high
23,5,4,21,106.95843110407256,57.14738197774347,11.313096245802964,76.20428434334438,18.873472117523526,False,False,False,False,False,False,False,False,5,False,medium
32,4,2,11,121.52471385746414,87.50809321778526,10.624035176810533,85.00973975844225,24.034630967226136,False,False,False,False,False,False,False,False,3,True,medium
39,5,1,21,122.04416806185246,84.93940043455595,11.257281833366559,86.52926114597635,27.69251185791238,False,False,False,False,False,False,False,False,7,False,medium
18,4,2,25,108.9127571342916,80.24451744874726,9.17605321402554,94.92006191900049,25.01248714603672,False,False,False,False,False,False,False,False,2,True,medium
35,5,1,26,107.8833724930833,55.0,11.561083980694598,88.58297720241411,18.621411522707323,False,False,False,False,False,False,False,False,2,False,medium
28,5,4,16,112.80431819487453,72.40588301524224,11.329626294680116,127.64033383088479,21.283075853366476,False,False,False,False,False,False,False,False,6,False,medium
39,3,2,8,108.37593216623179,62.271337739946674,15.417618795647607,98.90987015991158,19.763293117023753,False,False,False,False,False,False,False,False,5,False,medium
30,2,1,38,133.30142931858722,86.2410678395954,11.207968074427754,132.7442376783315,25.03092529560298,False,False,False,False,False,False,False,False,1,False,medium
36,4,3,39,118.79770857033049,85.52561087256012,13.157176170925021,80.13354633139467,21.20171903914391,False,False,True,False,False,False,False,False,5,False,medium
21,2,1,37,115.17520280256657,78.88009889830774,8.602102919283132,97.22689889305401,17.348807939020517,False,False,False,False,False,False,False,False,2,True,medium
21,4,1,17,103.80730031573165,62.96888802859987,12.632152508872608,107.2941017851739,25.338826077576886,False,False,False,False,True,True,False,False,3,True,medium
38,4,1,27,123.86787336443969,89.9429421052493,11.362037284730953,122.83455520650308,28.053034134271176,False,False,False,False,False,False,False,False,8,False,medium
29,5,0,12,107.66074120066702,72.37738860980512,11.431581894444935,130.15978883453448,22.285310209198556,False,False,False,False,False,False,False,False,3,True,medium
30,2,0,37,107.16703226702752,93.05371066900565,11.453709669536607,93.15701957795142,23.481601513358854,False,False,False,False,False,False,False,False,8,False,high
21,3,2,8,124.27137595691903,77.65387066862648,13.730141074095423,126.8552071849894,16.974795164360778,False,False,False,False,False,False,False,False,8,True,low
22,5,4,23,119.64787265190277,80.06808018916648,11.408167145156115,70.0,15.0,False,False,False,False,False,False,False,False,5,False,medium
36,2,1,36,90.0,70.39695615437469,9.745404721302767,124.16928604824089,15.60366533371543,False,False,False,False,False,False,False,False,1,False,medium
24,4,3,31,113.10675083482829,89.06955577781808,10.014499137165688,75.49656928564173,22.821112802155753,False,False,False,False,True,False,False,False,5,False,medium
30,3,1,36,116.50623544657144,81.08433884293608,12.30740399018353,114.82616669128075,21.76823201499672,False,False,False,False,False,False,False,False,0,True,low
24,3,1,24,110.92484613062608,89.42891692514621,11.715928733152207,,25.18493043111907,False,False,False,False,False,False,False,False,6,False,medium
23,5,0,11,116.92436398827766,76.7754119854704,8.55124214075677,,22.209387303476046,False,False,False,False,False,False,False,False,4,False,medium
21,4,2,8,93.28374396509187,74.529613407442,11.823426918174889,70.0,26.951047346959125,False,False,False,False,False,False,False,False,8,True,medium
38,4,3,13,90.0,80.9513016289881,9.268252229109297,95.16088693564512,26.48906639214095,False,False,False,False,False,False,False,False,7,True,medium
38,2,1,9,103.29438113955675,89.42540509091208,11.701212831622547,120.77252866719367,21.710160300527956,False,False,False,False,False,True,False,False,1,False,medium
20,3,2,22,118.3869654612058,85.16734307239172,9.711113538370254,,,False,False,False,False,False,False,False,False,8,False,medium
25,4,2,9,90.0,76.38223807154273,10.54962922452097,,15.335354598370605,False,False,False,False,False,False,False,False,5,False,medium
30,2,1,14,104.87744719312592,56.427814923721,10.128306467536863,70.0,28.734276212638427,False,False,False,False,False,False,False,False,8,False,medium
26,4,3,21,91.92686836960736,83.10386039371323,13.430260773176615,131.35707494318663,19.229895980379055,False,False,False,False,False,False,False,False,7,False,medium
33,4,2,32,112.08850992962383,60.61295202546008,11.642956400496033,135.27772857621792,17.014264264890123,False,False,False,False,False,True,False,False,6,False,medium
23,4,0,30,,75.35005756152339,13.017780803691728,108.60227671747535,23.519429612345043,False,False,False,False,False,False,False,False,6,True,medium
19,5,2,9,112.39388806403078,73.84233812629425,15.5,110.02871460852913,17.049834657315913,False,False,False,False,True,False,True,False,0,True,high
25,3,1,37,113.70996585602958,60.82231516934387,11.074888547087903,116.06732836702442,23.515405162219253,False,False,False,False,False,False,False,False,1,False,low
31,4,3,26,125.07077128945879,78.72503089873832,13.403184298081957,137.12974167534443,21.654756629844222,False,False,True,False,True,False,False,False,5,False,medium
21,2,1,19,115.25567869372688,96.54317740207277,9.880870935051526,110.51219204000505,26.69471576999557,False,False,False,False,False,False,False,False,8,False,high
35,5,4,20,112.42009875772793,71.87394468820081,13.007804975887003,100.7941578031284,26.346785328072293,False,False,False,False,False,False,False,False,5,False,medium
18,4,3,35,,82.6587966241313,9.707985844113233,113.39344249662335,27.413290414178114,False,False,False,False,False,False,False,False,6,False,medium
19,3,0,23,120.66264580614167,98.55689838742109,10.970535789536607,104.75558268450794,23.82504691136635,True,False,False,False,False,True,False,False,4,False,high
29,3,2,16,118.46350913879743,83.62613219008874,11.859004250936145,105.00548846531171,19.5666400410659,False,False,False,False,False,False,False,False,4,False,low
29,5,4,22,113.33463816919041,68.55156692342271,12.110769968091644,70.0,18.852456648176755,False,False,False,False,False,False,False,False,7,False,medium
24,2,1,10,110.84722354327523,77.37014796122749,8.96391737259826,116.50229511233995,20.877213707128142,False,True,False,False,False,False,False,False,5,False,medium
23,4,3,13,126.00605062277995,79.80780183109316,9.61276492182753,130.77201107299726,30.97709939704709,False,False,False,False,False,False,False,False,8,False,medium
19,5,3,18,110.96244856144992,89.33813133273962,11.978320126033433,127.44820080292608,22.003247741361392,False,False,True,False,False,False,False,False,8,True,medium
32,4,3,15,129.77503455227216,87.14050340638086,10.41165349885904,125.92181232457384,23.64406198560037,True,False,False,True,False,False,False,False,8,False,high
26,3,0,19,102.43424360452862,55.0,8.764242385821793,103.83394915290646,29.074382961533768,False,False,False,False,False,False,False,False,2,False,medium
20,5,1,10,132.20540745406933,66.43795447803824,,108.20487624987206,24.01845251552754,False,False,False,False,False,False,False,False,0,False,medium
26,5,1,28,120.66448099706102,74.29973277386398,10.809645590201965,131.2108593379946,20.005394640479462,False,False,False,False,False,False,False,False,7,False,medium
38,3,1,11,103.37758092337593,64.84712937462305,11.283063970094245,124.08179444955913,25.920630699301395,False,False,False,False,False,False,False,False,0,False,high
23,5,4,15,121.10774361462768,,11.846786113515678,137.6998375719891,21.286096765655408,False,False,False,False,False,False,False,False,5,True,medium
37,2,0,40,107.19636522019265,67.74381512249323,11.745042174533367,90.20023819721575,24.156501027764914,False,False,False,False,False,False,False,False,0,False,medium
23,5,2,8,115.40113665216971,74.96389392512339,9.770923048786251,90.06296886347481,25.0486274069735,False,False,False,False,False,False,False,False,8,True,medium
22,5,4,17,109.16047435425699,69.74715317188561,10.342674450059482,97.68349685283394,21.022779204607666,False,False,False,False,False,False,False,False,2,False,medium
23,5,4,24,113.40505403040306,65.0305674492366,12.484461909260522,84.2532815869258,23.74548626443983,False,False,False,False,False,False,False,False,8,True,low
25,4,3,18,126.2971695257184,75.41464624784828,10.130904212731124,75.92798762287184,29.400184807448618,False,False,True,False,False,False,False,False,6,False,medium
20,5,4,18,121.22213982576024,78.4308817525213,10.367852706145502,115.31001897334168,20.49386106506928,False,False,False,False,True,False,False,False,0,False,medium
30,3,2,12,101.49561529877106,70.31402886034527,8.593169471590114,113.81210867813276,28.267570331957348,False,False,False,False,False,False,False,False,5,False,medium
25,5,3,21,102.18284270009873,88.71743822473672,10.954111247838023,110.41696962916527,20.63801280749625,False,False,True,False,True,False,False,False,0,True,medium
33,3,2,32,,,11.552432743616887,112.78239534564433,30.208275233068743,False,False,True,False,False,False,False,False,4,True,medium
28,3,0,27,119.11824552274932,66.28486330365119,7.839210850484892,,19.578056204093944,False,False,False,False,False,False,False,False,6,False,high
27,3,0,38,106.90666024735482,63.75462677650166,9.287599389451021,94.43884532622617,,False,False,False,False,True,False,False,False,6,True,high
28,5,4,31,134.09578579578445,72.87030196741338,8.725235623210596,98.54369423449623,29.033023099468572,False,False,False,False,True,False,False,False,4,True,medium
21,1,0,34,124.76193924723515,86.13420653537455,12.261363579253988,106.06713294609735,29.208931003465977,True,False,False,False,False,False,False,False,2,False,medium
33,2,1,22,107.49308361538247,66.76311290856866,7.940237962485254,72.885213605386,26.27370664040752,False,False,False,False,False,False,False,False,4,False,high
20,4,3,28,106.33293621020809,80.95879483996701,10.874104644619704,84.58859394487054,18.672601992574133,False,False,True,False,False,False,False,False,8,False,medium
33,3,2,27,112.26624143544103,75.94556910014313,12.148579447912878,,23.329636951885536,False,False,False,False,False,False,False,False,4,True,low
39,4,2,34,111.01774706711008,94.93232969504677,11.300514638590963,128.2822788388832,23.00499461022792,False,False,False,True,True,False,False,False,2,True,high
34,5,4,24,130.07388992478133,78.9025146366057,10.296066138497677,110.76114634679323,19.57674762932555,False,False,False,False,False,True,False,False,7,False,medium
28,4,3,21,126.81427567593865,68.0177376057414,11.554349418841072,127.47445631148277,25.787348661808977,False,False,False,False,True,False,False,False,3,False,medium
24,5,4,10,115.42083416201669,82.36369528764686,12.65915728079649,102.30651498917399,19.89322761174702,False,False,True,False,False,False,False,False,7,True,medium
37,4,3,36,123.13486673067058,82.7002199089597,10.827821423113297,105.0217556542509,17.83764245010161,False,False,True,False,True,False,False,False,7,False,medium
23,5,4,22,124.87570271613458,71.02988987704185,7.41770042730565,115.97967018405689,16.516529806849057,True,False,False,False,False,False,False,False,0,False,low
28,5,3,34,115.69912873919841,63.3600429566999,12.836372467433051,101.1013620257415,29.849181138777713,False,False,False,False,False,False,False,False,7,True,medium
34,3,2,30,119.83142415242908,80.36035191226571,11.640423448096495,91.25603936081332,20.958066904536746,True,False,False,False,True,False,False,False,6,False,medium
38,5,4,8,122.13025064910738,75.63515176765002,10.947077815985446,72.22472068704067,21.041979113917353,False,False,False,False,False,False,False,False,1,True,medium
38,5,4,29,120.85126868378661,59.83449908262446,7.8314050428224204,91.84582215798422,18.877320938149683,False,False,False,False,False,False,False,False,1,False,high
19,1,0,24,105.65435405829051,77.54520998990613,10.522706234932722,123.39611964591234,28.47169891893774,False,True,False,False,False,False,False,False,0,True,medium
37,5,4,15,106.86748291184726,68.63007101978793,9.599236431909254,132.73483113929453,17.478999059992308,False,False,True,False,False,False,False,False,3,False,medium
20,4,3,16,111.5368640597674,59.843979581375194,9.053953179256844,87.99054816573872,18.18346486337136,False,False,False,False,False,False,False,False,5,False,medium
30,5,4,29,106.52002865143733,71.47883656611698,10.78168091087965,70.0,21.712687596948243,False,False,False,False,False,False,False,False,8,True,medium
38,4,3,10,97.32279312837217,87.82918734206864,10.142452983203782,125.38543921610845,22.913732738046342,False,False,False,False,True,False,True,False,6,False,high
32,5,4,28,123.11142353138848,87.08061500088057,10.247841915768054,106.52457068827547,25.63454100177624,True,False,False,False,False,False,False,False,5,False,medium
38,3,1,35,119.15689752242801,84.46752102007368,12.183402186553765,75.36496992797947,20.29761918556987,False,False,False,False,False,False,False,False,8,False,medium
25,2,0,10,98.92760108448945,77.69232890092123,11.408915424190958,70.0,29.177335241561952,False,False,False,False,False,False,False,False,0,True,low
24,1,0,8,112.10899945926957,80.95797203355099,10.207176283013686,83.80496589702675,20.324849059226896,False,False,False,False,False,False,False,False,0,True,medium
25,3,1,9,112.78857019296848,75.98644581478001,10.004190046640336,94.81519092547113,18.965676220012124,False,False,True,False,False,False,False,False,0,False,medium
25,3,1,32,117.18333314211927,63.94949173785531,10.272226287264555,79.66367978485667,18.584898950819664,False,False,False,False,False,False,False,False,7,True,medium
33,3,2,35,102.0169306162281,65.94498101147565,10.604089231838389,,19.904435009652826,False,False,False,False,False,False,False,False,2,False,low
27,3,0,40,98.75206916806705,68.92819074442296,11.934480295001352,,18.325830201232527,False,False,False,False,False,False,False,False,3,False,low
34,4,0,8,121.23669395240692,89.0135907663633,9.331903792597602,105.27284278601459,26.003619077329574,False,False,False,False,False,False,False,False,4,True,medium
27,3,2,23,96.59245585277652,85.76690731120445,13.33350274800896,157.21676435256552,18.996633056564235,False,False,False,False,False,False,False,False,3,False,medium
24,5,3,9,112.20803808334404,64.20122436673175,11.935635185804221,107.58414858795207,22.468684440571643,False,False,False,False,False,False,False,False,8,True,medium
22,4,0,20,111.08707377090127,75.533911154162,6.619315214601657,102.45859562809831,18.881802630811315,False,False,False,False,True,False,False,False,5,True,high
30,4,2,18,113.52058818127857,70.97392857247273,11.13655877508567,102.95559016190366,18.30215569588304,False,False,False,True,False,False,False,False,6,False,high
37,4,3,27,118.03261145413423,73.44899460699317,12.665178629401273,119.71831840243566,27.426146051024567,False,False,True,False,False,False,False,False,7,False,medium
36,4,3,37,134.18284741373688,69.63957181047773,11.621929453057282,116.9918709295917,29.411102316574087,False,False,False,False,False,False,False,False,5,True,medium
23,2,0,34,95.80609359290919,89.05691622806278,10.34025446445094,82.92180148692289,28.07600483441175,False,False,False,False,False,False,False,False,3,False,medium
28,4,3,10,125.518978992793,74.81093463126365,10.902253152568079,95.95463561182629,17.11465662399865,False,False,False,False,False,True,False,False,4,False,medium
33,5,0,15,90.0,77.16156804601273,11.285311917073628,90.3187632035532,17.669650891250942,False,False,False,False,False,False,False,False,0,True,medium
31,2,1,17,131.7245337858078,77.24258206133324,12.231341207397305,98.78185093043592,30.913516303676644,False,False,False,False,False,False,False,False,2,True,medium
19,2,1,16,90.48556791355412,64.7222982503898,8.73584824300208,145.18566203087423,21.9826691198332,False,False,False,False,False,False,False,False,5,False,low
31,5,4,19,144.2367356564175,76.08553697840527,,118.58384546631014,17.500818890643806,False,False,False,False,True,False,False,True,2,True,high
18,4,0,28,110.32278604627415,85.62316821786841,13.621725004907965,103.24522262007561,27.328948021380015,False,False,False,False,False,False,True,False,4,True,high
20,4,3,32,130.4845967292764,89.72690985480706,11.052715557249497,132.3797079746183,23.269540168755697,False,False,False,False,False,False,False,False,4,False,low
32,5,4,39,128.00987228093038,63.52185032280558,13.444643419004928,109.14636797119161,25.277988222662902,False,False,False,False,False,False,False,False,8,False,medium
20,5,4,31,109.7621309043471,59.81398762611271,15.5,70.0,15.0,False,True,False,False,True,True,False,False,8,False,medium
25,2,1,17,110.68300938174879,75.62134580041521,10.212744309107103,141.60722335844133,21.69490051918477,False,False,False,False,False,False,False,False,4,False,medium
30,3,0,14,104.95409244241269,86.09187575735034,9.084350173822926,101.55922332880105,26.795213655982526,False,False,False,False,False,False,False,False,2,False,medium
32,5,1,20,124.44844199733147,78.59596454283688,10.575150862752105,70.0,20.43855160722211,True,False,False,False,False,False,False,False,5,True,medium
27,4,3,34,109.91838274937838,81.80296076079806,12.75838834823797,70.0,27.940001468263667,True,False,False,False,False,False,False,False,8,True,medium
20,2,0,40,105.17219766339119,61.39750979093478,12.982233394842059,129.80907926748097,17.732979692013664,False,False,False,False,False,False,False,False,7,False,low
35,4,3,20,121.44731214347382,69.28012515730005,14.635163976250954,70.16520972566997,22.549678933937034,False,False,False,False,False,False,False,False,3,True,medium
38,2,1,13,104.23388270313102,55.0,10.941111169093961,134.68294004027803,29.579685931960842,False,False,False,False,False,False,False,False,2,True,medium
37,5,3,8,111.05221249897596,73.57511950754042,11.780890424883982,106.78304695493543,18.39656395074282,False,False,False,False,False,False,False,False,5,True,medium
34,5,3,10,116.28527037846632,55.0,9.861168558472725,120.70567140995904,24.08590867375241,False,False,False,False,False,False,False,False,0,False,medium
26,3,2,29,107.29084612886479,88.32661701840478,6.988824080995813,99.35025885663312,25.340399058055155,False,False,True,False,False,False,False,False,3,False,high
37,4,3,27,109.10141582896077,90.54821467908934,10.93655568376252,116.51402683029052,23.365615382811676,False,False,False,False,False,False,False,False,6,True,high
28,5,4,29,133.4197984136735,76.40643492061766,9.153993194016467,111.96447846108549,21.999807940439766,False,False,False,False,False,False,False,False,4,True,medium
21,4,1,8,112.54917759657825,59.8742689232207,12.029371525215472,104.15233683638459,19.494726477809394,False,False,False,True,False,False,False,False,6,False,high
36,3,2,22,110.68447648259665,78.75712653913176,7.989770687137341,81.56034789090373,23.786185017119905,False,False,False,False,False,False,False,False,4,True,high
25,4,3,13,112.89849834317533,93.59132558460942,9.817067374851941,112.8876242656107,22.58937269595668,False,False,False,False,False,False,False,False,7,False,high
38,5,4,19,120.4534598619888,79.75735499686927,11.428286725824734,70.0,17.254820410729927,False,False,False,False,False,False,False,False,5,True,medium
26,3,2,28,102.59363580791364,86.8498399049092,11.595779467860996,125.49302907730502,27.39938981266921,False,False,False,False,False,False,False,False,2,False,medium
37,2,1,17,120.12658480550064,70.1483468830378,,109.33389083702471,19.35979739752391,False,False,False,False,False,False,False,False,7,False,medium
29,5,4,29,118.06984228071089,66.28789952166616,13.987752268689775,115.2123231778939,17.358737657975798,False,False,False,False,False,False,False,False,3,False,medium
28,5,4,17,93.53613539111059,74.2913799083735,13.511141817294586,70.0,20.617272575923472,False,False,False,False,False,False,False,False,0,False,medium
24,3,2,24,136.53106724090514,,9.905076011094527,80.23385850729369,19.429121990434208,False,False,False,False,False,False,False,False,0,False,medium
36,1,0,23,132.52976272915848,97.64088561313945,13.575055468458178,93.87314375357472,21.96703627618066,False,False,False,True,False,False,False,False,5,False,high
19,2,1,20,105.39324480706195,76.39650046480493,13.819522318064289,119.820921223473,18.0301954625985,False,False,False,False,False,False,False,False,6,False,low
28,3,2,12,101.5308815476326,83.66772954367008,10.801756201532257,84.25815938886404,24.79188561708025,True,False,False,False,True,False,False,False,2,True,medium
26,4,3,27,117.73661796430291,70.38491471603794,11.072644996563453,161.0560825946154,28.524203097968524,False,False,False,False,False,False,False,False,1,False,medium
29,4,3,40,97.88964054602454,59.569136301417124,10.918845514997441,99.20712222760994,23.423459699940246,False,False,True,False,False,False,False,False,3,False,medium
23,5,4,29,131.37139544442707,89.25814830680876,9.968000978948218,82.64809889074834,17.222857680274736,False,False,False,False,False,False,False,False,4,False,medium
32,3,0,32,109.37855517097128,63.75899718723368,10.126931712656846,100.8893028396378,19.347121298276885,False,False,False,False,False,False,False,False,0,False,medium
26,3,2,34,134.4616831397058,78.48838763569242,13.110916115834552,84.0791558783884,23.88512038201526,False,False,False,False,False,False,False,False,4,False,medium
22,4,3,9,105.10715955536479,79.43084811319453,11.699801829040556,78.94448731035713,15.132185292133233,False,False,False,False,True,False,False,False,0,True,medium
22,5,4,34,113.65357497319935,75.73951303678884,10.11329672470101,127.24155180201691,18.06887148659139,False,False,False,False,False,False,False,False,3,False,medium
33,3,0,16,130.2065512789284,67.15415763817802,9.518406284231277,116.29129344971568,16.40998468352895,False,False,False,False,False,False,False,False,3,True,medium
23,5,4,29,111.12112624433404,73.5036776297377,9.78702336221844,116.35517742049943,23.461717038575753,False,False,False,False,False,False,False,False,0,False,medium
24,3,0,40,118.26510091810889,65.4994917395762,10.737831644744134,133.08856797084226,31.64871711307937,False,False,False,False,False,False,False,False,0,True,medium
31,4,0,37,128.11190506765615,83.09177692558937,12.461071819691615,115.7067837577291,17.956048620500866,False,False,False,False,False,False,False,False,5,False,medium
25,5,4,21,108.32743058999,80.71546927498214,9.623870128922032,81.5170444578776,26.265318831433166,True,True,False,False,False,False,False,False,3,True,medium
26,5,3,35,99.8591309134277,74.78597566902103,12.442724109018538,120.59015884712055,20.744494528435382,False,False,True,False,False,False,False,False,4,False,medium
23,5,4,28,97.49547284430906,69.3164852830497,11.315130797314076,80.21438808654054,17.719308654472734,False,False,False,False,False,False,False,False,1,True,medium
25,4,3,12,122.00119299325449,96.07317899782016,11.22854710805116,94.48314898930684,29.2565153397568,False,False,False,False,False,False,False,False,2,True,high
33,5,3,15,119.66534064397142,61.97936013846664,12.641273837033474,103.99420147707053,31.639377403534922,False,False,False,False,True,False,False,False,2,False,medium
29,3,2,39,127.73995807697308,59.55386903139158,12.349373948703663,101.76203544953971,24.647450089171393,True,False,False,False,False,False,False,False,5,False,medium
39,3,2,38,111.71146337220891,74.17994019371977,8.752771371885506,70.0,24.450042553945885,False,False,False,False,False,True,False,False,3,False,high
34,3,2,37,97.83115290879348,72.41952673429094,9.2655781667065,83.71269998059927,23.249082380665477,False,False,False,False,False,False,False,False,8,False,medium
18,2,1,20,90.0,,10.632773602119368,104.50480963811272,22.407014280544093,True,False,False,False,False,False,False,False,7,True,medium
26,5,4,18,149.4155504122204,81.46116454946672,11.569556516849897,91.56489237039473,24.360314907848156,False,False,False,False,True,False,False,True,8,False,high
24,2,1,34,121.32307622245004,75.2952558698204,13.183321048357321,129.77767266427227,25.704473670860057,True,False,False,False,False,False,False,False,1,False,medium
30,4,3,8,116.64150107298752,80.00337782819473,11.104108041379847,133.54468686181568,29.653362534598095,False,False,False,False,False,False,False,False,7,False,medium
23,5,3,37,118.3436771237658,79.82165748249659,13.725914077959745,80.3515083783114,20.909066832598413,False,False,False,False,False,False,False,False,0,False,high
39,5,2,27,97.82393262121076,96.0355672018195,9.869319177782534,106.31460443576023,23.509546204455642,False,False,False,False,False,False,False,False,6,False,low
24,4,3,28,105.46153610844344,77.53363390495434,10.139874153152899,139.81978465903416,22.646191376410517,False,False,False,False,False,True,False,False,4,False,medium
29,3,0,22,,68.18922867320506,10.510907992756863,102.04720608524057,27.09624801951548,False,False,False,False,False,False,False,False,7,True,medium
20,3,1,40,122.90016743022662,76.9850109982821,9.692435958987165,96.0464515429662,32.600323033390474,False,False,False,False,False,False,False,False,4,False,medium
38,3,2,32,105.83682810846477,55.0,12.855047171116865,123.92486112616479,27.234257801166482,False,False,False,False,False,False,False,False,6,False,medium
38,4,1,9,100.27821606300114,,6.568270541318462,98.96756043918244,26.19297564223556,False,False,False,False,False,False,False,False,2,True,high
35,5,4,25,108.8116706926652,85.92982471105988,10.1942897097862,132.9591440295099,26.631497627210383,False,False,False,True,False,False,False,False,3,False,high
25,5,4,36,111.21483223332545,81.02184118870422,12.837131648317595,91.91557637514404,28.06969077983456,False,False,False,False,True,False,False,False,8,True,medium
19,4,3,10,139.58975243016044,77.98556043645675,,94.55906544887621,32.65778911631216,False,False,False,False,False,False,False,False,1,False,medium
33,5,1,32,112.74079148840853,81.49239155570494,12.716618352500003,122.3834422761054,16.258459006333926,False,False,False,False,True,False,False,False,5,False,medium
27,5,0,16,100.72537859040385,86.03256544877716,14.516294631993834,107.21196191660354,25.398379760172748,False,False,False,False,False,False,False,False,6,True,medium
39,4,3,24,114.29677163667898,89.25233407298188,11.128615435257212,107.38493325663042,15.0,True,True,False,False,False,False,False,False,1,False,medium
33,5,4,37,118.17206162053601,79.47455900289458,12.870294830391588,70.0,26.80541401206583,False,False,False,False,False,False,False,False,5,False,medium
29,5,2,24,99.63344106895154,71.83888565487308,14.870620037906031,97.22490679375748,25.204151817407844,False,False,True,False,False,False,False,False,4,False,medium
39,5,4,9,119.82598641343137,55.0,11.643345131536751,124.00882403544777,20.812692116583616,False,False,True,False,False,False,False,False,7,False,medium
35,5,4,8,129.50699142725884,84.7817342700773,10.923098900178715,87.75838039305152,15.0,False,False,True,False,False,False,False,False,5,False,medium
28,5,2,32,116.66405539900916,80.15202513603903,12.443944507880099,120.41469744407576,22.94242091639857,False,False,False,False,False,False,False,False,8,True,medium
18,5,1,38,105.43521817780385,76.52659487515801,12.894746805395654,110.89577608361346,23.891369011054802,False,False,False,False,False,False,False,False,4,False,medium
20,3,0,17,108.6535547491582,68.11948504805763,10.937895529802176,100.60626763467964,22.747568629793737,False,True,False,False,False,False,False,False,3,False,medium
27,4,3,38,95.09396828005765,84.65152003340556,10.225850146302784,134.87060258458476,20.514288103796957,False,False,False,False,False,False,False,False,5,True,medium
30,3,2,22,113.39397719076958,72.42763574171867,13.74783250927413,97.52343143357533,19.4128459602357,False,False,False,False,False,False,False,False,8,False,low
18,4,0,9,118.72935948195895,74.65577888954016,10.567016867644607,,22.79285834766812,True,False,True,False,False,False,False,False,0,False,medium
20,2,0,25,104.24040898161427,74.44011410831757,12.909966032771612,100.35499954431272,19.792493736679937,False,False,True,False,False,False,False,False,0,True,medium
33,5,4,40,138.27640181233153,79.49851718165498,11.420587637124541,106.7715479759655,26.237201236796622,False,False,False,False,False,False,False,False,1,False,medium
34,4,1,16,124.50735394541378,63.513679889698714,13.9231442522536,121.87306651172507,22.685189050908427,False,False,False,False,False,False,False,False,2,True,medium
18,2,1,39,93.48667193261869,80.62551861907346,9.641526523751303,72.60378572526714,16.10133628229722,False,False,False,False,False,False,False,False,5,False,medium
29,4,3,29,93.73284929790931,67.79111643191973,9.638431356747832,124.09699590196843,,False,True,True,False,False,False,False,False,4,False,medium
19,4,1,21,103.19171436755418,68.14196293100844,12.367178242928006,106.49815748948424,24.656765855309455,False,False,False,False,False,False,False,False,5,False,medium
33,5,4,30,133.87822488111127,83.8524004755775,9.191457109476314,117.18876075562937,29.47195149816187,True,False,False,False,False,False,False,False,8,True,medium
36,4,3,21,125.69106052662835,65.0497153890443,11.186605539983342,157.62070916504288,26.712556257966504,False,False,False,False,False,False,False,False,0,False,medium
37,4,1,10,134.48454634669946,83.83442401010466,13.477454772735802,93.74347117460859,19.40523644420097,False,False,False,False,False,False,False,False,8,False,medium
31,2,1,36,115.12251143875305,76.01366724708905,8.144268577706239,78.05724743237886,28.703305845252217,False,False,True,False,False,False,False,False,2,True,medium
31,5,4,20,112.48612806445267,58.51723251129928,11.643422845773713,109.26357862681915,17.45587129685921,False,False,False,False,False,True,False,False,4,False,medium
38,3,2,26,100.02988616727251,88.644758516465,12.938792622918834,112.7476704005465,23.112667760999898,False,False,False,False,False,False,False,False,1,True,medium
31,5,4,32,119.19620709900155,78.10253727263495,10.958547735914427,124.1754052466297,26.01627239675404,False,False,False,False,False,False,False,False,5,False,medium
27,4,1,10,112.64598199699576,78.9412586588987,9.516651471414697,93.15571163239105,28.834781841753305,False,False,False,False,False,False,False,False,2,False,medium
34,1,0,31,112.18393371421766,85.07242310584759,10.579827187049585,86.73764883684343,30.55560406730843,False,False,False,False,False,False,False,False,4,False,medium
30,5,4,20,134.41661009263404,89.99220744561299,9.65836834164151,71.27464123130974,28.098895192053952,False,False,False,False,False,False,False,False,1,True,medium
36,3,1,25,113.48385276562527,77.01026896216128,,74.91514236468592,22.45354156728982,False,False,False,True,False,False,False,True,8,False,high
29,5,4,23,130.97177732857222,81.17287322496068,10.55727110343639,95.84883113143927,25.318687568677475,False,False,False,False,False,False,False,True,5,False,high
37,4,3,33,95.94310406628864,78.71185930617426,10.17878316405843,102.43513140977943,23.89761603562201,True,False,False,False,False,False,False,False,7,True,medium
18,4,1,14,147.25734679435507,71.57132293298321,11.745835831938706,150.4329516607305,20.16226046479363,False,False,False,False,False,False,False,False,8,True,medium
18,4,3,11,110.52075445893557,59.165636971048556,13.526584995394218,70.0,22.537499069454164,False,True,False,False,False,False,False,False,2,False,high
20,3,0,21,123.4862082792883,77.14922059104208,11.524513406151206,112.37882919802676,30.191281864562313,False,False,False,False,False,True,False,False,4,False,medium
30,3,1,11,125.39527494335815,88.78937830644556,13.14986491271002,89.02941122733584,25.584646361090503,False,False,False,False,True,False,True,False,0,True,high
33,3,1,16,109.03171923549478,80.83332963357657,13.526119836448725,109.90306791983495,31.237470350152922,False,False,False,False,False,False,True,False,8,True,high
22,4,3,29,124.82836108070865,64.32576809023558,10.0613755162909,92.82881079011536,18.670005690965432,False,False,False,False,False,False,False,False,0,False,medium
21,4,2,35,125.45203811897485,85.97521505644906,11.43977360638591,127.77846091500629,21.473769803651187,False,False,True,False,False,False,False,False,1,False,medium
36,4,3,30,,71.9053014814366,10.320083769362203,127.64218867472286,24.661033983645407,False,False,False,False,False,False,False,False,8,False,medium
34,4,2,18,106.58439730981729,55.0,8.628537854118244,102.51177720382533,25.969431437871908,False,False,False,False,True,False,False,False,3,False,medium
32,4,3,34,115.54368188181691,85.17903815182521,11.569217389950168,136.6604628381132,22.53286365711047,False,False,False,False,False,False,False,False,6,True,medium
28,3,0,21,113.61407262777597,65.54619375906887,9.316560611122457,121.72239074847573,26.202003413795236,False,False,False,False,False,False,False,False,5,False,medium
27,4,3,13,131.71756115019443,92.8072837311791,11.774885240958204,135.6362971978502,26.171832260325758,False,False,False,False,False,False,False,False,1,False,high
18,4,0,32,123.43201821934095,86.47773400597418,8.510595066974048,104.05098131426473,17.448308378359197,False,False,False,False,False,False,False,False,5,True,medium
22,5,0,25,114.15491716644291,72.7220072633684,11.273588799164168,125.93957246006447,26.01376629995947,True,False,False,False,False,False,False,False,6,False,medium
37,5,3,20,122.27293550449208,79.59359845754463,8.486827193163313,88.09821208630837,,False,False,False,False,False,False,False,False,1,True,medium
25,5,0,29,90.44016306643971,99.23918565655103,12.078183626195083,85.8675012422785,24.18462025323811,True,False,False,False,False,False,False,False,3,False,high
33,4,3,31,107.6162683164191,85.00007037836986,10.370591882256837,152.95616408362065,15.640154774555546,False,False,False,False,True,False,False,False,0,True,medium
33,3,0,15,118.45385209982665,77.3820002478459,10.216331027943175,81.11081845556151,21.892654836932934,False,False,False,False,False,False,False,False,5,False,high
24,2,0,11,128.3843860227094,103.8915399420627,12.802407761988691,95.40567608081133,24.751760937240686,False,False,False,False,False,False,False,False,0,False,high
22,5,4,25,117.39723201586952,76.17581010956488,10.485487730858237,70.0,19.537181480265026,False,False,False,False,False,False,False,True,5,False,high
33,5,0,9,,80.81814818878837,11.177364163317009,86.39101132806606,26.673231404417827,False,False,False,False,False,False,False,False,6,False,medium
20,5,4,29,125.41527829630317,65.6378681094074,10.682214068849728,83.12681758894057,25.91836094058788,False,False,False,False,True,False,False,False,6,False,medium
28,2,1,22,109.14004691114387,58.2528113440511,11.81182787094903,90.25360446736924,23.537946707534392,False,False,False,False,False,False,False,False,0,False,low
37,4,3,15,113.31963224855477,72.12197708051646,12.668711875620154,111.59744314665946,23.06976053989939,False,False,False,False,False,False,False,False,2,True,medium
33,5,4,27,119.90106023486285,75.38408084368518,12.337016731026079,116.9027784098945,23.771545497373424,False,False,False,False,False,False,False,False,8,False,medium
34,4,0,20,109.61637336572363,78.29263584409858,10.253330288708646,82.85019044415235,22.98376198915788,False,False,False,False,True,False,False,False,8,True,medium
19,2,1,20,133.37548213499912,60.802289532257525,12.934475149769316,87.62733595949358,17.858050077061417,False,False,False,False,False,False,False,False,1,False,medium
22,3,2,15,101.69528638849253,81.60674322117947,9.533837819007653,128.837225047653,21.27957234368704,True,False,False,False,True,False,False,False,7,False,medium
24,5,4,30,118.79327740509264,66.69614475956323,9.81202893859519,142.51644751308282,23.289902270117,False,True,False,False,False,False,False,False,0,False,medium
24,4,0,37,123.82536176326069,81.08734359394414,10.795518822700641,132.6301708887683,28.674411317811728,False,False,False,False,True,False,False,False,0,False,high
22,3,0,28,111.23863612646677,84.3492648284365,12.674880723534063,70.0,25.768175790032636,False,False,False,False,True,False,False,True,1,True,high
39,3,1,15,108.53440800820901,71.04490909947371,9.127757728890233,131.16695713258034,,False,False,False,False,False,False,False,False,6,True,medium
21,5,1,35,114.08702444260001,65.361810677324,12.426374630621847,145.7811548433154,17.380179620774125,True,False,False,False,False,False,False,False,8,False,high
33,2,1,11,124.7439821534221,90.43649317383628,10.912404648291236,70.0,21.5752909459177,False,False,False,False,False,False,False,False,4,True,high
30,4,0,17,109.00182402966576,83.72912094299195,10.306026362262186,128.81941225041626,31.295432490262257,False,False,False,False,False,False,False,False,1,False,medium
31,5,4,9,102.1729457570885,76.51976333847406,12.756490186156682,109.95476553153,20.028127207060457,False,False,False,False,False,False,False,False,4,False,medium
22,5,3,35,128.8070173239163,89.68427763679853,9.715726674099287,97.80297038884775,19.94828918033668,False,False,False,False,False,False,False,False,4,True,medium
24,5,0,9,119.79155767522705,75.83261723975514,14.657081845999885,107.33602265048229,21.912981328327934,False,False,False,False,False,False,False,False,1,False,medium
31,3,2,26,127.09428916587422,68.79492789805349,10.717373138332347,114.75173253128622,31.072446974392044,False,False,False,False,False,False,False,False,3,False,medium
24,4,3,14,124.11198077520929,64.9829793562724,11.239746726769667,130.46687115134455,20.313903259219803,False,False,False,False,False,False,False,False,4,True,medium
33,4,3,15,141.15867169938358,73.92200864646357,13.468648025725745,129.3323196480009,25.22993791762949,False,False,False,False,False,False,False,False,6,False,high
18,5,4,28,128.37966442727856,82.71720477981593,11.281487485728501,71.84759898413012,24.568136201102774,False,False,False,False,False,False,False,False,6,False,medium
19,5,3,34,106.31104525750216,88.89759215107819,12.902190205467804,90.729210452157,15.28604470983667,False,False,False,False,False,False,False,False,1,False,medium
34,4,3,8,120.643215606779,75.23510216034475,7.874946452049637,107.05844145998076,22.937290807180144,False,False,False,False,False,False,False,False,0,False,high
31,3,0,13,108.31013534747746,87.13124927935678,10.291844735726459,139.58881221233833,20.78829922781003,False,False,False,False,False,False,False,False,8,True,medium
18,3,0,17,109.550486033946,72.85730568497969,11.634774045476147,70.0,25.711888053184225,False,False,False,False,True,False,False,False,3,True,medium
37,4,3,39,,67.18401981344145,12.730270876197455,91.56162106307647,29.95628095477595,False,False,False,False,False,False,False,False,3,False,medium
18,5,4,9,111.56664181760154,61.93686766199612,12.231514493217455,71.38640518108367,21.621806651220023,False,False,False,False,False,False,False,False,5,False,high
39,3,1,13,121.5404114624164,69.93760037658134,12.081651372692626,74.87369372186825,21.621637253359076,False,False,False,False,False,False,False,False,2,False,medium
34,4,3,21,114.20773953839512,62.31342572550345,12.697692547767245,126.68617209974056,33.071312946329236,True,False,False,False,False,False,False,False,1,True,medium
39,3,1,18,101.8075791610157,95.095116311902,11.76003144545268,93.298516955255,20.153833947424765,False,False,False,True,False,False,False,False,5,True,high
38,3,2,9,96.72376801038023,79.39296426309346,7.570905557136197,70.0,17.6279933986623,False,False,False,False,True,False,False,False,8,False,high
24,4,3,25,140.3421512257668,74.04385150835688,13.307525204021898,101.51434089487894,28.510287638759543,False,False,False,False,False,False,False,False,3,True,high
34,4,3,28,118.90192903649799,92.22001762345575,9.65973600153024,149.78890874613523,22.79746584351897,False,False,False,False,False,False,False,False,6,False,high
22,3,0,13,105.11116996480136,61.97732631028495,11.501800011782665,70.0,24.133277756046212,False,False,False,False,True,False,False,False,3,True,medium
28,5,4,30,120.54140151643452,73.62857164104257,11.289607617867519,116.72462226037234,31.9260243775648,True,False,False,False,False,False,False,False,6,True,medium
23,5,4,9,141.27023293367304,,11.07572419051176,139.48948385990252,,False,False,False,False,False,False,False,False,6,False,high
28,3,2,32,122.44554831575074,73.55959493275333,9.230334904983941,103.91270104709787,22.218150129923906,False,False,False,False,False,False,False,False,4,False,medium
37,3,1,16,90.0,99.46813778404528,7.89809077786433,147.41600703410666,18.054924628429095,False,False,False,False,False,False,False,False,4,False,high
27,5,2,15,146.82750025584332,82.85604839441538,9.396193749445803,90.48416198284741,24.34073383132379,False,False,False,False,False,False,False,False,0,True,high
20,5,4,14,92.80904223651547,88.05925908632233,12.321981499590944,136.8106808421541,20.78798535379368,False,False,False,False,False,False,False,False,7,False,medium
25,4,2,36,112.52785665547802,88.34894823454871,8.68540501989732,131.61861887378714,18.308249648342375,True,False,False,False,False,False,False,False,8,False,medium
35,1,0,24,101.39914839960579,75.01602460248037,9.591550447987194,104.28428106737056,25.929109821271688,False,False,False,False,False,False,False,False,0,True,medium
29,3,0,30,106.11997468032143,70.11788335404424,11.668874646079308,72.28150858092535,23.041316465530272,False,False,False,False,False,False,False,False,0,True,low
30,5,4,14,118.41291621979165,73.84559680119587,9.356120520211682,82.96194165160888,17.993472765976485,False,False,False,False,False,False,True,False,5,False,high
27,4,3,9,90.14771789441669,65.13067496686374,10.131122896403882,70.0,18.23854801237035,False,False,False,False,False,False,False,False,7,False,medium
24,4,3,9,113.91705297412493,74.34037116770206,11.130914425712149,118.07129838328639,23.831232793342974,False,False,False,False,True,False,False,False,4,False,medium
31,3,0,22,128.76810907289632,74.9559395075504,11.452228382608252,115.43461120185846,,False,False,False,False,False,False,False,False,1,False,low
31,3,0,18,104.88111610494938,91.89234995319204,9.324438482914442,106.74278394298183,23.909937073487775,True,False,False,False,False,False,False,False,6,True,high
37,3,1,33,98.31657928069413,80.93275710727477,11.225508666529883,102.30029537565508,28.358227402817153,False,False,False,False,False,False,False,False,6,False,medium
31,2,1,34,113.3283387741311,98.62617557786872,11.638167604581923,134.86701842930384,25.668241179681058,False,False,False,False,False,False,False,False,4,True,high
39,3,1,18,110.93990211938349,55.0,8.962879161548715,111.55155969474455,20.5066996081096,False,False,False,False,False,False,False,False,4,False,medium
36,3,2,22,107.85726795598637,62.82956299970058,11.343748761689325,92.79780654149965,24.097361086350322,False,False,False,False,False,False,False,False,4,False,medium
19,4,1,20,100.73984708658864,71.44654672334633,9.853466832408529,108.23902169169601,17.993695243239486,False,False,False,False,True,False,False,False,4,True,medium
26,5,0,30,,89.92494464014204,11.198264289097722,150.04511242217018,23.545135416142067,False,False,False,False,False,False,True,False,7,True,high
26,3,2,28,122.14316213730076,73.90422799716653,12.156926404811431,118.68767157651516,21.692601902662084,False,False,False,False,False,False,False,False,8,True,low
18,4,3,29,102.21223918652215,60.32173164348749,10.717985567012263,96.42179928395123,,False,False,True,False,False,False,False,False,6,True,medium
21,5,3,9,103.87295626475488,72.54875563851037,12.46146466556649,104.02160624364558,25.494866810511272,True,False,True,False,False,False,False,False,8,True,medium
34,4,1,19,116.63790392806871,63.02401742245086,,115.19433215076505,15.090104276166421,False,True,True,False,False,False,False,False,7,True,medium
25,3,1,39,103.42034010294799,,12.45252815241519,95.73610720295058,,False,False,False,False,False,False,False,False,0,False,low
21,3,2,19,117.14394379236145,94.988278176539,11.644975903762132,93.79002023464113,18.737675375252465,False,False,False,False,False,False,False,False,3,False,high
24,1,0,13,132.61655834339274,71.48391133319349,12.76122702470305,104.7509166496589,20.980769774062747,False,False,False,True,False,False,False,False,8,True,high
24,5,4,14,114.28212782526023,76.73152862802513,11.616152485648392,138.41998253400288,28.19734987253372,True,False,False,False,False,False,True,True,3,True,high
21,5,4,8,100.4366035907291,74.07043652831914,8.332383413850732,122.40148328960507,26.01703947869064,False,False,False,False,False,False,False,False,0,True,medium
20,4,0,33,119.70524196786099,72.48504375391552,9.732686949184412,95.99036504786002,23.421248251484055,False,False,False,False,False,False,False,False,0,False,medium
34,5,4,8,112.86814324576461,66.59338967712367,10.661988693438472,124.11828440018965,23.23265632524483,False,False,True,False,False,True,False,False,5,False,medium
36,5,0,27,,71.89365395828352,10.860443120987378,105.18861506048779,22.952972249630175,False,False,False,False,False,False,False,False,7,False,medium
28,3,2,21,,78.37235478524147,,112.58094364843473,28.48729979983381,False,False,False,False,False,False,False,False,7,False,low
31,5,3,11,123.2924488333399,89.18635312063954,9.708876999743955,110.57972407195149,15.737246021621289,False,False,False,False,False,False,False,False,8,False,medium
38,3,1,37,115.42602598567966,84.47435636554074,14.213933927279072,70.0,26.08623215315071,False,False,False,False,False,False,False,False,2,True,medium
36,2,1,32,114.2718361994886,62.80933102544917,10.836066704834696,70.0,20.967223340464514,False,False,False,False,False,False,False,False,8,True,medium
18,4,0,35,139.7624978856807,84.88532418236605,10.987699526307459,109.98567125778536,25.01196127318566,False,False,False,False,True,True,False,False,6,False,medium
38,4,3,38,129.40664798688758,79.75438011527369,9.926801428585001,86.23705210758634,25.031103851936287,False,False,False,False,False,False,False,False,1,False,medium
19,2,0,38,125.00255341678202,68.75278999386505,9.394597183712104,70.0,25.932979767917804,False,False,False,False,False,False,False,False,5,False,medium
18,3,2,31,116.57447135056236,76.82097096186568,10.797914927089876,86.91579491231585,,False,False,False,False,False,False,False,False,0,False,medium
26,4,1,25,102.93108116926031,80.72287183649898,11.04408115870318,125.34213563128108,17.515858235653653,True,False,False,False,False,False,False,False,4,True,medium
34,5,4,31,128.52863663120792,75.47052947822876,10.860953445607445,112.87216511012122,27.021778806434924,False,False,False,False,False,False,False,False,2,True,medium
19,5,4,22,116.73152976061625,79.80243334156721,13.648249508859926,121.97874646203812,22.744580519085012,False,False,False,False,False,False,False,False,7,False,medium
24,5,4,13,108.0739718341224,66.370489830762,10.79790503779547,114.9681022693772,21.15657616009398,False,False,False,False,False,False,False,False,1,False,medium
23,4,3,20,112.08231455694767,94.92832044246514,10.862513160899676,84.7856963212335,31.135048484150822,False,False,False,False,False,True,False,False,6,True,high
26,3,2,23,103.40580920514222,55.70715271021775,12.304472765564062,122.08398652270478,25.807644957802854,False,False,False,False,False,False,False,False,4,False,low
39,3,1,9,127.68794851583034,,10.726294673713278,117.8862726370777,21.331181754952446,False,False,False,True,False,False,True,False,7,False,high
25,5,0,35,123.19644499746143,78.66763463010322,11.862942509969388,102.41536709345905,26.829249305785186,False,False,False,False,True,False,False,False,2,False,medium
22,5,4,38,117.17958953834021,81.42943393451715,8.953528418650622,106.2944841487298,22.81576609987165,False,False,False,False,False,False,False,False,0,False,medium
20,5,1,21,114.48657311649676,67.91629648351737,8.966168766241086,122.4342488470595,21.268460597636093,False,True,False,False,False,False,False,False,5,False,medium
22,3,2,24,106.83197347300188,86.69197028333056,,88.5121150543443,20.575651560730726,True,True,False,False,False,False,False,False,1,True,medium
20,5,0,35,90.0,73.92019318321688,10.62941186308504,128.93342522960566,24.218252703161156,False,False,False,False,False,False,False,False,6,False,medium
30,4,1,23,98.0448772400792,63.137850609300656,9.705560349499116,117.43206722226428,20.544512058202862,False,False,False,False,False,False,False,False,5,False,medium
27,4,3,30,106.08825592576852,64.05189611724043,11.194962774439972,105.04967372752317,23.621715565533794,False,False,False,False,False,False,False,False,3,False,medium
28,5,2,25,104.28440341583376,76.24705068837588,11.334560150679966,138.68720090034486,26.548063509816135,False,False,False,False,False,True,False,False,7,True,medium
36,3,2,16,118.47232749539278,59.03478476538509,9.864164996525574,76.5247054970257,23.442044471082927,False,False,False,False,False,False,False,False,1,True,medium
30,3,1,34,124.73792490367985,93.00505983442422,10.16992668095318,94.87593500789527,30.90600423661053,False,False,False,True,False,False,False,False,6,True,high
21,1,0,14,113.45872937318758,85.48921280542636,11.346586479108625,89.99048242343162,23.052824925765186,False,False,False,False,False,False,False,False,5,True,medium
26,5,4,15,131.90700322145722,93.26844320850998,9.366274477888593,112.87800302096862,28.39615432542946,True,False,False,False,True,False,False,False,4,False,high
24,3,2,30,105.60522736496043,92.214234891089,10.033547412093311,131.01308743221858,26.905181669943605,False,False,False,False,False,False,False,False,4,False,high
36,4,1,31,113.37355447902067,71.48093535198407,11.854296224893867,83.3735173414075,29.10120496885265,False,False,False,False,False,False,False,False,7,True,medium
24,4,1,39,,66.30670537349823,10.961862352012245,177.7209574792285,30.888416315220415,False,False,False,False,False,False,False,False,3,True,medium
21,4,3,31,128.10623594601302,55.0,10.236475449670593,90.41936147285395,15.954651992213618,False,False,False,False,False,False,False,False,7,True,medium
34,3,2,8,116.27064498498613,70.93765875107034,9.555089089628712,112.93503640031558,24.060657182066716,False,True,False,False,False,False,False,False,8,False,medium
27,2,1,36,116.60282697469755,92.65652855835953,9.378861837164163,105.05909865520357,22.55252536160688,False,False,False,False,False,False,False,False,5,True,high
20,5,4,21,95.14188261990495,66.72149342502796,10.789191229647251,106.0154432980929,23.445732251864765,False,False,False,False,False,False,False,False,4,False,medium
33,5,4,8,104.20111948947094,72.90079005136245,14.241300037178396,87.56694734275929,21.410400215307465,False,False,False,False,False,False,False,False,1,True,medium
22,5,0,27,128.15142728437098,69.45429750917117,11.905258627852636,128.4860224395639,20.826173664592666,False,False,False,False,False,False,True,False,3,False,high
37,4,3,13,90.0958928368338,78.74995153607715,8.867417211368396,86.21373239777762,18.60164879159498,False,False,True,False,False,False,False,False,5,True,medium
36,5,4,21,131.11591182916754,87.8608468421431,12.13154586783833,70.0,,False,False,False,False,True,False,False,False,2,False,medium
26,3,2,23,120.99597386745077,59.607893824854834,9.785781427363823,80.31605649099612,26.7360617469012,False,False,False,False,True,False,False,False,2,False,medium
30,5,0,10,106.02974405963494,61.52224018369407,10.99222819742939,136.79694362465324,21.02521841480139,False,False,False,False,False,False,False,False,0,True,medium
30,1,0,36,,89.86620039274355,10.057823032825974,132.51034413181873,21.685969943364967,False,False,False,False,False,True,False,False,3,True,medium
32,5,3,24,137.7514635981797,82.33066874451809,14.236407700598402,70.0,20.207709091031592,False,False,False,False,False,False,False,False,2,False,medium
19,5,4,39,131.93686967775307,72.40619438651541,9.185427341256139,122.9020511630527,19.022597630286704,False,False,False,False,False,False,False,False,8,True,medium
25,1,0,23,113.56671074147803,92.07082761926411,11.501779609816737,70.0,22.05542504862057,False,True,False,False,False,False,False,False,0,False,high
21,5,2,27,116.61510075342855,61.34971113610096,9.903481913197998,104.40098726743723,24.372865954773523,False,True,False,False,False,False,False,False,8,False,medium
33,3,2,34,107.24582366907673,84.31213491191033,12.18212492700254,78.42946568813996,28.029384535081608,True,False,False,False,False,False,False,False,5,False,medium
19,3,1,15,,74.31761891136001,11.469526112100597,124.59719379577568,18.231587362190034,False,False,False,False,True,False,False,False,6,False,medium
29,4,3,37,,81.06543836012892,13.00728423384324,117.20253987302338,22.878461474764634,False,False,False,False,False,False,False,False,6,True,medium
34,5,4,14,114.05748370990985,55.0,,126.55074367200048,27.712546553905486,False,False,False,False,False,False,False,False,2,False,medium
38,4,1,40,136.72395255717691,72.39296640105651,,98.50472415606134,18.28464821749245,False,False,False,False,False,False,False,False,6,False,medium
24,3,0,29,113.85263144139489,82.36796716036372,15.5,100.79076332787878,28.06806579768566,True,False,False,False,False,False,False,False,2,False,medium
18,2,1,25,102.42373742471648,74.36669781605171,11.888681813841716,72.01659264249275,21.244184618766084,False,False,False,False,False,False,False,False,2,False,medium
33,2,1,14,98.60353542418031,87.55297772800851,10.118940881874382,82.3293388242764,25.845353823337145,False,False,False,False,False,False,False,False,0,False,medium
18,4,3,26,116.52541308837375,87.21805007140786,11.328864628553951,125.8677355666998,22.127733749651416,False,False,False,False,False,False,False,False,8,True,medium
19,3,2,26,105.86925814608652,65.41436374779408,12.009333802830868,113.07982920369344,24.834994148140247,False,False,False,False,False,False,False,False,0,False,low
39,3,0,40,117.95923770379044,83.2399265133368,11.94847116629638,107.2953698949991,29.436160502757936,False,False,False,False,False,False,False,False,3,False,medium
36,2,1,35,95.56596288245744,65.0733734277176,11.793644956186846,132.76650272363304,22.514343568811384,False,False,False,True,False,False,False,False,0,False,medium
33,4,3,23,123.28300161491059,75.54015441154756,12.546371446274193,76.39687191908077,26.9860002609162,False,False,False,False,False,False,False,False,8,False,medium
36,4,2,20,102.27802153848394,81.5612824930762,12.389073615364211,120.84325377335264,24.098548562950317,False,False,False,False,False,False,False,False,6,False,medium
19,3,2,20,115.55556711132807,66.64717068739418,9.643894134022242,79.0585543813849,19.855921115507126,False,False,False,False,False,False,False,False,5,False,medium
19,2,1,20,110.94036139072034,82.86926185564383,14.372886566411582,137.5132251527458,22.417651154779847,False,False,False,False,False,False,False,False,1,True,low
24,4,1,8,135.62066754734644,69.94644253848097,14.150220508080343,116.97843180101852,22.167582304638415,False,False,False,False,True,False,False,False,8,True,medium
18,4,0,9,117.05787008115433,69.19302472587651,12.281543832383793,126.21902993536702,17.352763839074427,False,False,False,False,False,False,False,False,0,False,medium
37,1,0,32,138.34566337737513,82.06650983539716,11.061914748080993,89.5637711969273,24.836153067068366,False,False,False,False,False,False,False,False,3,False,medium
19,2,0,16,121.72890880074904,66.64027056316581,,153.0061609559668,25.631885137670658,False,False,False,False,False,False,False,False,8,True,medium
29,4,3,21,132.10487106774974,66.13164530636905,10.48197696832857,148.96827360350804,26.249563303502327,False,False,False,False,False,False,False,False,3,False,medium
36,4,0,31,112.49442152292495,85.41156040030083,10.688985240061612,114.46833845115421,28.719159404728494,True,False,False,False,False,False,False,False,6,False,medium
34,3,2,28,119.14603659388386,76.08557151924934,7.501144936163135,130.8557576880757,26.81570170243915,False,False,False,False,False,False,False,False,0,True,high
23,5,4,19,129.62372306822746,60.45880504696705,13.448421524660661,98.358490574727,20.587893884917637,False,False,False,False,False,False,False,False,5,False,medium
28,4,3,32,125.85951938300857,83.5564137838821,12.883925826606117,77.09341289029224,21.439197068276076,False,False,False,False,False,False,False,False,5,True,medium
30,3,2,13,121.37191933821482,70.93398767756555,8.317301132108147,122.50739138641782,26.355031972216462,False,False,False,False,False,False,False,False,4,False,medium
34,5,0,23,111.06478200654726,60.969866604385345,12.423980663791111,84.77517806400081,24.558831884679076,False,False,False,False,False,False,False,False,5,False,medium
27,3,2,11,113.09468207431935,55.0,10.987656627388912,133.82484317205342,22.92869645856847,True,True,False,False,False,False,False,False,8,False,medium
24,5,4,25,128.65194341924027,,10.68152617709493,128.05287904451117,19.501117220140667,True,False,False,False,False,False,False,False,6,True,medium
35,5,1,11,131.1509349847857,66.40081933888429,11.788546413702523,110.17489831183202,20.87713019457134,False,False,False,False,False,False,False,False,5,True,medium
37,5,4,39,107.88564724864392,62.56155228701499,8.211540497060613,108.94450941947399,25.331237642869485,False,False,False,False,False,False,False,False,0,True,medium
28,4,3,29,106.07489230774036,81.39402830385991,10.982001308499527,126.76434663809167,15.196610723953695,False,False,False,False,False,False,False,False,0,True,medium
18,4,1,16,104.1503945407574,83.05791596308853,11.127169882877388,111.04040850811928,15.0,False,False,False,False,False,False,False,False,0,True,medium
29,4,0,28,124.95640738876187,67.1289700140537,11.128718343305895,96.10184199941716,25.77350956338335,False,False,False,False,False,False,False,False,5,False,medium
37,4,0,19,103.84629973524977,84.12640659605978,8.812016962604357,71.68084107214824,20.866078633740614,False,False,False,False,True,False,False,False,5,True,medium
39,2,1,25,124.81124087226097,95.54892921113128,11.715065543001073,126.09579404717972,24.874149136445272,False,False,False,False,False,False,False,False,3,True,high
26,3,1,13,121.54828411745216,88.46663270971096,12.695703993699338,113.06165800823952,29.306689051519008,False,False,False,False,False,False,False,False,6,True,medium
21,4,3,24,108.45889786761063,86.91057095196956,,165.6245216926547,18.94773680979336,False,True,False,False,False,False,False,False,8,True,medium
30,5,2,11,133.7663117662152,78.1412912213253,10.63329934211476,102.88995455702889,16.321627273453494,False,False,False,False,False,True,False,False,2,True,medium
36,3,2,13,97.45289310278528,70.56281794471077,15.30246496467096,111.64479316784889,21.894409401131146,False,False,False,False,True,False,False,False,4,False,medium
38,4,3,27,134.91439119710273,74.44113947103244,9.520680343052902,112.1610782579394,20.260799569025014,False,False,False,False,False,False,False,False,0,False,medium
19,5,3,24,118.82663037094596,79.40741603662762,12.237522080753205,119.31663987633009,22.898563971874523,False,False,True,False,False,False,False,False,7,False,medium
24,4,3,17,90.1184037200957,62.424880413451,11.389237929089106,83.72866361931739,25.152130310655217,False,False,False,False,False,False,False,False,0,True,medium
28,5,4,9,134.10255562985935,67.3061809239354,,103.30126443887714,24.306777099640385,False,False,False,False,False,False,False,False,7,False,medium
20,5,1,21,126.66655005063987,60.72249857017415,11.618799705463534,123.20850721532467,23.185007363036764,False,False,False,False,False,False,False,False,6,False,medium
37,5,4,38,109.86145979904354,77.35186622291413,11.9618483919921,97.67920457477265,27.23263480529944,False,False,False,False,False,False,False,False,0,False,medium
20,5,2,31,103.42335321710324,75.83053922395537,11.809147170502813,122.38415236329695,25.682798446038984,False,False,False,False,False,True,False,False,8,False,medium
32,4,0,9,96.17119907393938,68.47291334531387,9.306683953827621,107.12775129542243,22.27440238474908,False,False,False,False,False,False,False,False,8,False,medium
38,5,0,38,143.9853539417247,83.20499205379741,9.609791274601807,,25.54099451321916,False,False,False,False,False,False,False,False,3,True,high
33,1,0,21,103.91941751005787,64.55399634071692,10.558931397390912,130.32500109882182,16.817542655248182,True,False,False,False,False,True,False,False,4,False,low
34,5,4,27,99.83693725598889,68.1016525982276,12.531812507966725,,27.254994299375138,False,False,False,False,True,False,False,False,7,False,medium
23,2,0,8,118.2150294922018,82.80526484912505,11.372954781906055,73.05927336342853,23.088760087186404,False,False,False,False,False,False,False,False,7,False,low
36,5,4,18,95.34527839886661,84.28815780126138,10.669224181296174,99.14052153205853,18.19728201120748,False,False,False,False,False,False,False,False,0,False,medium
27,4,3,33,103.22141921866533,67.04273797291157,13.195519681784534,86.83778601607263,21.33344641778348,True,False,False,False,False,False,False,False,5,True,medium
19,3,2,18,126.93963032992562,77.3204260474324,7.82811238270063,70.0,,False,False,False,False,False,False,False,False,1,True,high
26,5,4,13,120.57052713783256,67.21192759220969,8.926687791742337,102.65300420220343,19.929362837402177,False,False,False,False,False,False,False,True,4,False,high
25,5,4,10,110.36356048312742,73.02660466422695,7.005440327899119,109.37867449908848,24.64239188538476,False,False,False,False,False,False,False,False,8,False,low
29,5,4,38,115.21968007517656,76.43837394151564,12.933296807856102,127.45674954179024,26.51510787564331,False,False,True,False,False,False,False,False,2,False,low
23,3,2,34,109.69035363759996,80.60366198815935,10.845238168683126,79.93516996236825,23.097752204686625,False,False,False,False,False,False,False,False,4,False,low
28,3,1,9,114.25602628757153,78.1755901349311,12.546066845908468,106.9475725394806,19.541627444007524,True,False,False,False,False,False,False,False,1,True,medium
27,3,0,38,105.85826340928418,77.73162340540243,10.8251866671482,129.81800930510934,22.744387455788207,False,False,True,False,False,False,False,False,8,False,medium
25,5,4,35,,64.21501662892994,12.637093869643136,92.3577615256443,17.362430039892786,True,False,False,False,False,False,False,False,6,True,medium
33,5,4,19,,78.88276639307497,10.797196294121493,116.79687870416713,21.045377723555333,False,False,False,False,False,False,False,False,1,False,medium
24,4,2,29,106.28966977773095,80.51065351196299,11.655858280156618,140.14979618376495,18.571082957409853,False,False,False,False,True,False,False,False,0,False,medium
34,2,0,16,127.52693195699779,81.88934530087133,11.42162158529803,70.0,22.812362287598795,False,False,False,False,False,False,False,False,6,True,low
23,5,4,16,124.24140870415664,67.80479820529112,11.540331663820748,110.99839506269116,,False,False,False,False,True,False,False,False,2,True,medium
37,4,1,31,103.8116407793086,84.15585616583607,13.695579552332545,130.58357731663625,23.333676470299448,False,False,False,False,False,False,False,False,7,False,medium
26,3,2,14,,61.82765138223175,8.400920778814926,97.28431750862048,27.531480468287516,True,False,False,False,False,False,False,False,4,False,medium
18,4,3,19,113.1126802824326,70.69181845955951,10.890586630603643,135.50871936686832,27.782659483582563,False,False,False,False,False,False,False,False,7,True,medium
21,3,0,19,140.86345117947457,72.24480917705836,11.316779542684847,118.95287926550292,18.018228282901575,False,False,False,False,False,False,False,False,1,False,high
35,4,0,12,102.66753755564143,62.37590937496701,11.077259222448506,143.92585763248283,20.335610558433274,False,False,False,False,False,False,False,False,2,False,medium
37,2,0,35,113.06530732355152,72.09288988495196,10.363383647114578,117.81422614747481,,True,False,False,False,False,False,False,False,4,True,medium
22,5,4,30,116.06464496461194,77.21480914344801,,145.75585145074555,25.816174435144738,False,False,False,False,False,False,False,False,8,False,medium
31,5,4,36,113.6962939114582,56.74227818166664,13.44802344865746,111.6000006299023,20.539194814340487,False,False,False,False,False,False,False,False,3,False,medium
30,3,2,25,109.50148150936613,71.05311616229154,10.886846258318455,74.90849605116031,21.05412167732985,False,False,False,False,True,False,False,False,5,True,medium
20,3,2,13,128.86095966638266,57.51599067736676,14.900714454235798,91.11799163515396,23.329059021071565,False,False,False,False,False,False,False,False,2,False,low
27,5,2,17,120.45350347532145,95.41538784316944,11.845239978199759,127.40399623346526,15.666829797839558,True,False,False,False,False,False,False,False,6,True,high
33,2,1,19,125.1496638849409,77.12491216933984,10.536551094758904,126.9711720207026,25.101322271061214,True,False,True,False,False,False,True,False,6,False,high
39,3,2,39,122.07255939599597,76.25829283831008,11.884286144743415,98.16676810634095,27.332285642096508,False,False,False,False,False,False,False,False,0,True,medium
36,2,1,15,125.72737986167184,77.32073411659141,11.174292592700342,144.6946179313071,21.443553137684063,False,False,False,False,False,True,False,False,2,True,medium
20,5,3,30,134.01286999568876,81.04520630600832,13.147198827103024,97.21271196647653,17.323123948859195,False,False,False,False,False,False,False,False,4,False,medium
23,3,1,12,130.97252760146,84.78154849834529,9.13164428897523,115.16349382099966,28.65045449199781,False,False,False,False,True,False,False,False,1,False,medium
27,4,3,39,142.89764751515096,59.36446071185337,8.118102426536673,114.55423150305108,23.877716861163744,True,False,False,False,False,False,False,False,1,True,high
21,5,4,29,129.6080953768863,88.10177597426757,11.57756961677333,75.72965574969865,25.835838482420158,False,False,False,False,False,False,False,False,1,False,medium
30,2,1,22,106.96663868166992,87.45825294017254,12.337113436897504,102.56917769695616,,True,False,False,False,False,False,False,False,6,False,medium
18,2,0,19,125.16774450166994,74.33653389142458,11.457448719388688,157.3672506734684,17.730074147384098,False,False,False,False,False,False,False,False,1,False,medium
20,4,2,19,123.52522214781514,73.812713093168,,84.71012843279013,24.656484830562476,True,False,False,False,False,False,False,False,8,False,medium
19,5,0,15,,55.0,11.840698980352403,118.75346670025138,27.11025963414561,False,False,False,False,False,False,False,False,0,False,medium
24,2,1,27,103.39409779988453,62.560088377984115,8.631359687472527,79.60358362218821,18.483047011141977,False,False,False,False,True,False,False,False,2,True,medium
34,5,3,36,121.69541297671523,80.18849276263157,11.449983526090428,84.4808381469481,22.592791110190607,False,False,False,False,False,True,False,False,6,True,medium
21,5,2,15,106.8271558627965,87.00617466309892,13.10684906171429,73.88566978367174,16.651108592293458,True,False,False,False,False,False,False,False,4,True,medium
39,3,2,32,121.15054124920162,82.28836922116797,11.274827127698103,125.70356142425902,20.193756708152414,False,False,False,False,False,False,True,False,5,False,high
23,4,3,26,112.42304002480337,74.24284934221711,8.904066888072297,85.82947261015988,21.971904271939877,False,False,False,False,False,False,False,False,0,True,medium
18,4,0,33,120.75362565029066,94.25872700568445,,132.8848712046322,24.955220957301833,False,False,False,False,False,False,False,False,0,False,high
25,5,2,33,98.07594176702291,85.05175556367139,11.890810767541165,93.31095715231857,15.0,False,False,False,False,False,False,False,False,1,False,medium
34,2,0,9,124.51871777867078,71.06173581255095,13.873008452476885,107.81598374095661,28.28159410078333,True,False,False,False,False,False,False,False,4,True,high
20,4,2,8,,96.82110651953414,7.869846270116361,114.05037819331554,22.317803708569386,False,False,False,False,False,False,False,False,4,True,high
19,5,1,38,116.82631458126285,64.038327652934,11.577971390563432,70.0,28.177549668433535,False,False,False,False,False,False,False,False,7,False,medium
36,5,4,13,138.40273959816795,60.28159779462543,9.50846790939181,,25.794789458765052,True,False,False,False,False,False,False,False,1,True,medium
31,2,1,26,110.41019922078613,70.78894612876077,11.812363354142,112.69775125211149,26.409201284129878,False,False,False,False,False,False,True,True,4,True,high
25,5,1,32,119.10718509726378,67.41359821979415,11.940530014365667,130.0803737207159,31.081185116674973,False,False,False,False,False,False,False,False,3,False,medium
34,2,0,24,116.20324838847107,71.35068385513101,10.626964453392967,83.89092543320355,19.873541619010084,False,False,False,False,False,False,False,False,8,False,medium
36,3,0,8,117.37646992288879,82.98090696401115,12.010558723666081,87.02551935573746,,False,False,False,False,False,False,False,False,8,False,medium
25,3,1,8,141.66164685571334,74.66020428395322,12.823833146374744,119.51005517389909,19.037167294555886,False,False,True,False,True,False,False,False,0,True,high
30,3,1,30,115.76568510896499,74.91703232380215,10.736685271322312,136.0726234547612,22.591162902024138,False,False,False,False,True,False,False,False,5,False,medium
18,4,3,37,108.19264240614085,75.58814816208904,8.860543572536027,91.96494486812907,25.880378583200347,False,False,False,False,False,False,False,False,5,True,medium
24,5,4,19,137.45083354536666,55.0,13.280916513724383,77.82551957123584,27.509345150899154,False,False,False,False,False,False,False,False,0,True,medium
31,5,4,25,111.30773481473246,59.847394920819326,12.325911774465563,98.031981085333,21.470961496347282,False,False,False,False,False,False,False,False,4,False,medium
22,5,4,38,95.73786223349134,71.14688734570578,11.902010290633028,82.70689383208158,18.180854549530803,False,False,False,False,False,True,False,False,6,False,low
39,5,4,35,106.10987552285378,66.57071198652262,9.894453361409996,113.75118418576844,23.293224070118217,False,False,False,False,False,False,False,False,5,False,medium
39,3,2,25,100.04095007148572,72.68212512853883,12.57669739887058,81.24363491457179,19.591328146965523,False,False,False,False,False,False,False,False,5,False,high
23,2,1,29,93.40041440422658,89.0412837960809,14.2678810292615,126.4039036420721,20.688478360279582,False,False,False,False,False,False,False,False,4,False,medium
26,5,3,39,110.64381994758239,74.25550502606802,10.80590347160199,109.67756725292459,25.686930801270684,False,False,False,False,False,False,False,False,8,False,medium
22,3,1,34,114.15740841671881,61.77831782277014,11.151188319664818,127.09019871540652,24.942518608939505,False,False,False,False,False,False,True,False,5,True,high
29,4,3,21,129.16633498154687,67.06900212735326,9.295694954085807,70.0,26.336809299320826,False,False,False,False,False,False,False,False,6,False,medium
20,5,4,30,122.55281934474478,92.10575908992254,9.84873279751857,70.0,21.651125331088316,False,False,False,False,False,False,False,False,8,False,high
26,4,0,18,122.006011697544,90.32493971459016,9.280688981787254,133.43879773857574,27.03589497007191,False,False,False,False,False,False,False,False,4,False,high
30,4,3,38,104.28147993762737,80.95877435648882,11.20931604783448,89.1705384170054,23.0573949658641,False,False,False,False,False,True,False,False,3,True,high
31,5,4,11,125.61919914356938,59.375169293046696,10.454753675640225,72.73957945842217,21.863378263880037,True,True,True,False,False,False,False,False,6,False,medium
31,3,2,15,131.69479403678483,78.0680493510415,11.596480410660268,,18.60478964769085,False,False,False,False,False,False,False,False,5,True,medium
22,4,1,19,119.73485069855393,78.83697099150702,9.572958660147973,110.33160643687587,15.0,False,False,False,False,False,False,False,False,6,True,low
35,2,1,14,120.0702104355751,75.2554020839024,10.731909520374701,,,True,False,False,False,False,False,False,False,1,False,medium
33,5,0,27,99.82369240360026,69.29988944390641,9.474342039932612,115.29631122284185,23.861848976093274,False,False,False,False,False,False,False,False,0,True,medium
34,2,1,31,127.65322969126393,71.37368956130256,11.300114524316479,112.31500409309965,19.36992035377652,False,False,False,False,False,False,False,False,3,False,low
28,5,3,37,136.36996658513704,68.60285092812929,8.3882811200856,111.16332955544506,16.418946291893594,True,False,False,False,False,False,False,False,6,True,low
37,5,2,24,118.87542878856205,63.54926041640976,11.242525292247663,134.66416173991269,21.322498614988046,False,False,False,False,False,False,False,False,4,True,medium
26,2,1,28,107.86771265959018,88.65987835468245,10.554031553941591,104.68803281452557,24.119120146589864,True,False,False,False,False,True,False,False,0,True,medium
35,4,2,27,,83.82313795029695,,104.04123444445815,24.660277738194345,False,False,False,False,False,False,False,False,6,True,medium
22,5,4,8,109.95495141984895,72.15070557416689,8.356373322787332,122.6618527683024,22.884519314135254,False,True,False,False,False,False,False,False,5,False,medium
23,3,0,31,110.67460416207646,78.52178308367769,12.047545078296801,117.158513569542,22.756555116296287,False,False,False,False,False,False,False,False,8,False,low
29,2,0,8,122.77579676432872,78.89700890390534,10.522011371850281,85.13711866282654,20.846361894014873,False,False,False,False,False,False,False,False,3,True,low
30,5,4,26,118.3535693400441,98.42883558076062,11.347380344578974,102.97349756412055,25.535623083355382,False,False,False,True,False,False,False,False,6,False,high
34,4,3,40,127.04723927165642,83.72568680915705,8.007881182276462,114.64104016361627,22.292741686277992,True,False,True,False,False,False,False,False,7,False,medium
24,3,2,33,119.45083053733865,83.34769618728104,9.011626758025704,92.08978091482292,22.694670749218268,False,False,False,False,False,False,False,False,6,False,high
37,5,4,24,104.6309443122618,75.37981013069334,10.375753342221214,93.13813996812084,27.151381023264918,False,False,False,False,False,False,False,False,8,False,medium
25,4,2,18,108.99169571380732,70.65576041589824,13.200800221616229,74.38791303192595,26.16760038285768,False,False,False,False,False,False,False,False,3,False,medium
29,3,2,35,108.24590712654572,88.82710252661614,11.843634157488152,70.0,22.26053902128677,False,False,True,False,False,False,False,False,0,False,medium
38,2,1,36,112.76235908057858,81.52272117566184,11.2078000662247,96.77026988226852,21.691773764688687,False,False,False,False,False,False,False,False,2,True,medium
29,5,4,20,136.53656429697506,66.70458045945601,9.521106934482239,107.80028755168561,21.660647620296718,False,False,False,False,False,False,False,False,1,False,medium
33,4,3,11,138.45879509977155,79.53866554339838,9.229976080642018,80.90088788303369,15.0,False,False,True,False,False,False,False,True,6,True,high
37,2,1,27,125.03921440535903,83.37386088420813,11.442648305544743,135.31318718892413,27.38758549884964,False,False,False,False,False,False,False,False,5,False,medium
39,4,3,28,116.42516556200341,55.0,12.121102877099881,81.97259616327972,20.260770812275215,False,False,False,False,False,False,False,False,3,True,medium
28,4,3,38,98.66017336594726,65.77613207415332,11.334358562347212,125.07567226029398,26.418470357006747,False,False,False,False,False,False,False,False,4,True,medium
27,2,0,37,117.640099668761,78.62764826039907,13.735291532940368,114.21074084441263,23.166353182987947,False,False,False,False,False,False,False,False,7,False,low
22,5,0,15,105.51991244275536,55.75538696171244,9.908061242822095,,28.566668209093063,False,True,False,False,False,False,False,False,3,True,medium
29,5,2,16,134.56626275879103,57.33868834114706,11.286991905239915,116.8764651006559,25.11793986567809,True,False,False,False,False,False,False,False,7,True,medium
38,5,3,40,95.72673172251413,72.29538259605738,8.290920441435357,73.18192658948244,26.64849246761117,False,False,False,False,False,False,False,True,1,True,high
28,4,3,18,119.61381199996141,79.91544259094943,11.337672833067572,128.1960653264989,20.63168892943561,False,True,False,False,False,False,False,False,0,True,medium
25,2,1,23,104.50912746819557,80.37783706901118,13.350997141368474,142.34680036922407,17.858363014677813,False,False,False,False,False,False,False,False,2,True,medium
20,5,4,18,114.88581777419833,90.82399552691462,9.333585787821017,,23.59010402050931,False,False,False,False,False,False,False,False,0,True,high
26,3,2,20,122.99281828373267,75.82263887889499,12.347410467139294,119.06083597121282,15.331260095203355,True,False,False,True,False,False,False,False,0,True,high
23,4,1,26,127.26362426538518,71.27347146539478,13.3056635941848,123.92692665778273,21.128188261622313,False,False,False,False,False,False,False,False,4,False,medium
39,1,0,17,114.27171758882102,61.926404138447516,9.89645956026963,100.31778003896312,18.24226873122911,False,False,False,False,False,False,False,False,3,True,medium
29,5,4,21,124.13459860217834,71.15372383572965,11.747103510524822,70.0,19.641363236022602,False,False,False,False,False,False,False,False,2,False,medium
21,4,3,19,107.05035881665478,82.07529307996727,,98.48892640925462,25.38277140231783,False,False,False,False,False,False,False,False,1,False,medium
19,5,2,11,117.94646061727865,82.52722203487119,11.368760259647269,92.21647727918732,25.119865844897824,False,False,False,False,False,False,False,False,2,False,medium
36,2,1,33,127.02648897325437,77.64619006728492,12.258743996018614,138.6550689873984,,False,False,False,False,True,False,False,False,6,False,medium
38,3,0,37,118.98519373767985,80.47114935294717,8.16168102493119,103.0509915535996,24.280034207063466,False,False,False,False,False,False,False,False,3,False,medium
34,5,0,24,108.64787564352032,87.76383559074591,11.955418442835825,95.92915433186677,20.837243111182385,True,False,False,False,False,False,False,False,5,False,medium
20,2,0,14,111.65149158923882,75.75271843119958,11.827580384831464,92.09672568278154,32.706645007206724,False,False,False,False,False,False,False,False,7,False,medium
20,4,2,29,127.18787275057527,88.67318837750234,8.878060694462732,112.16644756941443,24.20334990845296,False,False,False,False,False,False,False,False,6,True,medium
22,1,0,25,101.8978645968621,67.73353160700654,9.457074153647653,106.2511002349589,20.638711583960795,False,False,False,False,True,False,False,False,1,True,medium
34,4,0,26,103.66821839191057,74.26708955459509,11.966402883517068,87.62121159566782,26.501466503731674,False,False,False,False,False,False,False,False,5,True,medium
34,2,1,27,122.21906511774083,70.1916677013958,10.515660953092842,110.80845373582366,27.96074439077942,False,False,False,False,False,False,False,False,8,True,low
36,4,3,31,109.73027686549842,82.92705131739008,12.77910142235089,92.74039146338714,19.903124350476787,False,False,False,False,False,False,False,False,4,False,medium
20,5,2,9,97.56330164380373,64.85515553408551,11.497163088808717,70.0,17.325759067793815,False,False,False,False,False,False,True,False,5,False,high
21,4,0,11,131.20982400450293,71.78234524496509,11.090328906467638,119.69650387258432,18.118184460838478,False,True,False,True,False,False,False,False,7,False,high
37,4,3,11,101.8047965454411,56.40323509177347,10.727281546843182,117.61005022754837,20.320175771566856,True,False,False,False,False,False,False,False,6,False,medium
38,3,2,13,112.60683984016434,80.94376085569861,11.468291411095223,109.39426077589891,22.78292535413388,False,False,False,False,False,False,False,False,3,False,medium
33,2,0,40,107.56575227575482,87.46790275725483,12.284691796025845,95.26571010298494,16.483479690879165,False,False,False,False,False,False,False,False,1,True,medium
20,5,3,32,111.42779817351735,84.10707951300097,11.854161108833555,103.41467636858928,21.327012354663772,False,False,False,False,False,False,False,False,6,False,medium
19,5,4,29,104.38456650818392,83.12627613469778,10.323186143345628,123.02421824283778,22.168250250598657,True,False,False,False,True,False,False,False,1,True,medium
19,4,2,31,123.57135085232154,83.39400395979949,12.983099284064433,91.10014344480628,24.299439676192563,False,False,False,False,False,False,False,False,3,True,medium
33,3,0,9,116.32988229168294,81.99693828436506,12.05231078313904,123.91220792227739,25.447129101647082,False,False,False,False,False,False,False,False,2,False,low
36,2,1,15,126.8038431425307,81.14395622506079,11.616374226624307,72.55335188671913,24.60617393197222,False,False,False,False,False,False,False,False,1,False,medium
31,4,2,34,107.68998146149933,81.78913457628626,11.146715483859728,108.69957728683708,30.16869315798305,False,False,False,False,False,False,False,True,8,True,high
23,5,4,23,140.59626123939054,68.4431787009244,11.800079302941548,105.56666390084422,27.376493514807912,False,False,False,False,False,False,False,False,7,False,high
34,5,4,24,92.14421457395267,72.99806556480154,8.069313696439863,127.05906973094928,23.88784815192567,False,False,False,False,False,False,False,False,7,False,medium
19,5,4,32,95.97838110493247,75.70243260708513,11.386094839009978,84.7835525531796,19.11804944167771,False,False,False,False,False,True,False,False,2,True,medium
36,5,4,10,136.03701817259716,71.64294861300486,13.62429268730569,87.18417674183287,20.298010206953556,True,False,False,False,False,False,True,False,2,True,high
37,5,2,34,120.68850000935662,59.3369036396516,,74.32112489268125,17.285337875529013,False,False,False,False,False,False,False,False,4,True,medium
33,4,3,30,119.09663299667291,62.64991013106062,11.133563709931156,92.53184196412819,23.613379220724298,True,False,False,False,False,False,False,False,3,False,low
37,4,3,21,120.17530368781614,77.29976115023474,10.046585111244152,110.61919537265429,24.32544867230525,False,False,False,False,False,False,False,False,3,True,medium
30,4,3,24,121.85448724180539,84.05775908721918,11.78836364834714,70.0,26.571651218179355,False,False,False,False,False,False,False,False,4,True,medium
28,4,3,10,118.5972126452074,75.09341909159707,10.687880948258961,95.25592478588005,24.0692731795478,False,False,False,False,True,False,False,False,6,True,medium
25,2,0,14,103.40914610049873,102.64821861854195,13.094879651824943,118.43738776527118,27.215955167407635,False,False,False,False,False,False,False,False,2,False,high
38,5,4,16,124.81829086087349,65.80237569844729,9.618208493844016,102.73665340481848,27.29799611431722,False,False,False,False,False,False,False,False,6,True,medium
33,4,0,36,122.92813853845878,79.44942142065698,10.276312105172746,106.65452163922038,18.88761588378272,False,False,False,False,False,False,False,False,8,True,medium
22,4,2,11,132.14117376087796,87.91202610649442,10.038595108951021,71.86581801448739,20.927746691933365,False,False,False,False,False,False,False,False,5,False,medium
39,3,2,17,136.17089292281398,85.65677121165578,13.935326541938274,,22.9558461548785,False,True,False,False,False,False,True,False,6,False,high
19,5,4,12,118.96571295571914,81.55066861774618,10.696374941420155,105.63108178687158,20.17570127886864,False,False,True,False,False,False,False,False,5,True,medium
30,2,0,17,100.2694117884138,85.7025397384211,10.123076059405738,101.39793988455959,22.02670676821294,False,False,False,False,False,False,False,False,3,False,medium
22,5,2,8,136.27027517442565,75.553943476577,7.655048727272568,108.36163946618444,24.205034316938946,False,False,False,False,False,False,False,False,0,False,high
32,4,1,17,102.78220077996471,91.6288174482055,9.541804823142359,98.19924004756791,22.507694704079956,False,False,False,False,False,False,False,False,0,True,high
27,5,0,31,119.05557032406857,87.83159106354262,11.844615909428168,94.96717641037502,23.001237260678508,False,False,False,False,False,False,False,False,4,False,medium
27,4,1,33,111.91919288294974,66.47772399289454,11.83820118654614,82.1250410462605,19.22944458431634,False,False,False,False,False,False,False,False,0,False,medium
32,3,2,20,109.83249579778249,78.21567937634387,9.9580748280743,126.43815550686513,25.02576841616852,False,False,True,False,False,False,False,False,2,True,medium
34,5,4,31,124.1716014583782,59.52703370473147,10.046950560587062,78.01351638625842,24.733046768908252,False,False,False,False,False,False,False,False,4,True,medium
26,2,1,28,117.93351519121559,90.2178897323571,13.975793708903462,108.47483400610308,19.94999855410412,False,False,True,False,False,False,False,False,0,True,high
39,5,4,37,121.15889789521756,77.24231441031735,15.314207620088231,144.8903356427753,17.827090357790617,False,False,False,False,False,False,False,False,6,False,medium
28,4,3,34,105.21176451803956,88.48772844067012,12.839636144189607,129.23157062898656,27.920978929127994,False,False,False,False,False,False,True,False,4,False,high
21,5,4,15,112.91110041550408,73.9064249523217,13.494847819671508,116.20602422926301,29.99270152939249,False,False,False,False,False,False,False,False,5,False,medium
18,5,4,27,105.7655802419116,56.43732501234689,13.834280420990057,110.49432764245462,23.938838453248117,True,False,False,False,False,False,False,False,1,False,medium
22,4,3,33,112.61114094427042,101.3736754106999,14.543314479847547,102.18903253836437,21.553260244279535,False,True,False,False,False,False,False,False,7,True,high
33,4,3,18,113.57485330159109,76.3108854718724,10.516915423348236,85.17031053763958,27.18511205087082,False,False,False,False,False,False,False,False,5,False,medium
29,5,0,26,137.13165007845757,64.997913765982,9.594771259615994,99.41570979491594,24.88140014685253,False,False,True,False,False,True,False,False,6,False,medium
25,5,3,21,111.88733782637512,86.45762288390888,,117.64726417527018,22.15717153314862,False,False,False,False,False,False,False,False,0,False,medium
28,3,0,18,90.0,95.35857281244296,9.457129571293358,113.57372885192717,26.872298100464484,False,True,True,False,False,False,False,False,7,False,high
36,4,3,14,131.74109844784942,72.97561825542986,9.354246249246028,122.35189485267803,19.76146732893314,False,False,False,False,False,False,False,False,4,False,medium
30,5,3,9,120.39111248831229,74.00757589273029,9.39098450518163,131.83278103098039,20.236779800310934,False,False,False,False,False,False,False,False,5,True,medium
19,4,3,32,113.42787478535932,77.3804623471158,10.789765859575578,101.51394219667829,24.4545270270512,False,False,False,False,False,False,False,False,0,True,medium
19,4,3,35,109.75341559766686,63.890293684479,7.824998605677748,109.22073267730762,23.456965651707044,False,False,False,False,False,False,False,False,7,True,high
28,3,1,29,103.63689212731737,68.09332550418631,8.707024922304099,70.0,25.549116089929086,False,False,False,False,False,False,False,False,0,True,medium
26,4,1,15,138.2565771650379,92.81925864365022,10.004257929866654,154.63635105078032,27.773323685180703,False,False,False,False,False,False,False,False,3,False,high
36,5,2,8,115.62213866392044,73.67793562100485,9.086519497879893,95.89532397569401,16.79020360042871,False,False,False,False,False,False,False,False,2,False,medium
30,4,2,28,94.1469862782223,66.6244302197479,12.699858902439347,119.3372355942656,23.155807115753568,False,False,False,False,False,False,False,False,1,False,medium
34,4,1,14,118.9328803994229,70.47958103636725,11.010637122428239,95.88040074361457,30.60432164574892,False,True,False,False,False,False,False,False,7,False,medium
30,4,2,26,129.4740604244181,85.72823687330134,11.923235073497782,95.36960199062268,20.613785238849804,False,False,False,False,False,False,False,False,7,True,medium
25,3,2,40,116.87721602024196,55.24103114875061,11.748048286870297,99.78595787078734,20.141008998763155,True,True,False,False,False,False,False,False,5,True,medium
32,2,1,8,104.18087833365624,77.54649897353849,10.669163056373785,77.6073892578564,15.0,False,False,False,False,False,False,False,False,2,True,low
31,4,3,27,103.10710856770412,99.62218745042462,12.581010440362672,70.0,23.40699359446404,False,False,False,False,False,False,False,False,7,False,high
33,4,1,40,103.99217286736918,95.31062627289029,11.723436616292702,130.513181531413,25.322433924089644,False,False,False,False,False,False,False,False,2,True,high
22,4,1,19,133.2598959645634,80.73202780818673,10.490559563004563,117.00545625400817,25.31421689304131,True,False,False,False,False,False,False,True,3,True,high
32,3,2,34,114.1400313371581,88.16442610043981,8.305744222217626,84.85119311926346,18.851794986472946,False,False,False,False,False,False,False,False,5,False,medium
24,5,0,35,94.85530702385644,88.06826284796276,11.83305342784287,114.94203002134356,22.965145282509795,True,False,False,False,False,False,False,False,5,False,medium
35,5,3,24,119.60960711013357,73.74147996510901,8.98191459515856,123.12654793375748,,False,False,False,False,False,False,False,False,5,False,medium
35,4,3,18,116.69244142688262,84.24793803364307,11.608453000945365,89.7535537800927,23.20843071131494,False,False,False,False,False,False,False,False,1,False,medium
31,5,4,30,109.61325439740003,92.88583018787357,11.126221693876635,114.06065504563054,18.620781999810006,False,False,False,False,False,False,False,False,0,False,high
38,5,1,28,102.75511892693427,,8.82340930553632,127.14967228291509,23.309230100322626,False,False,False,False,False,False,False,False,4,False,medium
29,3,2,23,102.2332612027255,80.76650877481596,,73.35624866703162,19.741741009727576,False,False,False,False,False,False,False,False,5,True,low
18,3,2,14,128.03960578559605,78.61475448088552,11.30611109908876,116.73504603986902,15.512370021836123,False,False,False,False,False,False,False,False,0,False,medium
31,5,3,32,117.97015426966117,76.03164484974211,11.311916002232147,113.01651772273111,25.72522584524906,False,False,False,False,False,False,False,False,2,False,medium
35,4,3,14,120.7437239759414,75.1463330566538,11.235195067661918,146.36991473047982,23.560143452295925,False,False,False,False,False,False,False,False,4,True,medium
20,5,4,12,117.93710571496145,77.31669972530429,9.956178902202975,117.25477558234581,25.367581039910863,False,False,False,False,False,False,False,False,1,False,high
20,5,4,10,118.93226445894186,78.15572197849485,11.946574614560571,95.96061911246855,20.862181505462075,True,False,False,False,False,False,False,False,8,False,medium
24,2,0,22,109.37926403886111,86.18615292863178,9.899750729141342,98.50584223425372,25.506167926256143,False,False,False,False,False,False,False,False,8,False,medium
36,4,1,11,112.53004774623068,,9.280654537586786,149.51466101584853,27.088512673277435,False,False,False,False,False,False,False,False,4,False,medium
29,4,3,19,128.9789416651005,73.22123405323629,12.079413926930293,97.19328881480466,30.01595563102893,False,False,False,False,False,False,False,False,2,False,medium
39,3,2,15,131.97508201382934,66.60078542508971,12.498288961425292,117.89521496678103,26.255420719770793,False,False,False,False,False,False,False,False,8,True,medium
37,3,2,23,100.334896146883,70.27557482172962,11.969916959916425,99.75562787510901,24.539158589331493,False,False,False,False,False,False,False,False,3,False,medium
30,4,0,33,112.5008940027066,77.61166102879031,10.668488221660095,128.7877642116611,17.48046487809168,False,False,False,False,False,False,False,False,5,True,medium
32,3,2,22,125.07142430792398,67.93929262117673,7.896854873732853,129.87474138343796,22.57389908304501,False,False,False,False,False,False,False,False,1,False,high
25,4,3,26,137.58495678658878,84.45877088714622,13.370704273419163,104.5013090746241,17.30935424384865,False,False,False,False,True,False,False,False,2,False,medium
19,3,0,12,136.383514975969,79.30055140672856,7.871844094738185,96.05125397602026,19.72449652106258,False,False,False,False,False,False,False,False,8,False,medium
26,3,2,11,105.450906220642,86.4352742005701,11.937698229470211,95.52662279175694,30.820233301334753,False,False,False,False,False,False,False,False,5,False,medium
31,5,4,40,130.30055341846992,68.61180779032973,14.376378961822597,70.0,18.90786595499425,False,False,False,False,False,False,False,False,0,False,medium
22,3,2,28,115.70363562528419,66.68932335351751,11.239146316708966,107.21229651409746,15.0,False,False,False,False,False,False,False,False,3,True,low
22,5,4,8,,86.36057226267665,11.465972871357543,106.7687176267129,26.252664777704595,True,False,False,False,True,False,False,False,0,False,medium
18,2,1,26,124.45934416985544,76.29953956667553,11.606913519381601,87.04509718439789,20.307731726582986,False,False,False,False,True,False,False,False,4,True,medium
34,1,0,8,99.83243148922284,72.9748287109811,11.317067743455976,70.0,26.072029977679577,False,False,False,False,False,False,False,False,3,True,low
37,4,3,10,,81.98660495652396,14.760981574304816,109.53828091155638,18.319479886560675,False,False,False,False,True,False,False,False,5,True,medium
36,2,1,20,127.06835909403146,81.61449238645727,9.650936235634267,112.31770616970168,21.296345069030004,False,False,False,False,False,True,True,False,1,True,high
26,1,0,29,114.75813693966602,62.44236263266708,9.45003736541904,113.68219528026793,27.783525910475923,True,False,False,False,False,False,False,False,2,False,medium
31,2,0,28,112.04420287232055,88.8464512308609,10.475998293078097,83.22135387588337,17.711919060086743,True,False,False,False,False,False,False,False,1,True,medium
39,5,4,34,,70.89593056584626,13.785330548130414,113.72900787948143,22.32293607262315,False,False,False,False,False,False,False,False,7,True,medium
31,4,3,13,123.20341019861121,92.00018047741905,10.076997425634293,101.07118476365781,24.165217531317918,False,False,False,True,False,False,False,False,2,False,high
24,4,1,14,117.50498041376693,61.66451386436337,11.688477202865274,124.01873387251467,20.12305960914467,False,False,False,False,False,False,False,False,6,True,medium
25,4,2,25,103.93379302347897,78.17398882480312,,83.55393850840504,23.967880831432613,False,False,False,False,False,False,False,False,4,True,medium
33,3,1,36,111.0899200374832,73.14378799061524,12.24637379188018,130.30447066600928,23.062590776815934,False,False,False,False,False,False,False,False,3,False,low
27,4,0,31,116.85403898953328,55.24765323565816,12.628918146500851,138.2197004067101,25.138171219704812,False,False,False,False,True,True,False,False,8,False,medium
36,5,4,30,108.29637053136796,81.58207978051664,13.2687781907906,107.55373141137206,30.368780951833767,False,False,False,False,False,False,False,False,5,True,medium
37,5,4,11,115.03212553011869,55.76062973254994,11.493170735507084,113.88082822047966,33.70084385196341,False,False,False,False,False,False,False,False,3,True,high
18,2,1,36,94.00080823355862,72.08333139032975,10.268721762685223,122.24563659608012,,False,False,True,False,False,False,False,False,0,False,medium
33,2,1,40,,86.04275477716187,11.235550224896791,82.43455484952155,22.558423207842445,False,False,False,False,True,False,False,False,7,False,high
26,5,4,27,115.19091141959541,69.69964022704961,10.457514462192906,94.30217697859466,24.7636752917179,False,False,False,False,False,True,False,True,5,False,high
29,5,2,19,101.80775792211627,65.96265848484481,15.034483170734505,,22.071031020436827,False,False,False,False,False,False,False,False,8,False,medium
23,5,1,29,90.0,83.00356470562011,10.147749355277947,149.59167936005025,16.650470235107907,False,False,False,False,False,False,False,False,7,True,medium
26,3,1,29,127.3496192924007,72.504819494706,11.773025607167424,78.6856614744644,22.81363810716681,False,False,False,False,True,False,False,False,7,False,medium
25,3,2,38,121.6970986326837,70.94940305310178,8.598615041381374,141.02994020982104,27.328468234205605,True,False,False,False,False,False,False,False,6,False,medium
19,3,2,11,117.52822856162861,87.74992477169323,11.21250942899426,100.74901958281103,17.14101147890958,True,False,False,False,False,False,False,False,7,False,medium
35,1,0,25,125.36377601517525,63.32721264845423,10.540633831309956,104.24238640998908,19.061640466543924,False,False,False,False,False,False,False,False,6,True,medium
21,3,2,31,125.33078075556054,70.40392744529578,12.081096617351086,131.79697574801295,20.672192622571096,False,False,False,False,True,False,False,False,7,True,medium
26,3,2,19,117.33325684064239,83.6644701106977,12.12280485658346,149.47188859831243,24.489375426980565,False,False,False,False,False,False,False,False,6,False,medium
22,2,1,35,111.9494293929062,62.68052644490482,13.267197555669322,114.30260741609656,32.50799706806717,False,False,False,True,False,False,False,True,1,True,high
21,4,1,10,109.9943008166169,92.75347159736194,13.140110934637315,130.62443370042072,19.762735358928765,True,False,False,False,False,False,False,False,2,False,high
26,5,2,11,120.05130428686239,72.83152514933228,10.89391211393595,84.75323181735924,23.364860656754345,False,False,False,False,False,False,False,False,1,False,low
38,2,1,34,131.7643764985522,83.74527381412365,9.488982171996183,93.35169751103633,23.023114661025122,False,False,False,False,False,False,False,False,8,False,medium
38,5,4,12,113.76516194420834,83.72435178022542,9.676629840603713,75.24615173181232,21.79501639936382,False,False,False,False,False,False,False,False,2,True,medium
26,3,2,21,132.71772887100067,73.47712076037573,11.484380761635169,93.65706213911268,22.809189146331832,False,False,False,False,False,False,False,False,2,False,medium
29,5,2,17,119.47782968142894,70.20987888153441,11.252457781419354,117.43516542624451,21.14105102526671,False,False,False,False,False,False,False,False,6,True,medium
39,4,1,30,119.56829162219994,74.57035438045804,11.412682545250057,109.66720011009512,33.97191021229571,False,False,False,False,False,False,False,False,0,True,medium
23,5,4,8,143.86131360788767,82.12684247490375,10.14382350986163,142.99625953701695,25.99870081769514,False,False,False,False,False,False,False,False,3,True,high
38,4,0,19,134.8321385946212,65.13575156039143,13.299579890099242,150.20364278278203,21.175423451005738,False,False,False,False,False,False,False,False,5,False,medium
20,3,2,40,135.14331093265858,62.967414112688964,8.643705884288183,101.99690286283528,27.734327707376174,False,False,False,False,False,False,False,False,4,False,medium
22,4,0,20,105.42863609959771,89.84202721753623,10.055255709358308,90.04694297733744,24.026768231656835,False,False,False,False,False,False,False,False,0,True,medium
25,4,3,27,141.30619002587548,67.65144929567103,9.276628626190613,130.52078978671872,23.231789701905214,False,False,False,False,True,False,False,False,7,False,high
18,2,1,40,114.01339847056052,,10.66564289651736,132.81292007468946,22.27193793175589,False,True,False,False,False,False,False,False,4,True,medium
35,2,1,28,112.27010584295792,72.97795791100897,12.994506255036733,,21.99986532439967,False,False,False,False,True,False,False,False,0,True,medium
36,1,0,32,90.0,73.42134388776587,10.53959375496125,120.52234336727066,18.12011727497059,False,False,False,False,False,False,False,False,0,False,medium
26,4,3,39,118.91548989464587,89.30389721387645,11.16236373723828,117.08135928716537,16.30535221545408,False,False,False,False,False,False,False,False,7,False,medium
36,4,1,28,101.99975250276833,,12.062788570280379,83.24735282742128,24.482959223583663,False,True,False,False,False,False,False,False,8,False,medium
34,4,1,35,119.89904594256389,71.43173871782123,10.463493827149716,78.19142498999024,22.231670943621957,False,False,False,False,False,False,False,False,5,True,medium
35,5,4,24,101.0612184011477,72.30284363725107,11.612204262817992,103.88015822432,26.50972699884187,True,False,False,False,False,False,False,False,6,True,medium
35,1,0,34,136.57239805353765,,11.401209202931263,100.57986020532175,19.440391148451493,False,False,False,False,False,False,False,False,5,True,medium
30,3,2,29,121.61888755452074,68.29909307374956,9.1907050976543,111.09276375060664,18.608225818137512,False,False,False,False,False,False,False,False,4,True,high
20,5,0,19,142.35845890899492,70.0055313708412,10.257095368717533,102.11305379838707,26.104716117447765,False,False,False,False,False,True,False,False,2,False,high
38,2,0,26,102.72371162208985,,11.56733698092279,70.0,21.81864623003668,False,False,False,False,False,False,False,False,1,True,high
31,1,0,19,133.59015093649572,82.11488827060425,13.051507241051656,70.0,26.422935221408483,False,False,False,False,False,False,False,False,1,False,medium
37,3,0,21,93.36745099560608,71.54803451140327,13.050016467613085,121.22346916011854,23.133845521364208,False,False,True,False,False,False,False,False,0,True,medium
39,5,4,17,,84.81655634618822,14.352779248693325,90.41860969622448,30.51009156747925,False,False,False,False,False,False,False,False,5,False,medium
22,3,2,24,107.42052256069658,59.1280619861263,11.776731449527137,99.8932630827551,26.022964949971485,False,False,False,False,False,False,False,False,5,False,low
26,5,4,19,109.62452157699572,88.7567835171567,10.338696712505003,92.72455770576842,24.638991026295503,False,False,False,False,False,False,False,False,7,True,medium
22,2,1,28,108.80204298509405,87.95155769826923,10.89767626899468,84.91291975016614,26.199705415762807,False,False,False,False,True,False,False,False,8,True,medium
19,4,3,20,104.02340577578406,97.36334014023642,,84.32325932720663,21.908408256550846,False,True,False,False,False,True,False,False,6,False,high
39,3,0,24,,85.11551439078657,10.347391658822648,127.4364002163079,16.428342580009875,False,True,True,False,False,False,False,False,6,True,medium
38,2,0,12,109.69087831682236,79.37234543865172,11.612728549539456,99.73869299273264,24.443712341642392,False,False,False,False,False,False,False,False,7,True,medium
38,4,0,20,116.39234076744245,87.91140384868149,11.687181594582635,118.96481451051808,30.76635688584774,False,False,False,False,False,False,False,False,4,False,medium
37,5,4,19,128.96433227951223,68.74190568626403,9.121988004892007,121.91986792431753,15.0,False,False,False,False,False,False,False,False,3,False,medium
32,4,3,39,118.54420475945265,71.0458350829785,12.741072076439403,111.96441121215982,24.87657983479325,True,False,True,False,False,False,False,False,3,False,medium
29,4,3,22,128.99848241553264,74.35755181546561,8.061114231880898,122.64495647367956,16.85924170554804,False,False,False,False,False,False,False,False,5,False,medium
39,5,4,8,97.2618775365148,88.68881530900393,10.644028875322068,105.3148021056301,22.906781782671455,False,False,False,False,False,False,False,False,5,True,medium
30,2,1,18,109.8043671314951,66.44121647217766,12.838904436889909,135.00393854676096,23.317837622213354,False,False,False,False,False,False,False,False,5,False,low
32,5,3,32,123.5320590296371,65.37938302430341,11.971826282877315,123.1151608654684,25.987414821185588,False,False,True,False,False,False,False,False,7,True,medium
22,3,2,13,119.1182890694963,77.36538078207016,10.428841878436712,126.04175023644653,23.840651783562805,False,False,True,False,False,False,False,False,0,True,medium
34,5,2,13,104.66589862408986,82.17530497075866,14.150117621521572,84.35261122082086,28.494074619522067,False,False,False,False,False,False,False,False,5,False,medium
36,4,3,20,126.20882670599083,67.96919424059924,10.295882396310116,110.79136331190838,27.66560145779616,False,False,False,False,False,False,False,False,4,False,medium
32,3,2,19,108.62472181657023,81.70417952771933,7.796878449522751,70.0,22.213303543654362,False,True,False,False,False,False,False,False,0,True,high
28,4,0,23,105.67163726327534,88.68399342050404,11.724383501351095,135.8225046774294,27.377571526920477,False,False,False,False,False,False,False,False,0,False,medium
