age_months,sex,weight_kg,height_cm,muac_mm,birth_weight_kg,gestation_weeks,breastfeeding,complementary_feeding,diarrhea_episodes,immunization_complete,nutrition_status
5.0,F,5.78,135.1,125.8,2.48,39,exclusive,False,1,True,normal
45.0,F,16.05,24.8,200.0,3.19,35,none,True,0,True,normal
51.0,F,15.1,-89.7,200.0,3.49,36,none,False,0,True,normal
53.0,M,17.22,189.1,200.0,2.84,32,none,True,0,True,normal
47.0,M,15.17,-363.8,200.0,3.26,41,none,False,0,True,normal
26.0,F,11.79,48.9,200.0,3.35,40,none,True,0,True,normal
47.0,F,16.04,-623.9,200.0,2.81,37,none,True,0,True,normal
34.0,F,10.03,-108.9,199.1,3.23,36,none,True,0,True,MAM
20.0,M,12.11,-27.2,200.0,2.63,40,mixed,True,0,True,normal
16.0,F,10.25,-43.0,200.0,2.85,39,mixed,True,1,True,normal
54.0,F,16.85,196.7,200.0,2.96,34,none,True,0,True,normal
18.0,M,9.46,118.0,184.7,3.52,33,mixed,False,1,True,normal
4.0,M,6.46,147.1,127.4,3.1,37,exclusive,False,1,True,normal
10.0,F,8.16,306.3,163.9,3.07,36,mixed,True,0,True,normal
39.0,M,16.9,-451.4,200.0,2.63,41,none,True,0,True,normal
34.0,M,11.91,116.8,200.0,3.8,41,none,True,1,True,normal
48.0,M,14.01,-185.4,200.0,2.94,35,none,False,0,True,normal
49.0,M,14.75,-29.4,200.0,3.05,33,none,True,1,True,normal
8.0,F,10.02,-105.4,200.0,3.37,38,mixed,True,0,False,normal
17.0,M,9.87,-258.3,190.5,3.63,33,none,False,1,True,normal
1.0,F,3.76,141.5,90.0,3.07,32,exclusive,False,0,True,SAM
56.0,M,16.38,-192.5,200.0,2.56,40,none,True,2,True,normal
56.0,M,20.24,32.2,200.0,2.18,34,none,True,0,True,SAM
30.0,F,13.69,-408.4,200.0,2.81,40,none,True,0,True,normal
18.0,F,9.65,-140.7,190.8,3.07,40,mixed,True,0,False,normal
6.0,M,6.93,-16.0,136.9,3.13,37,none,True,1,True,normal
20.0,F,8.91,-110.2,174.8,2.3,34,mixed,True,0,True,normal
27.0,F,17.27,-331.3,200.0,3.14,40,none,False,0,True,normal
54.0,F,16.73,-182.8,200.0,2.45,37,none,True,0,True,normal
1.0,M,4.91,43.6,107.9,3.0,37,exclusive,False,1,True,SAM
53.0,M,21.45,713.3,200.0,2.69,32,none,True,0,False,normal
22.0,M,12.04,-443.2,200.0,2.56,32,none,False,1,False,normal
44.0,M,14.48,60.9,200.0,1.97,39,none,True,0,True,normal
23.0,M,12.05,487.9,200.0,2.87,36,mixed,True,0,True,normal
47.0,F,15.93,732.5,200.0,3.18,41,none,True,1,True,normal
50.0,M,17.99,-529.4,200.0,2.92,34,none,True,0,True,normal
34.0,M,11.15,-16.3,200.0,2.79,36,none,False,2,True,MAM
35.0,M,14.09,419.1,200.0,2.08,32,none,True,1,True,normal
14.0,F,8.34,144.7,161.8,3.15,39,mixed,False,0,True,normal
25.0,F,11.63,92.2,200.0,2.94,40,none,True,0,False,normal
33.0,M,13.07,515.7,200.0,2.67,35,none,True,0,False,normal
46.0,M,16.93,230.4,200.0,2.92,39,none,True,0,True,normal
32.0,M,15.24,-527.7,200.0,2.36,35,none,True,2,False,normal
26.0,M,11.5,149.8,200.0,3.06,40,none,True,1,True,normal
27.0,M,12.58,260.1,200.0,3.21,41,none,True,0,True,normal
2.0,F,3.99,-239.7,90.0,2.89,40,exclusive,False,1,False,SAM
26.0,M,11.11,411.3,200.0,2.67,36,none,True,0,True,normal
9.0,M,10.39,-210.0,200.0,3.19,39,mixed,False,1,True,normal
46.0,M,13.32,-279.5,200.0,2.92,40,none,True,1,True,normal
34.0,F,12.13,392.7,200.0,2.95,38,none,True,0,True,normal
58.0,M,17.46,509.2,200.0,3.13,36,none,True,0,True,normal
38.0,F,11.35,-167.7,200.0,3.77,37,none,True,0,True,normal
35.0,F,12.36,71.4,200.0,2.86,35,none,True,0,True,normal
32.0,F,15.11,39.5,200.0,2.98,37,none,True,1,False,normal
23.0,M,12.44,199.3,200.0,2.89,37,mixed,True,0,True,normal
20.0,F,7.87,-348.8,165.1,2.71,32,mixed,True,0,False,MAM
4.0,F,6.51,-46.7,137.0,2.88,41,exclusive,False,0,True,normal
38.0,F,14.64,-253.3,200.0,3.65,37,none,True,2,True,normal
50.0,M,19.1,51.8,200.0,3.63,41,none,True,1,True,normal
9.0,M,8.09,227.1,154.1,2.33,34,mixed,False,0,True,normal
24.0,F,10.87,72.9,200.0,3.28,40,none,False,0,False,normal
20.0,F,10.15,-55.3,197.7,2.5,40,none,True,0,True,normal
1.0,M,4.47,32.4,95.4,3.3,34,exclusive,False,1,True,SAM
1.0,M,4.22,55.0,90.4,2.42,37,exclusive,False,0,True,SAM
59.0,F,17.36,-1186.7,200.0,2.88,36,none,True,1,True,normal
52.0,F,19.49,-559.4,200.0,3.73,38,none,True,0,True,normal
17.0,M,9.9,-96.1,199.5,2.29,34,mixed,False,0,True,normal
24.0,F,11.95,226.4,200.0,2.33,40,none,True,0,True,normal
45.0,F,15.3,-335.9,200.0,3.29,35,none,True,0,False,normal
2.0,M,5.52,-47.6,119.3,2.84,32,exclusive,False,0,True,MAM
24.0,F,13.83,716.3,200.0,2.23,36,none,True,1,True,normal
23.0,F,8.9,205.0,186.4,2.87,35,mixed,True,0,False,normal
51.0,F,11.64,66.2,200.0,3.74,35,none,True,0,True,MAM
8.0,F,6.82,56.8,145.6,2.32,32,mixed,False,0,True,normal
20.0,F,8.18,-378.6,167.1,1.97,34,mixed,True,0,True,MAM
35.0,M,14.15,857.9,200.0,3.16,35,none,False,0,True,normal
56.0,F,14.72,-216.0,200.0,3.32,35,none,True,1,True,normal
6.0,M,5.89,-99.8,120.9,2.61,32,mixed,True,0,True,MAM
2.0,M,4.65,20.5,105.9,2.64,41,exclusive,False,0,True,SAM
18.0,M,11.46,-224.4,200.0,2.51,32,mixed,True,0,False,normal
28.0,F,11.59,354.0,200.0,2.4,40,none,True,0,False,normal
40.0,M,12.52,175.1,200.0,3.22,32,none,True,1,True,normal
48.0,M,12.65,-980.2,200.0,3.48,34,none,False,0,False,MAM
35.0,F,13.83,-125.6,200.0,3.0,38,none,False,0,True,normal
54.0,F,18.57,-434.1,200.0,3.26,33,none,True,0,True,normal
36.0,F,13.66,-639.8,200.0,2.78,32,none,True,1,True,normal
7.0,F,8.7,29.9,175.5,3.16,39,mixed,False,0,True,normal
30.0,F,13.65,14.9,200.0,3.02,41,none,True,0,True,normal
43.0,M,12.68,206.0,200.0,2.29,33,none,True,0,False,normal
1.0,F,3.52,-85.6,90.0,3.51,34,exclusive,False,0,False,SAM
43.0,F,13.4,86.4,200.0,2.77,35,none,True,0,False,normal
31.0,F,12.65,98.7,200.0,2.81,35,none,True,2,True,normal
52.0,F,15.43,6.1,200.0,3.49,38,none,False,0,True,normal
43.0,F,12.57,-359.9,200.0,3.57,41,none,True,0,False,normal
59.0,M,21.88,-58.7,200.0,3.15,35,none,True,0,True,normal
36.0,F,12.15,333.1,200.0,3.11,41,none,True,0,True,normal
2.0,M,5.81,-91.4,116.9,3.03,35,exclusive,False,0,True,SAM
16.0,M,9.53,14.4,190.7,3.29,37,mixed,True,0,True,normal
14.0,M,9.54,5.4,189.5,3.38,38,none,False,0,True,normal
58.0,F,15.2,-1217.7,200.0,2.67,35,none,True,0,True,normal
27.0,M,13.86,-187.8,200.0,3.19,40,none,True,1,True,normal
22.0,F,14.13,-39.8,200.0,2.57,41,mixed,True,0,True,normal
11.0,M,10.18,241.2,200.0,3.55,35,mixed,True,2,True,normal
14.0,M,9.59,111.5,189.7,3.0,36,mixed,False,0,False,normal
8.0,M,8.87,-163.3,177.3,3.35,33,mixed,True,0,True,normal
55.0,F,14.97,146.6,200.0,3.15,36,none,True,0,True,normal
49.0,F,12.5,-316.5,200.0,2.81,38,none,False,1,False,normal
37.0,F,12.97,-9.1,200.0,2.9,36,none,True,0,True,normal
26.0,M,11.99,80.7,200.0,2.6,36,none,True,0,True,SAM
43.0,M,15.66,-620.1,200.0,3.29,36,none,False,0,True,SAM
17.0,F,9.26,-85.7,188.2,3.72,39,none,True,0,True,normal
44.0,F,14.46,333.9,200.0,2.71,37,none,True,0,True,normal
49.0,M,17.09,-170.3,200.0,3.15,40,none,True,1,True,normal
19.0,F,10.13,-44.5,199.0,3.14,38,mixed,False,0,True,normal
32.0,F,11.77,-712.6,200.0,3.0,32,none,False,0,True,normal
19.0,F,9.38,21.1,190.7,3.32,32,mixed,False,0,True,normal
42.0,M,14.83,-304.0,200.0,2.78,41,none,False,2,False,normal
55.0,M,13.86,680.4,200.0,3.16,36,none,True,0,True,normal
17.0,M,9.87,284.2,193.0,2.57,36,mixed,False,0,False,normal
47.0,F,14.13,-681.6,200.0,3.09,33,none,True,0,False,normal
17.0,F,9.96,-10.9,199.0,3.04,34,mixed,True,1,True,normal
39.0,F,13.48,303.1,200.0,2.74,37,none,False,0,True,normal
41.0,F,15.81,484.9,200.0,3.25,34,none,True,0,False,normal
3.0,F,5.03,192.7,111.9,2.89,40,exclusive,False,0,False,SAM
16.0,M,10.28,275.9,200.0,2.6,37,mixed,True,0,False,normal
3.0,M,5.92,266.9,124.1,2.16,32,exclusive,False,1,False,MAM
2.0,M,5.22,183.1,112.1,2.96,37,exclusive,False,0,True,SAM
45.0,M,14.1,3.5,200.0,3.19,34,none,True,0,False,normal
3.0,M,6.89,64.5,139.7,3.04,33,exclusive,False,2,True,normal
52.0,M,15.63,-691.9,200.0,2.66,38,none,False,1,True,normal
55.0,F,11.68,-64.5,200.0,2.97,33,none,True,0,True,MAM
49.0,M,13.26,369.2,200.0,3.25,37,none,True,0,False,normal
46.0,F,15.84,-62.5,200.0,3.4,40,none,True,0,True,normal
56.0,M,14.83,693.3,200.0,2.47,33,none,True,0,True,normal
39.0,F,12.22,-267.1,200.0,3.91,35,none,True,0,False,normal
15.0,M,7.37,-268.3,143.4,2.52,41,mixed,False,1,True,SAM
8.0,F,6.79,113.1,143.1,3.22,41,none,True,1,True,normal
48.0,M,15.71,136.7,200.0,3.01,41,none,True,0,True,normal
47.0,F,12.58,711.7,200.0,3.42,40,none,False,1,True,normal
37.0,M,16.61,-291.4,200.0,2.71,36,none,True,0,True,normal
31.0,M,12.24,338.0,200.0,3.32,39,none,False,0,False,normal
33.0,F,13.74,209.1,200.0,3.58,41,none,True,1,True,MAM
36.0,M,16.6,137.6,200.0,3.48,33,none,True,0,True,normal
51.0,F,12.41,-17.5,200.0,3.33,39,none,True,0,False,normal
8.0,M,8.55,169.9,165.6,2.54,41,none,False,0,True,normal
35.0,M,14.84,-83.8,200.0,2.6,40,none,True,0,True,normal
7.0,M,8.74,-80.0,177.0,3.73,32,mixed,True,0,True,normal
1.0,F,3.68,24.5,90.0,3.39,33,exclusive,False,0,True,SAM
26.0,M,13.21,-533.6,200.0,3.35,33,none,False,1,True,normal
24.0,F,10.79,-201.7,200.0,3.18,40,none,True,2,True,normal
32.0,M,12.94,-75.4,200.0,2.48,41,none,True,1,True,normal
7.0,M,7.63,-12.1,153.8,2.31,41,mixed,True,0,True,normal
11.0,F,9.96,251.2,200.0,3.33,38,none,False,0,False,normal
50.0,M,16.21,122.7,200.0,3.49,37,none,True,0,True,normal
16.0,M,10.29,301.4,198.9,2.63,33,none,True,0,True,normal
55.0,F,20.84,271.1,200.0,3.23,34,none,False,0,True,normal
21.0,M,10.6,-129.9,200.0,3.26,38,none,True,1,False,normal
37.0,F,15.97,-308.7,200.0,3.4,41,none,False,0,False,normal
7.0,F,7.7,247.6,157.2,3.33,40,mixed,True,0,False,normal
13.0,F,7.86,-288.4,160.5,2.82,33,mixed,False,0,True,normal
55.0,M,17.43,-662.3,200.0,2.94,38,none,False,0,False,normal
3.0,M,5.88,96.5,123.3,3.59,36,exclusive,False,0,False,SAM
46.0,F,18.75,146.4,200.0,2.71,39,none,True,1,True,normal
22.0,M,9.69,-449.3,192.9,2.99,36,mixed,True,1,True,normal
5.0,F,6.28,271.2,132.9,3.05,39,exclusive,False,1,True,normal
45.0,F,15.04,71.4,200.0,2.99,36,none,True,1,True,normal
14.0,F,7.75,169.0,152.9,2.75,35,none,True,0,True,SAM
21.0,F,10.42,526.6,200.0,3.22,34,mixed,True,0,True,normal
32.0,F,11.21,443.6,200.0,2.23,38,none,True,2,True,normal
59.0,F,15.98,-1052.7,200.0,3.22,32,none,True,0,False,normal
59.0,M,15.14,353.9,200.0,2.63,38,none,False,0,True,normal
52.0,F,18.81,-114.7,200.0,2.68,34,none,True,0,True,normal
44.0,M,13.9,-151.6,200.0,2.75,38,none,True,1,False,normal
11.0,F,7.53,-177.8,149.9,2.53,33,mixed,True,0,True,normal
41.0,M,14.11,135.1,200.0,2.42,40,none,True,0,False,normal
12.0,F,10.05,-0.6,200.0,2.95,32,mixed,True,0,True,normal
10.0,M,8.42,-218.4,164.0,2.71,33,mixed,True,0,False,normal
58.0,M,14.8,-38.9,200.0,3.51,34,none,True,0,True,normal
14.0,M,9.99,-18.0,196.3,2.9,33,mixed,True,1,True,normal
15.0,M,10.35,-136.5,200.0,3.3,40,mixed,True,2,True,normal
31.0,M,14.65,-389.5,200.0,3.06,38,none,False,1,True,normal
7.0,M,7.81,-208.3,160.6,2.82,40,none,True,0,True,normal
40.0,F,16.07,-67.0,200.0,2.8,39,none,True,0,True,normal
14.0,F,9.49,-327.2,191.8,3.95,33,none,True,0,True,normal
4.0,F,5.62,58.4,119.1,2.72,38,exclusive,False,2,False,MAM
22.0,M,12.75,115.9,200.0,2.4,35,mixed,True,0,True,normal
28.0,M,13.41,-151.4,200.0,2.94,36,none,True,1,False,normal
56.0,M,17.18,-603.0,200.0,2.81,39,none,True,0,True,normal
20.0,F,9.61,55.5,181.7,3.76,33,mixed,True,0,False,normal
26.0,F,8.37,199.9,168.2,2.59,40,none,False,1,True,MAM
17.0,M,11.68,-297.9,200.0,3.45,32,none,False,0,False,normal
7.0,M,7.91,23.8,159.5,2.79,38,none,True,0,True,normal
25.0,F,11.44,-93.0,200.0,3.2,38,none,True,1,False,normal
19.0,M,11.93,-168.1,200.0,2.77,35,mixed,True,0,True,normal
26.0,F,9.92,35.6,191.9,2.69,37,none,True,0,True,normal
40.0,M,15.87,-353.9,200.0,2.82,32,none,False,0,True,MAM
4.0,F,6.39,-152.3,133.9,3.58,33,exclusive,False,0,True,normal
4.0,F,6.73,191.0,143.5,3.12,41,exclusive,False,0,True,normal
35.0,M,14.03,-101.6,200.0,2.87,34,none,True,1,True,normal
34.0,M,12.95,-136.3,200.0,2.23,35,none,False,0,False,normal
29.0,F,9.09,-597.9,182.7,3.0,38,none,True,2,True,MAM
15.0,F,10.21,280.3,200.0,3.27,40,none,True,3,True,normal
2.0,M,5.63,97.3,119.6,2.9,38,exclusive,False,0,True,SAM
44.0,F,16.11,-611.6,200.0,2.18,33,none,False,0,True,normal
58.0,M,15.67,99.8,200.0,3.27,32,none,True,0,False,normal
3.0,M,5.13,116.2,106.0,3.41,33,exclusive,False,1,True,SAM
35.0,F,12.21,89.2,200.0,2.78,33,none,True,1,True,normal
43.0,F,17.24,-653.6,200.0,3.57,36,none,True,0,True,normal
32.0,F,10.68,75.3,200.0,3.22,32,none,True,0,True,normal
6.0,M,7.15,-212.4,148.5,2.57,32,mixed,False,0,False,normal
31.0,M,13.9,-370.2,200.0,3.06,39,none,False,1,True,normal
58.0,M,20.06,-1488.9,200.0,3.41,40,none,True,1,True,normal
11.0,F,9.7,18.0,187.8,2.59,32,none,True,0,True,normal
22.0,F,12.73,-332.8,200.0,2.54,41,mixed,True,0,False,normal
7.0,M,6.95,-322.6,141.6,2.7,40,mixed,True,0,False,normal
20.0,M,8.98,-143.6,180.5,3.36,34,none,False,0,True,MAM
21.0,F,9.61,-49.0,190.1,3.19,37,mixed,True,0,True,normal
17.0,F,9.26,46.8,191.4,3.31,37,mixed,True,0,True,normal
20.0,M,11.21,-120.1,200.0,2.69,33,mixed,True,0,True,normal
1.0,F,4.22,83.4,94.9,3.04,33,exclusive,False,0,False,SAM
30.0,F,11.21,711.9,200.0,2.73,41,none,True,0,False,normal
32.0,M,11.51,407.7,200.0,2.49,32,none,False,0,True,normal
12.0,M,11.17,58.5,200.0,3.23,32,mixed,True,1,True,normal
55.0,F,12.54,253.6,200.0,3.08,40,none,True,1,True,normal
11.0,M,9.24,163.9,182.4,2.6,35,mixed,True,0,True,normal
15.0,M,8.53,-186.4,174.3,3.04,36,mixed,True,0,True,normal
33.0,M,18.4,133.7,200.0,2.8,34,none,True,2,True,normal
36.0,M,13.25,-58.3,200.0,2.99,37,none,False,0,True,normal
56.0,M,12.9,-134.8,200.0,2.49,41,none,True,0,True,MAM
22.0,M,11.92,-286.5,200.0,3.31,32,none,True,0,True,normal
1.0,F,4.1,92.1,92.4,3.04,39,exclusive,False,0,False,SAM
48.0,M,18.89,106.2,200.0,2.71,32,none,True,1,True,normal
31.0,F,10.94,78.7,200.0,3.2,38,none,True,0,True,normal
26.0,M,12.29,78.4,200.0,3.22,40,none,True,0,True,normal
22.0,F,10.97,593.7,200.0,3.43,41,mixed,False,2,True,normal
15.0,F,10.32,91.8,200.0,2.87,37,mixed,True,0,True,MAM
15.0,M,8.97,225.4,178.0,2.97,32,mixed,True,2,True,normal
39.0,M,15.39,-281.6,200.0,2.62,37,none,False,0,False,normal
15.0,M,10.68,291.7,200.0,2.7,35,none,True,0,True,normal
18.0,M,11.0,35.0,200.0,3.24,33,mixed,True,0,True,normal
26.0,M,10.82,-493.4,200.0,2.95,40,none,True,0,True,normal
19.0,F,8.8,30.3,177.2,2.93,32,mixed,True,0,True,normal
41.0,F,13.4,36.2,200.0,3.43,34,none,False,1,True,normal
31.0,F,14.0,428.4,200.0,2.65,38,none,True,1,True,normal
50.0,F,15.28,-345.5,200.0,2.68,37,none,True,0,True,normal
52.0,M,16.75,212.2,200.0,2.49,40,none,True,0,True,normal
29.0,F,11.76,-266.7,200.0,3.49,33,none,True,0,True,normal
42.0,F,11.02,-294.6,200.0,3.47,32,none,False,1,True,normal
52.0,M,13.86,142.7,200.0,3.43,38,none,False,0,True,normal
53.0,M,17.36,353.6,200.0,2.91,33,none,True,1,True,normal
1.0,M,4.84,40.5,92.9,3.75,33,exclusive,False,0,True,SAM
34.0,M,15.26,104.0,200.0,3.15,35,none,False,0,True,normal
39.0,M,14.97,438.3,200.0,2.83,32,none,True,2,True,normal
43.0,F,12.32,-1109.9,200.0,3.15,32,none,False,0,True,normal
53.0,F,16.14,368.5,200.0,3.55,32,none,True,0,True,normal
53.0,F,21.53,-131.9,200.0,3.5,36,none,True,0,True,normal
2.0,M,3.95,205.0,90.0,2.64,32,exclusive,False,0,True,normal
14.0,M,9.87,594.3,199.0,3.34,32,none,True,1,True,normal
18.0,F,8.66,-19.1,171.1,3.3,38,mixed,False,1,False,normal
35.0,M,13.83,121.8,200.0,3.63,34,none,True,1,True,normal
55.0,M,20.22,515.0,200.0,2.65,40,none,True,0,False,normal
55.0,F,14.97,-1147.7,200.0,2.72,32,none,True,1,True,normal
52.0,F,14.2,300.8,200.0,2.36,33,none,True,2,True,normal
39.0,F,11.85,-436.3,200.0,2.93,37,none,True,0,True,normal
37.0,F,13.7,-252.0,200.0,2.34,33,none,True,1,True,normal
16.0,M,8.39,-294.7,173.5,2.7,37,mixed,True,0,False,MAM
2.0,F,4.71,205.4,101.1,3.45,33,exclusive,False,1,True,SAM
22.0,F,12.28,-246.4,200.0,2.62,33,none,True,0,False,normal
11.0,M,10.19,4.7,200.0,2.61,38,mixed,False,0,True,normal
12.0,F,9.51,179.3,187.0,3.22,38,mixed,False,0,True,normal
52.0,M,14.94,-844.0,200.0,2.5,35,none,True,0,True,normal
50.0,F,14.09,577.0,200.0,3.01,34,none,False,0,False,normal
2.0,F,4.32,31.9,90.0,3.3,37,exclusive,False,1,False,SAM
0.0,M,3.13,15.4,90.0,3.55,35,exclusive,False,0,True,SAM
53.0,M,18.15,-330.6,200.0,2.7,37,none,True,0,False,normal
32.0,M,15.1,194.7,200.0,3.4,34,none,True,0,True,normal
6.0,F,7.32,164.7,148.5,3.68,36,mixed,False,0,True,normal
39.0,F,16.5,212.5,200.0,2.91,39,none,False,0,False,normal
22.0,M,9.28,521.0,187.8,2.85,40,mixed,True,0,True,MAM
20.0,F,10.47,-22.6,200.0,2.35,39,none,True,2,True,normal
31.0,M,12.88,-149.3,200.0,3.81,40,none,True,0,False,normal
13.0,F,6.71,101.9,137.3,3.34,40,mixed,False,2,False,SAM
21.0,M,12.72,-223.1,200.0,2.28,32,mixed,True,0,True,normal
17.0,F,9.55,109.2,186.6,3.51,40,mixed,False,0,True,SAM
49.0,F,15.69,195.0,200.0,3.03,35,none,False,0,False,normal
43.0,M,15.67,287.6,200.0,2.67,41,none,False,0,True,normal
32.0,M,12.3,482.3,200.0,3.08,37,none,True,2,True,normal
14.0,M,10.72,-97.1,200.0,2.73,36,mixed,True,0,False,normal
41.0,F,12.45,-265.4,200.0,3.08,32,none,True,1,True,normal
34.0,M,13.57,-338.1,200.0,3.0,34,none,False,1,False,normal
32.0,M,12.78,232.0,200.0,3.24,32,none,False,1,False,normal
23.0,M,10.96,97.5,200.0,2.24,34,mixed,False,0,True,MAM
31.0,F,12.69,-297.4,200.0,3.18,34,none,True,0,True,normal
21.0,F,10.65,-81.6,200.0,2.74,39,mixed,True,0,True,normal
35.0,M,13.21,136.6,200.0,3.2,41,none,False,0,False,normal
5.0,F,6.05,-183.5,127.4,2.9,35,exclusive,False,0,True,normal
31.0,F,10.59,-10.2,200.0,3.56,37,none,True,0,True,normal
41.0,F,15.55,-432.6,200.0,3.47,41,none,True,0,False,normal
48.0,F,15.44,-54.0,200.0,3.28,34,none,True,0,True,normal
45.0,M,15.4,430.0,200.0,3.07,34,none,True,0,True,normal
14.0,F,8.59,-155.6,171.9,2.49,36,none,False,1,True,normal
44.0,F,12.34,-97.5,200.0,3.56,35,none,True,0,True,normal
16.0,M,11.41,281.8,200.0,2.93,34,mixed,True,0,True,normal
52.0,M,16.4,481.7,200.0,3.26,37,none,True,0,True,normal
52.0,F,11.95,-248.6,200.0,2.78,40,none,True,0,True,MAM
48.0,F,17.02,243.6,200.0,2.93,36,none,True,0,True,normal
11.0,F,8.9,-153.4,184.1,3.2,40,mixed,True,1,True,normal
13.0,M,9.1,319.2,181.4,2.79,36,none,True,1,True,normal
41.0,F,14.93,-250.0,200.0,3.39,40,none,True,1,True,normal
24.0,F,11.53,-360.2,200.0,2.85,36,none,True,0,True,normal
7.0,M,6.77,154.5,142.8,2.38,36,mixed,False,0,True,normal
1.0,M,5.5,233.7,110.3,2.63,33,mixed,False,1,True,SAM
33.0,M,13.1,198.1,200.0,3.48,36,none,True,1,False,normal
22.0,M,10.13,-131.2,197.8,3.39,37,mixed,True,0,False,normal
52.0,M,14.52,707.0,200.0,3.05,33,none,True,0,True,normal
40.0,M,20.65,-419.1,200.0,3.2,37,none,True,1,True,SAM
44.0,M,13.08,-779.3,200.0,2.1,40,none,False,0,True,normal
13.0,F,9.9,172.0,200.0,3.12,36,none,False,0,False,MAM
47.0,F,12.94,175.1,200.0,2.73,38,none,True,0,True,normal
58.0,F,18.4,-282.2,200.0,3.41,37,none,True,0,True,normal
15.0,F,9.25,-225.3,186.7,3.76,38,none,True,0,True,normal
52.0,F,20.12,-468.0,200.0,2.71,38,none,True,0,False,normal
55.0,F,18.11,363.5,200.0,2.46,40,none,True,1,False,normal
39.0,F,9.05,-666.0,186.5,2.84,37,none,True,0,True,SAM
45.0,F,13.72,-57.1,200.0,3.64,37,none,True,1,True,normal
16.0,M,9.81,-532.9,186.2,3.21,34,mixed,True,0,False,normal
0.0,F,3.06,54.2,90.0,2.36,33,exclusive,False,1,True,SAM
59.0,M,17.11,-28.1,200.0,3.05,33,none,True,2,True,normal
40.0,F,18.84,-32.8,200.0,2.92,32,none,True,0,True,normal
46.0,M,18.58,90.3,200.0,3.26,33,none,True,1,True,normal
54.0,M,14.05,1072.1,200.0,2.87,37,none,False,1,False,normal
57.0,F,11.73,494.0,200.0,3.3,35,none,True,0,False,MAM
49.0,F,17.25,-253.0,200.0,3.42,39,none,False,3,True,normal
55.0,M,16.25,-3.8,200.0,2.46,32,none,False,1,True,normal
34.0,M,14.0,389.2,200.0,3.06,38,none,True,0,True,normal
15.0,M,9.03,-79.3,181.3,3.19,38,mixed,True,0,True,normal
3.0,M,5.44,-94.4,115.7,2.54,33,exclusive,False,1,True,MAM
25.0,M,12.25,722.2,200.0,2.88,39,none,True,0,True,SAM
27.0,F,10.32,267.7,200.0,2.37,32,none,False,0,True,normal
42.0,M,12.55,418.0,200.0,2.56,37,none,True,0,False,SAM
27.0,M,10.76,-256.5,200.0,3.39,32,none,True,0,True,normal
36.0,F,11.09,484.8,200.0,3.81,32,none,False,0,True,normal
7.0,F,8.38,16.9,169.0,3.05,40,none,True,0,True,normal
29.0,F,13.26,101.1,200.0,2.73,39,none,True,0,True,normal
12.0,F,8.81,155.0,178.7,3.22,37,mixed,False,1,False,MAM
45.0,F,14.44,-260.2,200.0,2.55,36,none,True,0,False,normal
58.0,F,15.79,1448.7,200.0,3.1,32,none,True,1,True,normal
19.0,M,11.13,-201.0,200.0,2.76,33,mixed,True,0,True,normal
21.0,M,10.35,6.8,200.0,3.27,39,mixed,False,0,False,normal
19.0,F,8.59,277.4,175.3,3.02,34,none,True,1,True,normal
56.0,M,17.65,-478.8,200.0,2.72,34,none,True,0,True,normal
33.0,M,12.72,-458.4,200.0,2.67,32,none,False,1,False,normal
18.0,F,9.58,262.0,188.8,3.47,36,none,True,0,True,MAM
32.0,M,13.6,351.5,200.0,3.02,32,none,True,0,True,normal
7.0,M,8.42,-183.5,174.4,3.4,32,mixed,False,0,True,normal
57.0,M,15.64,-449.9,200.0,3.25,32,none,True,0,True,normal
19.0,M,11.9,-97.0,200.0,3.3,36,mixed,True,0,True,normal
3.0,F,5.79,89.6,123.5,2.46,35,exclusive,False,1,False,normal
53.0,F,12.47,432.2,200.0,3.14,32,none,True,0,True,normal
14.0,F,7.81,92.4,165.1,3.16,40,none,True,0,True,SAM
49.0,F,17.49,-148.1,200.0,2.85,37,none,True,0,True,normal
6.0,M,7.3,299.8,152.5,3.52,35,mixed,True,0,True,normal
7.0,M,7.63,-137.0,154.6,2.8,32,mixed,True,1,True,normal
53.0,F,15.88,242.5,200.0,3.38,36,none,True,2,True,normal
33.0,F,11.79,-163.2,200.0,2.93,40,none,True,1,True,normal
8.0,F,8.41,-232.9,168.1,3.31,41,mixed,False,0,False,normal
2.0,F,4.47,-2.2,98.5,2.25,39,exclusive,False,0,True,SAM
39.0,F,14.43,-405.7,200.0,2.86,32,none,True,2,True,normal
6.0,M,7.8,112.6,154.6,3.17,36,none,True,0,False,normal
49.0,M,18.43,-236.0,200.0,3.07,34,none,True,0,True,normal
45.0,M,16.03,-536.0,200.0,2.89,32,none,False,0,False,normal
40.0,M,13.37,-1.6,200.0,3.25,38,none,False,2,False,normal
15.0,M,9.25,10.0,186.3,2.8,32,none,True,0,False,normal
37.0,F,11.35,218.2,200.0,2.64,36,none,True,2,True,normal
17.0,M,11.68,-325.0,200.0,3.67,39,mixed,True,0,True,normal
12.0,F,6.61,51.7,135.6,3.03,40,none,True,1,True,MAM
23.0,M,11.46,307.7,200.0,3.15,38,mixed,True,1,False,normal
40.0,M,13.77,43.2,200.0,3.21,41,none,True,1,False,normal
50.0,M,15.94,21.9,200.0,3.44,41,none,False,0,True,normal
9.0,F,6.45,146.5,141.8,3.58,32,none,True,0,True,MAM
20.0,F,11.39,45.8,200.0,2.45,36,mixed,False,0,False,normal
28.0,M,13.86,-459.9,200.0,3.44,40,none,False,0,False,normal
30.0,F,11.7,371.3,200.0,2.8,40,none,False,1,True,normal
11.0,F,8.67,43.9,173.1,2.62,40,mixed,True,0,False,normal
25.0,M,13.41,324.6,200.0,3.24,38,none,True,2,True,normal
24.0,F,11.8,166.8,200.0,3.2,39,none,True,0,False,normal
34.0,F,12.48,130.5,200.0,3.18,34,none,True,0,False,normal
7.0,F,7.04,-220.5,141.0,3.15,32,mixed,True,0,False,normal
54.0,F,15.22,593.7,200.0,3.19,34,none,True,0,True,normal
57.0,M,17.34,157.2,200.0,3.16,40,none,True,0,True,normal
45.0,F,12.8,232.4,200.0,2.53,37,none,True,1,True,SAM
49.0,F,16.26,-366.3,200.0,3.05,32,none,True,0,True,normal
25.0,F,12.42,-318.4,200.0,3.34,39,none,True,0,True,normal
19.0,F,9.28,-435.1,186.3,3.22,40,none,True,0,True,normal
20.0,M,10.93,98.8,200.0,3.08,32,mixed,False,1,True,MAM
20.0,M,10.54,648.4,200.0,2.29,34,mixed,True,0,True,normal
22.0,F,13.02,37.2,200.0,3.59,39,mixed,False,0,True,normal
32.0,F,11.61,-604.2,200.0,3.48,32,none,True,0,True,normal
14.0,F,8.3,-151.3,171.7,3.81,37,none,False,1,False,normal
45.0,F,13.01,-55.1,200.0,2.48,41,none,True,1,False,normal
36.0,M,16.69,-28.2,200.0,2.89,36,none,True,0,False,normal
34.0,M,15.84,96.9,200.0,3.29,34,none,True,1,True,normal
6.0,F,7.0,30.2,145.5,3.13,39,mixed,True,1,True,normal
30.0,M,13.52,180.3,200.0,2.23,34,none,True,0,True,normal
48.0,M,14.24,29.4,200.0,3.22,34,none,False,1,False,MAM
37.0,M,18.88,504.5,200.0,2.97,39,none,False,0,False,normal
16.0,F,8.6,-11.8,168.6,2.98,41,none,True,0,True,normal
20.0,M,10.78,171.2,200.0,3.19,32,mixed,True,0,True,normal
16.0,M,9.24,195.1,186.1,3.11,39,mixed,False,1,True,normal
37.0,F,13.6,236.1,200.0,3.1,37,none,True,0,False,normal
37.0,F,13.3,-159.8,200.0,3.62,35,none,True,0,False,normal
32.0,F,13.52,936.1,200.0,2.33,38,none,True,0,True,normal
59.0,M,15.83,-100.2,200.0,2.91,37,none,True,1,True,normal
39.0,F,10.4,-165.6,200.0,3.12,39,none,True,0,True,MAM
15.0,M,10.49,223.5,200.0,2.46,40,mixed,True,0,False,normal
1.0,F,4.26,19.4,90.0,2.26,35,exclusive,False,0,True,SAM
49.0,M,13.44,-150.4,200.0,3.71,33,none,True,1,True,normal
1.0,F,3.89,-145.3,90.0,2.98,36,mixed,False,0,True,SAM
28.0,F,12.24,310.2,200.0,2.67,32,none,True,0,True,SAM
24.0,F,10.34,-50.2,200.0,2.71,40,none,False,0,False,normal
9.0,F,8.92,235.3,178.4,2.87,36,mixed,True,0,True,normal
31.0,M,11.56,713.1,200.0,2.69,34,none,True,0,False,normal
5.0,M,6.96,3.2,137.8,3.12,38,exclusive,False,0,True,normal
29.0,M,17.2,284.0,200.0,3.24,38,none,True,0,True,normal
12.0,F,6.74,-184.8,139.4,3.16,35,mixed,False,1,True,MAM
57.0,M,17.9,786.2,200.0,3.23,41,none,True,0,True,normal
55.0,M,14.04,178.4,200.0,3.13,38,none,True,0,True,normal
57.0,F,19.42,-371.6,200.0,2.61,32,none,True,0,True,normal
3.0,F,4.63,-266.3,97.2,2.36,32,exclusive,False,2,True,SAM
59.0,F,12.85,-125.5,200.0,3.98,35,none,True,0,True,normal
16.0,M,11.84,561.5,200.0,2.11,39,mixed,True,0,True,normal
9.0,F,8.22,-25.1,161.6,3.01,33,mixed,True,0,True,normal
53.0,M,14.78,-493.3,200.0,3.14,34,none,True,0,True,normal
56.0,F,16.13,687.4,200.0,2.88,41,none,True,0,True,normal
49.0,F,14.8,564.8,200.0,2.98,38,none,False,0,True,normal
8.0,F,7.64,-297.3,152.5,2.75,34,mixed,True,1,True,normal
18.0,F,9.54,-166.0,185.8,2.75,36,none,True,1,True,normal
35.0,F,13.41,116.5,200.0,3.3,41,none,True,0,True,normal
26.0,F,9.48,-216.8,186.1,2.55,35,none,True,0,True,normal
16.0,F,9.06,-125.7,183.5,3.4,41,mixed,False,1,True,normal
12.0,M,9.66,452.1,197.6,2.87,37,none,True,0,False,normal
39.0,F,14.84,654.2,200.0,2.95,32,none,True,1,True,normal
20.0,F,10.78,-314.6,200.0,2.61,39,mixed,False,1,False,normal
57.0,F,17.63,272.2,200.0,3.06,33,none,True,0,True,normal
8.0,F,7.71,3.5,156.6,2.61,33,none,True,0,True,normal
47.0,M,17.21,-46.7,200.0,2.78,35,none,True,0,True,normal
29.0,F,13.42,232.9,200.0,2.96,36,none,True,0,True,normal
54.0,F,16.68,-389.5,200.0,2.96,37,none,True,0,True,normal
23.0,F,13.21,-307.0,200.0,2.81,39,none,True,0,False,normal
47.0,F,13.83,432.2,200.0,2.67,38,none,True,2,True,normal
10.0,M,7.76,127.0,150.6,3.33,41,mixed,True,0,False,normal
16.0,F,12.07,-52.2,200.0,3.51,33,mixed,True,1,True,normal
32.0,M,13.96,-261.7,200.0,3.45,34,none,True,0,True,normal
6.0,M,6.81,84.2,143.6,3.4,32,mixed,True,0,False,SAM
42.0,F,12.43,138.4,200.0,2.58,38,none,True,1,True,normal
1.0,M,6.79,57.5,138.7,2.26,35,exclusive,False,0,True,normal
25.0,M,9.81,-96.6,200.0,3.15,34,none,True,0,True,MAM
20.0,M,12.38,135.8,200.0,3.21,40,none,False,1,False,normal
55.0,F,15.59,224.9,200.0,3.24,32,none,False,0,False,normal
45.0,F,13.29,166.9,200.0,2.16,40,none,True,0,True,normal
58.0,M,23.5,-26.3,200.0,3.16,41,none,True,1,True,normal
54.0,M,14.43,583.3,200.0,3.11,32,none,True,0,True,normal
17.0,F,7.41,145.1,159.9,2.9,34,mixed,True,0,False,MAM
7.0,M,8.27,118.0,166.3,3.02,38,none,True,2,True,normal
35.0,F,13.88,1162.8,200.0,2.72,40,none,True,1,False,normal
33.0,F,13.84,-317.2,200.0,3.49,33,none,True,0,True,normal
47.0,F,16.07,9.0,200.0,2.58,35,none,False,1,False,normal
56.0,F,19.88,-137.0,200.0,3.19,33,none,True,1,True,normal
37.0,F,16.29,-131.6,200.0,3.45,41,none,True,0,True,normal
44.0,M,13.53,138.9,200.0,2.93,33,none,True,0,True,normal
25.0,F,11.89,-92.5,200.0,2.9,39,none,True,0,False,normal
19.0,F,9.46,-77.3,195.0,2.73,41,mixed,False,0,True,normal
2.0,M,4.75,182.2,103.8,2.9,38,exclusive,False,1,True,SAM
47.0,F,13.12,-257.2,200.0,3.0,36,none,True,0,True,normal
42.0,F,14.57,15.0,200.0,3.1,34,none,True,0,True,normal
0.0,F,4.69,-41.0,102.8,3.05,38,exclusive,False,0,True,SAM
57.0,M,18.03,261.0,200.0,3.73,32,none,False,0,True,normal
34.0,M,13.66,-157.7,200.0,2.9,35,none,True,0,True,normal
29.0,M,11.83,124.8,200.0,2.1,38,none,True,0,True,normal
39.0,F,10.9,-386.2,200.0,3.34,33,none,True,0,False,normal
39.0,M,14.78,-138.7,200.0,2.13,40,none,False,0,True,normal
14.0,M,8.19,-94.4,161.0,3.35,32,mixed,False,0,True,normal
52.0,F,12.52,869.6,200.0,3.19,33,none,True,0,True,normal
6.0,F,5.68,269.2,121.0,2.57,40,mixed,True,1,True,MAM
40.0,M,12.68,-489.1,200.0,2.81,39,none,True,1,True,normal
24.0,F,11.02,-448.4,200.0,2.95,37,none,True,0,False,normal
58.0,M,20.19,138.6,200.0,3.54,36,none,True,1,True,normal
44.0,F,14.54,-568.1,200.0,2.4,37,none,True,0,True,normal
25.0,F,11.55,552.5,200.0,2.83,36,none,True,0,True,normal
59.0,F,16.32,-509.9,200.0,2.57,41,none,True,0,True,normal
20.0,M,10.08,-41.2,194.1,3.24,38,mixed,True,0,False,normal
59.0,M,18.15,-39.1,200.0,2.75,33,none,True,0,False,normal
49.0,M,21.37,-364.3,200.0,2.7,41,none,True,0,True,SAM
4.0,F,5.75,130.1,123.1,2.98,39,exclusive,False,1,False,MAM
51.0,M,19.91,-478.6,200.0,2.87,33,none,True,0,True,normal
58.0,M,14.21,-244.1,200.0,3.1,35,none,True,0,False,normal
53.0,M,18.1,-330.3,200.0,3.3,32,none,True,0,True,normal
40.0,F,16.31,-285.9,200.0,3.38,33,none,False,0,False,normal
30.0,M,11.31,113.5,200.0,3.03,33,none,True,0,True,normal
26.0,F,13.9,276.9,200.0,3.72,32,none,True,0,True,normal
26.0,M,12.56,-308.0,200.0,3.42,39,none,True,1,True,normal
18.0,F,9.46,313.1,188.8,3.4,33,mixed,True,0,False,normal
24.0,M,14.17,117.7,200.0,3.32,41,none,False,0,True,normal
20.0,M,11.4,-36.3,200.0,1.77,35,mixed,True,0,False,SAM
43.0,F,14.98,-42.0,200.0,3.12,34,none,False,1,True,normal
27.0,M,13.41,-91.2,200.0,3.06,39,none,True,0,False,normal
28.0,F,14.44,-502.1,200.0,3.34,40,none,True,0,True,normal
5.0,M,7.88,157.4,158.5,3.47,39,exclusive,False,0,True,normal
3.0,F,5.55,98.7,117.5,2.58,39,exclusive,False,0,False,SAM
4.0,M,8.5,-31.9,168.3,3.66,34,mixed,False,0,False,normal
22.0,F,11.58,-269.2,200.0,3.34,32,mixed,False,0,True,normal
13.0,M,8.52,-319.4,165.0,2.53,32,mixed,True,0,True,normal
48.0,F,13.76,-266.3,200.0,2.75,41,none,True,0,False,normal
55.0,F,14.04,69.3,200.0,2.62,37,none,True,1,True,normal
38.0,M,12.66,29.8,200.0,2.62,36,none,True,0,True,normal
4.0,F,6.9,203.3,145.4,2.69,41,mixed,False,1,True,normal
27.0,M,12.52,97.0,200.0,3.15,34,none,True,0,False,normal
10.0,F,7.51,-80.0,150.6,2.49,39,mixed,True,0,True,normal
27.0,M,12.72,93.9,200.0,2.95,35,none,True,0,True,normal
56.0,F,18.0,-241.7,200.0,3.11,37,none,True,0,True,normal
17.0,M,9.48,150.6,190.4,3.44,32,none,True,1,False,normal
17.0,F,9.84,-595.9,191.5,2.86,32,none,True,0,True,normal
0.0,M,3.34,-4.8,90.0,3.9,35,exclusive,False,1,True,SAM
43.0,M,16.35,-20.2,200.0,2.96,41,none,True,1,False,normal
51.0,F,12.6,-476.0,200.0,3.35,41,none,True,0,True,normal
38.0,M,14.33,324.7,200.0,2.78,37,none,True,0,True,normal
55.0,F,18.95,161.6,200.0,3.42,40,none,True,0,False,normal
6.0,M,7.35,130.4,149.3,2.66,34,mixed,True,0,False,normal
42.0,F,16.57,-336.3,200.0,3.03,33,none,True,1,True,normal
42.0,M,9.97,292.3,197.0,3.46,34,none,True,1,True,SAM
35.0,F,12.12,14.8,200.0,2.99,38,none,True,0,True,normal
28.0,M,11.67,-6.6,200.0,2.85,39,none,True,0,True,normal
46.0,M,19.27,-65.6,200.0,2.45,35,none,True,1,False,normal
3.0,M,5.78,-5.5,127.2,2.47,37,exclusive,False,0,False,normal
37.0,M,11.46,-268.1,200.0,2.59,38,none,True,0,True,MAM
42.0,F,11.76,-17.1,200.0,3.36,34,none,True,0,True,normal
48.0,M,15.15,878.7,200.0,2.91,32,none,True,2,True,normal
27.0,F,12.69,164.3,200.0,3.03,35,none,True,1,True,normal
20.0,F,10.52,-313.4,200.0,2.82,41,mixed,True,0,True,normal
28.0,F,12.19,-176.4,200.0,3.18,38,none,False,0,True,normal
48.0,M,18.04,237.5,200.0,2.56,39,none,True,0,True,normal
11.0,M,9.44,-53.3,179.6,3.01,38,none,True,0,True,normal
25.0,M,10.73,-130.0,200.0,2.69,32,none,True,0,True,normal
2.0,M,4.23,21.1,95.2,2.87,40,exclusive,False,0,True,SAM
25.0,M,10.18,337.0,200.0,3.13,38,none,True,0,True,normal
58.0,F,17.66,-198.1,200.0,3.1,33,none,True,0,True,normal
43.0,M,13.87,-107.8,200.0,2.94,41,none,True,0,True,normal
37.0,M,15.87,-303.6,200.0,2.27,34,none,True,0,True,normal
6.0,M,8.18,-111.8,162.7,3.1,40,mixed,True,1,False,normal
55.0,F,16.65,-93.1,200.0,3.4,34,none,False,0,True,normal
54.0,F,17.05,510.5,200.0,3.23,38,none,True,1,True,normal
1.0,F,4.15,-24.5,96.1,2.97,34,exclusive,False,1,False,SAM
10.0,F,7.79,163.6,158.4,2.9,33,mixed,True,0,True,normal
25.0,F,9.0,135.6,176.7,3.12,36,none,True,0,True,MAM
21.0,F,10.48,109.0,200.0,2.8,39,mixed,True,0,False,SAM
37.0,M,12.27,-154.0,200.0,2.95,35,none,True,0,True,normal
58.0,M,19.08,594.4,200.0,3.41,37,none,True,0,False,normal
35.0,M,13.59,-288.8,200.0,2.28,41,none,True,1,True,normal
38.0,F,13.31,383.1,200.0,3.06,40,none,True,0,True,normal
2.0,F,4.64,36.1,101.7,3.32,37,exclusive,False,1,True,SAM
27.0,F,8.66,277.1,171.2,3.49,33,none,False,1,True,MAM
40.0,F,14.44,28.5,200.0,2.73,39,none,True,0,True,normal
59.0,M,18.98,626.0,200.0,2.71,40,none,False,1,True,normal
14.0,M,10.35,-25.2,200.0,2.62,35,mixed,True,0,True,normal
47.0,M,15.13,11.4,200.0,3.36,41,none,False,0,True,normal
48.0,F,14.79,337.9,200.0,3.23,39,none,True,0,True,normal
6.0,M,7.79,-192.5,156.9,2.8,37,mixed,False,0,True,normal
6.0,M,6.86,30.6,141.6,2.78,34,mixed,True,0,True,normal
19.0,F,10.71,-22.4,199.3,3.43,40,mixed,False,0,False,normal
52.0,F,12.56,726.4,200.0,3.02,40,none,True,1,True,normal
45.0,F,13.07,-877.5,200.0,2.41,39,none,False,0,True,normal
6.0,F,6.08,181.5,136.3,2.96,38,mixed,True,1,True,normal
50.0,M,18.95,-779.0,200.0,2.73,33,none,True,1,True,normal
0.0,F,3.37,25.6,90.0,3.04,34,exclusive,False,0,False,MAM
2.0,M,6.39,140.6,133.4,2.76,35,mixed,False,0,True,normal
8.0,M,7.26,-246.8,147.8,2.6,41,none,True,0,False,normal
19.0,F,9.35,-83.7,188.4,2.69,38,mixed,True,0,True,normal
52.0,F,18.78,169.0,200.0,3.15,39,none,False,0,True,normal
46.0,F,16.43,-668.5,200.0,3.82,34,none,True,0,True,normal
49.0,F,14.51,364.5,200.0,3.32,41,none,False,0,True,normal
29.0,F,11.53,338.4,200.0,2.65,34,none,True,0,False,normal
15.0,M,8.66,129.6,168.8,3.1,34,mixed,True,0,True,normal
17.0,F,8.46,-0.5,164.3,3.3,38,mixed,True,0,True,normal
24.0,M,10.96,-497.1,200.0,2.81,32,none,True,1,True,MAM
45.0,M,16.89,121.7,200.0,2.62,37,none,True,0,True,normal
11.0,M,9.47,474.4,188.9,2.7,41,mixed,True,1,False,normal
17.0,F,11.0,291.9,200.0,3.05,35,mixed,True,0,False,normal
25.0,M,12.66,-34.1,200.0,3.43,34,none,False,2,False,normal
24.0,M,10.97,-216.8,200.0,3.65,37,none,True,1,True,normal
44.0,M,15.51,690.8,200.0,2.58,38,none,True,1,False,normal
8.0,F,7.81,47.7,150.6,2.73,38,mixed,True,0,True,normal
56.0,F,16.7,456.8,200.0,3.0,34,none,True,0,False,normal
15.0,F,9.06,-79.6,181.7,2.87,41,none,True,0,False,normal
39.0,M,17.55,288.9,200.0,2.97,34,none,True,0,True,normal
27.0,F,11.09,-59.7,200.0,3.49,36,none,True,0,True,normal
6.0,M,6.62,-12.3,133.4,3.64,33,mixed,True,0,True,normal
27.0,F,12.05,197.4,200.0,3.47,39,none,False,0,True,normal
20.0,M,11.01,80.4,200.0,3.01,40,mixed,False,0,True,normal
26.0,F,10.62,282.3,200.0,2.34,39,none,True,0,True,normal
40.0,M,12.4,-67.5,200.0,3.29,35,none,True,0,True,normal
15.0,F,12.5,-289.7,200.0,3.41,38,none,True,0,False,normal
39.0,M,15.04,0.2,200.0,3.29,33,none,True,1,False,normal
43.0,F,16.92,63.8,200.0,2.65,39,none,False,0,True,normal
43.0,F,16.87,249.8,200.0,3.22,36,none,True,0,True,normal
40.0,F,14.59,311.5,200.0,3.15,36,none,False,1,True,normal
4.0,M,5.92,-96.9,127.2,2.61,32,exclusive,False,0,True,normal
26.0,F,13.87,247.8,200.0,3.76,41,none,True,0,True,normal
4.0,M,6.57,-49.2,139.3,2.76,38,exclusive,False,0,True,normal
43.0,M,13.92,-901.1,200.0,2.7,37,none,True,0,True,normal
15.0,M,10.47,111.5,200.0,3.52,35,mixed,True,0,True,normal
16.0,M,10.27,340.6,200.0,3.27,41,mixed,False,1,True,normal
12.0,F,8.84,-14.4,177.0,3.24,36,mixed,True,1,False,normal
58.0,F,11.36,259.9,200.0,3.05,38,none,True,0,False,MAM
54.0,M,20.64,448.7,200.0,2.6,35,none,True,0,True,normal
38.0,M,13.76,65.0,200.0,3.2,34,none,False,1,True,normal
32.0,F,10.29,-246.8,200.0,3.54,41,none,True,1,True,normal
48.0,F,11.64,262.8,200.0,2.97,40,none,False,0,True,normal
33.0,M,14.04,522.8,200.0,2.78,33,none,False,0,True,normal
40.0,F,11.79,26.9,200.0,3.37,36,none,True,0,False,normal
54.0,M,17.1,-163.9,200.0,3.54,38,none,True,1,True,normal
1.0,F,4.05,50.6,92.8,2.72,41,exclusive,False,2,True,SAM
57.0,M,17.0,215.1,200.0,3.08,39,none,True,0,True,normal
40.0,M,15.06,-1698.8,200.0,3.77,40,none,True,1,False,normal
36.0,F,13.87,420.6,200.0,3.23,34,none,True,1,False,normal
51.0,F,11.17,-683.1,200.0,2.36,40,none,False,1,False,MAM
52.0,M,15.8,-892.7,200.0,3.0,38,none,True,1,True,normal
53.0,M,18.6,-52.4,200.0,2.93,35,none,True,1,False,SAM
43.0,F,13.38,-204.8,200.0,3.15,37,none,False,0,True,normal
20.0,M,10.54,-199.3,200.0,3.61,36,none,True,0,True,normal
21.0,M,10.87,391.4,200.0,3.1,37,mixed,True,0,False,SAM
53.0,F,18.4,264.6,200.0,2.6,38,none,True,0,False,normal
16.0,F,10.58,-655.7,200.0,2.4,41,none,True,0,True,normal
37.0,F,14.08,59.9,200.0,3.01,36,none,True,0,True,normal
36.0,F,15.3,-477.9,200.0,3.01,38,none,True,0,True,normal
34.0,M,14.15,238.6,200.0,3.45,36,none,True,0,True,normal
10.0,M,9.76,-295.4,187.7,2.95,34,mixed,True,1,False,normal
50.0,F,15.61,-380.6,200.0,3.13,34,none,False,0,True,normal
6.0,M,7.34,49.3,148.2,2.96,40,mixed,True,0,True,normal
46.0,M,17.51,1067.9,200.0,3.05,38,none,True,1,False,normal
15.0,M,9.41,13.7,194.5,2.64,34,mixed,True,1,False,normal
14.0,M,11.08,-177.2,200.0,2.9,34,mixed,True,0,True,normal
33.0,F,13.83,386.5,200.0,2.85,40,none,True,0,True,normal
32.0,F,16.11,163.6,200.0,3.35,37,none,True,0,True,normal
27.0,F,12.14,-98.6,200.0,3.06,37,none,True,0,True,normal
58.0,F,23.62,-200.7,200.0,2.56,38,none,True,0,True,normal
47.0,M,17.29,-334.1,200.0,2.43,41,none,True,0,True,normal
8.0,F,9.16,147.0,186.8,3.23,36,mixed,False,0,True,normal
22.0,M,10.37,-53.6,200.0,3.45,38,mixed,False,2,True,normal
35.0,F,13.77,-209.0,200.0,2.89,41,none,False,1,True,normal
51.0,F,15.27,-578.0,200.0,2.8,32,none,False,2,False,normal
43.0,M,14.68,315.7,200.0,3.15,39,none,False,0,True,normal
7.0,M,9.97,220.1,197.7,3.23,36,none,True,0,True,normal
47.0,M,14.77,-73.7,200.0,3.69,35,none,True,0,True,normal
15.0,M,11.95,69.1,200.0,3.21,40,mixed,False,1,True,normal
16.0,M,9.91,403.1,200.0,2.5,32,mixed,True,1,True,normal
17.0,M,9.61,-32.5,190.8,2.54,33,mixed,False,0,True,normal
7.0,F,5.8,-204.5,125.0,3.49,40,mixed,True,0,True,MAM
20.0,M,8.47,196.0,163.3,2.92,38,mixed,True,0,True,MAM
32.0,F,14.72,-126.3,200.0,3.64,32,none,True,0,True,normal
7.0,F,7.44,267.2,153.6,2.92,35,none,True,1,True,normal
30.0,M,11.99,-438.1,200.0,3.6,37,none,True,0,True,normal
14.0,M,9.6,-72.1,191.5,2.15,34,mixed,False,0,True,normal
9.0,M,7.28,67.5,155.5,2.45,38,mixed,False,0,False,normal
39.0,F,14.55,-377.2,200.0,2.92,39,none,True,0,True,normal
30.0,M,12.85,-266.7,200.0,3.41,41,none,True,1,True,normal
20.0,F,8.63,172.2,167.9,3.04,36,mixed,True,0,False,normal
31.0,F,15.3,476.4,200.0,2.88,41,none,False,0,True,normal
31.0,M,16.51,-9.9,200.0,2.46,39,none,False,0,True,normal
32.0,M,14.42,-43.7,200.0,2.84,41,none,False,0,True,normal
27.0,M,13.24,-146.2,200.0,2.91,37,none,True,0,False,normal
31.0,M,13.71,549.0,200.0,3.26,35,none,True,0,True,normal
41.0,F,15.41,113.9,200.0,1.96,34,none,True,0,True,normal
28.0,M,11.35,-661.3,200.0,2.56,36,none,True,0,True,normal
21.0,M,10.37,76.6,199.4,2.79,40,mixed,True,0,False,normal
37.0,F,15.16,-12.2,200.0,2.72,36,none,True,2,True,normal
25.0,F,10.21,-60.7,200.0,3.06,36,none,True,0,False,normal
11.0,M,8.03,-60.2,160.8,3.4,38,mixed,True,0,True,normal
35.0,F,13.78,460.7,200.0,2.94,34,none,True,0,False,normal
11.0,F,8.35,-162.0,160.0,3.58,41,none,False,1,False,normal
55.0,M,15.53,-327.8,200.0,3.51,40,none,True,0,True,normal
20.0,F,8.77,-29.9,182.9,2.34,40,mixed,False,1,True,normal
9.0,M,8.15,307.7,166.8,1.93,37,mixed,True,1,True,normal
22.0,M,9.95,472.8,198.0,3.14,32,mixed,True,0,True,normal
57.0,F,18.32,-936.8,200.0,3.4,35,none,False,2,True,normal
52.0,F,17.46,-606.3,200.0,2.82,33,none,True,0,True,normal
45.0,M,13.75,54.3,200.0,2.67,35,none,True,0,True,normal
56.0,F,19.72,-375.8,200.0,2.75,33,none,False,0,False,normal
42.0,M,15.02,303.5,200.0,3.0,39,none,True,0,True,normal
8.0,F,7.32,31.4,152.7,2.88,33,none,False,0,True,normal
7.0,F,8.18,12.3,172.4,2.9,38,none,True,0,False,normal
52.0,M,18.73,-22.9,200.0,3.49,33,none,False,0,True,MAM
43.0,M,15.24,-109.1,200.0,3.4,34,none,True,0,True,normal
19.0,M,10.81,-251.4,200.0,3.19,36,mixed,True,0,True,normal
46.0,M,17.56,-36.8,200.0,3.15,35,none,True,1,True,normal
7.0,F,8.05,285.8,166.8,3.23,38,mixed,False,0,True,normal
50.0,M,18.56,-430.7,200.0,2.66,38,none,True,0,True,normal
15.0,F,7.93,-365.8,155.8,3.39,41,mixed,True,1,True,normal
13.0,M,12.07,-319.8,200.0,2.42,40,mixed,True,0,True,MAM
54.0,F,17.02,803.1,200.0,2.98,32,none,False,2,True,normal
27.0,M,12.7,782.1,200.0,2.83,38,none,False,0,False,normal
5.0,M,7.02,-236.6,137.9,3.15,32,exclusive,False,0,False,normal
19.0,F,8.99,171.1,176.6,3.48,39,mixed,False,0,True,normal
12.0,F,9.04,-123.4,189.0,3.62,35,mixed,False,0,True,normal
18.0,F,11.37,454.3,200.0,2.79,34,mixed,True,1,True,normal
30.0,M,13.73,691.2,200.0,3.05,41,none,False,0,False,normal
44.0,F,14.07,-160.7,200.0,3.29,37,none,True,0,False,normal
21.0,M,9.44,-118.5,189.5,2.44,38,mixed,False,0,True,normal
8.0,M,7.2,-142.8,150.5,2.62,35,mixed,True,0,False,normal
17.0,F,9.1,-32.9,177.3,3.7,41,mixed,False,2,True,normal
45.0,M,19.08,-42.2,200.0,3.26,33,none,False,0,True,normal
44.0,F,16.31,-463.5,200.0,2.9,36,none,True,0,True,normal
5.0,F,6.79,156.5,144.5,3.57,34,mixed,False,0,True,SAM
29.0,F,11.76,22.6,200.0,3.65,39,none,True,1,True,normal
7.0,F,7.64,24.6,152.8,3.11,40,mixed,True,0,True,normal
22.0,F,10.3,215.8,200.0,3.27,36,mixed,True,0,False,normal
15.0,M,10.17,-188.4,194.0,2.98,35,mixed,True,0,True,normal
56.0,F,14.4,-171.8,200.0,3.26,37,none,True,0,True,normal
31.0,F,14.06,-125.6,200.0,2.98,41,none,True,1,True,normal
47.0,F,20.18,527.8,200.0,4.12,34,none,True,0,True,normal
19.0,M,10.03,119.4,196.0,3.17,33,mixed,False,0,False,normal
32.0,M,11.82,148.2,200.0,3.43,36,none,True,0,False,normal
28.0,F,13.33,126.9,200.0,2.06,40,none,True,0,True,normal
17.0,F,7.96,341.4,156.6,2.91,36,mixed,True,0,True,normal
31.0,F,11.51,-2.6,200.0,3.68,40,none,True,1,True,normal
50.0,M,15.59,-298.4,200.0,3.25,32,none,True,0,False,normal
23.0,M,12.23,-104.3,200.0,3.47,37,none,False,0,True,normal
13.0,F,10.38,313.7,200.0,2.97,41,mixed,True,0,True,normal
5.0,F,6.24,51.3,132.0,2.85,36,exclusive,False,0,True,normal
21.0,F,10.53,117.0,200.0,3.49,37,mixed,True,0,True,SAM
54.0,M,19.45,400.5,200.0,3.26,40,none,True,0,False,normal
3.0,F,5.55,107.1,115.4,2.57,34,exclusive,False,0,True,SAM
22.0,M,11.52,10.7,200.0,2.94,32,none,False,0,True,normal
4.0,F,5.61,13.0,121.0,2.79,33,exclusive,False,0,True,MAM
33.0,M,11.34,34.8,200.0,2.87,38,none,True,1,False,normal
45.0,M,14.06,-437.0,200.0,3.01,35,none,True,0,True,MAM
11.0,M,8.65,-125.2,169.3,3.55,41,mixed,True,0,False,normal
43.0,F,18.61,980.4,200.0,2.96,39,none,True,0,True,normal
58.0,M,15.12,-95.7,200.0,2.53,38,none,True,0,True,normal
47.0,M,20.89,-174.5,200.0,3.71,35,none,True,1,True,normal
59.0,M,19.27,-545.0,200.0,3.73,35,none,True,1,True,normal
27.0,F,9.98,-71.0,195.8,2.87,38,none,True,0,True,normal
33.0,M,11.77,7.9,200.0,2.86,35,none,True,0,True,normal
52.0,F,15.8,-360.8,200.0,2.54,40,none,True,0,True,normal
25.0,M,13.59,-150.6,200.0,3.18,38,none,True,1,True,normal
31.0,F,13.89,-22.3,200.0,2.45,32,none,False,1,False,normal
28.0,F,9.73,458.3,190.0,3.59,35,none,True,1,True,normal
5.0,M,7.8,26.1,156.9,2.94,37,exclusive,False,0,True,normal
20.0,F,9.66,-278.2,198.9,3.35,41,none,True,0,True,normal
1.0,F,3.64,221.0,90.0,2.44,37,exclusive,False,0,True,SAM
32.0,F,10.52,367.5,200.0,2.96,39,none,True,1,True,normal
25.0,F,13.89,-86.6,200.0,2.3,34,none,True,0,True,normal
54.0,M,17.26,-344.9,200.0,3.77,35,none,True,1,True,normal
50.0,F,17.6,-60.8,200.0,3.27,39,none,True,2,False,normal
47.0,F,14.73,-461.3,200.0,3.02,35,none,True,0,True,normal
45.0,F,14.06,-418.1,200.0,3.42,37,none,False,1,False,normal
23.0,F,10.55,73.0,200.0,3.16,37,none,True,0,True,normal
55.0,F,15.57,817.5,200.0,3.3,37,none,True,0,True,normal
22.0,F,7.08,350.4,150.4,2.88,41,mixed,True,0,True,SAM
59.0,F,16.44,-503.4,200.0,3.9,37,none,True,0,True,normal
9.0,M,8.32,111.9,165.4,3.26,40,mixed,False,1,True,normal
24.0,F,10.9,-315.3,200.0,2.65,41,none,True,0,False,normal
25.0,F,12.56,-90.1,200.0,3.06,33,none,True,0,True,normal
7.0,F,6.4,-30.7,127.7,2.96,39,none,True,0,False,normal
13.0,M,8.11,-182.8,169.4,3.19,36,none,False,1,True,normal
43.0,F,19.58,252.3,200.0,3.27,35,none,True,1,True,normal
28.0,M,10.71,443.6,200.0,2.92,34,none,True,0,True,normal
51.0,M,15.53,-346.9,200.0,2.44,33,none,True,1,True,normal
20.0,M,10.34,-27.5,200.0,2.19,37,mixed,True,0,True,normal
17.0,F,12.52,194.4,200.0,3.68,40,mixed,True,0,True,normal
51.0,F,14.46,270.0,200.0,2.92,33,none,True,1,True,normal
20.0,F,10.69,377.5,200.0,3.43,35,none,True,0,True,normal
45.0,M,11.95,230.7,200.0,3.79,39,none,False,1,True,MAM
59.0,F,13.8,183.6,200.0,3.3,32,none,True,0,True,normal
25.0,M,12.03,215.2,200.0,2.88,32,none,True,0,True,normal
52.0,F,13.4,-332.4,200.0,2.7,35,none,True,0,True,normal
41.0,F,11.12,-235.7,200.0,2.84,34,none,True,0,True,normal
23.0,F,9.77,43.3,194.3,2.76,32,none,True,0,False,normal
22.0,F,10.97,-49.4,200.0,3.67,38,mixed,True,1,True,normal
32.0,F,11.05,372.8,200.0,3.05,33,none,True,0,True,normal
11.0,F,9.02,158.1,181.4,3.21,33,mixed,False,0,True,normal
46.0,M,12.14,1098.5,200.0,3.6,37,none,True,1,True,MAM
37.0,M,14.63,351.0,200.0,2.97,39,none,True,1,True,normal
30.0,F,14.21,-709.7,200.0,2.87,35,none,False,1,False,normal
26.0,M,13.39,-10.0,200.0,2.75,40,none,True,0,False,normal
40.0,M,15.85,-210.2,200.0,3.5,40,none,False,0,True,MAM
42.0,F,11.44,225.4,200.0,2.93,38,none,True,2,True,normal
19.0,F,11.49,302.0,200.0,2.95,37,none,False,0,True,normal
38.0,F,13.63,-610.0,200.0,2.98,41,none,True,0,True,normal
1.0,M,3.95,28.9,90.0,2.83,33,exclusive,False,0,True,SAM
24.0,F,17.42,132.6,200.0,3.34,33,none,True,0,True,normal
58.0,F,20.71,260.7,200.0,3.17,33,none,True,0,False,normal
16.0,M,11.2,71.7,200.0,2.5,35,mixed,True,1,True,normal
37.0,F,14.69,247.3,200.0,2.45,39,none,True,0,True,normal
28.0,F,14.53,432.0,200.0,2.96,33,none,True,0,True,normal
19.0,F,9.48,82.1,189.5,2.75,33,none,True,2,True,normal
5.0,M,6.66,214.9,135.6,2.6,40,exclusive,False,1,True,normal
32.0,M,13.22,-166.4,200.0,3.52,34,none,True,0,True,normal
47.0,M,15.74,-182.1,200.0,2.41,34,none,False,1,True,normal
36.0,F,13.25,239.9,200.0,3.23,39,none,True,0,False,normal
30.0,F,10.6,301.8,200.0,3.43,37,none,True,0,True,normal
22.0,F,13.39,29.7,200.0,3.44,37,mixed,True,0,True,normal
11.0,M,7.87,107.0,163.2,2.61,33,none,True,1,True,SAM
25.0,M,14.45,-188.9,200.0,2.58,35,none,False,1,True,normal
52.0,F,14.15,270.1,200.0,3.19,38,none,True,0,False,normal
17.0,F,8.43,-109.8,178.3,2.7,33,mixed,True,2,True,SAM
34.0,M,12.82,546.1,200.0,3.42,33,none,True,0,True,normal
26.0,F,10.16,93.1,200.0,2.9,37,none,False,0,False,MAM
30.0,M,11.99,-26.6,200.0,2.82,34,none,True,3,False,normal
40.0,F,17.15,8.9,200.0,2.81,32,none,True,0,True,normal
30.0,F,8.46,-345.6,176.1,3.33,37,none,True,0,True,SAM
18.0,M,9.42,296.3,187.8,2.85,41,none,True,0,True,normal
21.0,M,10.61,-246.7,200.0,2.92,36,none,True,0,True,normal
45.0,M,14.45,219.0,200.0,3.55,38,none,False,0,True,normal
30.0,M,13.0,-104.3,200.0,3.27,41,none,True,0,True,normal
17.0,M,10.34,41.9,200.0,3.54,38,mixed,False,0,True,normal
40.0,F,13.21,-277.1,200.0,2.25,40,none,True,0,False,normal
56.0,M,16.95,-216.5,200.0,2.94,33,none,True,0,True,normal
56.0,F,15.7,-362.1,200.0,2.46,41,none,True,1,False,normal
24.0,F,11.13,67.6,200.0,2.41,35,none,True,2,True,normal
26.0,F,12.76,-247.3,200.0,3.37,40,none,False,1,True,normal
26.0,F,9.61,77.0,190.4,3.22,39,none,False,1,True,normal
53.0,M,18.71,-338.7,200.0,3.58,36,none,False,0,True,normal
27.0,M,12.46,-208.5,200.0,2.66,37,none,True,1,True,normal
54.0,F,18.87,513.7,200.0,2.07,40,none,False,0,True,MAM
5.0,M,7.51,246.7,151.0,2.98,36,exclusive,False,0,True,normal
3.0,F,5.68,84.6,118.7,3.06,39,exclusive,False,1,True,SAM
26.0,F,10.48,367.9,200.0,2.59,36,none,True,1,True,normal
8.0,F,5.2,-35.7,112.9,3.38,37,mixed,True,0,False,SAM
12.0,F,7.3,-314.1,145.0,2.89,39,mixed,False,0,True,normal
1.0,F,3.68,21.1,90.0,2.26,35,exclusive,False,0,True,SAM
40.0,F,15.63,-464.4,200.0,3.06,41,none,True,0,True,normal
33.0,M,11.11,-895.5,200.0,3.17,33,none,False,0,True,normal
12.0,M,9.82,140.9,200.0,2.74,36,none,False,0,True,normal
11.0,F,8.73,-205.7,174.4,2.84,40,mixed,True,0,True,normal
37.0,M,14.4,-79.5,200.0,3.19,34,none,True,0,True,normal
5.0,F,6.75,-3.2,145.6,3.16,40,exclusive,False,0,False,SAM
26.0,F,10.88,-126.5,200.0,2.74,32,none,True,0,True,normal
54.0,M,15.3,200.9,200.0,2.92,37,none,True,0,True,normal
7.0,M,9.02,180.2,183.1,3.45,38,mixed,True,0,True,normal
57.0,M,14.9,537.9,200.0,2.83,40,none,True,0,True,normal
51.0,F,14.33,405.7,200.0,2.41,35,none,True,0,True,normal
42.0,F,11.72,731.0,200.0,2.97,38,none,True,0,False,normal
52.0,M,14.79,594.2,200.0,2.9,38,none,False,0,True,normal
20.0,F,9.19,21.7,184.6,2.92,37,mixed,True,1,True,normal
37.0,F,15.08,-12.0,200.0,3.26,41,none,True,1,False,normal
47.0,M,16.3,520.2,200.0,3.55,38,none,True,1,True,normal
55.0,F,15.66,285.3,200.0,2.56,32,none,True,0,True,normal
16.0,M,9.49,-168.0,186.7,2.95,39,mixed,False,0,True,normal
44.0,F,16.96,420.4,200.0,3.01,40,none,True,0,True,normal
29.0,F,11.26,-219.5,200.0,3.21,33,none,True,0,True,normal
57.0,M,17.49,229.7,200.0,2.69,33,none,True,0,True,normal
16.0,M,11.32,-110.1,200.0,3.26,32,none,True,1,True,normal
54.0,M,15.6,805.4,200.0,2.77,40,none,True,0,False,normal
18.0,M,9.76,-253.5,198.9,2.96,38,none,True,1,True,normal
25.0,F,10.78,471.1,200.0,3.6,40,none,True,0,True,normal
55.0,F,13.6,692.8,200.0,3.43,40,none,True,0,True,normal
47.0,M,16.53,-880.0,200.0,2.01,32,none,True,0,True,normal
18.0,M,9.8,67.1,186.2,3.12,38,mixed,True,0,False,normal
58.0,F,11.89,52.1,200.0,2.77,40,none,True,0,True,MAM
40.0,M,14.78,-21.6,200.0,2.78,41,none,True,1,False,normal
48.0,M,13.55,-33.2,200.0,3.11,39,none,False,3,True,MAM
0.0,F,2.91,-16.7,90.0,2.84,35,exclusive,False,2,False,SAM
11.0,F,7.46,286.6,148.7,3.39,35,mixed,True,0,False,normal
8.0,F,8.01,46.6,163.7,2.63,37,none,True,1,True,normal
18.0,F,8.58,131.5,178.1,3.4,37,mixed,True,0,True,normal
45.0,F,13.93,473.7,200.0,3.83,33,none,True,0,True,normal
19.0,F,8.59,-294.2,177.6,2.91,36,mixed,False,0,True,normal
0.0,F,3.56,79.6,90.0,3.24,32,exclusive,False,1,True,SAM
14.0,F,8.57,-123.0,172.9,2.91,39,none,False,0,True,normal
42.0,M,12.59,-19.4,200.0,2.69,35,none,True,2,True,normal
26.0,M,12.13,223.7,200.0,3.21,41,none,True,1,True,normal
13.0,F,7.57,-257.7,151.9,2.45,34,mixed,True,0,False,normal
53.0,F,14.16,744.4,200.0,2.47,39,none,True,1,False,normal
3.0,M,5.73,-72.7,124.2,2.44,32,exclusive,False,1,True,MAM
29.0,M,12.39,-517.7,200.0,2.81,37,none,True,1,True,normal
17.0,F,8.64,-354.5,172.1,3.01,41,none,True,1,False,normal
2.0,M,5.99,-60.7,130.2,2.78,41,exclusive,False,1,True,normal
54.0,M,18.16,83.7,200.0,2.42,36,none,True,0,True,normal
40.0,M,12.06,638.6,200.0,3.13,33,none,True,0,True,normal
49.0,F,14.48,-962.3,200.0,3.82,37,none,True,0,True,normal
40.0,M,15.47,-316.1,200.0,3.03,36,none,True,1,True,normal
40.0,F,12.46,295.1,200.0,2.57,41,none,False,0,True,normal
44.0,F,14.49,-31.2,200.0,2.96,34,none,True,1,True,normal
2.0,M,4.93,-33.8,115.0,3.17,38,exclusive,False,1,True,MAM
46.0,M,17.74,-193.7,200.0,2.25,40,none,True,0,True,normal
15.0,F,7.38,56.1,146.0,3.46,35,mixed,True,0,True,MAM
4.0,M,8.03,-179.7,165.5,2.63,41,exclusive,False,0,False,normal
47.0,M,15.65,221.2,200.0,3.22,34,none,True,0,True,normal
36.0,F,10.71,104.7,200.0,2.81,35,none,True,0,True,SAM
31.0,M,9.19,-309.8,187.9,3.4,41,none,True,0,True,SAM
2.0,M,5.11,41.3,107.5,3.61,39,exclusive,False,1,False,MAM
12.0,M,10.79,131.3,200.0,3.17,37,none,False,1,True,normal
49.0,M,13.15,80.7,200.0,2.65,40,none,True,0,True,normal
16.0,F,8.28,289.9,162.2,2.97,41,mixed,True,0,True,normal
23.0,F,12.85,1094.3,200.0,2.48,39,mixed,True,0,True,normal
24.0,M,13.59,-26.8,200.0,3.53,35,none,False,0,True,normal
25.0,F,8.1,-215.5,163.3,3.29,35,none,True,0,True,MAM
1.0,M,3.63,-118.5,90.0,3.37,41,exclusive,False,0,False,SAM
29.0,F,9.65,399.2,196.9,3.34,39,none,True,0,True,normal
28.0,F,12.83,209.5,200.0,3.27,37,none,True,1,True,normal
20.0,F,11.72,-297.5,200.0,2.9,33,mixed,True,2,True,normal
1.0,F,3.43,6.7,90.0,3.2,37,mixed,False,0,False,SAM
29.0,M,11.04,233.9,200.0,3.43,35,none,True,0,True,normal
45.0,M,13.8,-138.3,200.0,3.19,37,none,True,1,True,normal
39.0,M,14.6,-613.6,200.0,3.22,35,none,False,0,True,normal
23.0,F,11.19,178.6,200.0,2.78,37,none,True,0,False,normal
52.0,F,13.11,15.3,200.0,2.32,37,none,False,1,True,normal
50.0,F,13.11,553.4,200.0,2.94,40,none,True,0,False,normal
39.0,F,11.49,-413.7,200.0,3.21,32,none,True,1,True,normal
50.0,F,16.41,-604.9,200.0,3.04,39,none,True,1,False,normal
39.0,F,12.9,-158.8,200.0,3.16,39,none,True,0,True,normal
45.0,F,14.65,-172.7,200.0,2.55,40,none,True,0,False,normal
30.0,M,12.03,432.0,200.0,3.06,39,none,False,0,True,normal
33.0,M,13.66,-7.5,200.0,3.01,40,none,True,0,True,normal
13.0,F,9.61,119.6,192.8,3.25,36,mixed,True,1,True,normal
26.0,F,12.07,-46.5,200.0,2.93,40,none,True,1,True,normal
32.0,F,13.22,-54.4,200.0,2.83,32,none,False,0,True,normal
9.0,F,7.39,-45.9,155.4,3.23,32,mixed,True,0,False,normal
30.0,F,13.16,-149.2,200.0,2.48,37,none,True,1,True,normal
23.0,M,8.77,566.2,178.0,2.94,33,mixed,False,1,True,MAM
43.0,M,14.4,95.5,200.0,3.35,32,none,True,0,False,normal
44.0,F,14.01,473.5,200.0,2.38,33,none,False,0,True,normal
51.0,F,13.92,-819.8,200.0,2.36,35,none,False,1,True,normal
38.0,M,12.06,-281.7,200.0,2.13,38,none,False,0,True,normal
27.0,M,11.89,276.0,200.0,3.1,35,none,False,1,False,normal
37.0,M,13.14,51.2,200.0,2.93,37,none,True,0,True,normal
18.0,M,13.12,-445.1,200.0,2.69,41,mixed,True,0,False,normal
38.0,M,16.44,-132.2,200.0,2.91,36,none,True,0,True,normal
45.0,M,16.06,-478.5,200.0,2.81,41,none,True,0,True,normal
13.0,M,10.4,49.2,198.5,2.96,33,mixed,True,0,True,normal
52.0,F,16.95,-144.7,200.0,2.93,38,none,True,0,False,normal
20.0,M,12.57,7.3,200.0,3.05,36,mixed,True,0,True,normal
44.0,M,13.7,-72.7,200.0,3.34,34,none,True,0,True,normal
3.0,F,6.67,212.9,139.2,3.31,38,exclusive,False,1,True,normal
18.0,M,11.93,-99.0,200.0,2.89,35,mixed,False,1,True,normal
16.0,M,10.35,-273.0,200.0,3.24,36,mixed,False,0,True,normal
28.0,F,12.42,-141.4,200.0,3.6,33,none,True,1,True,normal
8.0,F,7.4,43.6,152.0,3.03,33,none,True,0,True,normal
6.0,F,5.55,69.6,126.0,3.27,36,mixed,True,0,True,MAM
16.0,M,11.14,32.5,200.0,2.42,36,mixed,True,0,False,normal
5.0,F,6.58,-17.2,131.7,2.87,41,exclusive,False,1,True,normal
2.0,M,5.4,76.2,113.0,3.0,39,exclusive,False,0,True,SAM
1.0,F,3.96,283.5,90.0,3.26,39,exclusive,False,1,True,SAM
20.0,F,10.73,521.9,200.0,3.34,38,mixed,False,1,True,normal
27.0,M,11.64,667.5,200.0,3.73,34,none,True,0,True,normal
16.0,F,8.23,-52.3,169.8,2.8,37,mixed,False,1,True,normal
57.0,M,15.02,48.0,200.0,2.61,32,none,True,1,True,normal
10.0,M,9.29,-292.6,185.3,3.67,37,none,True,0,True,normal
51.0,F,14.96,540.9,200.0,2.71,37,none,True,0,True,normal
33.0,M,12.95,-40.2,200.0,3.01,33,none,True,1,True,normal
1.0,F,3.68,20.6,90.0,3.72,32,mixed,False,1,False,SAM
57.0,F,14.9,-188.2,200.0,2.87,39,none,True,1,False,normal
2.0,F,5.85,6.2,126.6,3.31,37,exclusive,False,0,True,normal
5.0,M,7.38,250.7,147.8,2.74,32,exclusive,False,0,True,normal
53.0,F,16.12,-345.8,200.0,3.69,39,none,False,0,True,normal
47.0,M,16.51,-199.6,200.0,2.96,33,none,False,0,True,normal
33.0,M,13.48,-378.7,200.0,3.25,37,none,True,0,True,normal
28.0,M,13.35,-784.7,200.0,3.21,38,none,True,1,True,normal
20.0,M,13.02,304.6,200.0,1.86,39,mixed,True,1,False,normal
2.0,M,5.31,303.0,114.5,2.78,39,exclusive,False,0,True,normal
52.0,M,15.54,-81.0,200.0,3.32,35,none,True,0,False,normal
56.0,F,12.82,-583.1,200.0,3.48,36,none,True,0,True,normal
42.0,F,12.96,-211.0,200.0,2.77,38,none,True,0,True,normal
44.0,F,17.41,570.1,200.0,2.4,36,none,True,0,True,normal
31.0,F,13.48,434.6,200.0,3.13,37,none,False,0,True,normal
26.0,M,11.94,-57.9,200.0,3.32,32,none,True,0,True,normal
13.0,M,9.58,-273.4,185.2,2.14,34,mixed,True,0,True,normal
40.0,M,14.34,765.1,200.0,3.35,34,none,True,0,True,normal
43.0,F,12.69,568.5,200.0,3.44,40,none,True,0,True,normal
3.0,M,5.75,27.4,119.6,2.92,41,exclusive,False,1,True,MAM
30.0,M,11.18,107.7,200.0,2.97,41,none,True,0,True,SAM
10.0,F,10.07,321.0,193.7,2.37,41,mixed,True,0,True,normal
39.0,M,16.73,464.9,200.0,3.18,38,none,True,0,False,normal
1.0,M,5.0,205.7,104.9,3.14,34,exclusive,False,1,False,SAM
36.0,F,14.04,640.4,200.0,2.96,32,none,True,0,True,normal
49.0,F,14.31,-49.6,200.0,2.55,41,none,False,0,True,normal
17.0,M,8.58,-3.4,167.9,2.54,32,mixed,True,0,False,MAM
3.0,F,4.29,-102.1,92.9,3.52,35,exclusive,False,1,False,normal
11.0,M,10.73,255.2,200.0,2.79,35,mixed,True,0,True,normal
11.0,F,7.19,301.9,149.2,2.54,38,mixed,True,0,False,normal
25.0,F,10.49,-128.0,200.0,3.59,40,none,True,0,True,normal
7.0,F,6.17,-45.1,125.8,2.97,34,mixed,True,0,True,normal
49.0,M,15.38,-246.7,200.0,2.77,41,none,True,1,True,normal
31.0,M,14.34,436.6,200.0,2.65,34,none,True,0,True,normal
3.0,M,7.46,53.2,156.3,2.8,38,exclusive,False,2,False,normal
36.0,M,13.49,213.0,200.0,2.91,41,none,True,1,True,MAM
2.0,M,4.56,110.8,100.1,2.88,38,exclusive,False,1,True,SAM
26.0,F,14.25,318.9,200.0,3.54,32,none,True,0,True,normal
41.0,F,16.15,621.1,200.0,3.7,33,none,True,0,True,normal
6.0,F,7.9,-176.2,163.7,2.33,40,mixed,True,0,True,normal
16.0,M,8.8,-21.4,177.9,2.38,33,none,True,1,True,normal
29.0,F,12.45,-399.1,200.0,2.53,32,none,True,0,False,normal
28.0,F,8.9,-167.0,180.1,3.08,39,none,True,0,True,MAM
29.0,M,9.71,-299.9,188.4,3.29,34,none,True,0,False,MAM
58.0,F,18.64,-803.3,200.0,3.57,39,none,True,0,True,normal
22.0,F,12.55,729.5,200.0,1.99,39,mixed,True,0,True,normal
22.0,M,12.28,412.1,200.0,3.03,41,none,False,0,False,normal
3.0,F,5.93,173.5,120.4,2.71,33,exclusive,False,0,True,MAM
33.0,M,13.32,832.8,200.0,3.47,41,none,True,1,True,normal
21.0,F,11.3,332.7,200.0,3.04,39,mixed,True,0,False,normal
26.0,M,11.16,-363.6,200.0,2.62,34,none,False,2,False,normal
28.0,F,13.28,399.2,200.0,3.42,41,none,True,0,False,normal
33.0,F,9.93,-299.0,200.0,1.94,33,none,False,0,True,MAM
6.0,M,7.2,-47.9,144.8,2.89,32,mixed,True,0,False,normal
7.0,F,6.8,-64.4,133.6,2.52,36,mixed,True,2,True,normal
0.0,F,2.87,21.3,90.0,2.7,34,exclusive,False,1,False,SAM
7.0,M,6.84,57.0,140.7,3.33,39,mixed,True,0,True,normal
31.0,F,7.83,-12.4,155.6,3.16,38,none,False,0,True,SAM
0.0,F,3.27,-26.2,90.0,3.38,39,exclusive,False,0,True,SAM
37.0,M,12.3,-62.0,200.0,2.96,40,none,True,1,True,normal
46.0,F,15.28,450.8,200.0,2.83,33,none,True,0,False,normal
26.0,M,10.72,139.1,200.0,3.08,34,none,False,0,True,normal
8.0,F,6.94,208.2,147.8,3.66,33,mixed,True,0,True,normal
10.0,M,7.87,3.9,160.5,3.94,41,none,True,0,False,SAM
15.0,F,10.54,-323.2,200.0,3.63,32,mixed,True,0,True,normal
47.0,M,17.18,-237.1,200.0,2.48,37,none,True,0,True,normal
39.0,M,17.26,829.1,200.0,3.1,36,none,True,1,True,normal
44.0,M,17.21,-1340.7,200.0,2.98,37,none,True,0,False,normal
16.0,M,12.84,-290.7,200.0,2.8,41,none,False,0,True,normal
16.0,M,9.33,-244.6,182.8,2.83,37,none,True,0,True,normal
22.0,M,12.03,20.9,200.0,2.93,32,mixed,True,0,True,normal
8.0,M,8.28,-52.5,166.2,3.52,41,mixed,True,0,True,normal
55.0,F,17.51,-441.5,200.0,2.97,39,none,True,1,False,normal
4.0,F,5.12,343.8,104.0,2.98,35,mixed,False,1,True,SAM
4.0,F,5.51,86.4,115.9,2.93,36,mixed,False,0,True,SAM
35.0,F,10.63,192.4,200.0,3.56,32,none,True,0,True,normal
55.0,F,15.81,-330.0,200.0,2.33,32,none,True,0,True,normal
4.0,M,6.03,109.5,126.0,3.15,40,exclusive,False,0,False,SAM
50.0,F,14.77,-74.3,200.0,2.48,33,none,True,1,True,normal
30.0,M,12.02,-171.7,200.0,2.04,38,none,False,0,True,MAM
12.0,M,11.9,345.8,200.0,2.26,32,mixed,True,0,True,normal
16.0,F,10.59,-396.1,200.0,2.84,33,mixed,True,0,True,normal
10.0,F,7.48,-53.8,151.9,3.0,40,mixed,True,0,False,normal
39.0,M,14.45,-389.6,200.0,2.87,32,none,True,0,True,normal
36.0,M,12.85,1085.4,200.0,2.17,34,none,True,1,False,normal
3.0,M,5.98,-7.6,126.3,3.16,35,exclusive,False,1,True,normal
12.0,M,8.18,192.9,167.4,3.04,39,mixed,True,0,True,normal
11.0,F,8.3,-27.4,178.1,3.38,41,mixed,True,0,True,normal
17.0,M,9.57,19.7,186.9,2.79,39,none,False,1,True,normal
43.0,F,11.2,-417.4,200.0,2.77,34,none,False,0,True,normal
19.0,F,9.78,192.2,195.9,2.87,40,none,True,1,True,normal
53.0,M,14.02,-604.3,200.0,2.61,37,none,True,0,False,normal
26.0,F,12.57,-210.2,200.0,2.84,38,none,False,0,False,normal
21.0,F,8.82,351.4,179.0,2.77,32,none,False,1,True,normal
33.0,M,15.33,456.8,200.0,2.83,37,none,True,1,True,normal
34.0,F,16.2,-489.2,200.0,2.93,32,none,True,0,True,SAM
40.0,M,12.65,67.0,200.0,2.73,32,none,True,0,True,normal
9.0,M,8.34,-76.9,168.0,2.83,41,none,False,0,False,normal
30.0,M,11.16,245.2,200.0,2.27,34,none,True,1,True,normal
15.0,F,8.02,-396.9,159.4,3.73,41,none,True,0,False,normal
42.0,M,14.59,441.3,200.0,2.58,38,none,True,0,True,normal
35.0,M,13.75,41.7,200.0,2.77,38,none,False,1,False,normal
24.0,F,10.99,-121.1,200.0,2.46,40,none,True,0,True,normal
1.0,M,4.16,199.8,92.4,3.94,37,exclusive,False,0,True,SAM
3.0,F,5.59,-51.2,116.5,3.41,37,exclusive,False,1,False,MAM
44.0,M,20.82,-192.8,200.0,3.24,33,none,True,0,True,normal
43.0,M,15.02,-74.6,200.0,3.0,35,none,False,0,True,normal
12.0,M,9.11,203.0,174.1,2.81,32,mixed,True,0,True,normal
32.0,F,11.77,451.2,200.0,2.57,37,none,True,0,False,normal
41.0,F,13.63,22.7,200.0,2.73,35,none,True,0,True,normal
35.0,M,13.45,576.1,200.0,2.81,38,none,True,0,False,normal
26.0,M,14.45,47.1,200.0,3.29,36,none,True,1,True,normal
34.0,M,14.5,280.3,200.0,3.51,40,none,True,0,True,normal
12.0,F,8.0,66.9,162.2,2.96,37,mixed,True,0,True,normal
28.0,M,15.4,237.7,200.0,3.07,33,none,True,0,True,normal
30.0,M,11.23,180.8,200.0,2.86,41,none,True,1,False,normal
21.0,F,9.0,-307.0,183.8,3.22,34,none,True,0,True,normal
21.0,M,12.13,601.9,200.0,3.34,35,none,False,0,True,normal
0.0,M,3.04,-23.3,90.0,2.69,36,exclusive,False,1,True,SAM
41.0,F,13.74,1130.7,200.0,2.78,39,none,False,0,False,SAM
22.0,M,11.2,-4.8,200.0,2.7,35,mixed,True,0,False,normal
33.0,M,14.19,365.3,200.0,3.96,34,none,False,0,True,normal
12.0,F,8.53,345.7,169.4,3.24,34,mixed,True,0,True,normal
52.0,F,13.8,-159.1,200.0,3.34,39,none,True,0,True,normal
44.0,F,10.9,-39.1,200.0,3.02,37,none,False,0,True,MAM
59.0,F,12.35,-90.1,200.0,2.49,36,none,True,0,True,MAM
6.0,F,7.03,7.7,138.6,2.8,33,mixed,True,0,False,normal
31.0,F,12.59,-598.7,200.0,2.35,35,none,True,0,True,normal
41.0,M,17.41,285.1,200.0,2.51,38,none,False,0,True,normal
49.0,M,17.9,-1358.6,200.0,3.44,34,none,True,0,True,normal
9.0,M,9.0,-296.6,184.5,2.81,39,mixed,True,0,False,normal
18.0,M,8.79,-414.1,175.6,3.11,33,mixed,False,0,True,MAM
33.0,F,12.89,347.6,200.0,3.18,40,none,False,0,True,normal
18.0,M,11.3,27.4,200.0,3.0,41,mixed,True,0,False,normal
32.0,F,13.0,-477.2,200.0,3.36,41,none,True,0,True,normal
0.0,M,2.41,37.4,90.0,3.24,35,mixed,False,0,True,SAM
19.0,F,9.49,-296.4,185.4,2.95,39,mixed,False,1,False,normal
44.0,M,16.59,-186.2,200.0,2.83,32,none,True,0,True,normal
33.0,F,13.56,-71.3,200.0,2.31,34,none,True,1,True,normal
33.0,F,12.52,126.2,200.0,2.77,34,none,True,1,True,normal
39.0,F,12.06,83.5,200.0,2.24,35,none,True,1,True,normal
39.0,M,14.91,-457.0,200.0,3.09,41,none,True,0,False,normal
29.0,F,10.31,-625.9,200.0,3.6,36,none,True,0,False,normal
51.0,M,13.07,-264.1,200.0,2.58,37,none,True,0,True,normal
13.0,M,9.65,147.4,199.6,2.98,39,mixed,True,1,True,normal
6.0,M,7.56,-196.5,153.8,2.51,39,none,True,0,False,normal
45.0,M,15.95,177.6,200.0,2.34,39,none,True,0,True,normal
53.0,M,14.43,252.6,200.0,3.3,35,none,True,0,True,normal
30.0,F,9.75,215.3,192.4,3.19,40,none,True,0,True,normal
53.0,F,12.37,251.0,200.0,2.47,40,none,True,0,True,normal
35.0,F,12.19,419.4,200.0,2.93,39,none,True,0,True,normal
5.0,F,7.17,378.9,144.0,3.0,34,exclusive,False,1,True,normal
59.0,F,15.81,241.7,200.0,2.86,37,none,True,0,True,normal
29.0,M,12.41,-225.1,200.0,2.73,34,none,True,0,True,normal
16.0,F,8.3,24.3,171.2,3.32,34,mixed,True,1,True,normal
43.0,F,15.53,-252.6,200.0,2.97,39,none,False,0,True,normal
53.0,F,17.75,-680.3,200.0,3.33,35,none,True,0,True,normal
0.0,F,3.49,7.7,90.0,2.67,39,mixed,False,2,True,SAM
10.0,M,8.63,103.2,173.2,3.5,33,none,True,0,True,SAM
57.0,F,16.93,274.3,200.0,3.84,36,none,True,1,True,normal
26.0,M,12.27,381.8,200.0,3.2,40,none,True,1,False,normal
59.0,F,17.78,-62.8,200.0,2.53,33,none,True,0,False,normal
32.0,F,10.41,-258.8,200.0,3.14,34,none,False,0,True,normal
34.0,M,14.55,-257.6,200.0,3.06,38,none,True,0,True,normal
3.0,M,4.9,-124.0,96.2,3.61,35,exclusive,False,0,False,MAM
20.0,M,13.43,54.1,200.0,3.55,36,mixed,True,0,True,normal
27.0,M,12.12,76.6,200.0,3.31,38,none,True,1,False,normal
0.0,M,2.7,6.2,90.0,2.24,35,exclusive,False,0,False,SAM
28.0,F,12.76,709.2,200.0,2.94,35,none,True,1,True,normal
29.0,F,12.61,-300.0,200.0,2.68,36,none,True,0,True,MAM
53.0,F,17.19,554.0,200.0,3.21,40,none,True,0,True,normal
1.0,F,3.44,20.0,90.0,3.38,39,exclusive,False,0,True,SAM
54.0,F,15.92,-284.3,200.0,4.05,39,none,True,0,False,normal
8.0,F,8.4,62.9,173.4,3.11,37,mixed,False,2,True,normal
58.0,F,18.45,-476.2,200.0,2.91,39,none,True,0,True,normal
30.0,M,11.69,358.2,200.0,2.92,35,none,True,0,True,normal
3.0,M,6.04,172.2,128.1,2.81,36,exclusive,False,0,True,normal
25.0,F,10.69,773.9,200.0,3.18,38,none,False,1,True,normal
32.0,M,11.8,-374.2,200.0,2.78,38,none,True,0,True,normal
50.0,F,14.75,-78.6,200.0,2.35,36,none,False,0,True,normal
54.0,M,16.51,-861.7,200.0,3.06,37,none,True,1,True,normal
42.0,M,14.69,-502.5,200.0,3.11,36,none,False,0,True,normal
29.0,M,13.01,-242.8,200.0,3.48,34,none,False,0,True,normal
3.0,F,5.56,175.7,108.6,2.97,38,exclusive,False,0,False,SAM
39.0,M,13.6,708.3,200.0,3.23,40,none,False,0,True,normal
39.0,F,11.0,216.9,200.0,2.43,33,none,True,0,False,normal
2.0,F,4.51,100.2,97.1,2.79,38,mixed,False,0,True,SAM
3.0,M,5.58,-366.9,122.6,2.65,41,mixed,False,1,True,MAM
41.0,F,16.52,193.5,200.0,2.84,34,none,True,0,False,normal
9.0,M,9.17,-37.5,178.5,2.9,37,mixed,True,1,True,normal
9.0,F,8.74,-60.8,173.5,3.19,33,none,False,0,True,normal
46.0,F,12.77,521.6,200.0,3.27,40,none,True,0,True,normal
50.0,M,18.4,474.6,200.0,3.52,37,none,True,0,False,normal
30.0,F,11.65,276.3,200.0,2.77,38,none,False,0,True,normal
46.0,M,16.94,-206.1,200.0,2.44,38,none,True,0,False,normal
8.0,M,8.44,-103.4,162.6,2.79,38,mixed,True,1,False,normal
19.0,F,9.52,268.6,195.8,2.68,39,mixed,False,0,True,normal
56.0,M,16.5,744.4,200.0,3.16,40,none,True,2,True,normal
35.0,F,11.21,328.2,200.0,2.37,39,none,False,0,True,normal
3.0,F,4.49,38.3,99.5,3.36,34,exclusive,False,1,True,SAM
43.0,F,13.04,183.6,200.0,3.03,33,none,True,1,True,normal
19.0,F,9.57,336.4,190.8,3.12,39,mixed,True,1,True,normal
36.0,M,11.3,-622.5,200.0,2.06,41,none,True,0,True,MAM
37.0,F,11.24,-369.7,200.0,3.05,33,none,False,0,True,normal
0.0,F,3.57,-36.8,90.0,2.68,40,exclusive,False,0,True,SAM
50.0,M,19.75,-772.2,200.0,2.68,40,none,True,1,True,normal
0.0,F,3.07,-50.4,90.0,2.9,35,exclusive,False,0,True,SAM
40.0,F,16.46,177.9,200.0,3.42,41,none,True,0,True,normal
20.0,F,10.68,-3.9,200.0,3.21,32,mixed,True,0,True,normal
10.0,M,10.65,-67.8,200.0,3.12,41,none,True,0,True,normal
57.0,F,16.4,525.0,200.0,2.84,32,none,True,2,False,normal
43.0,F,13.69,846.8,200.0,3.2,39,none,True,0,True,normal
59.0,F,18.34,77.7,200.0,3.51,39,none,False,1,True,normal
29.0,M,9.97,34.4,198.6,2.53,34,none,True,1,True,MAM
26.0,M,12.79,211.4,200.0,2.42,39,none,True,1,True,normal
53.0,F,15.84,643.6,200.0,2.94,38,none,True,0,False,normal
16.0,F,9.3,136.2,184.5,3.41,33,mixed,False,1,True,normal
18.0,M,11.26,88.4,200.0,2.63,37,mixed,True,1,True,SAM
43.0,M,16.74,-290.6,200.0,2.07,32,none,True,0,False,normal
43.0,F,16.35,-290.5,200.0,3.06,33,none,True,0,True,normal
55.0,M,16.28,43.0,200.0,3.31,38,none,True,0,True,normal
19.0,F,8.78,-57.2,176.3,3.2,33,mixed,True,1,True,normal
45.0,F,14.01,180.6,200.0,3.44,34,none,False,0,True,normal
43.0,M,16.67,564.9,200.0,2.96,38,none,True,0,True,normal
42.0,M,15.58,270.8,200.0,2.63,37,none,True,1,False,normal
27.0,M,10.38,503.7,200.0,2.94,37,none,True,1,False,normal
22.0,F,8.78,-41.5,188.6,2.7,39,mixed,True,1,True,normal
17.0,F,8.62,59.9,174.3,3.13,41,mixed,True,0,True,normal
58.0,M,19.11,-193.8,200.0,3.33,41,none,True,0,True,normal
55.0,F,16.41,-609.6,200.0,2.02,38,none,False,0,True,normal
50.0,F,19.72,480.6,200.0,2.81,35,none,False,1,True,MAM
33.0,F,14.35,-16.7,200.0,3.79,39,none,True,1,False,normal
58.0,M,16.05,-597.7,200.0,3.5,38,none,True,0,True,normal
49.0,F,16.14,45.0,200.0,3.74,41,none,False,0,True,normal
21.0,F,12.2,-116.5,200.0,3.22,38,mixed,True,1,True,normal
7.0,M,8.14,113.3,166.3,3.15,37,mixed,True,0,True,normal
54.0,F,13.82,-210.0,200.0,2.95,35,none,True,0,False,normal
42.0,M,14.41,925.3,200.0,2.61,34,none,True,1,True,normal
6.0,F,6.83,66.1,143.6,3.01,34,mixed,True,0,False,normal
58.0,F,12.03,-42.6,200.0,3.66,38,none,True,0,False,MAM
14.0,F,9.11,137.2,182.4,2.47,36,mixed,False,1,True,MAM
56.0,F,17.6,313.9,200.0,2.99,32,none,True,1,False,normal
15.0,F,8.98,-227.0,181.6,2.35,34,none,True,0,True,normal
19.0,F,10.18,204.9,194.4,3.03,40,mixed,True,1,True,normal
55.0,F,18.73,2.4,200.0,2.79,32,none,True,0,True,normal
24.0,M,10.84,60.6,200.0,2.78,34,none,True,1,False,normal
24.0,M,10.47,312.0,200.0,3.1,32,none,False,0,True,normal
13.0,F,10.12,-136.9,200.0,2.81,33,none,False,0,True,normal
52.0,M,15.68,-238.4,200.0,3.17,38,none,True,0,False,normal
40.0,F,12.26,-431.8,200.0,3.12,32,none,False,0,True,normal
3.0,M,6.06,-7.6,121.9,3.05,33,exclusive,False,0,True,MAM
29.0,M,12.92,56.1,200.0,3.48,36,none,True,1,True,normal
0.0,M,2.34,-23.6,90.0,3.34,34,exclusive,False,2,False,SAM
58.0,M,16.03,741.7,200.0,2.63,36,none,True,0,True,normal
30.0,M,11.82,456.8,200.0,2.96,35,none,True,1,True,normal
8.0,F,7.63,-97.7,154.5,2.68,41,mixed,True,2,True,normal
2.0,F,3.71,-15.1,90.0,3.23,40,exclusive,False,0,True,SAM
57.0,F,14.02,448.7,200.0,3.11,36,none,True,0,False,normal
31.0,M,13.46,-125.0,200.0,3.07,32,none,True,0,True,SAM
24.0,M,9.67,-72.8,190.0,3.2,38,none,True,1,True,MAM
53.0,M,13.56,448.8,200.0,2.98,39,none,True,0,False,normal
48.0,F,17.44,-281.7,200.0,3.02,35,none,True,0,False,normal
31.0,M,12.67,-436.8,200.0,3.63,35,none,True,1,True,normal
14.0,M,7.47,237.9,158.5,3.42,32,none,True,1,True,MAM
6.0,F,6.87,0.6,137.8,3.74,40,mixed,True,0,True,normal
29.0,M,15.42,-466.8,200.0,3.22,39,none,True,0,True,MAM
3.0,M,6.65,39.0,135.1,3.27,35,exclusive,False,0,True,normal
8.0,M,7.56,81.1,155.7,2.66,32,none,True,0,True,MAM
31.0,M,12.68,381.8,200.0,3.45,36,none,True,1,False,normal
30.0,F,11.2,457.6,200.0,2.63,41,none,True,0,True,normal
31.0,F,14.91,15.9,200.0,2.95,34,none,False,2,True,normal
30.0,M,12.78,81.1,200.0,3.11,34,none,True,0,True,normal
52.0,M,19.13,797.4,200.0,3.31,40,none,True,0,True,normal
14.0,F,9.38,-147.4,188.5,2.62,40,mixed,False,0,False,normal
38.0,M,13.53,583.6,200.0,1.77,37,none,True,0,True,normal
28.0,M,13.57,-116.3,200.0,3.11,33,none,True,0,True,normal
18.0,F,9.27,-73.9,183.4,2.37,39,mixed,True,1,True,normal
9.0,F,8.87,3.0,175.2,3.23,40,mixed,True,1,False,normal
13.0,M,10.56,21.2,200.0,2.73,33,mixed,True,0,True,normal
53.0,M,14.5,190.5,200.0,2.71,38,none,True,0,True,normal
40.0,M,15.18,-293.6,200.0,2.39,40,none,False,0,False,MAM
25.0,M,11.6,625.3,200.0,2.85,39,none,True,0,True,normal
55.0,M,15.04,-656.8,200.0,2.44,32,none,True,1,False,MAM
9.0,M,8.66,51.5,169.0,3.88,39,none,True,0,True,normal
48.0,M,18.01,-670.1,200.0,2.46,39,none,True,0,True,normal
53.0,M,17.02,367.9,200.0,2.7,40,none,False,1,True,normal
35.0,M,12.26,123.9,200.0,2.89,40,none,True,0,False,normal
15.0,F,6.21,-100.9,125.2,2.82,41,mixed,False,0,True,SAM
40.0,M,14.51,-161.9,200.0,2.6,33,none,False,0,True,normal
48.0,F,16.53,415.3,200.0,3.25,32,none,False,1,True,normal
28.0,F,14.98,-265.9,200.0,2.87,32,none,False,0,True,normal
57.0,F,17.28,-109.2,200.0,2.39,33,none,True,0,False,normal
16.0,F,8.99,-41.5,177.6,2.27,40,mixed,True,0,True,normal
53.0,F,16.79,-218.9,200.0,3.27,40,none,True,0,True,normal
29.0,F,13.96,176.7,200.0,3.13,38,none,False,0,False,normal
3.0,M,5.74,63.4,122.3,2.95,39,exclusive,False,0,True,MAM
3.0,M,4.58,133.8,103.1,2.73,38,exclusive,False,0,False,SAM
2.0,F,5.46,65.7,121.6,2.84,35,exclusive,False,0,False,MAM
26.0,F,9.81,310.5,196.7,3.57,35,none,True,0,False,normal
57.0,F,19.62,96.1,200.0,2.68,37,none,True,1,True,normal
13.0,F,6.25,-213.0,132.3,2.78,38,none,True,0,True,SAM
20.0,M,11.22,-315.7,200.0,2.37,36,none,False,0,True,SAM
48.0,M,15.97,762.5,200.0,3.28,38,none,True,0,True,normal
25.0,F,9.05,266.4,181.1,2.91,39,none,False,0,True,MAM
20.0,F,10.66,-196.7,200.0,3.04,34,mixed,False,1,True,normal
13.0,M,9.27,402.7,181.0,2.54,33,mixed,True,1,True,normal
56.0,F,14.51,237.4,200.0,3.04,34,none,True,0,True,normal
13.0,M,8.37,-102.4,164.9,3.43,39,none,True,0,True,normal
12.0,M,8.6,311.8,169.3,3.41,39,none,True,0,True,normal
31.0,M,14.48,-130.7,200.0,2.45,37,none,False,0,True,normal
51.0,M,16.99,-227.3,200.0,3.07,35,none,True,0,True,normal
27.0,M,12.97,-8.3,200.0,2.58,36,none,False,0,True,normal
56.0,M,15.57,-425.4,200.0,3.4,35,none,True,0,True,normal
50.0,M,14.22,672.2,200.0,3.11,38,none,True,1,True,normal
24.0,F,8.65,109.0,172.1,3.46,41,none,True,0,True,SAM
30.0,F,13.47,160.6,200.0,2.61,32,none,True,0,False,normal
51.0,F,13.62,-897.5,200.0,3.83,32,none,True,0,True,normal
5.0,M,6.72,238.4,141.3,2.51,32,exclusive,False,1,False,normal
33.0,M,11.64,-416.4,200.0,2.56,32,none,True,1,True,normal
34.0,M,13.06,147.2,200.0,3.05,41,none,False,0,True,normal
58.0,F,14.36,202.8,200.0,2.56,34,none,True,0,True,normal
17.0,M,10.59,-92.2,200.0,2.97,32,mixed,True,0,True,normal
12.0,F,9.16,9.7,179.6,2.98,38,mixed,True,1,True,normal
20.0,F,9.57,67.2,189.9,2.65,37,mixed,False,0,True,normal
59.0,F,15.39,371.5,200.0,3.43,35,none,True,0,True,normal
29.0,M,13.18,-163.1,200.0,3.23,39,none,True,0,True,normal
42.0,M,13.23,593.3,200.0,3.4,33,none,True,1,True,normal
59.0,F,14.6,343.6,200.0,2.92,32,none,True,0,True,normal
52.0,M,18.76,-212.6,200.0,2.76,40,none,True,0,False,normal
34.0,F,13.76,72.3,200.0,3.08,37,none,False,0,True,normal
24.0,M,15.69,-61.7,200.0,3.23,35,none,True,0,True,normal
3.0,F,4.49,249.3,102.0,2.31,40,exclusive,False,0,False,SAM
58.0,F,18.23,489.2,200.0,3.41,40,none,False,0,True,normal
21.0,F,8.83,267.4,176.7,2.99,32,mixed,False,0,True,normal
42.0,F,12.91,-427.8,200.0,3.26,39,none,True,1,False,normal
18.0,M,11.97,93.2,200.0,2.38,32,mixed,True,0,False,normal
30.0,M,14.44,-323.3,200.0,2.91,36,none,True,1,True,normal
42.0,M,16.87,335.8,200.0,2.26,40,none,False,1,False,normal
34.0,M,9.54,-361.6,191.6,3.01,40,none,True,0,True,SAM
11.0,F,7.94,-84.6,157.9,3.02,39,mixed,False,0,False,normal
52.0,F,12.55,-474.0,200.0,2.84,35,none,True,0,True,normal
14.0,M,11.02,-36.7,200.0,3.72,33,none,True,2,False,normal
5.0,M,7.35,-97.5,154.1,2.98,39,exclusive,False,0,True,normal
14.0,F,8.37,83.7,176.2,3.58,39,none,False,0,True,SAM
59.0,M,15.48,314.6,200.0,3.09,38,none,True,0,True,normal
31.0,M,13.75,-507.3,200.0,2.73,33,none,True,1,False,normal
40.0,M,14.47,195.0,200.0,2.74,35,none,True,0,True,normal
49.0,F,13.55,-436.0,200.0,1.97,32,none,False,1,False,normal
15.0,M,9.72,-100.6,192.6,3.99,32,mixed,True,0,True,normal
54.0,M,18.28,57.5,200.0,2.27,36,none,False,0,True,normal
58.0,F,13.63,-15.6,200.0,3.07,35,none,False,0,True,normal
19.0,F,9.82,285.3,198.7,2.78,39,none,True,0,True,normal
44.0,M,16.16,-323.8,200.0,2.91,34,none,True,1,True,normal
5.0,F,6.49,36.0,140.0,2.34,41,exclusive,False,1,True,normal
33.0,M,10.82,509.2,200.0,2.65,39,none,True,0,True,MAM
9.0,F,8.72,242.8,174.8,3.17,41,mixed,False,0,True,normal
51.0,F,15.79,-3.0,200.0,2.39,39,none,True,0,True,normal
36.0,M,19.08,75.7,200.0,2.61,35,none,False,0,True,normal
58.0,M,16.65,-702.2,200.0,2.89,32,none,True,0,True,normal
41.0,F,14.72,-855.4,200.0,2.96,36,none,True,0,True,normal
42.0,M,12.38,-114.0,200.0,3.43,36,none,False,0,True,normal
59.0,F,13.01,119.4,200.0,3.48,32,none,False,1,True,normal
25.0,F,12.89,49.2,200.0,3.08,41,none,True,0,True,normal
51.0,M,15.59,456.1,200.0,3.1,36,none,False,1,True,normal
38.0,M,15.58,583.1,200.0,2.43,32,none,True,0,True,normal
1.0,M,5.73,164.5,125.6,2.66,32,exclusive,False,0,False,normal
3.0,M,5.78,177.2,126.8,2.9,39,exclusive,False,0,True,normal
19.0,M,12.2,46.7,200.0,2.96,40,mixed,True,0,True,normal
29.0,F,11.49,-480.0,200.0,2.17,34,none,True,0,True,normal
8.0,F,6.89,29.8,142.3,3.11,39,none,True,0,True,normal
29.0,M,12.23,-75.0,200.0,2.61,41,none,True,0,True,normal
51.0,M,12.76,-215.0,200.0,3.08,35,none,True,1,True,MAM
28.0,M,12.55,10.0,200.0,3.0,39,none,True,0,False,normal
55.0,F,15.36,253.9,200.0,3.07,41,none,True,0,True,normal
50.0,F,12.2,569.5,200.0,2.68,36,none,True,0,True,normal
31.0,F,12.63,119.1,200.0,3.44,39,none,True,0,False,normal
41.0,M,11.65,-699.2,200.0,3.61,40,none,True,0,True,MAM
6.0,M,6.59,-143.4,135.3,2.55,33,mixed,True,1,True,normal
53.0,F,17.59,-434.4,200.0,2.88,38,none,True,0,False,normal
37.0,M,11.68,361.9,200.0,3.46,41,none,True,0,False,normal
29.0,F,12.52,-339.1,200.0,3.15,38,none,False,0,True,normal
27.0,M,13.39,333.8,200.0,3.34,35,none,False,0,True,MAM
0.0,M,2.92,111.7,90.0,3.27,38,exclusive,False,0,True,normal
51.0,M,12.3,107.9,200.0,3.23,33,none,True,0,True,MAM
39.0,M,13.89,191.6,200.0,3.06,33,none,True,1,True,normal
5.0,F,4.51,37.2,102.9,2.82,41,exclusive,False,0,False,SAM
59.0,M,20.26,-40.4,200.0,3.45,35,none,True,1,False,normal
12.0,M,8.77,114.6,179.1,3.56,41,mixed,False,1,True,normal
30.0,M,12.18,-390.0,200.0,2.91,38,none,True,0,False,normal
10.0,M,8.94,-70.1,177.0,3.56,39,none,True,0,True,normal
15.0,F,9.21,17.2,178.4,3.01,33,mixed,True,0,True,normal
3.0,F,5.87,189.8,119.0,2.81,35,exclusive,False,0,False,MAM
52.0,F,14.58,318.2,200.0,3.16,40,none,False,2,False,normal
40.0,F,13.69,41.1,200.0,2.83,41,none,True,0,True,normal
58.0,M,17.33,270.8,200.0,2.2,37,none,True,1,False,normal
26.0,F,11.34,-638.1,200.0,2.84,39,none,True,1,True,normal
47.0,M,18.06,-108.8,200.0,2.55,37,none,True,0,False,normal
48.0,F,12.5,-272.7,200.0,3.09,38,none,False,0,False,normal
45.0,M,15.08,-398.2,200.0,3.1,35,none,True,0,True,normal
17.0,M,8.78,160.2,175.0,3.25,39,mixed,True,0,False,normal
21.0,M,12.97,129.2,200.0,3.9,40,none,True,0,False,normal
39.0,F,13.46,18.9,200.0,2.28,34,none,True,1,True,normal
58.0,M,15.07,-896.9,200.0,2.6,36,none,True,0,True,normal
53.0,F,14.31,-493.0,200.0,3.43,37,none,True,0,True,normal
29.0,F,11.68,-111.5,200.0,2.7,41,none,True,1,True,normal
24.0,M,12.95,58.0,200.0,3.21,33,none,True,0,True,normal
3.0,M,5.95,194.0,123.3,2.75,34,exclusive,False,0,True,MAM
39.0,M,14.81,-331.1,200.0,2.78,32,none,True,0,True,normal
21.0,F,10.51,25.9,200.0,3.13,41,none,True,0,True,normal
4.0,F,7.32,-217.9,154.9,3.08,34,exclusive,False,0,True,normal
23.0,F,14.02,-41.1,200.0,3.69,39,mixed,True,0,False,normal
36.0,M,17.05,-234.8,200.0,3.48,34,none,False,0,True,normal
24.0,M,13.09,34.3,200.0,3.05,41,none,False,0,True,MAM
52.0,F,12.72,75.4,200.0,3.06,39,none,True,2,True,normal
55.0,F,15.72,-96.7,200.0,3.48,37,none,True,0,True,normal
41.0,F,12.2,144.0,200.0,3.1,33,none,False,1,False,normal
19.0,F,11.14,-303.8,200.0,2.84,33,mixed,True,1,True,normal
44.0,M,16.72,63.4,200.0,2.82,32,none,True,0,True,normal
33.0,M,13.75,-150.2,200.0,3.06,38,none,True,0,True,normal
19.0,F,7.28,176.9,149.7,2.49,39,mixed,True,1,False,MAM
35.0,M,14.46,-219.1,200.0,3.36,34,none,True,0,False,normal
4.0,F,5.65,50.9,117.6,3.24,34,exclusive,False,0,True,MAM
49.0,M,14.34,-812.3,200.0,2.69,41,none,True,0,True,normal
8.0,M,7.95,43.8,166.0,2.35,34,mixed,True,0,False,normal
13.0,F,8.78,66.4,173.3,3.47,34,mixed,True,0,False,normal
41.0,M,13.9,570.3,200.0,3.07,34,none,True,0,True,normal
39.0,M,14.5,67.4,200.0,3.13,37,none,True,0,True,normal
13.0,F,7.5,138.5,150.4,2.77,41,mixed,True,0,False,normal
2.0,F,6.2,106.3,124.2,2.7,40,exclusive,False,0,True,SAM
52.0,F,13.57,-89.4,200.0,2.63,37,none,True,0,False,SAM
10.0,M,8.02,-36.0,159.1,4.07,40,none,True,0,False,normal
17.0,F,10.55,-81.9,200.0,3.31,37,mixed,True,0,True,normal
33.0,F,12.29,293.2,200.0,3.18,39,none,True,0,True,normal
3.0,F,6.33,-130.1,127.6,3.85,39,exclusive,False,0,True,normal
51.0,F,13.91,64.7,200.0,2.86,33,none,True,0,True,normal
29.0,F,13.49,191.7,200.0,2.75,40,none,True,0,True,normal
32.0,F,15.72,184.1,200.0,2.42,40,none,True,0,True,normal
17.0,F,10.61,-336.9,200.0,3.32,34,none,True,0,True,normal
39.0,M,14.64,177.1,200.0,3.56,41,none,True,0,True,normal
9.0,F,7.35,58.5,152.4,3.17,37,mixed,True,0,False,normal
56.0,F,15.25,-398.9,200.0,2.87,36,none,True,1,True,normal
32.0,F,14.48,-115.8,200.0,3.17,39,none,True,1,True,normal
53.0,F,12.89,-143.4,200.0,3.03,32,none,True,0,True,normal
15.0,F,7.88,-27.8,161.4,2.89,41,mixed,False,0,True,SAM
43.0,M,17.14,557.6,200.0,3.94,38,none,False,0,True,normal
55.0,F,17.96,655.6,200.0,2.93,40,none,True,0,True,normal
26.0,M,11.06,-48.2,200.0,3.69,32,none,False,1,False,normal
43.0,M,12.53,-418.1,200.0,3.04,39,none,True,0,False,normal
40.0,M,15.96,-28.0,200.0,2.72,37,none,True,1,True,normal
38.0,F,16.96,36.7,200.0,3.53,41,none,True,0,True,normal
21.0,M,10.13,567.4,200.0,2.64,36,mixed,True,0,True,normal
45.0,M,16.56,-93.6,200.0,2.87,38,none,True,0,False,normal
57.0,M,16.82,-557.7,200.0,3.23,40,none,True,0,False,normal
18.0,F,9.53,372.7,190.1,3.62,40,none,True,0,True,normal
21.0,M,9.99,-22.9,196.8,4.04,40,none,True,0,True,normal
2.0,M,4.94,151.3,100.2,2.49,33,exclusive,False,0,True,SAM
8.0,F,8.03,32.5,167.8,3.29,36,mixed,True,1,False,normal
23.0,M,10.03,-139.4,199.1,2.87,35,none,True,0,True,normal
29.0,F,11.76,87.7,200.0,3.65,40,none,True,0,True,normal
59.0,F,14.67,-119.8,200.0,2.89,38,none,True,0,True,normal
32.0,M,12.38,-619.4,200.0,3.69,40,none,True,0,True,normal
20.0,F,10.24,-123.2,200.0,2.4,33,mixed,False,1,True,normal
52.0,F,19.85,-172.6,200.0,3.51,38,none,True,0,False,normal
58.0,M,17.33,-182.5,200.0,2.77,33,none,True,0,True,normal
16.0,M,9.51,336.9,184.6,3.02,32,mixed,False,0,True,normal
46.0,M,15.89,189.6,200.0,3.11,38,none,False,0,False,normal
55.0,F,19.7,-245.7,200.0,2.76,39,none,True,1,True,normal
37.0,F,12.5,-585.8,200.0,3.59,40,none,False,0,True,normal
8.0,M,7.6,107.4,154.5,3.14,41,mixed,True,0,True,SAM
24.0,M,13.73,-170.6,200.0,2.67,40,none,True,0,True,normal
30.0,M,11.42,-89.5,200.0,2.77,40,none,True,0,True,normal
37.0,F,12.18,-412.0,200.0,2.95,41,none,True,0,True,normal
27.0,F,9.0,-65.5,186.7,3.22,32,none,True,0,False,MAM
6.0,M,7.59,-54.8,154.7,2.91,39,mixed,False,0,True,normal
27.0,M,13.77,-38.2,200.0,3.31,34,none,False,0,True,normal
54.0,M,17.6,177.9,200.0,3.29,40,none,True,0,True,normal
44.0,M,13.11,-874.9,200.0,3.79,32,none,False,0,True,normal
9.0,M,8.6,355.8,179.0,2.54,33,none,False,0,True,normal
6.0,F,7.17,-17.9,153.2,3.02,39,mixed,False,0,True,normal
16.0,F,9.44,331.8,195.5,2.89,35,mixed,False,0,True,normal
44.0,M,15.73,-168.0,200.0,2.93,32,none,False,1,True,normal
32.0,F,13.48,249.3,200.0,2.63,35,none,True,0,True,normal
52.0,F,16.83,-1076.3,200.0,3.47,41,none,True,0,True,normal
38.0,F,15.46,-213.9,200.0,2.07,36,none,True,0,True,normal
16.0,M,9.48,18.2,183.9,2.94,39,none,False,1,False,normal
17.0,F,9.53,-24.5,186.9,3.46,33,mixed,True,0,True,normal
10.0,M,8.46,-108.2,172.4,2.56,38,mixed,True,0,True,normal
11.0,M,8.65,84.7,167.6,2.7,36,none,True,1,False,MAM
1.0,M,4.88,-99.7,105.7,2.38,34,mixed,False,0,False,SAM
58.0,M,14.77,84.7,200.0,3.62,41,none,True,0,True,normal
20.0,M,11.22,-72.9,200.0,3.61,32,none,True,0,False,SAM
53.0,F,15.03,-101.1,200.0,3.32,33,none,True,1,True,normal
46.0,M,16.59,53.2,200.0,2.64,40,none,False,1,True,SAM
1.0,M,4.29,-51.7,95.5,2.67,41,exclusive,False,0,True,SAM
8.0,M,8.21,-166.7,161.8,2.84,33,mixed,True,0,False,normal
3.0,F,5.8,330.4,115.5,2.9,40,exclusive,False,1,False,MAM
10.0,F,7.46,-116.0,149.1,2.9,40,mixed,True,1,True,normal
1.0,F,3.66,-39.4,90.0,2.91,36,exclusive,False,0,True,SAM
22.0,F,10.39,-107.1,200.0,3.75,33,none,True,0,True,normal
15.0,M,9.32,298.9,183.4,2.58,38,mixed,False,1,True,normal
5.0,M,7.52,-11.6,154.4,2.39,32,exclusive,False,0,True,normal
13.0,M,10.48,-289.8,200.0,3.81,38,mixed,True,1,True,normal
55.0,M,14.29,-277.1,200.0,3.07,41,none,True,0,False,normal
14.0,M,9.98,-160.0,190.4,2.65,41,none,True,2,True,normal
30.0,F,9.02,-258.8,175.2,3.21,35,none,True,1,True,normal
19.0,M,11.28,-67.7,200.0,3.02,40,mixed,True,0,True,normal
9.0,M,8.24,-220.7,168.3,3.2,41,mixed,True,0,True,normal
35.0,M,13.13,-328.5,200.0,2.56,37,none,True,0,True,normal
40.0,F,17.04,-280.6,200.0,3.32,34,none,True,0,False,MAM
35.0,M,12.5,210.7,200.0,3.08,41,none,True,1,True,normal
6.0,F,8.56,180.5,173.2,2.67,34,none,True,0,True,normal
37.0,M,12.33,-286.9,200.0,2.72,32,none,True,0,True,normal
8.0,M,8.95,-28.7,182.7,3.47,35,mixed,True,0,False,normal
45.0,M,13.72,242.0,200.0,2.38,35,none,False,0,True,normal
58.0,M,19.64,593.1,200.0,2.35,40,none,False,0,True,normal
35.0,F,16.05,374.7,200.0,2.84,41,none,True,1,False,normal
29.0,M,12.13,421.4,200.0,2.26,41,none,True,0,True,normal
17.0,M,11.42,157.3,200.0,3.12,39,mixed,False,1,True,normal
38.0,M,12.87,8.3,200.0,3.46,35,none,True,0,False,normal
25.0,M,10.51,-177.9,200.0,3.14,35,none,False,0,False,normal
59.0,F,17.81,-564.2,200.0,2.78,34,none,True,1,False,normal
38.0,F,13.52,104.1,200.0,3.07,38,none,True,1,True,normal
26.0,F,10.64,-808.5,200.0,3.31,41,none,True,0,True,normal
25.0,F,12.38,40.5,200.0,3.15,32,none,True,0,True,normal
58.0,F,16.24,508.0,200.0,2.93,41,none,True,0,False,normal
42.0,M,13.37,839.6,200.0,2.59,41,none,False,0,True,normal
15.0,F,10.28,149.7,200.0,2.97,33,mixed,False,0,True,normal
15.0,M,9.61,-40.8,198.8,3.41,39,none,False,0,True,normal
32.0,F,11.82,-339.4,200.0,3.43,37,none,False,0,True,normal
11.0,M,7.43,144.6,149.0,2.91,33,mixed,True,0,False,MAM
22.0,F,12.57,12.3,200.0,3.38,35,mixed,False,0,True,normal
33.0,M,12.9,-405.8,200.0,2.9,37,none,True,0,True,normal
59.0,F,13.93,33.5,200.0,3.04,37,none,True,0,True,normal
41.0,M,15.48,485.6,200.0,3.32,35,none,False,0,True,normal
36.0,F,9.54,142.5,186.8,3.47,41,none,True,0,True,MAM
56.0,M,16.44,234.3,200.0,2.87,41,none,True,0,True,normal
38.0,F,10.01,-366.8,191.0,2.34,39,none,True,1,True,MAM
40.0,M,14.25,320.4,200.0,2.9,36,none,True,1,True,normal
38.0,F,13.45,908.8,200.0,3.0,34,none,True,0,True,normal
51.0,F,14.26,-142.1,200.0,3.25,38,none,False,1,True,normal
3.0,M,4.91,63.9,107.2,3.23,35,exclusive,False,0,True,MAM
37.0,F,18.04,339.8,200.0,3.17,35,none,True,1,True,normal
34.0,F,12.48,-505.3,200.0,2.78,37,none,True,1,True,normal
43.0,F,14.53,-15.2,200.0,2.77,34,none,True,0,True,normal
35.0,F,12.09,-79.9,200.0,3.51,33,none,False,0,True,normal
19.0,F,9.8,162.3,195.7,3.52,37,mixed,True,0,True,normal
21.0,F,10.26,110.6,200.0,3.07,32,none,False,1,False,normal
48.0,M,14.87,438.7,200.0,3.07,32,none,True,0,True,normal
59.0,M,14.59,342.9,200.0,2.81,39,none,True,0,True,normal
22.0,F,11.37,-531.7,200.0,2.93,37,mixed,True,1,True,normal
34.0,M,13.3,604.9,200.0,2.79,33,none,True,0,False,normal
54.0,M,18.79,344.2,200.0,2.83,36,none,True,0,False,normal
41.0,M,15.1,-642.3,200.0,3.11,38,none,True,0,True,normal
53.0,F,14.45,986.3,200.0,2.61,34,none,True,0,True,normal
0.0,F,2.24,3.7,90.0,3.15,37,exclusive,False,1,True,SAM
53.0,M,16.63,833.8,200.0,2.79,39,none,True,0,True,MAM
32.0,F,11.46,125.5,200.0,2.63,41,none,True,0,True,normal
27.0,M,10.37,-161.7,200.0,2.69,40,none,False,1,True,normal
40.0,F,13.1,45.2,200.0,3.18,33,none,True,1,True,normal
42.0,F,13.71,-74.0,200.0,3.38,36,none,True,1,True,normal
33.0,F,11.87,-364.6,200.0,2.48,39,none,False,0,False,normal
1.0,M,4.39,123.9,100.3,2.32,39,exclusive,False,0,False,SAM
56.0,M,15.21,530.2,200.0,2.63,38,none,False,0,True,normal
50.0,M,14.51,-308.9,200.0,2.93,34,none,True,0,False,normal
9.0,M,9.72,-232.7,194.4,2.93,33,mixed,True,1,True,normal
48.0,M,15.24,-553.3,200.0,3.45,41,none,True,0,True,normal
36.0,M,13.14,-698.1,200.0,2.58,41,none,True,0,True,normal
42.0,F,17.31,-202.8,200.0,3.04,40,none,False,0,False,normal
43.0,F,15.01,-72.7,200.0,3.1,36,none,False,0,True,normal
22.0,M,11.33,-99.6,200.0,3.74,39,mixed,True,1,True,normal
14.0,M,8.32,-256.2,173.0,2.8,33,none,True,0,False,normal
50.0,F,12.29,-321.2,200.0,3.77,39,none,False,0,True,normal
47.0,M,16.77,-366.4,200.0,3.09,33,none,True,0,True,normal
3.0,F,5.71,164.3,120.9,2.4,33,exclusive,False,0,False,MAM
27.0,F,11.92,-354.1,200.0,3.42,39,none,True,0,True,SAM
29.0,F,15.37,-127.8,200.0,3.15,34,none,True,1,True,normal
3.0,M,7.13,190.0,130.8,3.08,38,exclusive,False,1,False,normal
22.0,F,13.09,221.8,200.0,3.46,37,none,True,1,True,normal
9.0,F,9.08,-77.2,190.8,3.25,32,mixed,False,0,True,normal
3.0,M,5.6,-13.7,117.4,3.11,34,exclusive,False,1,True,MAM
20.0,F,11.03,201.0,200.0,3.4,34,none,True,0,False,normal
43.0,M,15.74,-31.5,200.0,2.89,34,none,False,0,False,normal
8.0,M,7.86,-19.4,161.8,3.45,34,mixed,True,0,False,normal
54.0,F,19.14,878.7,200.0,3.59,39,none,True,1,True,normal
38.0,M,12.52,-22.5,200.0,2.91,34,none,True,0,True,normal
50.0,F,11.74,-132.9,200.0,3.62,34,none,True,0,False,MAM
24.0,F,12.61,237.9,200.0,2.78,34,none,True,1,False,normal
26.0,M,11.76,131.8,200.0,3.2,39,none,True,1,True,SAM
37.0,F,12.97,331.1,200.0,2.54,33,none,True,1,True,normal
2.0,F,4.44,86.4,98.2,3.54,34,exclusive,False,0,True,SAM
32.0,M,15.4,203.6,200.0,2.43,39,none,True,1,False,normal
0.0,F,2.94,118.0,90.0,3.51,34,exclusive,False,0,True,SAM
57.0,M,15.16,134.1,200.0,3.5,38,none,True,0,True,normal
19.0,M,10.21,488.9,200.0,3.4,32,none,True,0,True,normal
43.0,F,12.23,626.5,200.0,2.78,36,none,True,1,True,normal
41.0,M,15.03,-244.5,200.0,2.53,37,none,True,1,True,normal
59.0,F,20.74,421.7,200.0,3.58,34,none,True,0,True,normal
41.0,M,12.63,-509.9,200.0,2.87,33,none,True,1,False,normal
28.0,M,14.26,630.2,200.0,2.72,39,none,True,0,False,normal
39.0,F,13.12,306.6,200.0,3.73,36,none,True,0,False,normal
12.0,M,8.79,-104.1,165.9,3.64,38,none,True,0,False,normal
31.0,M,14.99,-29.3,200.0,2.83,35,none,False,0,True,normal
3.0,F,4.73,-2.1,99.0,2.82,37,exclusive,False,0,True,SAM
49.0,M,16.68,217.1,200.0,3.11,38,none,True,0,False,normal
53.0,F,21.51,73.4,200.0,3.1,40,none,False,1,False,normal
5.0,M,6.45,80.6,135.1,3.33,33,mixed,False,0,False,SAM
0.0,F,3.25,70.9,90.0,3.4,40,exclusive,False,0,True,SAM
55.0,F,16.27,350.4,200.0,2.4,36,none,True,0,True,normal
30.0,M,13.6,-59.9,200.0,2.8,41,none,True,0,True,normal
20.0,F,9.92,-153.5,188.6,3.03,36,mixed,True,1,True,normal
49.0,F,18.96,301.7,200.0,3.3,40,none,True,0,True,normal
37.0,M,15.98,118.6,200.0,2.32,32,none,False,1,True,normal
11.0,F,7.41,-31.5,147.6,2.16,39,mixed,True,0,True,normal
6.0,F,7.49,172.5,152.8,3.05,35,mixed,True,0,True,normal
55.0,F,11.22,-213.8,200.0,3.19,34,none,True,0,True,MAM
36.0,M,12.06,147.4,200.0,3.1,38,none,True,1,True,normal
7.0,M,7.54,264.9,156.0,2.77,36,mixed,False,0,True,normal
15.0,F,9.72,-250.8,195.3,2.92,34,mixed,True,0,False,normal
34.0,M,14.38,-170.5,200.0,2.93,39,none,False,0,True,normal
40.0,M,15.68,-235.3,200.0,3.31,38,none,False,1,False,normal
52.0,M,16.5,-829.1,200.0,2.61,32,none,True,1,False,SAM
54.0,M,16.0,-59.2,200.0,3.01,38,none,False,2,True,normal
59.0,F,18.88,-176.8,200.0,2.58,40,none,True,0,False,normal
18.0,M,10.63,-93.5,200.0,3.21,41,mixed,True,0,True,SAM
12.0,M,8.68,329.5,177.5,2.71,40,none,False,1,False,normal
46.0,M,16.89,21.2,200.0,3.24,32,none,True,0,True,normal
1.0,M,3.85,-131.4,90.1,2.46,36,exclusive,False,0,True,SAM
8.0,F,6.41,112.4,127.3,2.87,41,mixed,True,0,False,normal
4.0,F,6.89,-308.6,147.7,3.97,35,exclusive,False,0,True,normal
38.0,F,12.65,-308.7,200.0,2.83,34,none,False,0,True,normal
8.0,M,8.41,-78.4,167.3,2.92,34,none,True,0,True,normal
54.0,F,16.29,-834.4,200.0,3.58,34,none,True,2,True,normal
15.0,F,11.44,-147.0,200.0,2.87,41,mixed,False,0,True,normal
17.0,F,10.42,110.9,200.0,2.43,39,mixed,True,1,False,normal
50.0,F,12.1,-357.2,200.0,3.26,40,none,False,0,True,normal
50.0,F,14.64,-531.3,200.0,3.11,39,none,True,0,True,normal
13.0,M,8.75,-76.7,168.8,3.12,35,none,True,0,True,normal
35.0,F,11.2,562.3,200.0,3.65,32,none,True,0,True,normal
39.0,F,13.09,-86.4,200.0,2.95,41,none,True,0,True,normal
49.0,F,16.95,-222.8,200.0,3.35,33,none,True,1,True,normal
35.0,F,11.67,498.6,200.0,2.97,35,none,True,0,False,normal
55.0,M,17.07,673.9,200.0,2.8,40,none,False,0,True,normal
39.0,F,11.48,122.0,200.0,2.87,37,none,True,0,True,normal
35.0,F,15.11,147.1,200.0,3.3,35,none,True,1,True,normal
43.0,M,13.99,-572.3,200.0,3.22,37,none,True,1,True,normal
52.0,F,16.47,979.9,200.0,1.89,39,none,True,0,True,normal
46.0,F,12.97,115.9,200.0,2.96,39,none,False,0,True,normal
20.0,F,9.48,-273.0,190.7,2.57,39,mixed,False,1,True,normal
39.0,M,14.09,-460.9,200.0,2.93,41,none,True,0,True,normal
53.0,F,16.29,932.9,200.0,3.33,37,none,True,0,True,normal
46.0,M,15.52,-247.0,200.0,2.61,39,none,True,1,False,normal
49.0,F,13.46,-935.1,200.0,2.7,32,none,True,0,False,normal
1.0,F,4.88,-54.4,105.3,2.93,41,exclusive,False,0,True,SAM
50.0,F,13.14,477.1,200.0,3.54,36,none,True,0,True,normal
40.0,F,16.63,-44.2,200.0,2.74,35,none,False,0,False,normal
0.0,F,2.61,-101.7,90.0,3.1,32,mixed,False,0,True,SAM
28.0,F,11.82,-88.9,200.0,3.07,40,none,True,0,False,normal
50.0,F,18.03,392.8,200.0,2.87,36,none,True,0,True,normal
59.0,F,14.59,-453.3,200.0,2.63,34,none,True,0,True,normal
36.0,F,16.44,120.0,200.0,3.64,36,none,True,0,False,normal
36.0,F,18.26,-328.9,200.0,3.11,38,none,True,0,True,normal
14.0,F,9.04,-62.8,180.4,2.77,33,mixed,True,2,True,SAM
2.0,F,4.79,274.7,100.2,3.04,35,exclusive,False,0,True,SAM
45.0,F,16.21,241.1,200.0,3.63,39,none,True,1,True,normal
23.0,F,12.0,531.4,200.0,2.73,38,mixed,True,0,True,normal
49.0,F,15.38,60.6,200.0,2.85,35,none,True,0,True,normal
8.0,F,7.68,-64.1,163.7,2.36,36,none,True,0,False,normal
49.0,M,18.24,270.3,200.0,2.64,35,none,False,0,True,normal
26.0,M,10.5,323.8,200.0,3.13,37,none,True,0,False,normal
1.0,M,4.44,134.8,99.4,2.8,34,exclusive,False,0,True,SAM
27.0,M,15.33,264.9,200.0,2.46,33,none,True,1,True,normal
27.0,F,11.57,210.8,200.0,2.98,35,none,True,1,True,normal
58.0,F,14.97,-146.6,200.0,2.56,36,none,True,1,True,normal
42.0,F,11.83,-78.9,200.0,2.88,35,none,True,1,False,normal
43.0,F,19.05,-765.5,200.0,3.7,38,none,True,0,True,normal
54.0,M,14.5,370.2,200.0,3.57,39,none,True,0,False,normal
33.0,M,11.77,124.0,200.0,2.83,35,none,True,0,False,normal
26.0,M,11.11,-42.7,200.0,3.74,39,none,True,0,False,normal
6.0,F,6.88,-38.1,138.0,3.02,38,none,True,0,False,normal
27.0,F,10.11,-256.3,200.0,2.97,36,none,False,0,True,normal
54.0,F,13.37,-500.1,200.0,3.1,32,none,False,0,True,SAM
34.0,M,15.37,502.2,200.0,2.92,38,none,True,2,False,normal
59.0,F,19.24,371.0,200.0,3.22,40,none,True,0,False,normal
10.0,F,8.36,-132.3,167.2,2.78,40,none,True,0,True,normal
5.0,F,7.86,30.4,155.2,3.41,41,exclusive,False,1,False,normal
19.0,F,9.72,-78.9,194.7,2.96,33,mixed,True,1,False,normal
57.0,F,20.71,-391.7,200.0,2.97,34,none,True,0,True,normal
23.0,M,10.17,507.0,200.0,2.59,38,none,True,2,True,normal
2.0,M,4.72,-124.9,101.2,3.47,34,exclusive,False,1,True,SAM
8.0,M,8.63,-115.0,177.1,2.69,40,none,False,0,True,normal
13.0,F,7.66,-49.4,160.2,3.38,34,none,True,0,False,normal
26.0,M,11.14,302.3,200.0,3.88,41,none,False,0,True,normal
47.0,F,15.68,523.4,200.0,2.95,39,none,True,1,True,normal
7.0,M,7.08,96.8,139.6,3.19,33,mixed,True,0,False,SAM
52.0,M,16.56,110.9,200.0,2.74,34,none,True,1,True,normal
13.0,M,10.86,-83.8,200.0,2.88,41,mixed,True,0,True,normal
57.0,M,15.77,-16.9,200.0,3.43,36,none,True,0,True,normal
9.0,F,7.31,262.1,148.0,2.63,38,mixed,True,1,True,normal
49.0,F,14.34,22.8,200.0,2.89,34,none,True,0,True,SAM
46.0,M,16.64,-7.5,200.0,2.9,38,none,True,1,False,normal
25.0,F,11.1,24.8,200.0,2.78,34,none,True,0,True,normal
54.0,M,12.81,375.3,200.0,2.61,34,none,False,2,True,MAM
43.0,M,14.69,-154.0,200.0,3.34,36,none,True,0,True,normal
42.0,M,15.32,1017.5,200.0,2.82,35,none,True,0,True,normal
59.0,M,14.96,-510.7,200.0,3.37,33,none,True,1,False,normal
40.0,F,11.13,-279.4,200.0,3.09,40,none,False,0,True,normal
28.0,F,10.8,-125.1,200.0,2.48,41,none,True,0,False,normal
5.0,F,8.51,250.0,164.2,3.2,33,mixed,False,1,True,normal
37.0,F,12.87,-271.1,200.0,2.91,35,none,False,0,True,normal
35.0,M,12.58,72.9,200.0,2.52,36,none,True,0,True,normal
18.0,M,11.44,-213.5,200.0,3.32,41,mixed,False,0,True,normal
15.0,M,8.69,11.3,181.3,2.95,37,mixed,True,0,False,normal
46.0,F,13.63,-98.1,200.0,2.75,32,none,True,0,True,normal
25.0,F,11.8,-411.3,200.0,3.15,37,none,True,0,True,normal
46.0,M,18.09,773.4,200.0,2.95,32,none,False,1,True,normal
40.0,F,13.59,-465.7,200.0,2.74,34,none,True,0,False,normal
40.0,M,15.08,109.2,200.0,3.19,38,none,True,0,True,normal
6.0,F,5.3,264.4,113.8,3.2,38,none,True,2,False,SAM
59.0,M,18.85,-45.2,200.0,2.57,34,none,False,0,True,normal
33.0,M,12.34,418.4,200.0,3.28,35,none,True,0,True,normal
49.0,M,13.17,-696.3,200.0,3.16,36,none,True,0,True,normal
12.0,F,8.52,-130.4,172.4,2.82,35,none,True,2,True,normal
28.0,M,12.6,-264.5,200.0,3.31,41,none,True,0,False,normal
56.0,F,15.56,-649.4,200.0,3.06,35,none,True,0,False,normal
15.0,M,11.82,-302.5,200.0,2.12,40,mixed,True,0,False,normal
28.0,M,11.83,-220.6,200.0,3.37,32,none,True,0,True,normal
32.0,M,12.28,-14.7,200.0,2.82,33,none,False,0,True,normal
19.0,M,9.84,-370.6,195.1,3.28,32,mixed,True,0,True,normal
14.0,F,7.37,171.3,151.3,3.4,41,mixed,True,0,True,normal
40.0,F,16.6,-475.1,200.0,2.65,33,none,True,2,True,normal
31.0,M,11.36,464.8,200.0,3.62,36,none,True,0,True,normal
16.0,F,10.56,307.8,200.0,2.96,39,mixed,True,0,False,normal
21.0,F,11.0,175.9,200.0,3.36,40,mixed,True,0,True,normal
46.0,M,13.36,555.8,200.0,2.8,37,none,True,1,True,normal
58.0,M,13.75,-472.8,200.0,2.98,36,none,True,0,True,MAM
35.0,F,10.95,341.3,200.0,3.56,40,none,False,0,False,normal
30.0,F,15.1,442.4,200.0,2.48,35,none,True,1,False,normal
0.0,F,3.26,84.2,90.0,3.55,37,exclusive,False,0,True,SAM
27.0,F,10.69,301.0,200.0,2.47,37,none,True,1,True,normal
17.0,F,13.35,-30.9,200.0,3.71,37,mixed,True,0,True,normal
37.0,M,12.61,121.5,200.0,3.1,41,none,True,0,True,normal
14.0,F,8.61,56.6,174.2,3.0,33,mixed,False,0,True,normal
52.0,M,15.65,274.6,200.0,2.18,34,none,True,0,True,normal
2.0,F,4.43,53.6,98.7,3.05,39,exclusive,False,1,True,SAM
4.0,M,6.15,3.6,127.0,2.35,36,exclusive,False,1,True,normal
0.0,M,3.93,-13.6,90.0,3.75,39,exclusive,False,0,True,SAM
20.0,F,7.49,122.0,155.2,2.74,33,none,False,0,True,MAM
35.0,M,15.61,-428.3,200.0,3.48,39,none,False,0,True,normal
16.0,F,8.8,134.0,172.6,2.11,40,mixed,True,0,True,normal
43.0,M,14.78,156.2,200.0,2.53,40,none,True,1,True,normal
40.0,M,13.88,53.2,200.0,3.11,37,none,True,0,False,normal
1.0,M,4.05,159.8,90.7,3.46,41,exclusive,False,1,True,SAM
35.0,F,13.37,202.0,200.0,3.77,39,none,True,1,True,normal
18.0,M,10.15,-318.1,200.0,3.35,40,none,True,0,False,normal
9.0,F,8.41,3.6,168.3,2.7,41,mixed,True,1,True,normal
47.0,F,14.08,-61.3,200.0,2.69,37,none,True,0,True,normal
16.0,F,9.14,202.2,185.5,2.81,37,mixed,True,0,True,normal
3.0,M,6.21,5.5,130.2,2.98,41,exclusive,False,1,True,normal
38.0,F,13.33,260.4,200.0,3.41,34,none,True,1,True,normal
50.0,F,14.25,-884.0,200.0,2.59,32,none,True,1,True,normal
23.0,F,9.34,70.0,183.4,3.07,40,mixed,True,1,False,normal
41.0,F,11.77,-123.1,200.0,3.79,39,none,False,1,True,normal
20.0,M,11.31,411.0,200.0,2.77,36,none,True,0,True,normal
46.0,F,14.11,215.2,200.0,3.34,39,none,True,0,True,normal
57.0,F,12.63,-341.2,200.0,3.59,39,none,True,0,True,normal
56.0,M,16.69,601.3,200.0,3.17,33,none,True,0,True,normal
35.0,F,15.72,466.4,200.0,2.23,36,none,True,0,False,normal
56.0,F,20.77,178.3,200.0,2.59,36,none,True,1,False,normal
7.0,M,7.16,52.6,152.8,3.31,38,mixed,False,0,False,normal
23.0,F,10.12,-125.0,198.8,2.56,32,none,True,1,True,normal
52.0,M,17.68,471.5,200.0,3.17,36,none,False,0,True,normal
5.0,F,5.88,-9.0,122.5,2.72,38,exclusive,False,0,True,MAM
17.0,M,10.23,-170.2,197.1,2.7,36,none,True,0,True,normal
0.0,M,3.96,40.2,90.2,3.19,36,exclusive,False,0,False,SAM
22.0,M,11.11,109.1,200.0,2.48,34,none,True,2,True,SAM
37.0,M,13.71,454.6,200.0,2.37,33,none,True,0,False,normal
10.0,F,9.37,76.4,188.9,3.0,39,mixed,True,0,True,normal
42.0,F,11.24,28.7,200.0,2.57,34,none,True,0,True,normal
7.0,F,8.13,-41.5,162.6,2.99,35,mixed,True,1,False,normal
34.0,M,15.84,-105.5,200.0,2.84,37,none,True,0,True,normal
29.0,F,11.86,-434.1,200.0,2.54,39,none,True,0,True,normal
58.0,M,16.79,-174.9,200.0,2.77,32,none,True,0,True,normal
43.0,F,12.96,-589.7,200.0,3.52,38,none,True,1,True,normal
57.0,F,14.48,-80.1,200.0,2.72,35,none,True,0,True,normal
42.0,M,15.86,-387.4,200.0,3.1,38,none,True,0,True,normal
12.0,M,8.19,312.6,172.9,2.33,41,mixed,False,2,True,normal
8.0,F,6.98,-186.8,147.1,3.84,38,mixed,True,0,True,normal
13.0,M,8.2,207.0,164.0,3.05,41,none,True,0,False,normal
36.0,F,14.79,-253.8,200.0,3.66,37,none,False,1,False,normal
25.0,F,11.21,-201.4,200.0,3.51,36,none,True,1,False,normal
19.0,M,9.87,114.6,194.5,3.78,33,mixed,True,0,True,normal
40.0,M,16.51,-351.5,200.0,2.73,33,none,False,1,True,normal
41.0,M,14.81,173.3,200.0,2.45,32,none,True,1,True,normal
10.0,F,7.91,235.4,153.5,3.49,32,mixed,True,0,True,normal
42.0,M,16.18,508.5,200.0,3.37,33,none,False,1,True,normal
31.0,M,10.67,-128.5,200.0,3.04,34,none,False,0,True,normal
10.0,F,9.12,10.3,180.3,2.71,36,mixed,False,0,True,normal
1.0,F,4.97,152.5,115.4,3.22,36,exclusive,False,0,True,MAM
57.0,M,13.91,720.1,200.0,3.18,32,none,True,0,True,normal
11.0,F,8.38,428.5,171.9,3.03,33,none,False,2,True,normal
26.0,F,10.9,-202.4,200.0,1.76,39,none,True,2,True,MAM
48.0,M,17.88,-447.2,200.0,3.4,32,none,True,2,True,normal
52.0,M,17.13,91.4,200.0,2.63,39,none,True,0,True,normal
56.0,F,16.69,716.1,200.0,3.41,41,none,True,0,True,normal
27.0,M,11.86,140.1,200.0,2.43,34,none,False,0,True,normal
31.0,M,10.46,16.3,200.0,3.0,32,none,True,0,True,MAM
46.0,M,15.37,234.3,200.0,2.96,38,none,False,0,True,normal
30.0,M,12.92,485.6,200.0,2.91,41,none,False,0,True,normal
7.0,F,9.67,-173.7,186.9,3.37,32,mixed,False,1,True,normal
32.0,F,12.86,229.0,200.0,3.47,35,none,True,0,True,normal
19.0,M,11.38,90.6,200.0,3.5,35,mixed,True,2,False,normal
48.0,F,13.45,-276.1,200.0,3.7,34,none,False,1,True,normal
10.0,M,8.86,63.0,173.3,3.47,35,mixed,False,0,True,normal
59.0,F,14.1,-563.4,200.0,2.69,39,none,True,0,True,normal
38.0,M,13.84,-260.9,200.0,2.96,40,none,True,0,True,normal
57.0,M,20.12,319.8,200.0,2.97,39,none,True,0,False,normal
12.0,F,9.58,6.1,193.1,2.53,36,none,True,0,True,normal
59.0,M,18.04,-221.4,200.0,4.02,35,none,True,0,True,normal
26.0,F,11.15,390.3,200.0,3.74,34,none,False,1,True,normal
55.0,M,16.61,-1173.0,200.0,3.44,40,none,True,0,True,normal
22.0,M,10.52,-104.8,200.0,3.12,41,mixed,True,1,True,normal
29.0,M,11.11,-20.3,200.0,3.71,39,none,True,1,True,normal
37.0,M,13.55,1.8,200.0,2.8,35,none,True,1,True,normal
22.0,M,11.82,143.6,200.0,2.43,40,mixed,True,1,True,normal
34.0,M,15.41,-763.8,200.0,3.58,41,none,False,0,False,normal
50.0,M,15.16,-38.4,200.0,2.48,32,none,False,0,False,normal
7.0,F,5.99,-39.0,128.5,3.01,33,mixed,True,1,False,MAM
28.0,M,11.69,-442.6,200.0,2.7,37,none,True,2,True,normal
49.0,F,14.97,153.9,200.0,2.89,34,none,True,2,True,normal
45.0,M,13.93,301.5,200.0,2.79,36,none,False,0,False,normal
38.0,M,13.6,133.1,200.0,3.0,36,none,False,1,True,normal
16.0,F,7.64,210.4,156.5,2.72,32,none,True,1,True,MAM
36.0,M,13.9,422.0,200.0,3.53,41,none,True,1,False,normal
16.0,F,9.3,330.8,190.6,3.33,37,none,False,1,True,normal
13.0,F,10.06,-334.2,200.0,3.0,36,mixed,True,0,True,normal
27.0,M,12.35,332.6,200.0,2.63,33,none,True,1,True,MAM
16.0,F,11.0,201.5,200.0,3.31,37,mixed,True,0,True,normal
6.0,F,5.73,-244.8,126.2,2.03,39,mixed,True,1,False,SAM
57.0,M,14.12,-80.2,200.0,2.44,39,none,True,0,True,normal
4.0,F,6.58,129.0,135.3,2.94,40,exclusive,False,0,True,normal
49.0,F,11.19,161.2,200.0,2.43,36,none,True,0,True,MAM
18.0,F,7.98,-297.8,155.9,3.17,34,mixed,True,0,False,MAM
0.0,M,3.44,8.5,90.0,2.83,32,exclusive,False,1,True,SAM
30.0,F,12.61,123.5,200.0,3.41,39,none,True,0,True,normal
21.0,M,10.86,394.1,200.0,2.3,39,none,True,2,False,normal
1.0,F,3.69,68.8,90.0,2.77,39,exclusive,False,0,False,SAM
28.0,F,10.25,400.2,200.0,3.64,40,none,True,1,True,normal
37.0,M,16.81,-189.1,200.0,2.83,40,none,True,1,False,normal
19.0,F,9.46,124.5,183.1,2.83,35,mixed,True,0,True,normal
0.0,M,2.97,8.1,90.0,3.03,33,exclusive,False,0,True,SAM
8.0,F,8.71,61.9,176.2,2.56,34,mixed,True,0,True,normal
29.0,F,13.62,714.2,200.0,3.14,39,none,False,1,True,normal
41.0,F,14.84,245.6,200.0,2.56,33,none,False,0,True,normal
5.0,M,8.29,-224.8,165.4,3.12,38,exclusive,False,2,True,normal
57.0,F,15.21,-794.2,200.0,2.95,41,none,True,0,True,normal
22.0,F,11.32,-161.0,200.0,2.97,38,mixed,True,0,False,normal
45.0,F,13.36,-1081.8,200.0,2.81,37,none,False,1,True,normal
11.0,F,8.05,-319.9,161.2,3.51,33,mixed,True,0,True,normal
59.0,M,14.96,117.0,200.0,3.16,40,none,True,0,True,normal
31.0,M,13.34,46.4,200.0,3.2,34,none,True,1,False,normal
37.0,F,16.6,195.0,200.0,4.2,36,none,False,0,False,normal
23.0,F,9.84,313.8,194.0,3.43,40,none,True,0,True,MAM
14.0,F,9.33,-113.0,181.3,3.45,39,mixed,True,0,True,normal
40.0,M,14.94,821.1,200.0,2.98,37,none,True,0,False,normal
6.0,F,6.97,63.6,145.7,3.61,37,mixed,False,0,True,normal
55.0,M,15.87,333.3,200.0,2.67,40,none,True,1,True,normal
39.0,F,14.79,-600.6,200.0,3.26,34,none,True,0,True,normal
14.0,F,8.64,-182.7,166.2,3.28,37,mixed,True,0,True,normal
54.0,M,14.69,49.1,200.0,3.67,37,none,True,3,False,normal
39.0,F,13.46,267.0,200.0,2.88,38,none,True,1,False,normal
55.0,M,14.91,124.1,200.0,2.93,38,none,True,0,True,normal
39.0,M,12.2,832.3,200.0,3.16,40,none,True,1,True,normal
45.0,M,14.6,171.6,200.0,2.98,35,none,True,0,False,normal
6.0,F,7.74,27.7,158.9,2.3,37,mixed,False,0,False,normal
13.0,F,8.96,-191.6,176.5,2.36,34,none,True,0,True,normal
23.0,F,11.78,379.2,200.0,2.45,41,mixed,True,0,True,normal
1.0,F,4.65,119.8,112.3,2.88,40,exclusive,False,0,False,SAM
15.0,F,8.6,1.1,176.7,2.61,32,mixed,True,1,False,normal
8.0,F,8.71,55.6,175.3,2.42,41,mixed,True,0,False,SAM
16.0,F,7.99,-186.8,169.3,2.88,36,mixed,False,0,True,normal
51.0,M,16.04,-527.7,200.0,2.79,34,none,True,2,True,normal
49.0,F,15.84,-189.1,200.0,2.19,33,none,True,0,True,normal
54.0,F,17.13,691.1,200.0,2.45,32,none,True,4,True,normal
35.0,M,16.89,-311.4,200.0,3.15,33,none,True,0,True,normal
43.0,M,15.77,218.1,200.0,3.34,39,none,False,0,True,normal
18.0,M,10.92,-31.8,200.0,2.9,35,none,False,0,False,normal
38.0,M,15.03,-248.5,200.0,3.29,34,none,True,0,True,normal
9.0,M,9.23,-134.4,188.2,2.61,33,mixed,True,0,True,normal
54.0,M,14.26,-22.3,200.0,3.26,32,none,True,0,False,normal
35.0,F,11.26,210.7,200.0,2.92,37,none,True,0,True,normal
48.0,F,17.37,394.4,200.0,2.9,41,none,True,0,True,normal
29.0,F,12.35,-127.1,200.0,3.18,32,none,True,0,False,normal
59.0,F,18.92,-390.5,200.0,2.42,36,none,False,0,True,normal
45.0,F,11.87,-212.0,200.0,2.8,39,none,True,1,False,normal
6.0,M,7.37,46.1,152.4,2.75,38,mixed,True,2,True,normal
28.0,F,12.16,333.4,200.0,2.99,41,none,True,0,True,normal
40.0,M,12.8,-487.9,200.0,3.21,36,none,True,0,True,normal
16.0,F,8.08,-53.8,160.8,2.86,39,mixed,False,1,True,normal
7.0,M,8.3,108.6,170.8,3.11,41,none,False,1,True,SAM
5.0,F,7.72,-70.7,159.2,3.89,40,mixed,False,0,True,normal
44.0,F,14.1,-174.9,200.0,2.83,34,none,True,1,False,normal
43.0,F,15.59,106.3,200.0,2.64,36,none,True,0,False,normal
14.0,M,10.54,326.4,200.0,3.17,33,mixed,True,1,True,normal
56.0,M,17.39,539.0,200.0,2.63,41,none,False,0,True,normal
6.0,M,8.2,176.5,170.0,3.49,39,mixed,False,0,True,normal
7.0,M,10.52,38.9,200.0,3.39,35,none,True,1,True,normal
3.0,M,5.33,116.8,118.9,3.28,37,exclusive,False,0,True,MAM
8.0,F,7.6,-235.1,151.0,3.14,35,mixed,True,0,False,normal
50.0,M,16.28,-212.2,200.0,3.14,36,none,True,0,True,normal
6.0,F,8.69,-48.1,177.1,2.17,34,mixed,True,2,True,normal
32.0,M,11.81,-444.3,200.0,3.26,35,none,True,1,True,normal
52.0,F,12.82,20.6,200.0,2.49,41,none,True,0,False,normal
20.0,M,12.35,-25.9,200.0,3.19,32,mixed,False,1,False,normal
32.0,M,15.11,-62.5,200.0,2.44,40,none,True,0,True,normal
12.0,M,7.14,316.7,147.5,3.37,39,none,True,0,False,MAM
4.0,F,7.88,-172.7,153.4,2.67,38,exclusive,False,0,True,normal
54.0,M,18.5,-436.9,200.0,3.6,33,none,True,0,True,normal
34.0,M,14.17,-63.8,200.0,3.56,34,none,True,0,True,normal
35.0,F,15.45,-709.5,200.0,3.3,36,none,False,0,False,SAM
55.0,F,13.35,395.4,200.0,3.11,33,none,True,0,False,normal
5.0,M,7.16,185.1,149.1,3.12,39,exclusive,False,0,True,normal
1.0,M,4.98,36.9,109.2,3.38,37,exclusive,False,2,True,SAM
44.0,M,15.81,-39.9,200.0,3.31,33,none,True,1,True,normal
12.0,F,6.91,-48.8,141.4,2.99,41,none,True,0,True,MAM
25.0,M,14.06,-420.8,200.0,2.93,33,none,True,0,True,normal
55.0,M,16.63,913.8,200.0,3.01,37,none,True,0,True,normal
26.0,M,12.15,110.6,200.0,3.16,34,none,True,1,True,normal
7.0,M,8.04,183.3,159.8,2.72,38,mixed,False,0,False,normal
0.0,M,2.8,0.4,90.0,2.48,40,exclusive,False,0,True,SAM
29.0,F,12.96,585.3,200.0,3.24,41,none,True,2,True,normal
8.0,F,8.17,-200.7,170.3,3.77,38,mixed,True,0,False,normal
33.0,F,14.8,-306.3,200.0,3.51,32,none,False,0,True,normal
1.0,M,3.54,225.3,90.0,2.75,41,mixed,False,1,True,SAM
44.0,F,15.09,671.2,200.0,2.69,38,none,True,0,True,normal
56.0,M,16.33,49.7,200.0,3.11,35,none,True,0,True,normal
34.0,F,14.16,255.8,200.0,2.0,33,none,True,0,False,normal
58.0,M,22.17,672.7,200.0,2.65,38,none,True,0,True,normal
24.0,M,12.75,-25.5,200.0,2.67,35,none,True,1,True,normal
54.0,F,11.54,127.5,200.0,2.86,36,none,True,0,True,MAM
13.0,F,9.01,129.7,178.3,2.99,35,mixed,True,0,True,normal
47.0,F,9.59,-340.2,200.0,3.24,41,none,True,0,False,SAM
4.0,M,6.92,26.6,140.5,2.17,32,exclusive,False,1,True,normal
26.0,F,10.86,-238.5,200.0,3.75,32,none,True,1,True,normal
14.0,F,9.18,-48.3,177.4,3.47,35,none,False,0,True,normal
37.0,M,17.12,-36.4,200.0,3.02,35,none,False,0,True,normal
22.0,F,12.05,302.4,200.0,3.0,38,none,True,0,True,normal
0.0,F,2.66,169.5,90.0,3.62,38,exclusive,False,0,False,SAM
11.0,F,8.72,-108.8,172.8,2.94,41,mixed,True,1,True,normal
23.0,M,11.68,658.2,200.0,3.29,39,mixed,False,0,True,normal
52.0,F,14.25,-0.2,200.0,3.6,32,none,True,0,True,normal
44.0,M,16.22,441.9,200.0,3.37,39,none,True,0,False,normal
47.0,F,20.09,-222.1,200.0,3.25,32,none,True,0,True,normal
39.0,F,15.68,-182.5,200.0,3.14,37,none,True,0,True,normal
42.0,F,16.43,233.9,200.0,2.89,41,none,True,0,True,normal
19.0,M,9.14,-330.6,182.9,2.99,33,none,True,0,True,normal
42.0,M,12.15,279.7,200.0,3.15,34,none,True,1,True,normal
44.0,M,17.12,207.3,200.0,3.68,38,none,False,2,False,normal
24.0,F,11.73,482.4,200.0,2.87,33,none,False,1,False,normal
15.0,F,9.1,-16.6,184.4,2.71,32,mixed,False,0,True,normal
25.0,F,13.36,308.1,200.0,3.54,32,none,True,0,True,normal
44.0,M,16.91,97.2,200.0,2.19,39,none,True,0,True,normal
13.0,M,8.96,239.4,180.2,4.06,38,mixed,True,1,True,normal
8.0,F,8.49,-14.4,169.3,2.57,32,none,True,0,False,normal
26.0,F,11.32,-40.3,200.0,3.41,34,none,True,1,False,normal
49.0,F,14.01,-93.4,200.0,3.34,38,none,False,0,True,normal
1.0,M,4.75,-55.4,99.2,2.78,34,exclusive,False,0,True,SAM
22.0,F,14.58,-226.8,200.0,3.53,33,mixed,True,0,True,normal
2.0,F,3.47,-69.1,90.0,2.9,38,exclusive,False,0,False,SAM
26.0,M,13.0,-723.3,200.0,3.45,34,none,True,1,False,normal
32.0,F,12.19,142.2,200.0,3.14,36,none,True,0,True,normal
27.0,F,11.63,-201.0,200.0,3.52,36,none,True,0,True,normal
53.0,M,17.54,209.1,200.0,2.52,37,none,True,0,True,normal
41.0,F,14.57,322.0,200.0,3.6,40,none,True,0,True,normal
48.0,M,14.39,319.1,200.0,2.95,32,none,False,0,True,normal
25.0,M,11.41,-175.3,200.0,3.35,36,none,True,0,True,normal
2.0,F,4.4,-123.7,100.3,3.25,37,exclusive,False,1,True,SAM
22.0,M,12.16,-318.7,200.0,3.01,37,none,True,1,True,normal
28.0,M,13.16,-404.5,200.0,3.64,34,none,True,1,False,normal
12.0,M,8.42,27.2,168.0,2.8,35,mixed,True,0,False,normal
31.0,F,14.76,-310.0,200.0,3.45,32,none,True,1,True,normal
41.0,M,15.58,431.1,200.0,3.17,39,none,True,0,True,normal
28.0,F,12.11,432.4,200.0,2.24,39,none,True,2,True,normal
47.0,F,19.03,246.9,200.0,3.37,37,none,False,1,True,MAM
46.0,M,13.88,87.1,200.0,2.82,33,none,True,0,True,normal
54.0,F,15.76,-56.0,200.0,2.83,37,none,False,0,True,normal
42.0,M,13.77,-366.7,200.0,2.72,36,none,False,0,False,normal
10.0,M,10.17,-136.8,200.0,3.03,39,mixed,False,1,True,normal
39.0,F,10.53,243.9,200.0,3.01,34,none,True,0,True,MAM
3.0,M,5.69,158.1,114.0,3.27,34,mixed,False,1,False,SAM
23.0,M,10.75,-306.2,200.0,2.58,36,mixed,True,0,True,normal
36.0,F,13.97,-13.0,200.0,3.97,34,none,False,0,True,normal
43.0,M,14.85,-209.1,200.0,2.57,34,none,True,1,True,normal
57.0,F,17.01,825.6,200.0,3.18,35,none,False,0,False,normal
23.0,F,11.67,110.9,200.0,2.63,41,none,True,3,False,normal
22.0,F,12.76,-323.6,200.0,3.03,38,none,True,0,True,normal
38.0,F,18.52,11.0,200.0,2.77,38,none,True,0,True,normal
10.0,F,9.95,-231.3,200.0,2.59,38,mixed,True,1,False,normal
59.0,M,21.18,627.4,200.0,3.91,36,none,True,0,True,normal
53.0,F,13.73,-195.5,200.0,3.14,34,none,False,0,True,SAM
53.0,M,16.97,572.8,200.0,3.53,40,none,True,0,False,normal
28.0,M,12.08,257.0,200.0,3.2,38,none,False,0,True,normal
37.0,F,15.0,71.4,200.0,3.36,41,none,True,0,True,normal
32.0,F,14.26,76.4,200.0,2.85,37,none,True,0,True,normal
7.0,F,8.29,-219.1,166.7,2.86,40,none,True,1,True,normal
51.0,F,15.65,488.4,200.0,2.37,32,none,True,1,True,normal
23.0,F,11.75,80.2,200.0,2.74,34,none,False,0,True,normal
19.0,F,10.59,-325.5,200.0,2.59,41,mixed,True,0,True,normal
23.0,M,11.01,70.9,200.0,2.82,37,mixed,True,0,True,normal
18.0,M,12.02,379.8,200.0,2.54,36,none,True,0,True,MAM
40.0,F,13.75,710.9,200.0,2.69,34,none,True,0,True,normal
45.0,F,14.54,224.9,200.0,3.15,32,none,True,0,True,normal
32.0,M,15.22,121.7,200.0,3.3,35,none,True,0,True,normal
55.0,M,17.54,482.0,200.0,3.17,34,none,False,2,True,normal
48.0,F,16.29,858.1,200.0,2.77,32,none,True,1,False,normal
7.0,F,8.11,57.7,161.7,3.66,41,mixed,False,1,False,normal
42.0,F,14.85,24.1,200.0,3.25,41,none,True,2,True,normal
56.0,F,17.19,56.2,200.0,3.61,32,none,True,2,True,normal
33.0,M,12.83,-102.9,200.0,2.69,35,none,False,0,False,normal
34.0,M,12.84,193.5,200.0,2.56,32,none,False,0,True,normal
50.0,M,15.47,-151.0,200.0,3.02,33,none,False,0,True,normal
27.0,M,15.02,-286.2,200.0,3.05,37,none,True,1,True,normal
53.0,F,13.7,-215.4,200.0,3.17,32,none,True,0,True,normal
27.0,F,11.28,-310.5,200.0,3.35,40,none,True,0,True,normal
2.0,F,4.56,-50.6,102.4,3.08,39,exclusive,False,0,True,SAM
41.0,M,13.6,-231.6,200.0,2.78,41,none,True,0,False,normal
18.0,F,8.56,-203.6,176.5,2.73,38,mixed,True,0,True,normal
16.0,F,9.84,68.9,200.0,2.88,34,mixed,True,0,True,normal
43.0,M,12.99,13.9,200.0,3.64,35,none,True,1,False,normal
21.0,M,9.19,-48.0,188.8,2.83,35,none,True,1,True,MAM
16.0,F,8.44,26.0,175.5,2.27,33,none,True,0,True,normal
58.0,M,18.29,888.9,200.0,3.29,36,none,True,1,True,normal
41.0,M,13.54,508.6,200.0,2.24,40,none,True,0,True,normal
35.0,M,16.16,-392.6,200.0,3.62,34,none,True,0,True,normal
58.0,M,18.74,-516.7,200.0,2.52,38,none,True,0,True,normal
40.0,M,15.11,690.5,200.0,2.75,33,none,True,0,True,normal
34.0,M,10.88,-780.7,200.0,3.7,32,none,True,0,True,MAM
31.0,M,12.88,549.3,200.0,3.15,35,none,True,0,False,normal
20.0,F,10.06,-87.5,195.6,2.63,36,mixed,False,0,True,normal
12.0,M,8.31,-177.9,166.7,2.65,37,none,False,0,True,normal
48.0,M,17.61,371.6,200.0,3.66,34,none,True,1,True,normal
20.0,M,13.55,-22.7,200.0,4.2,40,none,True,1,False,normal
6.0,M,7.9,28.7,160.8,2.81,32,mixed,True,1,True,normal
21.0,M,10.74,306.9,200.0,3.08,35,none,True,0,True,normal
30.0,F,13.84,-416.5,200.0,2.79,37,none,True,0,False,normal
5.0,M,6.67,-83.2,141.9,2.58,41,exclusive,False,0,True,normal
4.0,M,7.01,51.2,137.3,3.25,33,mixed,False,1,False,normal
45.0,F,14.95,37.6,200.0,2.55,36,none,True,0,True,normal
46.0,F,13.89,-537.8,200.0,3.42,40,none,True,0,True,normal
44.0,F,15.98,289.7,200.0,2.97,34,none,True,0,False,normal
22.0,M,9.71,-268.0,195.9,3.12,35,mixed,False,0,False,normal
35.0,M,14.64,583.2,200.0,2.84,34,none,True,1,True,normal
33.0,F,12.95,-3.2,200.0,2.93,38,none,False,0,True,normal
4.0,F,4.96,17.0,107.9,2.31,37,exclusive,False,0,True,SAM
39.0,F,15.0,-20.6,200.0,2.92,32,none,True,0,True,normal
16.0,M,11.34,182.5,200.0,3.28,39,none,True,1,True,normal
4.0,F,7.49,276.5,155.1,2.9,39,exclusive,False,0,False,normal
39.0,M,15.47,241.7,200.0,3.31,39,none,False,1,True,normal
41.0,M,14.44,-251.2,200.0,3.66,35,none,True,0,True,normal
59.0,F,16.75,344.4,200.0,3.04,34,none,True,0,True,normal
36.0,F,13.44,638.1,200.0,3.28,37,none,True,1,False,normal
13.0,M,10.57,-122.8,200.0,3.03,35,mixed,True,0,True,normal
19.0,M,11.79,107.0,200.0,2.65,32,mixed,False,0,True,SAM
48.0,F,21.37,-332.4,200.0,3.31,33,none,False,0,True,normal
58.0,F,15.69,426.7,200.0,2.96,36,none,True,0,False,normal
11.0,M,8.02,-6.7,157.2,3.59,36,mixed,True,0,False,normal
25.0,F,12.34,-390.3,200.0,3.01,34,none,False,1,True,normal
45.0,F,13.54,-211.4,200.0,3.22,33,none,True,0,False,normal
36.0,M,13.19,187.7,200.0,2.69,33,none,True,1,False,normal
13.0,M,8.07,-39.5,160.9,2.78,32,mixed,True,0,True,normal
39.0,F,15.49,105.0,200.0,2.87,40,none,True,0,False,normal
45.0,M,15.11,-193.2,200.0,3.1,41,none,True,0,True,normal
56.0,F,12.17,-446.8,200.0,3.01,41,none,True,0,True,MAM
12.0,F,7.43,168.0,153.6,2.88,38,mixed,True,0,True,normal
22.0,F,11.17,347.9,200.0,3.42,41,mixed,False,1,True,normal
8.0,M,7.69,250.2,157.2,3.27,33,mixed,True,2,False,normal
10.0,M,7.72,83.8,151.5,2.8,32,mixed,False,0,False,MAM
51.0,F,13.14,-20.3,200.0,2.48,33,none,True,1,True,normal
19.0,M,10.18,-135.7,199.9,2.32,41,mixed,True,0,False,normal
21.0,F,10.03,-390.0,197.4,3.1,36,mixed,True,0,True,normal
15.0,M,10.74,214.5,200.0,2.96,39,mixed,True,1,True,normal
14.0,M,8.76,-91.4,173.3,2.86,34,mixed,True,0,False,normal
0.0,F,3.34,-73.0,90.0,2.98,33,exclusive,False,2,False,SAM
42.0,F,16.25,45.6,200.0,3.18,40,none,False,0,True,normal
21.0,F,10.96,166.7,200.0,3.15,32,mixed,True,1,False,normal
41.0,F,14.63,430.2,200.0,2.68,40,none,True,0,False,normal
43.0,M,14.95,750.9,200.0,3.76,34,none,True,0,True,normal
9.0,F,7.45,26.0,149.5,3.17,32,none,True,0,True,normal
11.0,M,8.89,138.8,180.3,2.48,32,mixed,True,0,False,normal
0.0,F,3.67,187.1,90.0,2.9,37,exclusive,False,1,True,SAM
42.0,F,10.69,347.9,200.0,2.9,41,none,False,1,True,MAM
15.0,M,10.6,212.2,200.0,2.98,39,mixed,True,0,True,normal
43.0,M,12.85,-246.7,200.0,2.97,32,none,True,0,True,normal
30.0,F,12.96,-278.7,200.0,2.67,38,none,False,0,False,normal
36.0,M,16.22,149.1,200.0,2.72,36,none,True,0,True,normal
58.0,F,15.88,-602.4,200.0,3.39,35,none,True,0,True,normal
10.0,F,7.29,70.0,148.3,3.41,41,mixed,True,0,False,normal
47.0,M,15.99,384.0,200.0,3.29,38,none,True,1,False,normal
55.0,M,14.66,-31.6,200.0,3.36,37,none,True,1,False,normal
17.0,M,11.1,308.1,200.0,3.26,41,mixed,True,0,False,normal
40.0,M,14.11,303.9,200.0,3.09,40,none,False,0,True,normal
33.0,F,14.03,208.6,200.0,3.09,38,none,True,2,True,normal
11.0,M,8.17,-40.6,171.6,2.82,33,mixed,True,0,False,normal
46.0,M,13.64,104.4,200.0,2.76,32,none,False,0,True,normal
0.0,F,3.03,42.7,90.0,2.09,35,exclusive,False,1,False,SAM
1.0,M,3.55,56.2,90.0,2.35,38,exclusive,False,0,True,SAM
56.0,F,15.05,-571.9,200.0,2.76,39,none,True,0,True,normal
26.0,F,10.24,-408.0,200.0,3.26,32,none,True,1,True,normal
10.0,F,7.09,11.2,148.5,3.12,37,mixed,False,0,False,normal
59.0,F,18.64,-586.2,200.0,3.01,36,none,True,1,True,normal
6.0,F,7.39,-36.1,147.6,3.21,39,mixed,True,0,True,normal
46.0,M,17.17,-155.1,200.0,3.06,38,none,True,0,True,normal
34.0,M,14.67,489.0,200.0,3.01,36,none,True,0,False,normal
49.0,F,15.13,-349.6,200.0,2.72,40,none,True,0,True,normal
59.0,M,20.64,681.7,200.0,2.43,39,none,True,0,False,normal
23.0,M,9.23,117.7,186.4,3.57,39,mixed,True,1,True,MAM
32.0,F,9.76,196.9,195.0,2.92,36,none,True,0,True,MAM
44.0,M,17.14,-322.9,200.0,2.48,34,none,True,0,True,normal
12.0,F,7.83,-134.2,156.3,2.73,36,mixed,True,0,True,normal
15.0,F,8.92,21.5,174.1,3.09,38,mixed,True,0,False,normal
15.0,F,8.98,375.1,181.2,3.47,39,none,True,0,True,normal
30.0,F,12.31,-175.1,200.0,3.02,34,none,False,0,True,normal
41.0,F,15.82,-32.3,200.0,3.71,35,none,False,0,False,normal
57.0,M,14.37,183.1,200.0,3.16,39,none,True,0,False,normal
6.0,M,8.17,55.1,162.8,3.03,36,none,True,1,True,normal
55.0,M,16.75,-682.2,200.0,3.41,32,none,True,1,False,normal
12.0,F,8.34,142.3,165.0,3.08,39,mixed,False,1,True,normal
59.0,F,12.38,972.0,200.0,3.18,37,none,True,0,False,MAM
18.0,M,11.27,122.8,200.0,2.4,32,none,False,0,True,normal
3.0,F,5.8,81.1,116.6,2.41,40,exclusive,False,0,True,SAM
1.0,M,4.86,-44.0,97.5,2.76,35,exclusive,False,1,True,SAM
49.0,F,12.25,218.6,200.0,2.67,41,none,True,1,True,normal
24.0,F,13.02,-576.3,200.0,2.81,39,none,True,0,True,normal
2.0,M,6.07,70.2,131.1,2.72,36,exclusive,False,1,True,MAM
30.0,F,12.64,162.5,200.0,2.73,37,none,False,0,True,normal
51.0,M,18.82,-622.5,200.0,2.75,37,none,True,0,True,normal
11.0,M,8.77,-76.7,183.2,2.73,37,none,True,1,True,normal
49.0,M,15.98,68.7,200.0,2.12,34,none,True,0,True,normal
2.0,M,5.46,24.5,111.1,3.29,37,mixed,False,2,True,SAM
34.0,M,13.47,406.6,200.0,3.32,33,none,True,0,True,normal
46.0,F,13.31,660.8,200.0,2.62,37,none,True,0,True,normal
12.0,F,8.51,119.6,171.2,3.89,32,mixed,True,1,False,normal
43.0,F,14.69,-137.8,200.0,3.85,33,none,True,0,True,normal
24.0,F,10.98,-71.5,200.0,3.36,37,none,False,0,True,normal
48.0,F,15.88,-824.7,200.0,2.65,39,none,True,1,False,normal
43.0,F,17.72,-673.7,200.0,4.17,33,none,False,1,True,normal
14.0,M,9.65,-120.2,189.4,2.9,41,mixed,False,0,False,normal
35.0,M,15.71,164.6,200.0,2.96,41,none,True,0,True,normal
53.0,M,17.05,30.7,200.0,3.31,35,none,True,0,True,normal
1.0,M,5.02,81.7,109.7,2.88,40,mixed,False,0,False,SAM
32.0,F,13.88,15.1,200.0,2.69,40,none,True,0,True,normal
24.0,M,12.41,-274.6,200.0,2.26,34,none,False,3,True,normal
51.0,F,15.37,-45.7,200.0,3.83,40,none,False,0,True,normal
48.0,F,15.32,-148.8,200.0,3.61,35,none,True,0,True,normal
12.0,F,8.55,-104.8,172.4,3.37,37,mixed,False,1,True,normal
50.0,M,14.69,-51.3,200.0,2.92,40,none,True,0,False,normal
42.0,M,16.55,626.0,200.0,3.33,36,none,False,0,True,normal
26.0,M,12.58,-194.8,200.0,3.33,35,none,True,0,True,normal
51.0,F,16.5,-452.1,200.0,2.42,36,none,True,1,True,normal
32.0,M,12.72,277.5,200.0,3.14,40,none,False,0,True,normal
18.0,M,11.65,35.6,200.0,3.32,40,mixed,False,1,True,SAM
13.0,F,10.37,81.3,199.7,3.3,35,mixed,True,0,True,normal
51.0,F,14.23,403.4,200.0,3.25,33,none,True,0,False,normal
20.0,F,9.4,-396.6,179.1,2.96,35,mixed,True,1,False,normal
48.0,M,16.36,-277.0,200.0,2.86,39,none,True,1,True,normal
52.0,F,13.16,-141.9,200.0,3.47,40,none,True,0,True,normal
44.0,M,13.01,-62.4,200.0,2.69,34,none,True,0,False,normal
37.0,M,11.63,-758.3,200.0,2.7,37,none,False,1,True,normal
51.0,F,10.15,299.9,200.0,3.17,40,none,True,0,True,SAM
53.0,M,15.57,-174.0,200.0,3.04,33,none,True,0,True,MAM
14.0,M,9.44,-63.8,190.3,3.5,41,none,True,0,True,normal
49.0,M,13.34,487.4,200.0,3.16,39,none,False,1,True,normal
34.0,F,11.91,493.9,200.0,3.58,33,none,True,1,True,normal
58.0,F,16.62,-907.1,200.0,2.42,36,none,True,1,True,normal
0.0,M,3.57,249.5,90.0,3.09,39,exclusive,False,1,False,SAM
12.0,M,8.51,15.1,167.0,2.89,35,mixed,True,1,True,normal
2.0,F,5.14,-26.0,115.9,2.98,32,mixed,False,0,True,MAM
39.0,M,16.21,-312.0,200.0,3.04,41,none,True,0,True,normal
28.0,M,11.9,-343.1,200.0,3.03,41,none,True,1,True,normal
36.0,M,15.97,446.0,200.0,3.11,36,none,False,0,True,normal
9.0,F,9.45,209.2,183.7,2.84,36,mixed,True,1,True,normal
27.0,F,11.95,-288.9,200.0,3.42,38,none,True,0,True,normal
37.0,F,13.86,253.6,200.0,2.77,32,none,True,0,True,MAM
15.0,M,11.86,55.7,200.0,3.74,35,none,True,1,True,normal
18.0,M,13.61,56.0,200.0,2.38,34,mixed,True,0,True,normal
28.0,F,11.86,-223.6,200.0,2.62,41,none,True,0,False,normal
20.0,F,8.63,-361.1,173.0,3.44,33,mixed,True,1,True,normal
1.0,M,4.42,-46.3,98.4,2.99,32,exclusive,False,0,False,SAM
42.0,F,16.28,563.8,200.0,2.87,37,none,True,0,False,normal
13.0,M,8.86,217.8,176.4,2.98,36,mixed,True,0,True,normal
9.0,F,8.84,-139.4,180.6,2.34,33,mixed,True,0,False,normal
50.0,F,18.78,82.2,200.0,3.15,41,none,False,0,True,normal
4.0,M,5.92,183.6,123.3,3.41,33,exclusive,False,0,True,MAM
54.0,F,15.13,202.6,200.0,3.4,39,none,False,0,True,normal
23.0,M,9.59,-59.9,190.7,2.43,39,none,False,0,True,MAM
27.0,F,10.97,-270.0,200.0,3.35,34,none,False,0,False,normal
22.0,F,9.83,-242.0,194.5,3.56,38,none,True,0,True,normal
45.0,F,11.8,-211.7,200.0,3.8,38,none,True,1,True,normal
50.0,M,15.56,1079.3,200.0,3.52,40,none,True,1,True,normal
18.0,M,10.51,21.6,200.0,3.95,40,none,True,1,True,normal
51.0,M,15.5,-544.7,200.0,3.8,37,none,False,0,True,normal
32.0,F,11.01,-93.6,200.0,3.57,33,none,True,0,True,normal
19.0,F,10.31,159.1,200.0,2.65,34,none,True,1,True,SAM
36.0,M,12.64,431.8,200.0,2.53,35,none,True,1,True,normal
12.0,F,10.78,-37.4,200.0,2.84,41,mixed,True,1,False,normal
38.0,M,16.36,-575.8,200.0,3.59,36,none,True,0,True,normal
35.0,M,13.48,222.8,200.0,2.9,37,none,True,0,True,normal
59.0,F,14.09,388.4,200.0,3.02,35,none,True,0,True,normal
59.0,M,18.97,-422.4,200.0,3.42,32,none,False,1,True,normal
5.0,F,4.79,156.9,100.8,3.26,39,exclusive,False,0,True,SAM
52.0,M,19.25,532.6,200.0,2.82,41,none,True,0,True,normal
6.0,F,5.83,63.5,123.2,3.33,33,mixed,True,1,True,MAM
42.0,F,12.4,-78.1,200.0,3.22,37,none,False,0,True,normal
34.0,M,14.32,248.2,200.0,3.37,37,none,False,0,False,normal
51.0,M,16.47,-826.6,200.0,2.3,38,none,True,0,True,normal
3.0,F,6.06,151.7,120.8,3.5,39,mixed,False,0,True,MAM
30.0,F,12.96,391.2,200.0,2.97,36,none,False,0,True,normal
15.0,F,7.99,-282.2,160.1,2.85,40,mixed,True,1,True,normal
10.0,F,7.74,-118.5,156.5,2.97,36,mixed,True,1,True,normal
50.0,F,11.85,128.9,200.0,3.01,33,none,True,1,False,normal
17.0,M,10.06,104.7,200.0,3.35,32,none,True,0,True,SAM
41.0,M,15.69,-325.3,200.0,3.33,39,none,False,0,True,normal
13.0,F,6.85,-313.6,140.3,3.22,33,mixed,True,0,True,MAM
2.0,M,5.07,112.9,112.2,3.22,39,exclusive,False,1,True,SAM
20.0,M,10.42,220.5,200.0,2.26,32,mixed,True,0,False,normal
16.0,M,11.19,179.8,200.0,2.74,38,mixed,True,1,True,normal
41.0,F,15.66,4.5,200.0,2.63,36,none,True,1,False,normal
13.0,F,8.87,347.5,182.8,3.13,37,mixed,True,0,False,normal
6.0,M,6.17,438.8,129.5,3.46,34,mixed,True,0,True,MAM
49.0,F,12.6,-307.1,200.0,2.95,39,none,True,1,True,MAM
28.0,M,15.68,189.1,200.0,3.52,40,none,False,0,False,normal
21.0,M,11.96,113.5,200.0,3.09,36,mixed,True,0,True,normal
2.0,F,4.59,57.6,97.8,3.17,38,exclusive,False,0,False,SAM
13.0,M,10.86,53.1,200.0,3.26,41,mixed,True,0,True,normal
6.0,M,7.92,-0.1,152.7,2.23,35,mixed,True,0,True,normal
59.0,F,18.55,-134.5,200.0,3.51,37,none,False,1,True,normal
37.0,F,14.9,324.2,200.0,2.81,38,none,False,0,False,normal
43.0,F,17.38,-295.8,200.0,2.92,39,none,False,2,False,normal
23.0,M,10.97,470.5,200.0,3.39,34,mixed,True,0,True,MAM
21.0,F,12.01,130.7,200.0,2.84,40,mixed,True,0,True,normal
37.0,M,15.12,-256.6,200.0,3.55,37,none,True,0,True,normal
23.0,M,11.63,274.0,200.0,2.6,33,none,True,1,False,normal
6.0,F,6.7,-143.3,143.4,2.4,32,none,True,0,False,normal
9.0,M,7.76,-55.5,154.8,2.6,32,none,True,0,True,normal
32.0,F,16.1,233.4,200.0,3.3,35,none,False,0,True,normal
27.0,M,13.53,5.2,200.0,3.37,35,none,True,1,True,MAM
59.0,F,13.24,228.2,200.0,3.45,41,none,False,0,True,normal
43.0,M,11.48,17.5,200.0,3.26,41,none,True,0,True,MAM
53.0,F,12.04,-102.0,200.0,3.24,34,none,False,0,True,MAM
35.0,F,14.48,-91.1,200.0,3.21,34,none,True,0,True,normal
15.0,F,8.53,-109.6,171.1,2.91,33,none,True,2,False,normal
14.0,M,9.28,437.7,193.1,3.59,32,mixed,True,0,False,normal
3.0,M,5.44,51.5,121.2,2.86,34,mixed,False,0,False,MAM
19.0,M,10.28,214.7,200.0,2.99,33,mixed,True,0,True,normal
13.0,F,9.48,-89.8,192.9,3.4,40,mixed,True,1,False,normal
15.0,F,9.64,12.1,192.2,3.17,35,mixed,True,2,False,normal
8.0,F,7.99,326.8,157.9,2.24,33,mixed,True,1,True,normal
56.0,F,15.14,45.7,200.0,2.66,33,none,True,0,False,normal
56.0,M,18.57,-273.8,200.0,2.96,41,none,False,0,False,normal
14.0,F,8.2,531.8,174.8,3.21,40,mixed,True,1,True,normal
52.0,F,15.99,-27.0,200.0,2.97,40,none,False,0,True,normal
46.0,M,16.21,-86.8,200.0,2.21,34,none,False,0,True,normal
21.0,F,11.01,111.8,200.0,2.75,35,none,False,1,True,normal
35.0,M,14.29,716.7,200.0,3.57,41,none,True,2,False,normal
57.0,F,13.81,352.5,200.0,3.33,40,none,True,0,True,normal
30.0,F,10.89,-294.0,200.0,2.68,41,none,True,0,True,normal
34.0,M,13.33,-202.9,200.0,3.41,41,none,True,0,False,normal
4.0,M,7.36,-153.1,150.0,3.18,33,exclusive,False,1,True,normal
29.0,F,14.0,56.6,200.0,2.81,32,none,True,2,False,normal
51.0,M,19.35,599.4,200.0,2.85,35,none,True,0,False,normal
50.0,M,14.23,-105.8,200.0,3.45,37,none,True,0,True,normal
54.0,F,17.35,457.6,200.0,3.02,39,none,True,0,True,normal
47.0,M,18.17,-664.0,200.0,2.93,36,none,True,0,True,normal
26.0,F,10.7,600.9,200.0,3.45,32,none,False,0,False,normal
59.0,F,16.78,-614.5,200.0,3.08,40,none,False,0,True,normal
24.0,M,12.47,184.0,200.0,2.64,36,none,True,0,True,normal
40.0,F,13.99,622.7,200.0,2.9,36,none,True,0,True,normal
42.0,M,15.93,1184.1,200.0,4.17,39,none,True,1,False,normal
26.0,F,11.11,139.3,200.0,3.14,37,none,True,0,True,normal
59.0,M,16.11,512.1,200.0,2.05,33,none,True,0,True,normal
17.0,M,10.94,28.2,200.0,3.71,36,mixed,True,0,True,normal
35.0,M,15.71,-577.1,200.0,3.4,37,none,True,0,False,normal
20.0,F,8.93,-166.9,177.8,2.7,34,mixed,False,0,True,normal
50.0,F,11.49,592.5,200.0,2.82,32,none,True,0,False,MAM
1.0,F,3.91,286.6,90.0,3.72,38,exclusive,False,0,True,SAM
38.0,M,15.35,622.1,200.0,3.49,41,none,False,0,True,normal
59.0,F,15.79,720.5,200.0,3.13,38,none,True,1,True,normal
54.0,M,14.0,-198.2,200.0,3.4,32,none,True,0,True,normal
57.0,F,15.75,297.2,200.0,3.19,41,none,True,0,True,normal
45.0,F,16.35,-219.1,200.0,2.88,41,none,True,1,True,normal
36.0,M,13.06,443.7,200.0,2.57,41,none,True,1,True,normal
58.0,F,23.42,-127.5,200.0,2.34,32,none,True,0,True,normal
13.0,M,8.25,227.7,161.4,3.09,36,none,False,1,True,normal
15.0,F,10.79,-59.3,200.0,3.71,35,mixed,True,0,False,normal
10.0,M,8.98,9.2,182.0,2.93,33,none,True,0,True,normal
40.0,F,12.91,-672.0,200.0,2.02,36,none,True,1,False,normal
53.0,F,13.45,868.1,200.0,2.62,40,none,True,2,False,normal
54.0,F,15.03,-482.3,200.0,2.64,33,none,False,0,True,normal
34.0,M,13.71,134.8,200.0,2.93,37,none,True,0,False,normal
47.0,F,13.08,729.2,200.0,2.84,35,none,True,0,False,normal
30.0,F,10.56,542.6,200.0,2.98,41,none,False,0,True,normal
18.0,F,9.06,-94.9,179.7,2.72,36,mixed,False,0,True,normal
40.0,M,13.2,437.1,200.0,2.78,39,none,False,0,False,normal
16.0,M,12.46,74.4,200.0,3.3,38,mixed,True,2,True,normal
47.0,F,13.66,-151.0,200.0,3.11,34,none,True,0,True,normal
25.0,M,11.51,155.8,200.0,2.75,33,none,True,0,True,normal
30.0,F,14.06,178.1,200.0,2.55,32,none,True,0,True,normal
40.0,M,13.71,-418.8,200.0,2.7,35,none,True,0,True,normal
29.0,F,12.51,150.0,200.0,2.82,40,none,True,0,True,normal
50.0,M,13.59,-907.9,200.0,3.43,37,none,True,1,True,normal
14.0,M,8.45,24.9,171.4,2.98,36,mixed,True,1,True,normal
10.0,F,7.09,-267.6,147.5,2.67,32,mixed,False,0,True,normal
27.0,F,11.21,152.9,200.0,2.52,40,none,True,0,True,normal
6.0,F,6.71,-106.5,135.0,3.47,36,mixed,False,2,True,normal
47.0,F,21.0,429.6,200.0,3.55,33,none,True,2,True,normal
48.0,F,14.55,-204.1,200.0,2.42,34,none,False,0,True,normal
54.0,F,14.93,509.2,200.0,2.97,41,none,True,0,True,normal
39.0,M,17.58,437.7,200.0,2.68,37,none,True,1,True,normal
17.0,F,13.33,159.1,200.0,3.44,35,mixed,False,2,True,normal
27.0,M,12.87,526.1,200.0,3.01,40,none,True,1,False,normal
6.0,F,7.25,136.8,149.0,2.98,35,none,True,1,False,normal
38.0,F,15.29,105.0,200.0,2.54,41,none,True,2,False,normal
45.0,M,12.7,-1063.5,200.0,2.57,35,none,True,1,True,normal
30.0,F,12.59,107.3,200.0,2.61,40,none,True,1,True,MAM
48.0,F,14.74,301.8,200.0,2.92,38,none,True,1,False,normal
15.0,F,7.91,76.8,160.7,3.23,39,mixed,False,0,True,normal
13.0,F,11.47,-59.6,200.0,2.84,35,mixed,True,0,True,normal
53.0,M,17.53,-57.8,200.0,3.22,40,none,False,0,False,normal
38.0,M,12.33,104.5,200.0,2.82,40,none,False,0,True,MAM
48.0,F,13.36,531.7,200.0,3.57,41,none,True,1,False,normal
32.0,F,12.55,516.0,200.0,3.42,41,none,False,0,False,normal
53.0,F,14.33,-326.8,200.0,3.27,40,none,True,1,True,normal
42.0,F,12.71,-361.3,200.0,3.35,34,none,True,0,True,normal
46.0,F,14.17,-95.9,200.0,2.82,41,none,False,1,True,normal
56.0,M,15.4,352.1,200.0,2.1,32,none,False,0,True,normal
8.0,F,5.39,284.1,119.2,2.82,39,none,False,0,True,SAM
24.0,F,12.65,60.2,200.0,3.25,35,none,False,0,True,normal
36.0,M,13.49,286.3,200.0,2.46,33,none,True,0,True,normal
12.0,F,9.58,159.1,192.7,2.84,33,none,True,1,False,normal
32.0,M,14.15,-57.9,200.0,2.89,37,none,True,0,False,normal
48.0,F,14.13,-683.1,200.0,2.45,33,none,True,1,True,normal
23.0,M,10.67,-478.9,200.0,2.33,35,mixed,True,0,True,normal
36.0,M,14.42,-346.1,200.0,2.55,39,none,True,0,True,normal
50.0,F,17.33,-32.6,200.0,2.99,36,none,True,1,True,normal
43.0,M,14.36,-133.2,200.0,3.29,32,none,True,0,True,normal
42.0,M,17.9,-11.2,200.0,2.54,32,none,True,0,True,normal
24.0,M,12.07,185.8,200.0,2.52,36,none,True,0,True,normal
52.0,F,16.27,492.6,200.0,3.11,39,none,True,1,True,normal
13.0,M,10.37,-434.6,200.0,3.02,33,mixed,True,0,True,normal
55.0,M,15.8,-369.8,200.0,3.37,41,none,True,2,True,normal
16.0,M,11.45,-103.4,200.0,3.42,40,none,True,1,False,normal
31.0,M,12.25,189.3,200.0,2.83,36,none,True,0,True,normal
52.0,M,18.28,-179.1,200.0,2.55,38,none,True,0,True,normal
13.0,F,7.72,-281.3,153.7,2.83,34,none,True,2,True,normal
57.0,M,19.94,692.5,200.0,2.94,40,none,False,1,True,normal
18.0,M,9.83,170.7,197.8,3.05,32,none,True,0,False,normal
22.0,F,10.72,6.1,200.0,2.68,41,mixed,True,1,False,normal
19.0,F,10.96,224.1,200.0,3.3,35,none,True,0,True,normal
13.0,M,10.22,-36.2,200.0,2.61,38,mixed,True,0,False,normal
21.0,F,10.16,-7.3,196.9,2.59,34,mixed,False,0,True,normal
25.0,F,10.04,121.6,198.0,3.36,40,none,True,0,False,normal
59.0,F,22.24,13.3,200.0,2.63,34,none,True,1,True,normal
48.0,F,16.64,218.7,200.0,3.33,39,none,True,0,False,normal
39.0,M,15.22,469.4,200.0,3.05,41,none,True,0,False,normal
1.0,F,3.49,87.9,90.0,3.01,36,exclusive,False,1,True,SAM
26.0,F,10.37,249.8,200.0,3.43,33,none,False,0,True,normal
13.0,F,8.14,-261.5,168.7,2.29,32,none,True,0,True,normal
16.0,F,7.55,15.1,154.0,2.71,32,mixed,True,1,False,MAM
37.0,F,10.91,-82.1,200.0,2.98,33,none,True,0,True,normal
55.0,F,19.9,-253.5,200.0,3.25,38,none,True,1,False,normal
5.0,M,6.12,102.2,118.2,3.35,33,mixed,False,0,True,SAM
21.0,F,8.02,195.7,161.2,3.01,36,none,True,0,False,MAM
59.0,F,16.51,-357.2,200.0,3.29,34,none,True,0,False,normal
49.0,M,16.65,-317.3,200.0,3.27,41,none,True,0,True,MAM
14.0,F,8.73,104.4,172.7,2.41,37,none,True,0,True,SAM
17.0,F,9.6,-163.4,189.6,2.92,38,none,True,1,True,normal
33.0,M,13.01,516.0,200.0,2.25,40,none,False,0,True,normal
30.0,F,11.83,-388.5,200.0,2.36,33,none,True,0,True,normal
38.0,M,14.02,511.4,200.0,2.36,35,none,True,0,True,normal
3.0,M,5.58,237.7,121.3,3.19,37,exclusive,False,0,False,MAM
6.0,M,7.18,22.8,148.7,3.34,33,mixed,True,0,False,normal
31.0,M,14.24,581.1,200.0,2.36,41,none,True,1,True,normal
41.0,M,14.67,-66.6,200.0,3.43,39,none,True,0,True,normal
56.0,M,14.54,838.3,200.0,3.6,36,none,True,0,False,SAM
21.0,F,9.57,-60.2,192.7,2.51,37,mixed,True,0,True,normal
31.0,F,12.39,441.2,200.0,3.53,34,none,True,1,False,normal
21.0,M,8.9,205.0,180.6,2.67,36,mixed,True,0,True,MAM
18.0,M,10.92,-230.3,200.0,2.63,40,mixed,False,0,True,normal
56.0,F,16.39,-659.2,200.0,3.01,40,none,False,0,True,normal
10.0,M,9.86,-116.2,196.0,2.9,32,mixed,True,0,True,normal
16.0,F,10.55,263.1,200.0,2.88,36,none,True,0,False,normal
5.0,M,7.53,24.9,148.7,3.51,34,exclusive,False,0,True,normal
35.0,F,14.33,400.5,200.0,2.65,33,none,True,0,True,normal
49.0,M,17.67,385.1,200.0,3.43,37,none,True,0,False,normal
5.0,M,5.88,293.8,120.2,3.21,36,exclusive,False,1,True,MAM
44.0,M,16.31,294.8,200.0,3.57,33,none,True,0,True,normal
14.0,M,9.74,119.2,192.9,3.87,33,mixed,True,1,False,normal
56.0,F,13.81,400.7,200.0,3.18,37,none,True,0,True,normal
28.0,M,11.97,162.5,200.0,3.36,37,none,True,0,False,normal
15.0,F,10.15,-32.2,197.9,2.95,36,none,False,0,True,normal
6.0,F,7.21,-44.5,145.1,3.0,33,none,False,0,False,normal
30.0,F,13.19,3.1,200.0,2.5,41,none,False,0,True,normal
29.0,F,11.52,479.7,200.0,2.93,41,none,True,1,True,normal
28.0,F,12.39,-98.5,200.0,3.82,40,none,False,0,True,normal
34.0,F,11.72,518.3,200.0,3.44,34,none,True,0,True,normal
1.0,M,4.16,58.3,95.2,2.86,38,exclusive,False,2,True,SAM
27.0,F,10.01,160.7,200.0,2.13,39,none,True,0,True,normal
0.0,F,3.59,10.7,90.0,3.33,39,exclusive,False,0,True,MAM
6.0,F,7.78,8.8,160.0,3.04,35,mixed,False,0,False,normal
35.0,M,10.09,-117.8,195.3,3.17,32,none,True,0,True,MAM
24.0,M,14.27,223.2,200.0,2.85,32,none,True,0,True,normal
6.0,M,8.8,212.4,182.6,3.69,33,none,True,0,True,normal
59.0,M,18.5,8.3,200.0,2.89,39,none,False,1,True,SAM
16.0,M,12.32,-59.0,200.0,3.26,41,mixed,False,0,True,normal
39.0,F,13.01,-854.0,200.0,2.72,38,none,True,2,False,normal
26.0,M,11.84,192.0,200.0,3.43,37,none,True,0,True,normal
43.0,F,11.66,-631.3,200.0,2.54,40,none,True,1,False,normal
5.0,M,6.84,-139.6,142.6,2.84,40,exclusive,False,1,True,normal
56.0,F,15.68,276.0,200.0,2.84,39,none,True,0,True,normal
2.0,F,4.79,198.2,104.9,2.69,36,exclusive,False,0,True,SAM
29.0,M,12.56,-32.6,200.0,2.68,41,none,True,0,True,normal
10.0,M,8.74,193.4,176.1,3.12,36,mixed,True,1,True,normal
14.0,F,8.45,-285.2,171.6,2.88,32,mixed,True,2,True,normal
9.0,F,7.16,193.7,150.8,2.68,40,mixed,True,0,True,normal
32.0,M,12.29,375.9,200.0,2.9,39,none,True,0,True,normal
27.0,M,11.06,-113.2,200.0,2.93,40,none,True,1,True,normal
20.0,F,9.96,-412.7,200.0,2.45,32,mixed,False,0,True,normal
54.0,M,16.31,-97.1,200.0,3.56,37,none,True,0,False,normal
7.0,F,8.94,485.3,178.4,2.6,35,mixed,True,0,True,normal
17.0,F,11.13,-220.5,200.0,2.97,37,mixed,True,0,True,normal
26.0,F,11.71,472.7,200.0,3.13,34,none,True,0,True,normal
8.0,F,8.55,-12.3,173.8,3.38,33,mixed,True,1,False,normal
47.0,M,15.05,707.6,200.0,3.06,36,none,True,1,True,normal
15.0,M,9.86,-328.5,197.9,3.0,35,mixed,False,1,True,normal
44.0,M,13.5,338.7,200.0,2.69,34,none,True,1,True,normal
37.0,M,16.12,710.3,200.0,2.99,39,none,True,0,True,normal
52.0,M,18.64,611.4,200.0,2.68,33,none,False,0,False,normal
41.0,F,11.68,1073.9,200.0,3.21,35,none,True,0,True,normal
27.0,M,12.61,-222.9,200.0,3.2,40,none,False,0,True,normal
27.0,F,13.1,-709.2,200.0,2.71,33,none,True,0,False,normal
55.0,F,16.76,-126.9,200.0,3.61,37,none,True,0,True,normal
2.0,F,5.6,162.8,121.0,3.3,33,exclusive,False,2,True,MAM
34.0,M,15.18,221.6,200.0,3.2,33,none,False,0,True,normal
2.0,M,6.34,181.6,126.2,3.02,33,exclusive,False,0,False,normal
19.0,F,12.05,-151.4,200.0,3.1,41,none,True,1,False,normal
21.0,M,9.6,154.5,196.9,2.39,39,mixed,True,0,True,normal
7.0,M,8.63,109.8,170.6,2.75,33,mixed,False,0,False,SAM
59.0,F,17.14,-253.0,200.0,2.55,36,none,True,0,True,normal
48.0,M,13.42,-671.4,200.0,2.84,41,none,True,0,True,normal
54.0,M,15.07,195.7,200.0,3.06,38,none,True,1,True,normal
4.0,M,8.02,2.1,165.5,3.04,32,exclusive,False,0,False,normal
32.0,M,12.37,-175.4,200.0,2.67,39,none,True,1,True,normal
50.0,F,14.7,-501.8,200.0,3.23,39,none,True,0,True,normal
9.0,M,8.38,158.9,172.4,3.38,40,mixed,True,1,True,normal
45.0,F,14.57,61.6,200.0,2.73,35,none,True,0,True,normal
40.0,M,13.2,34.8,200.0,2.31,40,none,True,0,False,normal
56.0,M,14.71,-218.5,200.0,2.39,38,none,True,0,True,normal
12.0,F,7.21,5.2,146.6,3.14,41,mixed,True,0,True,normal
44.0,F,17.41,124.8,200.0,2.82,33,none,False,0,False,normal
4.0,M,7.69,-1.9,155.2,3.05,39,exclusive,False,0,False,SAM
21.0,F,10.97,237.8,200.0,3.09,32,mixed,True,2,True,normal
41.0,F,12.09,-224.1,200.0,2.88,41,none,True,2,True,normal
20.0,M,10.89,-235.8,200.0,3.65,41,mixed,True,0,True,normal
1.0,F,4.37,16.3,95.0,3.55,34,exclusive,False,1,True,SAM
51.0,M,14.01,-426.2,200.0,3.35,38,none,True,0,True,normal
42.0,M,12.12,-658.9,200.0,2.61,41,none,True,1,False,normal
50.0,F,13.1,115.3,200.0,2.81,40,none,False,1,True,normal
56.0,M,19.56,302.6,200.0,2.97,34,none,False,0,True,normal
14.0,M,10.61,269.2,200.0,2.98,36,mixed,True,0,True,normal
57.0,F,17.91,-364.7,200.0,2.46,37,none,True,0,True,normal
23.0,F,12.06,-86.5,200.0,3.37,41,mixed,True,1,True,normal
0.0,F,3.31,-66.8,90.0,2.94,33,exclusive,False,0,True,SAM
26.0,F,11.59,34.3,200.0,2.58,38,none,True,0,True,normal
0.0,F,3.65,-202.3,90.5,2.52,41,exclusive,False,0,True,SAM
9.0,F,7.12,-39.2,145.0,2.23,38,none,False,1,False,normal
0.0,M,3.81,54.0,90.0,3.18,38,exclusive,False,0,True,SAM
19.0,F,9.33,-5.0,187.4,2.8,36,none,True,0,False,normal
33.0,M,11.81,661.1,200.0,2.99,33,none,True,1,True,normal
28.0,M,9.74,-84.2,194.2,3.09,32,none,False,0,False,MAM
2.0,F,5.28,17.9,112.6,3.18,34,exclusive,False,0,True,SAM
9.0,F,9.63,-9.8,198.8,2.98,38,none,True,1,True,normal
47.0,M,16.35,227.4,200.0,3.46,39,none,False,0,False,normal
0.0,F,3.52,113.0,90.0,3.23,39,exclusive,False,0,True,SAM
40.0,F,13.41,-11.5,200.0,2.59,40,none,False,0,False,normal
44.0,M,16.44,197.6,200.0,2.98,36,none,True,0,True,SAM
40.0,M,11.91,-119.3,200.0,2.96,40,none,True,0,True,normal
36.0,F,12.62,-7.1,200.0,3.07,34,none,False,0,True,normal
5.0,M,6.97,-304.5,143.9,2.25,35,exclusive,False,0,True,normal
16.0,F,10.31,324.4,200.0,3.69,34,none,True,1,True,normal
28.0,F,9.13,-94.0,177.5,3.04,36,none,True,0,True,MAM
29.0,F,12.97,367.3,200.0,2.56,32,none,True,0,True,normal
34.0,M,13.77,607.4,200.0,3.43,34,none,False,0,False,normal
0.0,F,3.68,40.8,90.0,3.14,41,exclusive,False,0,True,SAM
14.0,M,9.48,-34.4,187.9,3.07,33,mixed,True,0,False,normal
55.0,M,16.35,11.7,200.0,2.69,38,none,True,1,True,normal
3.0,F,4.83,-94.9,114.7,3.49,32,exclusive,False,0,True,SAM
28.0,M,13.72,26.2,200.0,2.95,38,none,True,0,True,normal
9.0,M,7.5,226.2,151.6,2.87,41,none,True,0,True,normal
18.0,M,10.69,-228.5,200.0,2.76,36,mixed,False,0,False,normal
59.0,F,16.09,-1221.0,200.0,3.19,37,none,True,0,False,normal
18.0,F,11.0,-182.9,200.0,2.66,39,none,True,1,True,normal
24.0,F,10.33,134.9,200.0,2.79,35,none,True,0,True,normal
19.0,F,9.48,279.4,186.2,3.53,34,mixed,True,0,True,normal
34.0,M,13.81,-0.6,200.0,3.52,34,none,True,1,True,normal
9.0,M,6.34,8.7,135.3,2.76,32,none,True,0,True,SAM
42.0,F,12.79,85.9,200.0,3.83,36,none,True,1,True,normal
15.0,F,7.86,97.9,155.2,2.39,38,mixed,True,1,True,SAM
55.0,F,17.05,727.5,200.0,3.84,32,none,True,1,True,normal
45.0,M,12.99,46.8,200.0,2.94,41,none,True,0,True,normal
9.0,F,8.07,78.9,164.2,2.52,32,mixed,True,1,True,normal
22.0,F,8.78,-129.5,178.6,3.2,36,none,True,1,False,normal
5.0,M,5.64,75.4,122.5,3.48,32,mixed,False,0,True,SAM
40.0,F,13.17,-39.0,200.0,3.16,34,none,True,0,True,normal
9.0,M,8.65,-323.9,171.9,3.1,35,mixed,True,1,True,normal
22.0,F,13.32,269.0,200.0,3.44,40,mixed,True,0,True,normal
1.0,M,4.64,177.1,99.8,2.34,36,exclusive,False,1,True,SAM
55.0,M,15.5,-178.4,200.0,2.73,40,none,True,0,True,normal
42.0,F,17.74,421.1,200.0,2.74,35,none,True,1,True,normal
57.0,F,17.19,168.3,200.0,3.03,36,none,False,0,False,normal
21.0,M,11.3,94.7,200.0,2.68,37,none,True,0,True,normal
41.0,F,12.7,-137.0,200.0,2.39,38,none,True,0,True,normal
17.0,M,9.92,227.4,196.7,3.39,33,mixed,False,0,True,normal
56.0,F,21.08,47.9,200.0,3.03,36,none,False,0,False,normal
33.0,F,10.14,343.5,194.2,2.9,36,none,True,0,False,normal
59.0,F,13.0,-524.9,200.0,3.29,35,none,True,1,True,normal
31.0,M,12.99,37.8,200.0,2.62,34,none,True,0,True,normal
18.0,M,12.69,189.0,200.0,2.71,33,mixed,True,0,True,normal
41.0,M,14.01,302.2,200.0,2.93,35,none,True,1,True,normal
43.0,F,14.59,354.0,200.0,3.12,33,none,True,0,True,normal
24.0,F,10.98,141.8,200.0,2.88,40,none,True,0,True,normal
41.0,F,12.91,431.0,200.0,2.99,35,none,True,0,True,normal
22.0,F,11.58,-78.8,200.0,2.44,39,mixed,False,2,True,normal
49.0,F,15.79,-584.7,200.0,2.88,39,none,True,0,True,normal
43.0,M,13.68,-12.9,200.0,3.07,39,none,True,0,True,normal
26.0,M,12.86,-15.8,200.0,3.08,33,none,True,0,False,normal
38.0,F,13.74,600.0,200.0,3.03,32,none,True,0,True,normal
3.0,F,5.74,-74.6,120.8,2.92,37,exclusive,False,0,False,MAM
31.0,M,16.33,-0.4,200.0,3.05,32,none,True,2,True,normal
7.0,M,8.43,100.1,165.8,3.22,41,none,True,0,True,SAM
1.0,F,4.22,2.6,99.7,3.07,39,exclusive,False,0,True,SAM
27.0,F,11.89,76.7,200.0,3.32,39,none,True,0,True,normal
6.0,M,8.8,6.7,182.5,3.58,36,mixed,True,1,False,normal
29.0,M,12.56,-329.5,200.0,4.0,33,none,False,1,True,normal
36.0,M,12.64,-2.4,200.0,3.04,32,none,False,1,True,normal
34.0,M,13.07,191.4,200.0,3.25,36,none,False,0,True,normal
44.0,M,19.67,-613.0,200.0,3.73,35,none,True,0,True,normal
12.0,M,9.09,16.9,180.3,2.96,32,none,True,1,True,normal
30.0,M,12.96,141.1,200.0,3.1,33,none,True,0,True,normal
36.0,M,14.18,194.5,200.0,2.93,39,none,True,0,True,normal
36.0,M,11.72,428.3,200.0,3.01,36,none,False,0,True,normal
56.0,F,19.48,360.2,200.0,3.85,33,none,True,0,True,normal
56.0,M,16.96,-280.8,200.0,2.98,38,none,True,0,True,normal
41.0,M,19.33,-121.0,200.0,3.29,39,none,True,1,True,normal
8.0,F,7.48,-114.4,156.3,3.08,32,none,False,1,True,normal
52.0,F,14.22,-71.7,200.0,3.23,34,none,True,0,True,normal
3.0,M,5.98,27.8,132.9,2.59,35,exclusive,False,0,True,normal
45.0,M,14.44,776.8,200.0,3.14,41,none,True,0,True,normal
27.0,F,10.8,147.5,200.0,3.19,37,none,False,0,True,normal
34.0,M,18.3,441.8,200.0,2.58,34,none,True,1,True,SAM
42.0,F,13.63,-204.3,200.0,2.65,36,none,False,2,True,normal
28.0,F,12.97,237.1,200.0,3.21,37,none,False,1,True,normal
54.0,F,14.6,-135.8,200.0,2.43,39,none,True,1,True,normal
15.0,F,8.49,-3.3,172.1,3.49,38,mixed,True,1,False,normal
52.0,M,12.77,486.5,200.0,3.27,32,none,False,0,False,MAM
46.0,M,17.92,124.0,200.0,2.69,35,none,True,0,False,normal
28.0,F,15.76,128.3,200.0,3.14,37,none,True,0,True,normal
20.0,M,12.64,-134.2,200.0,3.51,37,none,False,0,True,normal
16.0,F,11.16,-381.8,200.0,3.24,37,mixed,False,0,True,normal
38.0,M,13.57,-489.4,200.0,2.48,32,none,True,1,True,normal
20.0,F,9.88,24.7,200.0,3.66,37,none,True,0,True,normal
57.0,F,14.81,449.3,200.0,2.98,39,none,True,1,True,normal
3.0,F,4.2,-65.8,96.9,2.79,32,exclusive,False,0,True,SAM
30.0,M,12.63,51.3,200.0,2.45,37,none,True,1,False,normal
24.0,F,10.52,99.0,200.0,2.11,33,none,False,1,True,MAM
3.0,M,5.23,44.9,111.1,2.6,39,exclusive,False,0,True,SAM
2.0,F,5.03,125.8,107.3,2.83,40,exclusive,False,0,True,normal
37.0,M,14.98,-231.8,200.0,3.18,35,none,True,2,False,normal
3.0,M,7.34,194.8,145.7,3.11,34,exclusive,False,1,True,normal
32.0,F,11.81,245.7,200.0,3.03,39,none,False,0,True,normal
31.0,M,11.86,-405.0,200.0,3.07,39,none,True,0,True,normal
45.0,F,13.04,-26.9,200.0,3.82,36,none,False,0,False,normal
42.0,M,13.26,534.3,200.0,4.0,35,none,False,0,True,normal
54.0,M,16.34,324.2,200.0,2.92,35,none,True,1,True,normal
56.0,F,15.93,-602.0,200.0,3.21,32,none,True,1,False,normal
26.0,M,11.8,30.8,200.0,2.67,37,none,True,0,True,normal
40.0,M,12.03,-214.9,200.0,2.82,36,none,True,0,True,normal
18.0,F,9.39,-40.2,189.3,2.79,38,mixed,True,1,False,normal
7.0,M,8.92,104.9,172.7,2.37,41,mixed,False,1,True,SAM
27.0,F,10.58,-119.5,200.0,3.55,34,none,True,0,True,normal
13.0,F,7.96,38.6,156.5,3.32,37,mixed,True,1,True,normal
31.0,F,13.32,126.3,200.0,2.56,40,none,True,0,True,normal
2.0,M,4.35,102.8,92.8,2.97,38,exclusive,False,1,True,SAM
56.0,M,18.51,-38.8,200.0,2.75,36,none,True,0,True,normal
44.0,M,15.22,-444.5,200.0,3.7,34,none,True,0,False,normal
33.0,M,11.31,896.1,200.0,3.12,36,none,False,0,False,SAM
36.0,F,13.28,178.2,200.0,2.97,37,none,False,0,False,normal
43.0,M,13.07,347.1,200.0,3.25,40,none,True,0,True,normal
31.0,F,13.04,250.1,200.0,3.67,41,none,True,0,True,normal
40.0,F,14.58,11.9,200.0,3.2,34,none,True,0,True,normal
43.0,M,16.57,1099.7,200.0,3.05,40,none,True,1,True,normal
40.0,M,14.27,51.3,200.0,3.55,35,none,True,0,True,normal
46.0,M,13.48,-659.6,200.0,3.49,33,none,True,0,False,normal
39.0,F,12.96,-386.3,200.0,3.37,34,none,False,0,True,normal
33.0,M,13.01,350.4,200.0,2.64,41,none,False,0,False,normal
45.0,F,16.73,-692.4,200.0,2.98,40,none,True,1,True,normal
29.0,M,12.2,206.0,200.0,3.08,40,none,True,0,True,MAM
4.0,M,8.11,98.3,164.5,3.14,39,exclusive,False,0,True,SAM
1.0,F,4.13,208.7,96.6,2.33,34,exclusive,False,1,True,SAM
15.0,F,10.45,-55.9,200.0,2.7,32,none,True,0,False,MAM
43.0,F,15.93,272.3,200.0,2.93,32,none,True,0,True,normal
39.0,F,11.27,-457.8,200.0,2.83,34,none,True,0,True,normal
18.0,M,12.22,199.8,200.0,3.15,39,mixed,False,0,False,normal
13.0,F,9.42,365.6,183.0,2.93,37,mixed,True,0,True,normal
15.0,F,12.52,-105.3,200.0,2.76,33,mixed,False,0,True,normal
7.0,F,6.61,75.3,139.3,2.77,40,mixed,True,0,True,MAM
55.0,F,15.14,329.5,200.0,2.85,33,none,True,1,True,normal
18.0,F,9.67,-129.3,187.9,3.27,32,mixed,True,0,True,SAM
47.0,F,12.74,-241.1,200.0,3.54,37,none,True,0,True,normal
50.0,M,14.69,447.2,200.0,3.41,38,none,False,0,False,normal
34.0,M,15.17,-737.3,200.0,2.75,39,none,False,0,True,normal
15.0,F,9.02,465.5,185.9,2.95,37,mixed,True,1,True,normal
54.0,M,15.63,484.6,200.0,2.96,39,none,True,0,True,normal
38.0,M,15.77,478.8,200.0,2.71,32,none,True,1,True,normal
21.0,F,10.35,201.5,200.0,2.89,40,mixed,True,0,True,normal
32.0,M,13.52,367.3,200.0,3.39,39,none,True,1,True,normal
47.0,F,14.69,299.0,200.0,3.44,35,none,True,1,True,normal
30.0,F,9.94,383.2,193.0,2.95,39,none,False,0,True,normal
11.0,M,11.18,101.6,200.0,3.78,35,mixed,True,0,True,MAM
2.0,M,4.87,24.6,106.1,3.08,39,exclusive,False,1,True,SAM
46.0,M,15.98,409.9,200.0,3.0,40,none,True,0,True,normal
29.0,M,14.69,589.9,200.0,2.47,36,none,True,0,False,normal
37.0,F,14.33,-447.4,200.0,2.74,36,none,True,0,False,normal
16.0,M,9.14,-120.0,185.2,3.17,41,none,True,1,True,normal
18.0,M,9.93,352.9,200.0,3.54,33,mixed,True,0,True,normal
42.0,M,15.46,436.1,200.0,3.26,36,none,False,0,True,normal
36.0,M,12.75,-551.9,200.0,2.79,39,none,False,1,False,normal
13.0,M,10.74,463.8,200.0,3.34,41,mixed,True,0,True,normal
31.0,M,14.85,-321.9,200.0,3.2,41,none,True,1,False,normal
21.0,M,12.66,-36.3,200.0,3.18,36,mixed,True,0,True,normal
51.0,F,18.89,275.9,200.0,2.91,41,none,True,0,True,normal
14.0,M,9.98,283.2,195.5,3.1,39,mixed,False,0,True,normal
56.0,M,14.83,-465.2,200.0,3.44,34,none,True,1,True,normal
29.0,M,11.35,-33.7,200.0,2.74,36,none,True,0,True,normal
2.0,F,5.76,35.7,121.5,2.68,39,exclusive,False,0,True,MAM
15.0,M,10.48,-195.0,200.0,4.19,41,mixed,False,0,True,normal
28.0,F,11.48,572.4,200.0,3.36,37,none,False,0,True,normal
26.0,M,13.02,174.2,200.0,3.44,33,none,True,2,False,normal
49.0,M,16.49,557.4,200.0,3.73,40,none,True,1,True,normal
15.0,F,12.79,107.4,200.0,3.25,35,mixed,True,0,True,MAM
39.0,F,13.42,47.7,200.0,3.2,32,none,False,0,True,normal
48.0,M,15.14,191.4,200.0,2.62,35,none,False,0,True,normal
56.0,M,16.66,-628.6,200.0,2.48,32,none,True,0,True,normal
58.0,F,18.37,-56.3,200.0,2.93,36,none,True,0,True,normal
2.0,F,5.28,11.4,120.7,3.18,41,exclusive,False,1,True,MAM
12.0,F,7.36,-390.8,151.1,2.87,38,mixed,True,0,True,normal
26.0,F,10.2,68.7,197.5,2.96,39,none,False,0,True,normal
13.0,M,8.92,71.5,177.5,3.26,35,none,True,0,True,normal
59.0,M,17.65,-191.3,200.0,4.07,41,none,True,0,True,normal
40.0,F,17.42,265.1,200.0,3.58,40,none,True,0,False,normal
3.0,M,7.09,119.8,144.9,2.94,38,exclusive,False,0,True,normal
12.0,M,9.42,-5.5,187.4,2.45,34,mixed,True,0,False,normal
49.0,M,15.8,-2.6,200.0,3.26,36,none,True,0,True,normal
14.0,M,12.39,-131.0,200.0,2.2,37,mixed,False,0,True,normal
20.0,F,12.06,-442.9,200.0,3.33,39,mixed,True,0,True,normal
3.0,F,6.41,132.5,134.7,2.99,41,exclusive,False,0,True,normal
24.0,M,11.34,-105.5,200.0,2.15,36,none,False,0,True,normal
39.0,F,14.11,-844.7,200.0,2.9,40,none,False,0,False,normal
1.0,M,3.64,4.6,90.0,3.06,34,exclusive,False,0,True,SAM
52.0,M,17.75,101.4,200.0,3.54,41,none,True,1,True,normal
30.0,F,12.05,-107.0,200.0,2.74,36,none,True,0,True,normal
2.0,F,5.4,-45.8,118.7,2.8,38,exclusive,False,0,True,MAM
40.0,M,12.32,-318.9,200.0,3.28,37,none,True,0,True,normal
30.0,F,13.36,266.3,200.0,3.18,37,none,True,0,True,normal
41.0,M,13.89,-183.0,200.0,2.43,32,none,True,1,True,normal
13.0,M,10.74,-113.3,200.0,3.1,37,mixed,True,1,True,normal
29.0,F,16.26,143.6,200.0,3.35,35,none,False,0,True,normal
33.0,F,12.69,381.4,200.0,2.3,36,none,False,0,True,normal
11.0,M,9.53,192.6,193.0,3.38,36,mixed,False,0,True,normal
38.0,F,18.24,-329.1,200.0,3.23,32,none,True,1,True,normal
13.0,F,8.2,362.5,167.3,3.14,35,mixed,False,1,True,normal
14.0,F,9.91,44.4,194.6,3.19,41,none,True,1,True,normal
37.0,F,11.6,-139.5,200.0,2.76,39,none,False,0,True,normal
9.0,F,9.79,66.3,198.1,2.86,32,mixed,True,0,False,normal
55.0,F,18.04,119.4,200.0,2.7,39,none,True,0,False,normal
9.0,M,9.51,88.5,190.2,3.19,33,mixed,False,0,False,MAM
53.0,F,16.09,-1223.8,200.0,3.13,35,none,True,0,True,normal
47.0,F,12.64,227.4,200.0,2.86,33,none,True,0,True,normal
45.0,F,15.35,-16.7,200.0,3.01,36,none,True,0,True,normal
24.0,F,12.56,429.9,200.0,3.07,36,none,True,0,True,normal
39.0,M,13.69,589.4,200.0,3.21,37,none,True,1,False,normal
15.0,F,8.89,-335.4,181.4,2.75,32,mixed,True,2,True,normal
57.0,F,15.92,-196.3,200.0,3.55,37,none,True,2,True,normal
17.0,M,11.04,-23.5,200.0,2.77,38,mixed,False,0,True,normal
40.0,M,13.92,440.0,200.0,2.65,35,none,True,0,True,normal
5.0,F,7.09,-79.8,141.5,2.58,34,exclusive,False,3,False,normal
20.0,M,11.87,192.4,200.0,3.09,38,none,True,0,True,normal
49.0,M,14.47,-691.2,200.0,2.68,36,none,False,0,True,normal
11.0,M,10.33,283.2,200.0,2.78,38,mixed,True,1,False,normal
33.0,F,12.15,-263.3,200.0,3.63,35,none,False,0,False,SAM
33.0,M,12.17,-362.2,200.0,3.04,35,none,True,0,True,normal
40.0,M,20.0,344.9,200.0,2.51,36,none,False,0,False,normal
56.0,F,15.05,-363.6,200.0,3.56,35,none,False,1,True,normal
42.0,F,12.77,-64.0,200.0,2.61,41,none,True,2,True,normal
29.0,M,12.92,-93.0,200.0,3.39,32,none,True,1,True,normal
23.0,M,12.91,-239.5,200.0,2.41,37,mixed,True,0,True,normal
9.0,F,7.69,86.1,157.7,3.12,39,none,False,0,False,MAM
4.0,F,6.62,-27.7,133.7,2.84,40,exclusive,False,0,True,normal
48.0,F,16.46,-187.4,200.0,2.83,35,none,False,0,True,normal
12.0,F,7.33,169.5,156.3,2.78,41,mixed,True,1,True,normal
30.0,F,9.83,27.1,180.8,2.96,37,none,True,0,True,normal
19.0,F,8.65,-174.5,174.8,3.56,41,none,True,0,True,normal
53.0,F,11.5,457.3,200.0,3.23,41,none,True,0,True,MAM
15.0,M,10.44,117.8,200.0,2.29,39,mixed,True,0,True,normal
28.0,M,13.14,-702.4,200.0,3.84,33,none,True,0,True,normal
7.0,F,6.09,-95.6,125.9,3.19,32,none,True,0,True,normal
35.0,F,11.6,150.1,200.0,2.99,40,none,True,1,True,normal
38.0,M,12.62,316.2,200.0,2.59,37,none,True,1,False,normal
27.0,F,12.4,194.3,200.0,2.75,39,none,True,1,True,normal
28.0,M,12.43,-71.4,200.0,2.48,36,none,True,1,True,normal
30.0,M,11.7,-107.1,200.0,3.78,34,none,True,1,True,normal
48.0,M,16.71,38.4,200.0,2.27,39,none,True,0,True,normal
26.0,F,11.68,-313.0,200.0,3.08,32,none,True,0,True,normal
43.0,M,15.21,108.3,200.0,3.68,40,none,True,0,False,normal
42.0,F,14.82,-605.5,200.0,2.57,39,none,True,0,True,normal
49.0,F,15.83,544.4,200.0,3.02,39,none,True,0,False,normal
50.0,F,15.02,230.4,200.0,2.49,41,none,True,0,True,normal
34.0,F,12.49,68.2,200.0,3.19,32,none,False,0,True,SAM
4.0,F,5.84,-173.4,123.0,2.21,33,exclusive,False,1,True,MAM
43.0,M,16.16,75.1,200.0,3.14,40,none,False,0,False,normal
50.0,M,16.68,-21.2,200.0,2.88,37,none,False,0,True,normal
3.0,F,6.17,60.7,127.1,2.82,32,mixed,False,0,True,normal
54.0,M,19.95,262.0,200.0,3.03,32,none,True,0,False,normal
20.0,F,11.39,-329.1,200.0,3.01,39,none,True,0,True,normal
55.0,M,16.05,505.4,200.0,3.91,33,none,False,0,True,normal
0.0,F,2.57,85.8,90.0,3.11,34,mixed,False,1,True,SAM
27.0,M,11.37,496.3,200.0,2.95,33,none,True,1,True,normal
45.0,M,14.08,-387.9,200.0,2.93,34,none,False,0,True,normal
20.0,F,10.47,274.1,200.0,2.57,38,mixed,True,0,False,normal
15.0,M,9.21,-89.0,182.6,3.46,36,mixed,True,0,True,MAM
14.0,F,10.39,467.2,200.0,3.97,37,mixed,True,1,True,normal
38.0,M,17.21,-98.6,200.0,3.11,38,none,True,0,True,normal
30.0,M,11.21,48.8,200.0,2.29,35,none,True,0,False,normal
54.0,F,13.76,22.6,200.0,2.79,39,none,False,0,True,normal
23.0,M,13.86,-141.1,200.0,2.41,37,mixed,False,0,True,normal
1.0,F,3.16,96.7,90.0,3.45,34,exclusive,False,0,True,SAM
31.0,M,13.72,352.3,200.0,2.81,33,none,True,0,True,normal
36.0,F,11.04,326.9,200.0,2.83,32,none,True,0,False,MAM
23.0,F,11.12,430.5,200.0,2.22,32,mixed,True,2,True,normal
27.0,F,8.63,439.7,170.1,3.13,39,none,True,0,True,MAM
57.0,M,14.81,384.5,200.0,2.65,34,none,False,0,False,normal
16.0,M,9.05,55.9,182.4,3.09,37,mixed,True,0,True,normal
27.0,F,13.13,247.6,200.0,3.16,35,none,True,0,True,normal
49.0,F,14.72,150.3,200.0,3.8,41,none,True,0,False,normal
15.0,M,9.84,31.6,194.8,2.95,39,none,False,0,True,normal
38.0,F,11.1,48.7,200.0,2.68,41,none,True,0,True,normal
59.0,M,17.75,-513.1,200.0,3.21,34,none,True,1,True,normal
30.0,M,13.64,-415.9,200.0,2.7,34,none,True,0,True,normal
42.0,M,15.22,-273.3,200.0,3.12,38,none,True,0,False,normal
19.0,F,9.35,70.8,188.8,3.2,39,mixed,True,0,True,normal
53.0,M,21.1,358.9,200.0,3.02,38,none,True,0,True,normal
16.0,F,7.56,217.4,154.1,3.2,41,mixed,False,0,True,MAM
12.0,M,8.02,113.0,166.7,2.91,38,mixed,False,0,True,normal
51.0,F,16.12,261.1,200.0,2.58,39,none,True,0,True,normal
23.0,M,11.35,391.4,200.0,2.0,35,mixed,True,0,True,normal
52.0,M,15.89,178.1,200.0,3.14,37,none,False,0,True,normal
46.0,F,14.58,-170.2,200.0,3.61,36,none,True,0,True,normal
45.0,F,14.56,552.1,200.0,2.28,40,none,True,0,False,normal
28.0,F,12.63,-433.8,200.0,3.53,40,none,True,0,True,normal
32.0,F,9.42,128.8,183.9,3.2,35,none,False,2,True,MAM
1.0,M,5.2,115.9,113.8,3.39,38,exclusive,False,0,False,SAM
51.0,F,13.63,-486.7,200.0,2.86,39,none,True,0,True,normal
23.0,M,11.86,-425.4,200.0,3.07,38,mixed,True,0,True,normal
28.0,M,10.79,-106.0,200.0,3.21,34,none,False,1,False,normal
16.0,M,10.43,403.6,200.0,2.32,37,mixed,True,1,True,normal
24.0,F,11.83,450.3,200.0,3.31,37,none,True,0,True,normal
52.0,F,13.25,264.7,200.0,3.44,32,none,True,0,True,normal
10.0,M,9.41,-46.7,192.3,3.15,40,none,True,0,False,normal
49.0,F,18.96,90.2,200.0,2.76,35,none,True,0,False,normal
55.0,M,15.35,850.4,200.0,2.78,35,none,True,0,True,normal
8.0,F,7.01,-68.7,151.6,3.46,38,none,True,1,False,normal
21.0,M,10.04,-245.6,194.7,2.21,36,none,True,0,False,MAM
10.0,F,8.15,128.2,166.5,3.4,38,mixed,False,0,False,normal
46.0,F,15.31,29.7,200.0,3.1,41,none,True,0,True,normal
9.0,F,8.51,-87.7,166.9,3.37,36,mixed,False,1,True,normal
24.0,F,14.81,58.1,200.0,3.15,38,none,True,1,False,normal
41.0,F,17.62,-224.0,200.0,3.43,37,none,True,0,True,normal
4.0,M,6.85,-20.0,151.4,3.19,40,mixed,False,0,False,normal
56.0,F,17.69,320.2,200.0,3.54,36,none,True,1,True,normal
38.0,F,12.34,538.8,200.0,2.76,39,none,False,0,True,normal
51.0,M,16.21,290.9,200.0,3.15,37,none,True,2,True,normal
56.0,F,17.19,-205.6,200.0,2.95,40,none,True,1,False,normal
19.0,M,8.75,-32.7,180.1,2.86,35,none,False,0,True,MAM
21.0,F,9.37,177.8,184.8,2.54,34,none,False,0,True,normal
31.0,F,15.12,-261.8,200.0,2.62,33,none,True,0,True,normal
28.0,F,13.13,-234.4,200.0,3.04,36,none,False,1,False,MAM
47.0,F,13.44,-301.4,200.0,2.74,33,none,True,1,True,normal
29.0,M,12.74,-155.8,200.0,2.75,41,none,True,0,False,normal
10.0,F,10.85,-326.5,200.0,3.62,33,mixed,True,0,True,normal
25.0,F,11.82,39.9,200.0,3.38,35,none,True,0,True,normal
12.0,F,7.97,62.3,156.6,3.26,34,mixed,False,1,True,normal
52.0,F,16.72,-171.6,200.0,3.57,37,none,True,0,True,normal
25.0,M,12.21,502.8,200.0,3.33,39,none,True,0,True,MAM
21.0,F,7.54,640.6,155.4,2.3,39,mixed,True,0,True,MAM
12.0,M,9.73,19.0,198.8,2.97,35,mixed,True,0,True,normal
32.0,M,13.13,234.1,200.0,3.13,34,none,True,1,True,SAM
26.0,M,12.48,13.5,200.0,2.6,41,none,True,2,True,normal
40.0,M,16.69,-75.3,200.0,2.84,34,none,True,0,True,normal
16.0,M,10.38,-87.5,200.0,2.2,36,mixed,True,0,True,normal
0.0,M,4.35,8.9,96.3,3.2,38,exclusive,False,1,False,SAM
41.0,F,15.49,-151.9,200.0,2.79,40,none,True,2,False,normal
6.0,F,8.03,113.8,168.8,3.0,36,mixed,False,0,True,normal
28.0,M,12.59,-116.5,200.0,3.18,37,none,False,0,True,normal
4.0,F,5.2,-120.6,109.3,3.1,34,exclusive,False,0,True,SAM
12.0,M,10.17,-332.7,196.6,3.08,39,none,True,0,True,normal
11.0,M,9.16,114.7,182.4,3.68,39,mixed,True,0,True,normal
13.0,F,8.35,76.1,161.9,2.42,36,mixed,True,0,True,MAM
18.0,M,9.86,-27.6,200.0,3.01,32,none,True,1,True,normal
33.0,F,12.13,479.6,200.0,2.45,32,none,True,0,True,normal
9.0,F,7.86,24.9,160.9,2.63,41,mixed,True,0,True,normal
59.0,M,14.8,286.8,200.0,3.35,39,none,False,0,False,normal
50.0,F,11.63,204.7,200.0,2.74,39,none,False,0,False,MAM
46.0,M,13.75,-192.0,200.0,3.79,39,none,False,0,True,normal
19.0,M,11.82,-432.9,200.0,3.14,32,mixed,True,1,True,normal
40.0,M,12.3,-56.6,200.0,3.28,34,none,True,0,True,normal
52.0,F,14.05,-540.8,200.0,3.12,37,none,True,0,True,normal
56.0,M,16.87,75.6,200.0,3.22,33,none,True,0,False,normal
17.0,F,8.23,-11.8,165.9,3.13,32,mixed,True,2,True,normal
7.0,F,6.07,60.6,132.0,2.56,37,none,True,0,False,normal
57.0,M,19.92,-429.0,200.0,2.96,38,none,True,0,True,SAM
54.0,M,18.55,385.5,200.0,2.49,39,none,True,0,False,normal
27.0,M,13.52,-520.3,200.0,3.03,34,none,True,0,True,normal
30.0,F,13.7,461.2,200.0,2.91,36,none,False,1,True,normal
18.0,F,10.05,-267.5,193.6,2.93,39,mixed,False,0,False,MAM
54.0,F,14.74,-190.1,200.0,2.97,38,none,False,1,False,normal
31.0,M,15.08,398.8,200.0,2.76,34,none,True,1,True,normal
44.0,M,14.33,-89.5,200.0,3.2,37,none,True,0,True,normal
11.0,F,7.63,154.9,151.2,3.45,38,mixed,True,1,True,normal
49.0,M,15.54,365.5,200.0,2.63,32,none,False,0,True,normal
18.0,F,12.75,-322.0,200.0,2.81,40,mixed,True,2,True,normal
44.0,M,16.16,6.8,200.0,3.14,39,none,True,1,True,normal
45.0,M,14.21,-86.2,200.0,4.2,32,none,False,0,False,normal
6.0,F,7.5,50.6,151.5,3.22,40,mixed,True,0,True,normal
32.0,M,14.31,-160.9,200.0,3.07,39,none,True,0,True,normal
19.0,M,9.56,32.6,195.7,2.53,34,mixed,False,0,False,SAM
43.0,F,12.91,29.7,200.0,2.75,39,none,True,0,True,MAM
1.0,M,4.3,141.5,98.3,2.73,33,exclusive,False,0,False,SAM
18.0,F,10.53,411.1,200.0,2.63,41,none,True,0,True,SAM
57.0,M,15.85,153.9,200.0,2.54,35,none,True,0,False,normal
37.0,M,13.66,-242.8,200.0,2.5,37,none,True,0,False,normal
12.0,M,8.9,-124.3,185.4,2.9,40,mixed,True,0,False,normal
47.0,M,11.4,-626.3,200.0,2.54,40,none,False,1,False,MAM
9.0,F,6.1,203.9,132.0,2.44,38,none,True,0,True,MAM
28.0,M,10.51,100.8,200.0,3.59,36,none,True,2,True,SAM
59.0,F,16.84,-215.8,200.0,2.86,38,none,True,0,True,normal
52.0,F,13.78,-326.2,200.0,3.18,39,none,True,0,True,normal
28.0,M,12.39,-248.3,200.0,3.19,33,none,True,1,True,normal
16.0,M,12.45,216.7,200.0,3.05,38,mixed,True,0,True,normal
4.0,M,7.42,23.6,152.3,3.29,35,exclusive,False,0,True,SAM
59.0,F,17.62,392.1,200.0,2.73,32,none,True,1,False,normal
13.0,M,9.68,403.7,191.6,2.6,34,mixed,True,0,False,normal
31.0,F,11.03,-151.6,200.0,2.38,37,none,False,0,True,normal
24.0,F,11.03,-153.9,200.0,3.66,41,none,True,0,False,normal
45.0,F,13.82,-174.0,200.0,2.22,37,none,True,0,False,SAM
54.0,M,16.39,37.7,200.0,3.32,37,none,True,1,True,normal
12.0,M,8.38,286.9,167.7,2.49,40,mixed,True,0,True,normal
14.0,M,9.9,148.8,193.8,2.89,38,mixed,True,0,True,normal
8.0,M,9.17,37.7,189.7,2.74,34,mixed,True,0,False,normal
45.0,M,15.63,577.3,200.0,2.41,37,none,True,1,True,normal
32.0,F,11.07,-633.7,200.0,2.96,35,none,True,1,False,normal
20.0,M,9.5,-317.2,190.0,3.59,34,mixed,True,1,False,normal
11.0,M,9.97,98.7,195.9,2.68,40,none,True,0,True,SAM
42.0,M,12.2,97.6,200.0,3.51,33,none,True,0,True,normal
55.0,F,14.77,788.0,200.0,2.99,34,none,True,1,False,normal
23.0,M,13.57,-234.1,200.0,3.19,39,none,True,1,True,normal
26.0,M,14.93,26.4,200.0,3.26,38,none,False,0,True,normal
25.0,F,11.88,-259.6,200.0,3.06,40,none,False,0,True,normal
21.0,M,11.8,192.6,200.0,3.38,33,mixed,False,1,True,normal
2.0,M,6.01,153.1,128.6,2.68,32,exclusive,False,0,True,normal
0.0,F,2.89,217.5,90.0,3.59,32,exclusive,False,0,True,SAM
48.0,F,14.59,262.2,200.0,3.25,33,none,True,0,True,normal
2.0,F,4.96,-54.1,105.7,2.9,33,mixed,False,1,True,SAM
46.0,F,16.64,-94.0,200.0,3.66,33,none,True,0,True,normal
49.0,M,14.82,455.7,200.0,3.06,37,none,True,0,True,normal
33.0,M,13.05,341.0,200.0,3.4,35,none,False,0,False,normal
10.0,F,9.36,-128.2,183.7,3.06,34,mixed,True,1,True,normal
10.0,F,8.69,2.0,171.0,2.82,40,mixed,True,0,True,normal
25.0,M,12.79,-168.8,200.0,2.73,40,none,True,0,True,normal
40.0,M,16.64,413.5,200.0,2.41,41,none,True,0,False,normal
12.0,M,8.83,241.1,175.2,2.55,34,mixed,True,1,True,normal
14.0,M,10.11,-103.4,200.0,3.03,37,mixed,True,0,True,normal
22.0,M,10.26,-196.6,200.0,3.06,39,none,True,0,True,normal
29.0,M,15.31,478.4,200.0,3.02,38,none,True,0,True,normal
50.0,F,14.54,-653.9,200.0,2.92,35,none,True,1,False,normal
33.0,M,11.97,438.5,200.0,2.86,40,none,True,1,True,normal
27.0,M,12.23,34.4,200.0,3.42,34,none,False,0,True,normal
13.0,M,7.97,-24.8,161.7,2.8,37,mixed,True,1,True,MAM
33.0,F,14.56,-343.9,200.0,4.09,35,none,True,1,True,normal
45.0,M,17.79,-303.3,200.0,2.74,33,none,True,0,True,normal
47.0,M,13.42,263.2,200.0,2.87,39,none,False,1,False,normal
8.0,F,8.04,87.3,166.1,2.7,40,none,True,1,True,SAM
38.0,F,12.5,423.9,200.0,3.42,34,none,False,0,True,normal
36.0,F,14.43,471.9,200.0,3.35,37,none,True,0,True,MAM
28.0,F,14.03,-566.7,200.0,2.96,35,none,True,0,True,normal
25.0,F,11.36,279.1,200.0,3.05,36,none,False,0,True,normal
40.0,F,15.44,24.6,200.0,3.52,35,none,False,0,False,normal
44.0,F,17.72,437.7,200.0,1.92,34,none,False,1,True,normal
33.0,M,13.25,-43.0,200.0,3.74,39,none,False,0,True,normal
41.0,F,15.64,-264.6,200.0,2.98,35,none,True,1,True,normal
56.0,F,14.54,1342.0,200.0,3.1,39,none,True,0,True,normal
26.0,F,12.55,-36.4,200.0,2.99,36,none,True,2,True,normal
55.0,F,16.63,437.7,200.0,2.89,38,none,False,0,True,MAM
22.0,M,10.99,86.2,200.0,2.71,41,none,True,0,True,normal
54.0,M,18.46,-233.9,200.0,2.9,34,none,True,0,True,normal
50.0,F,16.24,1095.6,200.0,3.01,36,none,True,0,False,normal
0.0,F,4.33,-34.3,96.1,3.12,34,exclusive,False,1,True,SAM
23.0,F,12.73,-124.7,200.0,3.96,33,mixed,True,0,True,normal
41.0,M,13.06,157.4,200.0,2.82,36,none,False,2,False,normal
22.0,F,11.74,68.9,200.0,2.82,41,none,True,1,True,normal
24.0,M,11.38,-18.3,200.0,2.05,35,none,True,1,True,normal
20.0,F,10.87,-96.3,200.0,2.5,41,mixed,True,0,False,normal
41.0,F,10.18,-95.4,195.5,3.03,35,none,False,0,True,MAM
25.0,M,11.38,688.4,200.0,3.14,36,none,True,0,True,normal
22.0,M,12.56,151.0,200.0,3.7,35,none,True,0,True,normal
51.0,F,18.6,-912.4,200.0,2.9,41,none,True,0,True,normal
14.0,F,11.3,-108.2,200.0,3.17,32,mixed,True,0,True,normal
28.0,F,12.62,-399.4,200.0,2.77,38,none,True,0,True,normal
55.0,F,18.23,347.0,200.0,3.03,33,none,False,0,True,normal
37.0,F,12.43,-412.7,200.0,3.21,35,none,False,1,True,normal
20.0,M,11.06,160.1,200.0,2.7,41,mixed,True,0,True,normal
50.0,F,15.57,-205.7,200.0,2.71,32,none,False,1,True,normal
38.0,F,13.52,225.9,200.0,2.29,41,none,True,0,True,normal
48.0,F,16.19,-557.8,200.0,2.52,38,none,True,2,True,normal
13.0,M,9.11,-120.7,188.2,3.51,38,none,True,1,True,normal
14.0,M,11.0,252.1,200.0,2.86,38,none,False,2,True,normal
52.0,F,15.95,-530.5,200.0,2.58,35,none,False,0,True,normal
9.0,F,7.62,67.3,158.1,2.51,33,none,True,0,False,normal
7.0,M,7.9,60.0,157.6,3.23,41,mixed,True,1,True,normal
29.0,M,12.68,-11.0,200.0,3.91,34,none,True,0,True,normal
56.0,F,12.89,-275.4,200.0,3.51,40,none,True,1,True,normal
21.0,F,8.72,-414.1,178.9,3.39,34,mixed,True,1,False,normal
35.0,F,11.4,-130.3,200.0,2.83,40,none,True,0,True,normal
34.0,M,15.2,193.4,200.0,3.4,32,none,True,1,True,normal
16.0,F,13.14,119.8,200.0,3.0,40,none,True,0,True,normal
18.0,M,9.89,272.5,196.2,3.28,38,none,True,0,False,normal
35.0,M,14.76,-70.5,200.0,3.07,34,none,False,1,True,normal
32.0,F,13.62,572.3,200.0,3.18,36,none,True,0,True,normal
30.0,M,15.33,152.1,200.0,3.16,36,none,True,0,True,normal
48.0,M,18.3,1154.6,200.0,2.74,34,none,True,0,True,normal
26.0,M,13.17,37.6,200.0,2.35,39,none,True,0,True,normal
1.0,F,3.71,71.8,90.0,3.27,32,exclusive,False,0,True,SAM
1.0,F,4.27,97.6,97.0,2.87,35,exclusive,False,1,True,SAM
59.0,M,15.22,1566.9,200.0,3.15,38,none,False,0,True,normal
22.0,F,10.09,-515.1,200.0,2.81,40,mixed,True,0,True,normal
46.0,M,17.68,866.0,200.0,3.06,41,none,True,1,True,normal
16.0,F,8.31,321.7,166.2,2.72,35,mixed,True,0,False,normal
28.0,M,11.05,276.0,200.0,2.69,38,none,False,1,True,normal
42.0,M,15.67,348.3,200.0,2.54,37,none,True,0,True,normal
31.0,F,12.77,49.7,200.0,3.04,37,none,True,0,True,normal
19.0,M,10.56,283.9,200.0,2.9,34,none,True,0,True,normal
40.0,M,13.28,191.7,200.0,3.1,35,none,False,1,True,normal
0.0,F,3.31,136.8,90.0,2.65,32,exclusive,False,2,False,SAM
40.0,F,15.36,354.8,200.0,2.82,34,none,True,1,True,normal
12.0,M,10.38,182.3,200.0,3.0,35,mixed,False,1,True,SAM
14.0,F,7.97,219.2,165.6,3.42,32,mixed,True,0,True,normal
34.0,M,14.01,-15.8,200.0,3.07,34,none,True,0,True,normal
28.0,F,12.07,-29.2,200.0,3.1,33,none,False,0,False,normal
39.0,M,16.46,223.5,200.0,3.38,40,none,True,0,True,normal
22.0,M,11.41,-177.6,200.0,2.41,32,none,True,0,False,normal
40.0,M,17.86,523.7,200.0,2.95,38,none,True,0,False,normal
10.0,M,9.5,-12.2,193.4,3.01,41,mixed,True,1,False,normal
25.0,M,9.28,176.1,182.7,3.13,38,none,True,0,True,MAM
59.0,M,18.97,-105.9,200.0,3.33,37,none,True,0,True,normal
44.0,F,16.61,-363.0,200.0,2.81,38,none,False,0,True,SAM
38.0,F,13.79,-472.9,200.0,2.83,36,none,True,0,True,SAM
44.0,F,11.07,-33.6,200.0,2.67,39,none,True,1,True,MAM
54.0,F,13.77,-575.5,200.0,3.7,39,none,True,0,False,normal
23.0,F,9.74,222.8,190.7,3.67,35,none,True,0,True,normal
25.0,F,10.37,-122.1,200.0,3.07,34,none,False,0,False,normal
55.0,F,15.09,205.7,200.0,3.58,40,none,False,1,False,normal
0.0,F,4.54,105.7,101.8,2.47,39,exclusive,False,0,True,SAM
3.0,F,5.66,-10.7,113.5,2.3,41,exclusive,False,1,True,SAM
1.0,F,4.76,-135.1,101.5,2.76,35,exclusive,False,1,True,SAM
7.0,M,6.96,39.7,145.8,2.56,36,mixed,False,0,True,normal
40.0,F,15.72,-6.0,200.0,2.59,40,none,True,1,True,normal
44.0,M,13.15,968.2,200.0,3.62,34,none,True,1,True,normal
26.0,F,10.8,471.6,200.0,2.86,36,none,True,1,False,normal
4.0,F,7.5,38.8,161.8,3.86,36,exclusive,False,0,True,normal
39.0,F,12.34,-358.1,200.0,3.41,40,none,True,1,True,normal
43.0,M,16.37,-484.0,200.0,3.45,33,none,True,1,True,normal
12.0,F,7.26,42.3,151.1,4.01,38,mixed,True,1,True,normal
3.0,M,5.8,56.4,120.3,3.46,38,mixed,False,0,True,MAM
48.0,M,14.16,-455.9,200.0,3.48,38,none,False,0,True,normal
15.0,M,8.79,31.9,175.0,2.45,41,mixed,False,0,True,normal
6.0,M,8.6,-100.7,173.7,2.75,40,mixed,False,0,True,MAM
43.0,M,14.51,335.5,200.0,2.76,39,none,True,0,True,normal
4.0,M,6.4,199.7,129.4,2.52,37,exclusive,False,1,True,normal
16.0,M,12.5,-30.6,200.0,3.79,39,mixed,True,0,True,normal
38.0,M,12.53,488.1,200.0,3.53,36,none,True,1,False,normal
41.0,F,11.26,373.3,200.0,3.47,34,none,False,1,True,normal
52.0,M,23.31,88.4,200.0,3.13,33,none,True,0,True,normal
55.0,F,16.96,-776.0,200.0,2.71,36,none,True,0,True,normal
2.0,M,5.85,-47.8,126.4,2.91,37,exclusive,False,0,False,normal
22.0,F,10.3,160.6,200.0,2.84,32,mixed,True,0,True,normal
3.0,M,6.17,-157.9,126.7,3.43,37,exclusive,False,0,True,normal
4.0,F,6.88,98.1,144.6,2.75,32,exclusive,False,2,True,SAM
15.0,F,8.12,-158.9,169.7,3.6,41,mixed,False,0,True,normal
58.0,F,15.45,-179.4,200.0,2.6,38,none,True,2,True,normal
36.0,F,12.73,513.0,200.0,3.77,37,none,False,3,False,normal
29.0,F,15.45,-106.1,200.0,2.58,41,none,True,0,False,normal
55.0,F,12.53,-44.3,200.0,2.66,41,none,False,0,True,normal
55.0,M,19.58,402.1,200.0,3.12,40,none,True,0,False,normal
49.0,F,13.02,328.4,200.0,2.98,32,none,True,1,False,normal
42.0,F,13.75,314.2,200.0,2.43,40,none,True,1,True,normal
10.0,F,7.4,-26.6,148.4,3.45,39,mixed,True,0,True,normal
59.0,M,14.34,269.9,200.0,3.33,39,none,True,1,True,normal
20.0,F,10.35,-73.4,200.0,2.92,33,mixed,True,0,True,normal
8.0,M,9.1,-22.6,183.3,3.09,35,mixed,False,1,True,normal
58.0,M,17.27,155.7,200.0,3.4,36,none,True,0,True,SAM
26.0,M,11.61,736.7,200.0,3.03,37,none,True,0,True,normal
32.0,F,12.43,-253.1,200.0,2.84,32,none,False,0,False,normal
47.0,M,15.08,-782.0,200.0,3.0,38,none,True,1,True,normal
30.0,M,9.48,-217.5,187.4,3.34,35,none,True,0,True,SAM
43.0,M,15.67,-501.4,200.0,2.71,33,none,True,0,True,normal
1.0,M,4.41,215.7,106.6,2.82,38,exclusive,False,0,True,SAM
48.0,F,16.36,947.4,200.0,2.56,36,none,True,0,True,normal
37.0,M,14.76,586.0,200.0,3.36,37,none,True,0,False,normal
46.0,F,13.53,179.4,200.0,3.08,38,none,True,0,False,normal
36.0,F,12.81,-351.5,200.0,2.71,38,none,True,0,False,normal
58.0,M,21.49,-570.3,200.0,2.56,32,none,True,0,True,normal
44.0,M,14.9,210.8,200.0,3.27,41,none,True,0,True,normal
15.0,M,8.81,-192.3,173.1,2.99,41,mixed,True,0,True,normal
2.0,M,5.71,218.5,124.3,3.52,41,exclusive,False,0,True,normal
16.0,M,11.04,-2.9,200.0,2.66,37,mixed,True,1,True,normal
57.0,F,15.43,-335.7,200.0,2.61,36,none,True,1,True,normal
36.0,M,11.65,-54.0,200.0,3.33,33,none,True,0,True,normal
37.0,F,19.51,-737.3,200.0,3.08,32,none,False,0,False,SAM
26.0,F,9.94,502.2,200.0,3.44,34,none,True,0,True,normal
58.0,M,17.65,304.3,200.0,2.96,35,none,False,0,True,normal
9.0,M,9.12,217.1,182.4,3.07,32,mixed,True,0,False,normal
5.0,M,7.94,347.7,163.7,3.82,34,exclusive,False,1,False,normal
35.0,F,9.19,-36.2,186.5,1.87,34,none,False,0,False,MAM
7.0,F,6.56,-390.8,134.8,2.51,36,none,False,0,True,normal
20.0,F,12.22,-80.1,200.0,3.17,38,none,False,0,False,normal
41.0,M,13.18,285.8,200.0,2.72,36,none,True,0,False,normal
37.0,F,14.08,158.4,200.0,2.68,36,none,False,0,True,normal
22.0,M,11.43,-260.9,200.0,3.13,37,mixed,True,1,True,normal
47.0,F,14.93,497.0,200.0,2.68,40,none,True,0,False,normal
48.0,F,18.5,178.4,200.0,3.06,34,none,True,1,True,SAM
19.0,M,11.14,247.5,200.0,2.97,40,none,True,1,True,normal
49.0,F,14.18,443.0,200.0,3.76,41,none,True,1,False,normal
48.0,M,13.57,658.8,200.0,3.4,32,none,False,1,True,normal
57.0,F,19.88,126.4,200.0,2.32,41,none,True,0,True,normal
21.0,M,11.27,138.3,200.0,2.46,41,mixed,True,0,False,normal
55.0,F,18.91,-623.6,200.0,3.02,37,none,True,0,True,normal
48.0,M,17.01,-469.8,200.0,3.0,37,none,True,0,True,normal
43.0,F,15.59,305.5,200.0,3.69,32,none,True,0,True,normal
10.0,F,7.05,129.4,146.5,2.44,34,mixed,True,0,True,normal
18.0,M,10.66,-148.5,200.0,3.15,32,mixed,True,0,True,normal
15.0,M,9.43,268.9,191.0,3.13,37,none,True,0,True,normal
32.0,M,15.12,-158.3,200.0,2.97,38,none,True,0,False,SAM
23.0,M,10.01,261.9,200.0,2.73,40,mixed,True,2,False,normal
2.0,F,5.43,77.4,113.5,2.62,32,exclusive,False,1,True,SAM
7.0,M,7.81,238.6,158.9,2.83,41,none,False,0,False,normal
29.0,F,12.8,-212.5,200.0,2.66,40,none,False,0,True,normal
10.0,M,10.42,187.9,200.0,3.41,37,none,True,0,True,normal
34.0,M,16.24,481.4,200.0,2.82,36,none,True,0,False,normal
53.0,M,15.61,-157.9,200.0,3.26,35,none,True,0,True,normal
32.0,M,11.79,22.4,200.0,3.3,41,none,True,0,True,normal
38.0,M,14.97,-379.9,200.0,3.36,38,none,False,0,True,normal
5.0,F,6.11,5.5,129.9,3.12,33,exclusive,False,1,False,normal
50.0,F,13.95,-684.7,200.0,3.27,40,none,False,1,True,normal
14.0,M,9.74,446.6,200.0,2.9,38,mixed,True,0,False,normal
9.0,F,7.33,-104.5,142.0,3.38,35,mixed,True,0,True,normal
1.0,M,4.11,-89.3,90.0,3.02,39,exclusive,False,0,False,SAM
24.0,M,12.77,-31.5,200.0,2.37,39,none,True,0,True,normal
15.0,F,7.95,-126.7,156.2,3.62,39,mixed,True,0,True,normal
8.0,F,8.53,69.4,175.4,2.56,38,mixed,True,0,False,normal
59.0,M,19.54,-249.8,200.0,2.45,38,none,True,0,False,normal
58.0,F,15.75,-109.0,200.0,3.39,39,none,False,0,True,normal
17.0,M,10.43,-2.4,200.0,3.22,35,none,False,1,True,normal
23.0,F,10.44,151.3,200.0,3.61,38,mixed,False,1,True,normal
16.0,M,9.9,-135.3,196.2,3.08,32,mixed,True,0,True,normal
12.0,F,12.05,-79.1,200.0,2.84,37,mixed,True,0,True,normal
45.0,M,15.84,343.1,200.0,2.6,40,none,True,0,True,normal
38.0,F,14.14,2.1,200.0,3.06,40,none,True,0,True,normal
20.0,F,8.25,-217.8,164.0,2.78,38,mixed,True,0,True,MAM
27.0,M,12.25,358.2,200.0,3.02,41,none,False,1,True,normal
19.0,M,10.43,-44.3,200.0,2.55,41,mixed,True,0,False,normal
58.0,M,19.41,-64.7,200.0,3.65,37,none,True,0,False,normal
51.0,F,11.77,-194.6,200.0,2.28,35,none,True,2,True,MAM
31.0,F,14.35,-52.6,200.0,2.51,41,none,True,0,True,normal
56.0,M,16.32,132.5,200.0,3.05,32,none,True,1,True,normal
6.0,M,11.08,188.3,200.0,2.87,40,none,True,1,True,normal
31.0,F,15.59,-32.4,200.0,3.11,38,none,True,1,True,normal
15.0,F,10.16,-115.7,200.0,2.89,38,mixed,True,0,True,normal
42.0,M,13.05,-329.0,200.0,2.56,33,none,False,0,True,normal
12.0,M,8.99,-139.3,180.9,3.83,32,mixed,True,0,True,normal
28.0,M,12.54,581.8,200.0,2.92,35,none,True,0,True,normal
0.0,F,2.38,68.3,90.0,2.73,33,exclusive,False,0,True,SAM
40.0,F,15.21,-318.0,200.0,3.24,40,none,True,0,False,normal
37.0,F,13.28,-224.3,200.0,2.96,33,none,True,0,True,normal
15.0,M,9.5,-68.1,190.1,3.91,41,none,True,0,True,normal
47.0,M,15.93,902.9,200.0,2.69,34,none,False,0,True,normal
4.0,F,5.62,-408.3,120.3,2.7,40,mixed,False,0,True,MAM
24.0,F,12.64,-57.1,200.0,3.05,41,none,False,2,True,normal
56.0,M,16.38,-289.6,200.0,2.13,38,none,True,1,True,normal
47.0,F,13.54,-391.7,200.0,2.8,40,none,False,0,True,normal
5.0,M,8.55,-100.1,170.4,3.08,33,exclusive,False,0,True,normal
32.0,M,15.39,-13.6,200.0,2.93,34,none,True,0,True,normal
52.0,F,13.13,-512.9,200.0,3.39,36,none,True,0,True,normal
1.0,F,4.27,8.0,93.2,2.72,35,mixed,False,0,True,SAM
9.0,F,6.59,-251.1,135.1,3.07,35,mixed,True,0,True,normal
26.0,M,10.75,628.0,200.0,3.07,32,none,True,1,True,normal
50.0,M,16.09,252.1,200.0,3.07,36,none,True,0,True,normal
32.0,M,12.81,89.0,200.0,3.0,34,none,False,2,True,normal
19.0,M,10.12,-14.7,200.0,3.02,40,mixed,True,0,True,normal
42.0,F,15.28,522.5,200.0,3.71,39,none,True,0,True,normal
45.0,M,12.81,-140.3,200.0,3.01,38,none,True,0,True,normal
8.0,M,8.3,-87.4,169.3,3.12,38,mixed,False,0,True,normal
24.0,F,10.17,134.8,198.5,3.35,34,none,True,0,True,normal
24.0,F,8.57,-569.1,172.6,2.52,38,none,False,0,True,MAM
45.0,M,18.14,711.0,200.0,2.58,39,none,False,0,True,normal
10.0,F,6.8,-49.5,134.8,2.88,36,none,True,0,True,normal
44.0,F,13.56,-89.1,200.0,2.9,37,none,False,1,True,normal
54.0,F,14.83,118.9,200.0,2.53,33,none,True,0,True,normal
53.0,F,11.2,-417.8,200.0,3.38,40,none,True,1,True,MAM
9.0,M,8.91,-131.8,173.0,2.9,34,mixed,False,0,False,normal
14.0,M,13.44,197.7,200.0,2.81,33,none,True,0,True,normal
44.0,M,13.4,-102.4,200.0,2.48,38,none,True,0,False,normal
32.0,M,13.95,-487.8,200.0,3.19,41,none,True,0,True,normal
1.0,F,3.63,46.4,90.0,3.21,36,exclusive,False,1,True,normal
42.0,M,13.62,1115.4,200.0,3.56,35,none,False,0,True,normal
18.0,F,11.53,185.9,200.0,3.68,34,mixed,True,0,True,normal
18.0,F,8.42,-166.9,165.8,2.49,32,none,True,1,True,normal
36.0,M,12.55,-806.0,200.0,2.43,32,none,True,0,True,normal
17.0,F,10.09,238.3,200.0,3.29,38,none,True,1,True,normal
57.0,F,11.0,82.6,200.0,2.95,36,none,True,0,False,MAM
53.0,F,18.96,-448.5,200.0,2.53,40,none,False,0,True,MAM
10.0,F,9.29,-100.1,183.0,3.52,33,mixed,False,0,True,normal
38.0,F,11.69,-28.5,200.0,2.45,36,none,True,0,True,normal
11.0,M,8.15,326.3,162.5,2.81,40,mixed,True,0,False,normal
36.0,F,12.13,392.1,200.0,2.99,37,none,False,0,True,normal
22.0,M,9.9,-115.6,190.8,2.77,37,none,True,0,True,normal
9.0,M,9.33,311.9,189.4,2.81,35,none,True,1,True,normal
38.0,F,13.76,518.3,200.0,2.91,36,none,True,0,True,normal
36.0,M,10.4,-41.7,200.0,2.27,38,none,True,0,True,MAM
50.0,M,18.89,708.2,200.0,2.59,35,none,False,0,False,normal
47.0,M,14.33,-337.9,200.0,2.48,33,none,False,0,True,normal
25.0,F,13.09,-28.6,200.0,3.1,34,none,False,1,True,normal
16.0,M,12.17,-136.4,200.0,3.18,35,none,True,0,True,normal
16.0,M,10.07,-143.2,200.0,3.07,34,mixed,True,1,False,normal
33.0,F,13.22,-434.1,200.0,2.78,40,none,True,0,True,normal
43.0,F,12.78,-887.7,200.0,2.55,34,none,False,0,False,normal
47.0,F,16.01,-534.3,200.0,2.29,33,none,True,0,True,normal
29.0,M,12.65,-89.9,200.0,3.33,32,none,True,0,True,normal
25.0,F,10.85,12.9,200.0,2.49,38,none,True,1,True,normal
7.0,F,7.09,-60.6,143.6,2.98,34,mixed,True,0,True,normal
7.0,F,7.18,106.2,155.6,2.11,41,mixed,True,0,True,SAM
24.0,F,9.82,-229.3,195.4,2.65,41,none,False,0,True,normal
45.0,M,16.72,498.4,200.0,2.99,38,none,True,1,True,normal
27.0,M,10.81,687.1,200.0,2.92,32,none,False,0,False,normal
17.0,M,8.98,448.0,179.5,2.68,38,mixed,False,0,True,normal
39.0,M,11.63,-447.8,200.0,2.64,38,none,True,0,True,MAM
53.0,M,16.96,-211.8,200.0,2.76,33,none,True,0,True,normal
54.0,M,17.07,37.5,200.0,2.54,36,none,True,0,True,normal
40.0,M,11.85,296.9,200.0,3.0,32,none,False,1,False,MAM
2.0,M,5.2,58.0,108.7,2.49,36,exclusive,False,0,True,SAM
21.0,M,11.01,-19.6,200.0,3.01,41,mixed,True,0,True,normal
17.0,F,10.27,-130.3,200.0,2.84,32,mixed,False,1,True,normal
23.0,F,11.66,271.9,200.0,2.74,36,mixed,True,2,True,normal
28.0,M,13.84,496.5,200.0,3.1,40,none,True,1,True,normal
5.0,M,5.99,92.3,127.6,3.62,41,mixed,False,0,False,SAM
27.0,M,13.62,241.2,200.0,3.23,32,none,True,0,True,normal
22.0,M,10.96,112.0,200.0,3.65,32,none,True,0,True,normal
57.0,F,16.21,-642.9,200.0,3.03,40,none,True,0,True,normal
57.0,F,16.54,-851.4,200.0,2.67,41,none,True,0,True,normal
50.0,M,15.8,62.0,200.0,3.13,33,none,True,0,True,normal
15.0,M,11.8,31.4,200.0,2.96,32,mixed,True,0,True,normal
34.0,F,9.9,-219.3,200.0,3.25,39,none,True,0,True,MAM
45.0,M,13.66,-208.0,200.0,2.4,36,none,True,0,True,normal
49.0,F,14.26,-706.3,200.0,3.83,36,none,True,0,True,normal
35.0,M,13.72,-321.0,200.0,3.25,32,none,True,1,True,normal
32.0,F,11.99,-105.9,200.0,2.27,36,none,True,0,True,normal
6.0,F,7.43,-49.4,149.0,3.8,36,mixed,True,1,True,normal
8.0,F,7.75,47.5,159.9,2.56,37,none,False,0,True,normal
25.0,F,10.18,70.3,200.0,3.03,33,none,False,0,True,normal
40.0,F,11.77,-46.9,200.0,2.79,34,none,True,0,True,normal
57.0,M,17.88,-455.7,200.0,3.17,33,none,True,0,True,normal
27.0,M,9.31,-345.6,189.7,3.6,33,none,False,0,True,MAM
32.0,F,12.64,-10.5,200.0,2.85,35,none,False,0,False,normal
30.0,M,11.66,-48.2,200.0,2.81,40,none,True,0,True,normal
11.0,F,8.19,537.5,171.6,3.05,32,mixed,True,0,True,normal
21.0,F,10.96,173.4,200.0,4.06,36,mixed,True,0,True,normal
12.0,F,9.08,-277.9,182.0,3.59,37,mixed,True,1,True,normal
25.0,M,12.52,152.7,200.0,2.84,34,none,False,0,True,normal
46.0,M,15.43,-210.0,200.0,3.46,35,none,True,0,False,normal
24.0,M,12.89,211.1,200.0,2.95,41,none,True,1,True,normal
53.0,F,11.83,369.5,200.0,3.44,32,none,False,0,False,MAM
1.0,M,4.04,-12.1,95.9,2.91,38,mixed,False,0,True,SAM
25.0,F,12.78,-340.9,200.0,3.32,36,none,True,0,True,normal
18.0,M,10.14,303.0,195.6,3.0,37,mixed,True,1,False,normal
34.0,M,13.27,-67.6,200.0,1.89,38,none,False,0,False,normal
52.0,F,12.12,-75.5,200.0,3.71,40,none,False,1,True,normal
55.0,F,13.72,-326.3,200.0,2.82,37,none,False,0,True,normal
20.0,F,8.98,-156.5,177.9,3.1,41,mixed,True,0,True,normal
49.0,F,12.23,-707.8,200.0,3.2,39,none,True,0,False,normal
31.0,F,14.15,-159.6,200.0,2.32,41,none,True,0,True,normal
38.0,M,14.53,-241.7,200.0,3.43,33,none,False,0,True,normal
6.0,M,8.38,16.0,166.8,2.73,37,none,True,0,True,normal
7.0,M,8.17,-35.5,160.3,2.76,32,mixed,True,2,True,normal
40.0,F,12.54,-525.4,200.0,3.05,37,none,True,1,False,normal
34.0,M,15.04,5.5,200.0,3.39,34,none,True,0,False,normal
18.0,F,10.12,188.8,198.1,2.33,40,mixed,True,1,False,normal
36.0,M,17.65,-489.0,200.0,2.58,36,none,True,0,True,normal
38.0,F,14.62,-109.9,200.0,3.44,33,none,True,1,True,normal
18.0,F,9.99,-140.0,189.6,2.71,33,none,True,0,False,normal
20.0,M,11.66,70.5,200.0,2.8,34,none,True,1,True,normal
50.0,M,15.36,-562.1,200.0,2.45,32,none,False,1,False,normal
53.0,M,12.72,569.9,200.0,3.2,34,none,True,0,True,MAM
55.0,M,18.3,-360.0,200.0,2.75,34,none,True,0,True,normal
40.0,M,14.15,557.8,200.0,3.21,32,none,True,0,False,normal
54.0,F,14.93,-96.9,200.0,2.97,37,none,False,0,True,normal
0.0,F,3.27,-20.3,90.0,3.42,36,exclusive,False,1,False,SAM
22.0,M,10.24,-211.1,200.0,2.69,38,mixed,False,1,True,normal
26.0,M,11.0,-396.0,200.0,3.28,35,none,False,0,True,normal
3.0,M,8.21,-13.2,163.4,3.21,35,exclusive,False,0,True,normal
40.0,M,13.13,-476.7,200.0,2.84,34,none,True,1,True,normal
30.0,F,14.12,200.4,200.0,2.73,38,none,True,1,True,normal
44.0,F,9.74,-151.8,197.9,3.0,37,none,True,0,True,MAM
18.0,M,10.89,509.3,200.0,3.32,38,none,False,1,True,normal
35.0,M,11.76,-8.0,200.0,2.55,40,none,True,2,False,normal
37.0,F,12.0,668.3,200.0,2.56,33,none,True,0,False,normal
9.0,F,7.13,162.4,145.5,3.06,41,mixed,True,1,True,normal
44.0,F,15.08,-412.8,200.0,3.01,41,none,True,0,True,normal
48.0,F,14.14,125.6,200.0,2.99,40,none,False,0,True,normal
40.0,M,13.75,-333.0,200.0,3.56,40,none,True,1,True,normal
27.0,M,10.25,-118.6,200.0,3.05,34,none,True,1,False,MAM
11.0,F,6.22,-24.1,130.4,3.03,38,mixed,False,0,True,MAM
30.0,F,9.67,221.5,193.0,2.9,40,none,True,0,True,MAM
19.0,F,8.68,-403.0,170.5,2.44,40,mixed,True,0,True,normal
27.0,F,12.03,403.6,200.0,2.88,33,none,False,1,True,normal
54.0,F,16.8,-884.9,200.0,3.21,36,none,False,0,True,normal
39.0,F,10.5,86.3,200.0,3.21,33,none,True,0,True,MAM
39.0,M,14.43,-48.4,200.0,2.86,35,none,True,0,True,normal
22.0,M,10.68,263.1,200.0,3.03,39,mixed,False,0,False,normal
29.0,F,14.02,-128.2,200.0,2.33,40,none,False,0,False,normal
25.0,M,13.16,190.7,200.0,2.26,32,none,True,0,True,normal
20.0,M,10.25,22.7,197.6,2.15,39,none,True,0,True,normal
40.0,M,16.43,140.3,200.0,2.6,37,none,False,0,False,normal
14.0,M,9.35,86.0,188.0,3.53,36,mixed,True,1,False,MAM
15.0,F,11.28,225.7,200.0,2.39,40,mixed,False,3,True,normal
24.0,M,12.6,-169.4,200.0,2.56,40,none,True,0,True,normal
21.0,M,11.95,-507.9,200.0,3.08,35,none,True,2,True,MAM
43.0,M,14.15,-157.8,200.0,2.39,37,none,True,0,False,normal
40.0,F,13.56,554.8,200.0,2.68,33,none,False,0,True,normal
54.0,M,14.36,-649.3,200.0,2.76,34,none,True,0,False,normal
44.0,M,13.21,-663.2,200.0,3.03,32,none,True,0,True,normal
42.0,M,13.52,-796.1,200.0,3.02,35,none,True,0,True,normal
18.0,M,9.31,326.3,182.6,2.89,38,mixed,True,2,False,normal
2.0,F,7.0,-74.1,138.7,3.09,41,exclusive,False,0,True,normal
32.0,F,12.45,115.5,200.0,2.72,39,none,False,0,True,normal
33.0,F,12.79,81.6,200.0,3.1,40,none,True,0,True,normal
38.0,F,16.37,-457.3,200.0,3.08,34,none,True,1,False,normal
54.0,M,15.8,71.5,200.0,2.8,34,none,True,1,True,normal
31.0,M,12.86,-296.7,200.0,2.72,40,none,True,1,True,normal
41.0,F,14.2,226.6,200.0,2.93,35,none,True,0,True,normal
38.0,M,13.55,-149.4,200.0,3.43,34,none,True,0,True,normal
0.0,M,2.29,54.9,90.0,2.94,37,exclusive,False,1,True,SAM
22.0,M,12.22,62.0,200.0,3.41,41,mixed,True,1,True,normal
10.0,F,8.1,-109.8,169.5,2.72,32,none,False,0,True,normal
34.0,F,12.59,703.2,200.0,3.29,34,none,True,0,True,normal
38.0,F,16.45,271.6,200.0,3.6,33,none,False,0,True,normal
18.0,F,11.72,356.8,200.0,3.51,38,mixed,True,1,False,normal
43.0,M,13.49,415.5,200.0,3.5,36,none,True,0,True,normal
14.0,F,8.4,225.5,162.5,2.46,36,none,True,0,True,MAM
37.0,M,13.18,269.8,200.0,3.11,39,none,True,0,False,normal
13.0,F,9.41,308.5,188.3,3.15,38,mixed,False,0,True,normal
4.0,F,7.16,165.2,150.8,3.06,33,exclusive,False,1,False,normal
19.0,F,9.62,-205.4,185.9,3.16,32,none,True,0,False,normal
49.0,M,15.12,15.4,200.0,2.63,37,none,True,0,True,normal
23.0,M,11.62,154.0,200.0,2.4,32,mixed,True,1,True,normal
19.0,F,11.39,38.1,200.0,2.61,35,mixed,True,0,True,normal
53.0,M,22.25,45.3,200.0,2.96,40,none,True,1,True,normal
22.0,F,10.29,494.7,200.0,3.5,40,mixed,True,1,True,normal
9.0,F,5.92,-241.1,129.0,3.54,39,mixed,True,0,True,MAM
4.0,F,6.58,70.8,136.4,3.14,36,exclusive,False,0,True,normal
19.0,M,7.99,-254.2,159.8,2.62,41,mixed,True,0,True,SAM
33.0,M,11.87,-397.5,200.0,3.21,34,none,True,0,False,normal
3.0,F,4.81,-31.7,104.5,2.28,40,exclusive,False,0,True,SAM
18.0,F,11.45,325.8,200.0,3.63,35,mixed,True,0,True,normal
53.0,M,19.26,-281.5,200.0,3.32,41,none,True,0,False,normal
9.0,F,8.81,-103.8,179.5,2.92,36,none,True,0,False,normal
22.0,M,12.44,-371.1,200.0,3.22,34,mixed,True,0,True,normal
11.0,M,9.49,188.6,186.6,2.39,41,none,True,0,True,normal
5.0,F,8.63,-213.0,174.6,3.09,32,exclusive,False,0,True,normal
1.0,M,4.93,14.7,112.4,3.56,39,mixed,False,1,True,SAM
22.0,F,9.23,-94.7,176.6,2.6,38,mixed,True,0,True,MAM
55.0,M,14.55,-380.4,200.0,3.68,37,none,False,0,True,normal
28.0,M,14.1,82.5,200.0,3.04,38,none,True,0,True,normal
1.0,F,3.63,36.5,90.0,2.76,36,mixed,False,1,True,SAM
43.0,F,13.72,816.5,200.0,3.21,41,none,True,0,True,normal
7.0,M,9.39,223.8,186.9,2.6,38,none,True,1,False,normal
51.0,F,15.91,-254.7,200.0,3.82,39,none,True,0,False,normal
22.0,F,10.1,-113.8,199.7,3.32,33,mixed,True,0,True,normal
9.0,F,6.03,-484.7,127.4,2.34,33,mixed,True,0,True,MAM
0.0,M,3.41,-60.9,90.0,2.95,36,exclusive,False,0,True,SAM
37.0,M,14.85,4.9,200.0,2.48,38,none,False,0,True,normal
1.0,M,3.7,382.1,90.0,3.0,39,exclusive,False,0,True,SAM
52.0,F,11.67,-514.1,200.0,3.5,41,none,True,0,True,normal
16.0,M,8.88,222.1,180.1,2.88,38,none,False,2,True,normal
53.0,M,13.76,321.8,200.0,3.59,40,none,True,1,True,normal
29.0,F,12.63,375.7,200.0,2.49,35,none,True,3,True,normal
56.0,M,15.9,-728.9,200.0,3.15,37,none,True,0,True,normal
14.0,M,10.11,93.4,200.0,2.97,36,none,True,0,True,MAM
27.0,F,13.57,-52.8,200.0,2.89,32,none,True,0,True,normal
4.0,M,7.59,-133.5,155.0,2.77,35,exclusive,False,0,False,normal
24.0,F,13.01,-79.0,200.0,3.25,34,none,False,1,False,normal
22.0,F,9.81,284.2,198.7,3.72,33,none,False,0,False,normal
12.0,F,11.76,-142.9,200.0,2.63,33,mixed,True,0,True,normal
51.0,F,14.03,49.9,200.0,2.35,34,none,True,0,True,SAM
1.0,M,4.68,178.7,99.9,3.21,39,exclusive,False,0,True,SAM
54.0,M,17.35,-510.3,200.0,3.09,37,none,True,2,True,normal
57.0,F,16.73,-86.8,200.0,3.13,32,none,True,0,True,normal
52.0,M,17.93,242.9,200.0,2.96,35,none,True,2,True,normal
39.0,M,12.44,528.5,200.0,3.37,39,none,True,0,True,normal
5.0,F,7.57,270.1,147.2,3.34,38,mixed,False,0,True,normal
32.0,F,15.32,-20.1,200.0,2.77,37,none,True,1,True,normal
30.0,M,9.43,225.6,190.0,3.08,33,none,True,1,False,SAM
16.0,F,9.65,29.8,195.6,2.68,33,mixed,True,0,True,normal
57.0,M,15.96,281.3,200.0,3.03,33,none,True,1,True,normal
7.0,M,7.72,-44.7,152.8,2.51,32,none,True,1,True,normal
0.0,M,3.12,-59.3,90.0,3.16,37,exclusive,False,0,True,SAM
19.0,M,8.69,574.9,172.8,2.83,39,none,True,1,True,MAM
57.0,M,18.21,-450.5,200.0,3.33,34,none,True,0,True,normal
23.0,F,11.45,520.7,200.0,2.88,38,mixed,True,1,True,normal
56.0,M,19.5,-21.5,200.0,2.83,34,none,False,0,True,normal
44.0,F,14.62,133.8,200.0,2.6,32,none,True,1,False,SAM
41.0,M,17.39,46.5,200.0,3.31,34,none,False,0,True,normal
57.0,F,20.59,-103.6,200.0,3.49,33,none,True,0,True,normal
22.0,M,10.74,-339.2,200.0,3.08,35,none,True,0,True,normal
42.0,M,17.08,176.0,200.0,3.22,40,none,True,0,False,normal
3.0,M,6.33,9.9,125.2,3.29,36,exclusive,False,1,True,normal
50.0,F,17.52,-112.0,200.0,3.31,34,none,True,0,True,normal
44.0,M,16.54,390.8,200.0,3.11,40,none,False,0,True,normal
43.0,F,13.97,-108.5,200.0,3.34,33,none,False,0,True,normal
18.0,M,9.1,105.8,181.3,2.62,36,none,True,1,True,SAM
8.0,M,6.64,-314.6,138.8,2.9,36,none,True,0,False,MAM
7.0,F,7.77,-63.5,153.6,3.05,32,mixed,True,0,True,normal
46.0,F,12.81,-390.2,200.0,3.01,34,none,False,0,True,normal
21.0,M,13.42,30.9,200.0,3.54,32,mixed,False,0,True,normal
19.0,M,11.87,182.8,200.0,2.55,37,mixed,True,0,True,SAM
28.0,F,10.74,-44.9,200.0,3.05,39,none,True,1,True,normal
36.0,F,12.36,-230.0,200.0,2.64,37,none,True,0,True,normal
40.0,F,9.22,-243.2,177.0,2.71,35,none,True,1,True,SAM
58.0,F,16.37,435.3,200.0,3.64,32,none,False,0,True,normal
55.0,F,15.33,34.8,200.0,2.15,35,none,True,1,False,normal
24.0,M,11.57,439.4,200.0,2.68,38,none,True,1,True,normal
50.0,M,16.22,72.3,200.0,2.88,33,none,False,1,True,normal
17.0,F,6.43,-30.2,132.9,2.4,35,mixed,True,0,True,SAM
48.0,F,11.31,482.1,200.0,3.0,34,none,False,1,True,MAM
13.0,F,11.42,-40.5,200.0,2.88,32,mixed,False,0,False,normal
31.0,F,11.57,358.5,200.0,3.12,33,none,True,0,True,normal
40.0,F,15.34,115.8,200.0,3.04,39,none,False,0,False,normal
44.0,M,15.3,778.6,200.0,2.31,37,none,True,0,True,normal
54.0,M,18.16,189.6,200.0,2.57,35,none,True,0,True,normal
49.0,M,15.99,-470.1,200.0,3.23,40,none,False,1,False,normal
2.0,F,4.92,-58.1,114.4,2.31,41,exclusive,False,0,True,SAM
48.0,F,19.24,-598.2,200.0,3.59,41,none,True,0,False,normal
2.0,F,5.17,216.7,115.0,2.64,38,exclusive,False,0,False,MAM
57.0,M,17.44,79.7,200.0,3.15,37,none,False,0,True,normal
49.0,F,14.38,-189.9,200.0,2.7,32,none,True,0,False,normal
4.0,M,5.8,305.6,125.7,3.09,38,exclusive,False,0,False,normal
16.0,F,7.27,73.4,150.2,3.84,40,mixed,True,0,False,MAM
35.0,M,12.64,-323.3,200.0,3.78,34,none,True,0,True,normal
20.0,M,12.39,428.6,200.0,3.54,32,none,True,0,True,normal
17.0,F,12.22,142.1,200.0,3.04,33,mixed,True,0,True,normal
29.0,M,10.47,241.6,200.0,3.34,33,none,True,0,True,MAM
27.0,F,11.63,269.5,200.0,3.21,40,none,False,0,True,normal
55.0,M,18.63,584.1,200.0,3.01,36,none,True,0,True,normal
38.0,F,17.0,64.5,200.0,3.08,37,none,True,2,True,normal
38.0,F,14.04,-363.4,200.0,2.88,34,none,True,0,False,normal
16.0,F,9.81,-361.4,200.0,3.35,32,mixed,False,0,False,normal
23.0,M,11.65,378.8,200.0,3.03,41,mixed,True,0,False,normal
4.0,F,5.6,-18.0,122.7,3.51,36,exclusive,False,0,False,MAM
28.0,F,9.96,-225.0,196.0,2.88,37,none,True,0,True,normal
46.0,F,17.09,-11.1,200.0,2.19,40,none,False,2,True,normal
51.0,M,12.21,-547.9,200.0,3.16,39,none,True,0,True,MAM
38.0,F,12.55,166.6,200.0,3.34,34,none,False,1,False,normal
51.0,M,14.5,491.9,200.0,2.8,34,none,False,0,True,normal
9.0,M,8.67,-95.3,173.5,3.21,33,none,True,1,True,normal
35.0,M,10.42,-15.1,200.0,2.53,36,none,True,0,True,MAM
6.0,M,8.04,-171.2,162.6,2.88,38,none,True,0,True,normal
45.0,F,10.63,-552.5,200.0,3.3,36,none,True,1,False,normal
39.0,F,13.99,-4.8,200.0,3.09,33,none,True,0,True,normal
47.0,F,13.2,340.3,200.0,2.86,40,none,False,0,True,normal
10.0,M,8.83,-46.2,184.7,2.75,35,mixed,True,2,True,normal
43.0,F,12.23,82.9,200.0,2.37,41,none,True,0,True,normal
38.0,F,14.53,431.4,200.0,4.05,36,none,True,0,False,normal
25.0,F,13.73,-31.5,200.0,2.68,37,none,True,0,True,normal
41.0,M,17.61,-224.4,200.0,3.1,41,none,True,1,False,normal
54.0,F,12.29,-531.9,200.0,2.83,40,none,True,0,True,normal
16.0,M,10.03,23.4,196.7,2.86,39,mixed,True,0,False,normal
4.0,F,7.26,31.3,148.2,3.59,38,exclusive,False,0,True,normal
23.0,M,11.31,314.5,200.0,3.39,41,mixed,True,0,True,SAM
4.0,F,6.24,234.9,127.6,2.89,39,exclusive,False,0,True,normal
16.0,M,8.37,187.8,162.9,2.87,40,mixed,True,1,False,MAM
33.0,M,14.24,328.3,200.0,2.58,41,none,True,0,True,normal
34.0,M,17.86,-445.5,200.0,3.42,34,none,False,0,True,normal
39.0,F,13.08,1179.2,200.0,3.55,41,none,False,2,True,normal
2.0,M,5.03,-31.0,104.7,3.16,34,exclusive,False,2,True,SAM
0.0,M,3.71,258.0,90.0,2.5,36,exclusive,False,0,True,SAM
14.0,M,9.04,-21.4,174.9,2.64,36,none,True,0,True,normal
13.0,F,8.48,-88.6,168.7,3.87,34,mixed,True,0,True,normal
1.0,M,4.83,57.8,98.7,3.39,40,exclusive,False,0,False,SAM
44.0,F,14.08,160.0,200.0,3.14,33,none,True,0,True,normal
48.0,F,15.06,-637.9,200.0,2.81,37,none,True,0,False,normal
50.0,F,14.67,169.7,200.0,2.62,34,none,False,0,True,normal
29.0,M,11.32,588.5,200.0,2.75,39,none,True,0,True,normal
54.0,F,20.24,-948.5,200.0,3.01,36,none,True,0,True,normal
41.0,M,16.92,-269.9,200.0,3.66,35,none,True,1,True,normal
3.0,F,5.95,-60.8,122.7,2.38,32,exclusive,False,0,True,MAM
57.0,F,17.28,-390.2,200.0,2.84,33,none,True,0,True,normal
25.0,F,11.61,-261.1,200.0,3.37,32,none,True,0,True,normal
38.0,M,12.7,-312.3,200.0,2.42,36,none,True,1,True,normal
15.0,F,9.14,33.0,183.1,3.56,32,mixed,False,1,True,SAM
49.0,F,13.79,305.9,200.0,3.27,32,none,True,0,True,normal
3.0,F,5.9,-63.8,119.5,3.17,37,exclusive,False,0,True,MAM
51.0,M,17.52,270.9,200.0,2.82,33,none,True,0,True,normal
46.0,F,20.2,214.5,200.0,3.18,33,none,False,0,True,normal
6.0,F,6.94,210.0,142.5,3.62,33,none,True,0,True,normal
51.0,F,15.47,215.8,200.0,2.42,36,none,False,1,False,normal
42.0,M,16.83,381.8,200.0,3.41,37,none,False,0,True,normal
26.0,F,12.54,-479.8,200.0,2.49,35,none,True,0,True,normal
28.0,M,13.61,62.8,200.0,3.06,33,none,True,0,True,normal
37.0,M,16.21,-199.1,200.0,4.08,35,none,False,0,False,normal
18.0,M,12.03,-295.5,200.0,2.63,33,none,True,0,False,normal
22.0,M,11.23,-25.2,200.0,2.85,39,mixed,False,1,True,normal
15.0,F,9.89,348.3,196.2,2.95,37,mixed,True,0,True,normal
41.0,M,16.27,237.3,200.0,3.0,34,none,True,1,True,normal
56.0,M,19.7,65.9,200.0,3.36,39,none,True,0,True,normal
21.0,F,11.87,256.0,200.0,2.76,40,mixed,True,1,False,normal
27.0,F,11.84,125.8,200.0,2.61,33,none,True,0,True,normal
50.0,F,17.35,286.8,200.0,2.78,34,none,True,0,True,normal
12.0,M,9.02,23.1,180.9,2.46,37,none,True,0,True,normal
48.0,M,15.48,-27.1,200.0,2.64,41,none,True,0,True,normal
32.0,M,12.22,-442.2,200.0,3.13,37,none,True,0,True,normal
7.0,F,7.16,140.6,150.3,3.41,37,none,True,0,True,normal
19.0,M,10.2,-207.9,198.7,3.54,36,mixed,True,0,True,normal
45.0,M,14.69,27.7,200.0,2.81,37,none,True,0,True,normal
3.0,M,6.55,-52.1,133.1,1.97,34,exclusive,False,0,True,normal
7.0,M,8.5,-203.0,173.0,2.53,39,mixed,True,0,False,normal
24.0,M,11.76,-167.9,200.0,3.42,37,none,True,1,False,normal
45.0,M,18.49,-748.1,200.0,3.34,36,none,False,0,True,normal
37.0,F,16.62,-334.1,200.0,3.31,39,none,False,0,True,normal
32.0,F,13.51,-3.1,200.0,3.18,32,none,True,0,True,normal
56.0,F,21.25,743.1,200.0,3.28,35,none,True,0,True,normal
51.0,F,17.08,547.4,200.0,3.28,32,none,True,2,True,normal
12.0,F,9.2,272.5,185.1,3.37,39,mixed,False,0,True,normal
44.0,F,10.53,-293.2,200.0,2.84,34,none,True,0,True,MAM
29.0,F,11.33,-117.2,200.0,2.59,34,none,True,0,False,normal
32.0,M,16.2,-72.9,200.0,2.94,34,none,True,0,False,normal
3.0,M,5.63,112.2,122.4,2.87,40,exclusive,False,0,True,MAM
33.0,F,11.54,682.2,200.0,2.59,34,none,True,0,False,normal
58.0,F,14.73,-420.5,200.0,2.64,40,none,False,0,True,normal
10.0,F,7.47,159.3,151.5,3.77,36,none,True,0,True,normal
30.0,F,12.6,-300.1,200.0,3.61,33,none,True,0,True,normal
14.0,F,8.74,69.2,173.4,3.41,40,mixed,True,0,True,normal
8.0,M,10.18,174.2,193.2,2.89,39,mixed,True,0,True,normal
58.0,F,14.72,9.0,200.0,3.0,41,none,True,1,True,normal
56.0,F,18.14,-12.4,200.0,2.96,40,none,True,0,False,normal
34.0,F,13.2,177.8,200.0,2.28,35,none,True,1,False,normal
26.0,F,9.18,457.0,189.2,3.11,32,none,False,0,True,MAM
3.0,F,5.05,166.9,114.9,3.46,37,exclusive,False,1,True,SAM
44.0,M,12.84,294.6,200.0,3.29,35,none,True,0,True,MAM
42.0,M,16.05,436.2,200.0,2.4,36,none,True,1,True,normal
39.0,M,17.4,491.4,200.0,2.59,41,none,True,1,True,normal
57.0,M,17.53,286.7,200.0,2.49,40,none,False,0,False,normal
16.0,M,11.18,-422.3,200.0,3.24,40,none,False,0,True,normal
1.0,F,3.94,-16.5,93.0,2.32,32,exclusive,False,0,False,SAM
47.0,F,14.29,-483.3,200.0,2.8,35,none,True,0,True,normal
31.0,F,13.01,-429.2,200.0,2.47,39,none,True,0,True,normal
14.0,F,9.78,306.1,197.9,3.2,36,none,True,0,False,normal
55.0,F,17.17,646.8,200.0,3.39,37,none,True,0,True,normal
2.0,M,5.26,-115.9,112.1,2.59,40,exclusive,False,0,True,SAM
14.0,F,11.05,234.5,200.0,3.54,40,mixed,True,0,True,normal
32.0,M,10.61,58.2,200.0,2.82,36,none,False,0,True,MAM
15.0,M,10.99,71.6,200.0,2.71,37,mixed,False,0,True,normal
47.0,F,14.81,316.7,200.0,3.48,38,none,True,0,True,normal
23.0,F,10.82,-53.2,200.0,2.54,41,mixed,True,0,True,normal
4.0,F,5.45,176.7,111.0,2.7,34,exclusive,False,0,True,SAM
38.0,M,12.94,-258.5,200.0,3.59,36,none,True,0,False,normal
9.0,M,8.99,124.6,174.1,3.43,41,none,True,1,True,normal
27.0,F,10.81,127.1,200.0,3.01,33,none,True,0,True,normal
9.0,F,7.75,-67.7,159.6,3.05,32,mixed,True,0,True,normal
52.0,M,14.57,-47.6,200.0,2.28,41,none,True,1,True,normal
37.0,M,12.97,-286.4,200.0,3.09,32,none,True,0,True,normal
32.0,F,12.38,739.4,200.0,3.38,37,none,True,0,False,SAM
47.0,F,10.84,144.2,200.0,3.23,40,none,True,0,False,MAM
53.0,F,15.26,302.1,200.0,3.3,32,none,True,1,False,normal
34.0,M,12.16,-793.1,200.0,3.05,40,none,True,0,True,normal
8.0,M,7.19,23.4,141.1,3.57,41,mixed,True,0,True,normal
36.0,F,12.56,91.0,200.0,3.36,40,none,True,0,False,normal
0.0,M,3.08,143.4,90.0,2.84,41,exclusive,False,0,False,SAM
55.0,F,14.33,-88.2,200.0,3.38,36,none,True,0,True,normal
23.0,M,12.12,173.3,200.0,2.9,34,none,True,0,False,normal
54.0,M,15.7,521.3,200.0,2.55,34,none,True,0,True,normal
16.0,F,11.41,-352.5,200.0,3.86,39,mixed,True,1,True,normal
10.0,F,7.01,52.8,144.4,2.81,38,mixed,False,0,True,normal
15.0,F,10.21,376.0,197.4,2.87,32,mixed,False,1,True,normal
7.0,M,7.8,-258.5,161.5,2.38,36,mixed,False,0,True,normal
38.0,M,12.99,-886.8,200.0,3.42,32,none,True,0,True,normal
25.0,F,14.26,133.4,200.0,3.17,36,none,True,1,True,normal
43.0,F,15.67,-628.6,200.0,4.06,39,none,True,1,True,normal
39.0,F,18.01,176.3,200.0,2.75,40,none,True,0,True,normal
12.0,M,9.28,120.2,177.8,3.29,34,mixed,False,0,True,MAM
30.0,M,14.27,-445.8,200.0,2.97,33,none,False,0,True,normal
11.0,M,10.21,-48.4,199.0,2.87,39,mixed,False,0,True,normal
23.0,F,12.89,-237.4,200.0,3.25,37,none,True,0,True,normal
27.0,F,13.69,-281.1,200.0,3.26,34,none,True,0,True,normal
57.0,M,22.34,-316.9,200.0,2.82,41,none,False,2,True,normal
49.0,F,13.79,-301.7,200.0,3.26,32,none,True,1,True,normal
18.0,M,8.92,-529.1,181.1,3.03,38,mixed,True,0,True,normal
41.0,M,14.49,-183.8,200.0,3.1,39,none,False,1,True,normal
3.0,M,4.48,-44.7,94.6,2.43,40,exclusive,False,2,True,SAM
8.0,F,7.4,24.7,152.6,3.45,37,none,True,0,True,normal
38.0,M,14.15,2.4,200.0,2.71,34,none,True,0,False,normal
8.0,M,7.42,110.4,151.7,2.86,37,mixed,False,0,True,normal
34.0,M,13.22,1.9,200.0,3.2,32,none,True,0,False,normal
45.0,F,14.43,-398.5,200.0,1.74,41,none,True,0,True,normal
40.0,M,18.13,449.5,200.0,2.9,32,none,True,1,True,normal
36.0,M,12.12,460.9,200.0,3.04,37,none,False,0,True,normal
12.0,F,7.62,275.6,162.1,3.35,38,mixed,True,0,False,normal
36.0,F,12.28,112.4,200.0,2.59,33,none,True,0,True,normal
58.0,M,20.19,-58.0,200.0,3.02,39,none,True,0,False,normal
19.0,M,10.2,160.5,198.6,2.9,41,mixed,True,0,True,normal
25.0,F,11.95,47.8,200.0,2.92,41,none,False,1,False,normal
53.0,M,21.94,332.0,200.0,3.31,32,none,True,1,True,normal
59.0,F,14.14,-224.0,200.0,3.4,38,none,False,1,True,normal
28.0,F,10.23,-142.4,200.0,2.71,38,none,True,1,True,normal
6.0,F,6.51,56.5,136.1,2.6,41,mixed,True,0,True,normal
9.0,M,8.36,278.9,164.4,3.51,32,none,True,0,True,normal
13.0,F,8.9,-104.0,180.9,3.04,35,mixed,False,0,True,normal
45.0,M,15.19,-620.3,200.0,3.02,34,none,True,0,False,normal
36.0,F,11.74,434.1,200.0,3.31,32,none,True,0,True,normal
16.0,M,10.77,-147.6,200.0,2.74,32,none,True,0,True,normal
42.0,F,16.9,905.8,200.0,3.26,33,none,True,0,True,normal
23.0,M,10.55,124.8,200.0,3.65,39,mixed,True,0,True,normal
18.0,F,9.94,-138.1,194.8,2.87,40,mixed,False,0,True,normal
6.0,M,6.6,-170.6,143.5,3.24,40,none,True,0,True,normal
42.0,F,17.57,-14.7,200.0,3.28,36,none,True,0,True,normal
13.0,F,8.42,-51.7,171.7,3.74,33,mixed,True,0,True,normal
30.0,M,13.34,-311.0,200.0,3.26,38,none,True,0,True,normal
48.0,M,13.35,18.4,200.0,2.86,34,none,True,1,False,normal
20.0,M,10.22,-294.8,198.7,3.26,34,none,True,0,False,normal
29.0,M,14.47,-580.6,200.0,2.76,39,none,False,0,False,normal
46.0,M,15.85,891.2,200.0,4.19,33,none,True,1,True,normal
6.0,M,7.3,-185.8,154.6,2.43,32,mixed,True,0,True,normal
36.0,M,15.42,10.3,200.0,2.63,33,none,False,0,True,normal
22.0,F,10.39,188.3,200.0,2.83,32,mixed,True,0,False,normal
29.0,F,11.39,-152.9,200.0,2.69,38,none,False,0,False,normal
4.0,F,5.78,-9.4,127.4,3.2,37,mixed,False,0,False,normal
25.0,F,11.18,124.5,200.0,2.67,33,none,False,0,True,normal
18.0,M,9.41,10.9,186.8,3.34,38,mixed,True,1,False,normal
45.0,M,17.56,185.0,200.0,3.07,38,none,True,0,True,normal
3.0,M,6.08,40.7,127.2,3.66,39,exclusive,False,1,True,normal
24.0,F,10.26,-247.7,200.0,3.17,33,none,True,0,True,normal
32.0,F,13.43,-296.0,200.0,3.06,37,none,False,1,True,normal
1.0,M,4.32,89.9,95.7,2.8,41,exclusive,False,0,True,SAM
29.0,F,10.1,340.1,192.8,3.31,41,none,False,0,True,normal
6.0,F,7.09,-190.3,140.8,3.48,38,none,False,1,False,normal
56.0,F,15.85,643.5,200.0,2.8,41,none,False,0,False,SAM
32.0,M,12.57,-133.3,200.0,2.52,37,none,False,2,True,normal
57.0,M,18.99,-572.3,200.0,2.86,33,none,True,0,True,normal
41.0,M,15.85,-326.2,200.0,3.5,37,none,False,1,True,normal
41.0,M,14.78,182.8,200.0,2.62,38,none,True,1,True,normal
9.0,M,7.73,7.7,155.9,3.47,38,mixed,True,0,True,normal
21.0,M,13.61,164.7,200.0,3.17,40,mixed,True,0,True,normal
25.0,M,12.03,434.9,200.0,2.59,33,none,True,0,True,MAM
9.0,M,8.69,-181.1,173.4,3.39,39,mixed,True,0,True,normal
56.0,M,17.85,34.9,200.0,3.04,39,none,False,0,True,normal
58.0,M,18.12,-156.6,200.0,2.16,34,none,True,0,False,normal
25.0,M,11.36,-207.8,200.0,3.36,33,none,True,0,True,normal
15.0,M,11.13,332.0,200.0,2.83,35,mixed,True,1,False,normal
59.0,F,17.7,-65.1,200.0,2.16,41,none,True,0,True,normal
16.0,F,10.07,65.2,200.0,3.02,40,mixed,False,0,True,normal
59.0,F,21.65,-366.5,200.0,3.68,34,none,True,0,True,normal
39.0,M,15.1,-583.3,200.0,2.6,35,none,True,0,True,normal
6.0,F,6.59,76.5,132.9,3.48,38,none,True,0,True,MAM
1.0,M,4.32,4.5,97.8,3.19,32,exclusive,False,0,True,SAM
55.0,F,14.85,231.4,200.0,3.41,41,none,True,1,True,normal
38.0,M,11.97,-99.0,200.0,3.03,32,none,True,1,False,normal
13.0,M,9.52,21.6,199.4,2.63,38,mixed,True,0,False,normal
42.0,F,14.66,371.1,200.0,2.15,34,none,True,0,False,normal
30.0,F,12.01,-369.8,200.0,2.48,32,none,True,0,True,normal
40.0,M,11.78,-271.3,200.0,3.9,34,none,True,0,True,MAM
30.0,M,10.29,-185.1,200.0,3.1,37,none,True,1,False,MAM
50.0,M,14.15,360.2,200.0,3.27,38,none,False,0,False,SAM
45.0,M,16.31,-822.7,200.0,3.93,34,none,True,1,True,normal
25.0,F,14.63,302.6,200.0,3.03,35,none,False,1,True,normal
8.0,M,7.16,-320.9,150.5,3.16,39,none,False,1,True,normal
30.0,M,12.3,206.2,200.0,2.55,39,none,True,1,True,normal
30.0,M,16.35,81.9,200.0,2.99,35,none,True,0,True,normal
45.0,M,17.15,-803.9,200.0,2.39,39,none,True,1,True,normal
56.0,F,15.89,315.2,200.0,2.36,39,none,True,0,True,normal
23.0,M,13.15,-119.9,200.0,2.21,34,mixed,True,1,True,normal
15.0,M,9.14,-355.1,186.0,2.83,32,mixed,False,0,True,normal
26.0,F,16.12,585.3,200.0,2.72,36,none,True,0,False,normal
43.0,M,17.68,-23.1,200.0,3.38,32,none,True,0,True,SAM
39.0,M,14.49,471.2,200.0,2.81,40,none,False,0,True,normal
17.0,M,9.85,-243.7,200.0,3.12,33,mixed,True,0,False,normal
43.0,F,15.24,45.3,200.0,2.98,33,none,False,1,True,normal
36.0,F,12.27,-264.8,200.0,3.17,39,none,True,1,False,normal
28.0,F,10.54,-153.1,200.0,3.83,32,none,True,1,True,normal
41.0,F,8.8,126.9,172.1,3.05,34,none,True,0,False,SAM
13.0,F,7.72,218.0,168.0,3.47,37,none,False,0,False,normal
7.0,F,8.64,-142.1,176.3,2.8,34,none,True,0,True,normal
41.0,M,13.08,215.8,200.0,2.88,34,none,True,1,True,normal
11.0,F,8.52,-49.6,172.4,2.86,32,mixed,True,2,False,normal
43.0,M,16.53,57.4,200.0,2.03,33,none,True,0,True,normal
29.0,M,14.91,-141.1,200.0,2.87,38,none,True,0,True,normal
51.0,F,15.44,191.4,200.0,2.87,38,none,True,0,True,normal
48.0,M,15.81,223.6,200.0,2.97,38,none,True,0,False,normal
2.0,M,5.61,186.8,121.3,2.3,32,exclusive,False,0,True,MAM
5.0,F,5.61,326.0,109.1,3.17,39,exclusive,False,1,True,SAM
5.0,F,7.08,272.3,143.8,2.93,38,mixed,False,0,True,normal
48.0,F,15.53,188.3,200.0,2.67,39,none,False,0,True,normal
50.0,M,16.38,210.0,200.0,2.84,38,none,False,0,False,normal
27.0,F,12.88,392.6,200.0,2.58,33,none,False,0,True,normal
46.0,F,18.14,-300.5,200.0,3.06,40,none,True,0,False,normal
44.0,M,13.59,-84.8,200.0,2.39,32,none,True,0,True,normal
39.0,M,17.31,-25.1,200.0,3.32,32,none,True,1,False,normal
31.0,M,13.18,-464.8,200.0,2.6,40,none,True,0,True,normal
8.0,M,8.31,-157.4,164.3,2.72,33,none,False,0,True,normal
30.0,F,11.92,185.3,200.0,2.91,35,none,True,2,True,normal
50.0,F,17.4,-45.4,200.0,2.85,32,none,True,0,True,normal
3.0,M,7.45,-63.0,149.2,3.22,33,exclusive,False,0,True,normal
45.0,F,14.19,697.5,200.0,2.82,37,none,True,0,True,normal
21.0,M,11.62,-53.6,200.0,2.99,33,mixed,True,0,True,normal
9.0,M,9.46,-200.1,189.1,3.02,41,mixed,True,1,True,normal
43.0,M,12.38,64.6,200.0,3.3,35,none,True,0,False,normal
43.0,M,13.2,579.7,200.0,2.61,36,none,True,1,True,normal
40.0,M,14.83,575.7,200.0,2.68,39,none,True,0,True,normal
6.0,M,8.67,1.2,173.5,2.84,35,mixed,False,1,True,normal
45.0,F,16.7,551.5,200.0,2.79,34,none,True,0,True,normal
0.0,M,4.61,0.5,105.3,3.68,33,exclusive,False,0,True,SAM
20.0,F,11.93,350.0,200.0,2.47,36,none,False,0,True,normal
31.0,M,14.92,-85.0,200.0,2.56,36,none,True,0,True,normal
52.0,F,19.55,167.7,200.0,3.2,32,none,True,0,True,normal
24.0,F,11.26,246.3,200.0,3.42,37,none,True,1,True,normal
21.0,F,8.78,-123.4,178.4,2.71,34,mixed,True,0,True,normal
58.0,F,15.17,-371.6,200.0,3.55,32,none,True,0,True,normal
13.0,F,8.54,135.0,174.9,3.51,32,mixed,True,0,True,normal
33.0,M,14.43,343.2,200.0,3.62,36,none,False,0,True,normal
48.0,M,15.43,-444.3,200.0,2.37,37,none,True,0,True,normal
45.0,M,19.87,-218.0,200.0,3.09,39,none,True,0,True,normal
42.0,M,12.06,-133.3,200.0,2.88,41,none,True,0,True,MAM
36.0,F,13.91,-94.3,200.0,2.85,36,none,True,0,True,normal
28.0,F,12.78,497.0,200.0,3.37,41,none,True,0,False,normal
36.0,F,14.17,-673.1,200.0,3.22,41,none,False,0,False,normal
25.0,F,11.49,-26.1,200.0,2.78,41,none,True,0,True,MAM
29.0,F,13.31,293.6,200.0,3.07,34,none,True,0,True,normal
37.0,F,15.54,-136.8,200.0,2.78,33,none,False,0,True,normal
58.0,F,15.35,-750.7,200.0,3.08,39,none,True,0,True,normal
52.0,F,17.92,820.2,200.0,2.75,35,none,False,0,True,normal
59.0,M,15.17,-196.5,200.0,3.26,34,none,True,0,False,normal
22.0,M,12.24,246.8,200.0,2.67,33,none,True,0,True,normal
19.0,M,10.79,252.2,200.0,2.59,33,mixed,True,0,True,normal
31.0,F,11.96,-200.4,200.0,2.72,38,none,True,0,True,normal
24.0,M,13.4,210.6,200.0,3.61,40,none,True,0,False,normal
7.0,M,8.41,36.3,171.3,2.74,34,none,True,0,True,SAM
32.0,M,13.51,-138.6,200.0,3.29,41,none,True,1,True,normal
30.0,F,12.86,-489.5,200.0,2.84,36,none,True,0,True,normal
36.0,M,11.15,-115.9,200.0,2.43,38,none,True,0,False,MAM
43.0,F,12.86,-336.0,200.0,2.86,35,none,True,0,True,normal
11.0,M,9.36,-34.8,184.4,3.2,36,mixed,True,0,True,normal
30.0,M,11.96,47.7,200.0,2.7,34,none,True,1,True,normal
15.0,F,10.02,-146.3,200.0,3.79,40,mixed,True,0,True,normal
52.0,M,15.68,-428.0,200.0,3.41,40,none,False,0,True,normal
18.0,M,13.03,246.7,200.0,3.22,33,mixed,True,0,True,normal
18.0,F,11.43,396.5,200.0,3.66,34,mixed,False,0,True,normal
43.0,M,12.58,-535.5,200.0,2.81,36,none,True,0,True,normal
17.0,M,9.58,-87.0,194.1,3.11,37,mixed,True,1,True,SAM
13.0,F,7.54,98.0,154.1,2.84,34,mixed,True,1,True,SAM
18.0,M,12.2,196.2,200.0,2.69,33,none,True,0,False,normal
8.0,M,8.22,-331.1,160.9,2.63,37,mixed,False,0,False,normal
14.0,F,10.18,251.8,198.3,2.43,33,none,True,0,False,normal
0.0,F,3.19,2.5,90.0,2.48,40,exclusive,False,0,False,SAM
51.0,F,15.37,-709.7,200.0,3.1,41,none,True,0,True,normal
16.0,M,10.33,6.8,200.0,3.13,36,none,False,0,True,normal
33.0,F,11.61,-19.5,200.0,2.84,39,none,True,0,True,normal
53.0,F,17.88,-232.6,200.0,3.16,39,none,True,1,False,normal
14.0,M,10.89,224.0,200.0,2.85,40,none,True,0,True,normal
44.0,M,13.25,-358.1,200.0,2.24,36,none,True,0,True,normal
46.0,F,13.06,-243.5,200.0,3.28,35,none,True,0,True,normal
0.0,M,3.03,-5.5,90.0,2.3,35,exclusive,False,0,True,SAM
32.0,F,10.03,47.5,191.1,3.05,37,none,True,0,True,normal
3.0,M,6.79,-71.8,146.3,3.63,33,exclusive,False,0,True,normal
18.0,F,9.62,-169.5,193.5,2.35,37,mixed,True,1,True,normal
53.0,F,14.72,629.6,200.0,3.42,41,none,True,0,True,normal
41.0,M,12.62,568.1,200.0,2.38,32,none,False,0,True,normal
20.0,F,12.01,-74.6,200.0,2.4,36,mixed,False,0,False,normal
7.0,F,7.08,50.2,147.5,3.23,34,mixed,False,0,True,normal
6.0,M,6.66,-146.6,137.3,3.32,38,none,True,0,False,normal
24.0,M,10.95,438.4,200.0,3.33,35,none,False,0,False,normal
51.0,F,14.18,100.0,200.0,2.43,35,none,True,1,True,normal
1.0,M,4.01,-129.8,90.0,3.18,33,exclusive,False,0,False,SAM
20.0,M,10.0,61.8,198.4,3.02,38,none,False,0,True,normal
28.0,F,11.83,569.6,200.0,3.35,37,none,False,0,True,normal
48.0,M,18.99,-114.6,200.0,3.52,34,none,True,1,True,normal
19.0,F,9.68,391.4,196.4,3.04,37,mixed,True,0,True,normal
47.0,F,12.31,422.1,200.0,2.74,32,none,False,0,True,normal
13.0,F,7.98,-255.3,161.9,3.24,38,mixed,True,0,True,normal
30.0,M,11.81,-424.3,200.0,3.45,34,none,True,1,False,normal
48.0,F,14.61,-159.6,200.0,3.17,39,none,False,1,True,normal
33.0,M,11.65,-363.7,200.0,3.13,36,none,False,0,True,normal
46.0,M,17.54,-389.6,200.0,3.21,38,none,True,1,True,normal
0.0,F,3.92,11.2,92.6,3.07,37,exclusive,False,0,False,SAM
20.0,M,11.26,169.9,200.0,2.6,39,mixed,True,0,True,normal
19.0,M,10.13,-69.3,200.0,3.37,36,mixed,True,1,True,normal
28.0,F,11.2,348.9,200.0,3.0,35,none,True,0,True,normal
21.0,M,10.55,299.8,200.0,2.91,37,mixed,False,0,True,normal
53.0,M,17.12,-525.7,200.0,3.15,37,none,True,0,False,normal
40.0,M,12.73,74.9,200.0,2.72,32,none,True,0,True,normal
2.0,F,5.13,122.5,115.5,2.91,41,exclusive,False,1,True,MAM
38.0,F,14.36,161.4,200.0,2.6,37,none,False,0,True,normal
16.0,F,8.99,-457.3,177.8,2.87,39,mixed,True,0,True,normal
45.0,M,13.52,694.1,200.0,2.69,37,none,False,0,True,normal
44.0,F,14.93,108.8,200.0,3.24,32,none,True,1,True,normal
9.0,M,8.29,-279.5,159.5,2.81,41,mixed,True,0,True,normal
37.0,M,14.39,486.8,200.0,3.53,33,none,True,0,True,normal
2.0,M,5.07,99.0,112.9,2.91,37,mixed,False,0,True,SAM
18.0,F,10.17,49.5,200.0,2.37,39,none,True,1,True,normal
42.0,F,15.7,-612.9,200.0,2.69,37,none,True,0,True,normal
58.0,F,16.58,-64.0,200.0,2.69,41,none,True,0,True,normal
14.0,F,10.13,150.7,197.6,3.33,32,mixed,True,0,True,normal
48.0,M,12.81,25.4,200.0,2.77,33,none,False,0,True,normal
17.0,M,10.55,94.9,200.0,3.04,32,none,True,0,True,MAM
41.0,M,12.15,-459.1,200.0,2.48,33,none,True,0,False,normal
17.0,M,9.21,-267.1,190.3,3.27,37,mixed,True,0,False,normal
0.0,F,3.48,44.1,90.0,2.58,35,exclusive,False,0,True,SAM
31.0,F,12.44,338.4,200.0,2.76,41,none,True,0,True,normal
48.0,F,12.1,170.3,200.0,2.41,39,none,False,0,True,MAM
39.0,M,12.47,-482.7,200.0,3.24,35,none,True,0,True,normal
30.0,M,12.95,-85.9,200.0,3.68,40,none,True,0,True,normal
43.0,F,16.39,-0.9,200.0,3.15,37,none,True,0,True,normal
23.0,F,10.88,-699.7,200.0,2.39,38,mixed,True,0,True,normal
20.0,M,10.68,-39.2,200.0,2.93,33,mixed,True,0,True,normal
23.0,M,13.07,56.5,200.0,3.35,32,mixed,True,0,True,normal
33.0,M,17.06,-29.4,200.0,2.68,38,none,True,0,True,normal
45.0,M,19.69,410.0,200.0,3.93,40,none,True,1,True,normal
49.0,F,21.24,-229.6,200.0,3.26,39,none,False,2,True,normal
25.0,M,11.61,435.5,200.0,3.57,39,none,True,1,True,normal
59.0,F,13.81,296.7,200.0,2.58,37,none,False,0,True,normal
5.0,M,6.43,114.1,134.4,3.82,36,exclusive,False,0,True,normal
53.0,M,14.02,-214.8,200.0,2.68,36,none,False,0,False,normal
50.0,M,13.44,449.4,200.0,3.28,37,none,True,1,False,normal
5.0,F,6.73,48.5,143.3,3.13,33,exclusive,False,0,True,normal
10.0,F,6.79,674.1,133.8,2.77,33,none,True,0,True,normal
58.0,F,17.75,-358.6,200.0,3.25,41,none,True,0,True,normal
45.0,F,14.33,1059.1,200.0,1.99,38,none,True,0,False,normal
16.0,F,12.58,93.3,200.0,2.65,38,mixed,True,0,True,normal
36.0,M,14.53,718.1,200.0,2.12,36,none,True,0,False,normal
30.0,M,12.59,-200.0,200.0,2.78,37,none,True,0,True,normal
21.0,F,9.61,113.6,187.6,2.69,37,none,True,0,True,normal
52.0,M,17.34,143.3,200.0,2.78,37,none,True,0,True,normal
16.0,F,8.26,82.4,166.1,2.26,41,none,True,0,False,MAM
0.0,M,2.54,-52.1,90.0,2.68,33,exclusive,False,2,True,SAM
17.0,F,10.48,371.6,200.0,3.11,35,mixed,True,0,True,MAM
14.0,F,7.77,298.8,159.8,2.74,32,mixed,False,0,True,SAM
45.0,F,20.06,224.2,200.0,3.0,35,none,False,2,True,normal
47.0,F,13.5,402.4,200.0,3.01,40,none,True,0,True,normal
40.0,F,14.76,589.2,200.0,3.1,38,none,True,0,True,normal
5.0,M,8.66,-137.2,168.8,2.63,36,exclusive,False,1,False,normal
29.0,M,10.44,32.3,200.0,3.49,36,none,True,1,True,MAM
48.0,M,17.38,-581.2,200.0,2.94,34,none,True,0,True,normal
51.0,M,18.15,136.9,200.0,3.83,39,none,False,0,True,normal
32.0,M,12.65,242.2,200.0,3.5,39,none,True,2,True,normal
45.0,F,18.16,293.2,200.0,2.61,32,none,False,0,False,normal
55.0,M,21.12,471.6,200.0,2.64,38,none,False,2,True,normal
33.0,M,15.16,87.8,200.0,2.73,39,none,False,0,True,normal
28.0,M,14.0,337.4,200.0,2.7,34,none,True,0,False,normal
54.0,F,16.19,-528.8,200.0,2.48,41,none,True,1,True,normal
15.0,F,8.84,132.4,177.0,2.82,38,mixed,True,0,True,normal
49.0,M,15.28,-759.7,200.0,3.7,35,none,True,0,False,SAM
9.0,M,7.24,-87.3,148.1,2.77,41,mixed,False,0,True,normal
59.0,M,18.37,-594.1,200.0,2.56,39,none,False,1,True,normal
47.0,M,17.82,829.3,200.0,3.22,38,none,True,0,True,normal
38.0,M,13.97,172.8,200.0,3.18,35,none,True,0,True,normal
51.0,F,12.22,167.1,200.0,2.98,32,none,True,1,True,normal
4.0,M,8.14,-227.3,157.8,2.85,41,exclusive,False,0,True,normal
56.0,M,15.51,12.7,200.0,3.19,41,none,False,0,False,normal
58.0,F,16.01,-125.7,200.0,2.62,32,none,True,0,True,normal
24.0,M,14.41,218.9,200.0,3.37,41,none,True,0,True,normal
47.0,F,12.18,-175.1,200.0,2.9,41,none,False,1,False,normal
48.0,F,18.82,62.2,200.0,3.1,38,none,False,0,True,normal
12.0,F,7.93,42.7,165.3,3.19,35,mixed,False,0,True,normal
47.0,F,15.7,257.4,200.0,3.12,34,none,True,0,True,normal
14.0,M,9.5,341.5,188.2,2.87,36,none,True,0,True,normal
47.0,F,14.39,-23.2,200.0,3.15,33,none,True,0,True,normal
54.0,M,19.34,-59.5,200.0,2.49,35,none,False,0,True,normal
14.0,F,8.25,-165.2,164.6,2.88,33,mixed,False,0,True,normal
35.0,M,12.75,-335.0,200.0,2.67,36,none,True,0,True,normal
17.0,M,11.14,53.4,200.0,2.56,35,none,True,0,True,normal
51.0,M,15.13,-601.3,200.0,3.36,39,none,True,2,False,normal
11.0,M,10.87,73.4,200.0,3.56,32,mixed,False,0,False,normal
8.0,M,8.31,-317.4,167.1,2.98,34,mixed,True,0,True,normal
54.0,F,21.33,-15.9,200.0,3.05,38,none,True,0,True,normal
36.0,F,14.48,97.6,200.0,2.97,32,none,True,1,True,normal
3.0,M,5.88,-135.6,126.5,3.57,38,exclusive,False,0,True,normal
45.0,M,14.36,-643.8,200.0,3.11,38,none,True,0,True,normal
4.0,F,5.06,81.5,100.7,3.17,39,mixed,False,0,False,SAM
22.0,M,11.48,317.0,200.0,2.67,32,none,True,1,True,normal
56.0,M,18.94,198.1,200.0,2.77,41,none,True,0,True,normal
12.0,F,9.01,100.9,182.6,2.42,33,mixed,True,0,True,SAM
11.0,F,7.03,2.2,143.4,3.16,40,mixed,False,0,True,normal
20.0,F,13.0,-124.1,200.0,3.17,38,mixed,False,1,True,normal
19.0,F,10.74,184.5,200.0,1.71,41,mixed,False,0,True,normal
7.0,F,8.3,59.7,165.3,3.61,41,none,True,0,True,normal
42.0,M,15.07,-640.5,200.0,2.81,39,none,True,0,True,normal
55.0,F,11.21,-42.8,200.0,3.13,32,none,True,0,True,MAM
38.0,F,15.29,427.0,200.0,2.95,34,none,True,0,True,normal
55.0,M,17.21,-519.2,200.0,2.48,32,none,False,2,True,normal
52.0,M,16.0,39.9,200.0,2.64,32,none,False,0,True,normal
13.0,F,9.01,-43.2,179.7,3.55,35,mixed,True,0,True,normal
43.0,F,10.19,608.1,200.0,2.79,32,none,False,0,True,MAM
38.0,M,14.6,489.4,200.0,3.44,34,none,True,1,False,normal
39.0,F,17.36,271.5,200.0,2.99,37,none,True,0,False,normal
54.0,F,16.63,-720.0,200.0,3.15,38,none,False,0,True,normal
5.0,M,7.63,-87.1,157.6,2.75,36,exclusive,False,1,True,normal
22.0,M,11.76,-489.8,200.0,2.83,32,mixed,False,0,True,MAM
44.0,M,13.26,-425.0,200.0,3.47,39,none,True,0,True,normal
15.0,M,10.56,-70.2,200.0,3.51,35,mixed,True,0,True,normal
23.0,F,10.83,-64.3,200.0,3.4,32,mixed,True,0,True,normal
2.0,M,6.41,-86.6,127.4,2.4,33,exclusive,False,0,True,normal
23.0,M,13.14,74.4,200.0,2.79,32,mixed,False,1,True,normal
24.0,M,10.85,220.9,200.0,3.12,41,none,False,0,True,normal
46.0,F,17.53,-251.0,200.0,2.66,37,none,False,1,True,normal
23.0,M,11.72,18.7,200.0,2.69,37,mixed,True,0,True,normal
13.0,M,8.52,297.2,165.8,2.87,33,none,False,0,False,normal
58.0,F,14.64,-498.2,200.0,2.69,32,none,True,0,False,normal
28.0,F,9.99,347.5,200.0,3.51,36,none,False,1,False,normal
34.0,F,14.78,30.3,200.0,2.1,33,none,True,0,True,normal
38.0,M,13.86,622.1,200.0,3.11,36,none,True,0,True,normal
26.0,M,12.41,-14.5,200.0,3.44,41,none,True,0,True,normal
4.0,F,5.23,88.5,117.7,2.42,34,exclusive,False,1,False,SAM
19.0,F,8.08,49.2,172.0,3.33,40,mixed,False,0,True,MAM
54.0,F,16.55,19.4,200.0,3.14,33,none,True,0,False,normal
3.0,M,6.05,166.0,136.5,3.32,36,mixed,False,1,True,normal
29.0,M,9.33,310.7,188.1,2.78,41,none,True,0,True,SAM
25.0,F,10.35,-235.8,200.0,2.68,38,none,True,2,True,normal
19.0,F,8.92,364.3,173.1,3.3,36,mixed,True,0,True,normal
41.0,M,15.55,89.0,200.0,2.95,34,none,True,1,False,normal
19.0,M,11.73,-6.8,200.0,2.44,38,mixed,True,0,True,normal
13.0,F,8.49,111.4,167.4,3.29,35,mixed,True,0,True,normal
53.0,M,15.42,24.6,200.0,3.28,37,none,True,0,True,normal
34.0,F,11.45,-257.0,200.0,3.81,37,none,False,1,True,normal
24.0,M,12.76,502.1,200.0,2.86,37,none,True,1,True,normal
50.0,F,15.72,978.1,200.0,2.92,34,none,False,0,True,normal
34.0,F,12.72,-426.1,200.0,3.08,39,none,True,0,False,normal
0.0,F,2.79,51.4,90.0,2.87,36,exclusive,False,0,False,SAM
58.0,M,14.8,-256.8,200.0,3.3,38,none,True,0,True,normal
46.0,M,12.13,322.2,200.0,3.2,37,none,True,1,True,MAM
32.0,F,11.61,682.5,200.0,2.83,34,none,True,0,True,normal
20.0,M,11.39,-133.5,200.0,3.04,38,mixed,True,2,True,normal
50.0,M,12.64,111.1,200.0,3.04,39,none,True,0,True,MAM
32.0,M,14.6,-156.2,200.0,2.72,39,none,True,1,True,normal
18.0,M,12.08,-258.7,200.0,3.28,32,mixed,False,0,True,MAM
44.0,F,16.39,110.2,200.0,2.94,32,none,True,0,True,SAM
1.0,F,4.89,125.7,103.7,3.34,40,exclusive,False,0,True,SAM
57.0,M,15.77,267.9,200.0,2.06,33,none,True,0,True,normal
4.0,F,4.95,-8.7,104.3,3.22,32,exclusive,False,0,False,SAM
36.0,M,14.87,-61.4,200.0,2.38,37,none,True,0,True,normal
35.0,F,11.55,151.1,200.0,3.01,40,none,True,0,True,normal
6.0,F,6.57,-139.4,136.0,3.03,32,none,True,1,True,MAM
3.0,F,5.15,-32.8,111.1,3.21,38,mixed,False,1,False,MAM
22.0,F,11.01,203.6,200.0,3.17,33,mixed,True,0,True,normal
42.0,F,13.39,193.4,200.0,3.53,39,none,True,0,True,normal
54.0,M,21.49,-371.9,200.0,2.6,32,none,True,0,True,normal
53.0,F,15.69,-397.4,200.0,3.27,37,none,False,0,False,normal
7.0,F,8.33,30.2,166.8,2.16,32,mixed,True,1,True,normal
43.0,M,15.57,-12.5,200.0,2.78,38,none,True,0,True,normal
30.0,F,13.46,-47.2,200.0,2.87,32,none,True,0,True,normal
13.0,F,10.58,129.0,200.0,2.49,35,mixed,True,1,True,normal
39.0,F,14.65,202.9,200.0,3.13,38,none,True,0,True,normal
24.0,M,13.58,-198.4,200.0,2.51,33,none,True,0,True,normal
56.0,M,16.32,143.3,200.0,3.16,38,none,False,0,True,normal
19.0,M,9.18,59.4,184.5,3.11,36,mixed,True,1,True,normal
10.0,F,7.43,-14.3,153.0,3.0,35,mixed,True,0,False,normal
24.0,F,13.13,496.6,200.0,2.86,41,none,True,1,True,normal
57.0,M,15.44,162.8,200.0,3.25,35,none,True,0,True,normal
19.0,M,9.96,-527.6,197.6,3.23,32,mixed,True,0,True,normal
17.0,M,9.18,41.5,179.9,3.27,40,none,False,0,False,normal
22.0,F,13.55,230.9,200.0,2.96,36,mixed,True,0,True,normal
43.0,M,11.06,328.1,200.0,3.31,32,none,True,0,True,MAM
36.0,F,13.57,-255.2,200.0,3.01,36,none,False,1,True,normal
26.0,F,12.14,-51.6,200.0,2.98,39,none,True,0,True,normal
34.0,F,17.69,-273.1,200.0,3.0,41,none,True,0,False,normal
13.0,F,9.72,-61.0,197.6,3.02,34,mixed,False,0,True,normal
23.0,M,11.36,256.9,200.0,3.31,32,mixed,True,1,True,normal
15.0,F,9.74,192.2,192.2,3.14,34,mixed,False,1,True,normal
5.0,M,7.88,59.6,165.3,2.92,40,exclusive,False,0,True,normal
24.0,F,9.43,376.9,186.5,2.03,34,none,False,1,True,normal
26.0,F,14.35,216.6,200.0,3.45,35,none,True,2,False,normal
58.0,F,16.41,-484.1,200.0,1.99,33,none,True,1,False,normal
12.0,F,9.47,-92.8,187.1,2.71,40,none,True,0,True,normal
2.0,F,4.57,46.1,105.8,3.2,38,exclusive,False,0,True,SAM
57.0,F,14.96,488.1,200.0,2.64,41,none,True,0,True,normal
45.0,F,12.34,-374.0,200.0,2.94,38,none,True,0,True,normal
11.0,F,9.59,121.6,191.3,2.75,41,none,True,0,False,normal
11.0,F,6.49,-73.7,133.7,3.57,38,mixed,False,2,True,MAM
19.0,M,13.17,-86.6,200.0,2.56,38,none,True,2,True,normal
44.0,M,17.5,3.5,200.0,2.17,41,none,True,0,True,normal
55.0,M,14.2,-331.3,200.0,2.78,36,none,True,0,True,normal
55.0,F,15.54,-168.5,200.0,2.92,33,none,True,1,True,normal
30.0,F,10.81,438.3,200.0,3.18,33,none,True,0,True,normal
8.0,F,9.3,-2.4,188.9,3.16,33,mixed,True,0,True,normal
43.0,F,21.72,-555.7,200.0,3.12,33,none,True,0,False,normal
47.0,F,19.19,-274.3,200.0,2.73,39,none,True,0,False,normal
57.0,M,14.88,134.4,200.0,3.01,37,none,False,0,False,normal
52.0,M,15.87,-774.1,200.0,3.23,40,none,True,0,True,normal
15.0,F,8.4,-89.8,162.0,3.26,41,mixed,True,1,True,normal
18.0,F,7.33,93.4,158.3,1.99,41,mixed,True,0,True,SAM
21.0,F,11.64,106.8,200.0,3.03,32,mixed,True,0,True,SAM
36.0,M,13.09,-361.5,200.0,2.38,41,none,True,2,False,normal
35.0,M,12.33,-67.3,200.0,2.65,41,none,False,0,True,normal
15.0,M,9.58,36.6,187.5,3.68,39,mixed,True,1,True,normal
36.0,F,13.24,58.4,200.0,2.58,40,none,True,1,False,normal
28.0,F,15.63,-285.5,200.0,2.65,37,none,True,0,True,normal
39.0,M,13.94,-34.4,200.0,3.26,38,none,False,0,True,normal
22.0,F,11.81,-201.1,200.0,3.62,41,mixed,True,0,False,normal
27.0,F,11.13,178.1,200.0,2.7,37,none,False,1,True,normal
49.0,F,12.35,418.3,200.0,2.67,38,none,True,0,True,normal
57.0,F,21.28,-4.5,200.0,2.92,41,none,True,1,False,normal
27.0,M,13.91,-31.4,200.0,2.77,35,none,False,0,True,normal
5.0,F,7.14,47.4,143.4,2.51,33,mixed,False,0,True,normal
32.0,F,11.77,-123.7,200.0,3.47,38,none,True,1,True,normal
25.0,M,10.87,364.3,200.0,3.3,37,none,True,0,True,normal
15.0,F,9.63,5.6,194.4,2.13,34,none,True,0,False,normal
33.0,M,14.09,-149.5,200.0,3.74,38,none,True,1,True,normal
17.0,M,9.62,-85.8,195.8,2.37,32,none,True,1,True,normal
14.0,F,12.99,-21.3,200.0,2.55,39,none,True,1,True,normal
31.0,M,11.55,266.0,200.0,3.05,39,none,False,0,True,normal
24.0,M,9.5,485.2,189.5,2.87,41,none,True,1,True,MAM
23.0,F,10.78,68.2,200.0,2.95,35,mixed,False,0,False,normal
7.0,F,7.18,-62.6,157.1,3.12,40,mixed,True,0,True,normal
23.0,F,12.31,-9.7,200.0,2.85,38,none,True,0,True,normal
48.0,M,15.85,-359.7,200.0,2.68,34,none,True,0,True,normal
41.0,F,13.33,-566.6,200.0,3.37,36,none,True,0,False,normal
55.0,F,15.08,1345.6,200.0,3.32,37,none,True,0,True,normal
12.0,M,8.84,-58.1,177.5,2.46,32,mixed,True,0,True,normal
6.0,F,5.76,96.8,118.2,3.41,41,mixed,True,2,True,SAM
39.0,F,13.1,442.2,200.0,2.46,35,none,True,0,True,normal
20.0,M,11.98,198.3,200.0,2.3,36,mixed,True,0,True,normal
10.0,F,8.34,-214.4,169.6,3.43,32,mixed,True,0,True,normal
59.0,M,16.04,-409.3,200.0,3.24,41,none,False,0,False,normal
41.0,F,11.73,-8.5,200.0,2.73,38,none,True,0,True,normal
21.0,M,11.32,-14.8,200.0,3.25,38,mixed,False,1,True,normal
13.0,F,7.28,-75.5,155.2,3.07,38,mixed,False,1,True,normal
30.0,F,13.18,86.5,200.0,3.22,40,none,True,0,True,normal
8.0,F,6.75,-8.6,141.9,3.58,38,mixed,True,0,False,normal
24.0,M,12.36,7.5,200.0,2.42,36,none,False,0,True,normal
32.0,M,14.61,40.5,200.0,2.92,41,none,True,1,False,normal
30.0,M,14.44,472.8,200.0,3.16,37,none,True,0,False,normal
7.0,M,8.7,208.0,179.5,2.99,34,none,True,1,True,normal
1.0,M,3.7,-29.0,90.0,3.12,38,exclusive,False,0,False,SAM
13.0,M,8.22,243.7,167.0,2.33,39,none,True,1,True,normal
26.0,M,10.56,-175.1,200.0,3.28,33,none,True,0,False,normal
38.0,F,9.79,30.5,187.6,3.03,32,none,False,0,False,MAM
44.0,F,13.07,105.0,200.0,2.86,35,none,False,0,False,MAM
0.0,F,2.94,186.6,90.0,3.1,41,exclusive,False,0,True,MAM
54.0,M,21.66,335.1,200.0,3.29,37,none,True,0,True,normal
18.0,M,12.41,197.8,200.0,2.82,37,none,False,1,True,SAM
27.0,F,12.88,-860.1,200.0,2.45,34,none,True,1,False,normal
51.0,M,15.98,1067.7,200.0,2.59,40,none,True,0,True,normal
30.0,F,13.01,521.8,200.0,3.13,34,none,True,1,True,normal
16.0,F,10.21,11.6,198.6,3.18,32,mixed,True,0,True,normal
22.0,M,12.8,347.6,200.0,3.32,37,mixed,False,0,False,normal
17.0,F,12.83,72.5,200.0,2.94,35,mixed,True,1,True,normal
8.0,F,7.9,68.1,161.1,2.35,39,mixed,False,0,True,normal
30.0,F,13.56,-177.2,200.0,2.7,35,none,False,0,True,normal
34.0,M,13.89,206.2,200.0,3.13,40,none,True,0,True,normal
39.0,M,12.47,-282.4,200.0,2.54,36,none,False,0,True,normal
18.0,M,10.12,-243.1,200.0,2.41,41,mixed,True,1,True,normal
1.0,M,4.93,-17.1,106.7,2.73,35,exclusive,False,0,True,SAM
54.0,F,12.39,295.2,200.0,2.73,39,none,True,1,False,normal
58.0,M,17.73,679.9,200.0,3.17,35,none,True,1,True,normal
18.0,M,10.23,-86.1,200.0,3.88,40,mixed,True,1,True,normal
53.0,F,13.08,-55.4,200.0,2.91,35,none,True,0,True,normal
46.0,M,14.17,-202.4,200.0,2.52,38,none,True,0,True,normal
55.0,F,18.07,371.1,200.0,2.92,40,none,True,1,True,normal
43.0,F,11.92,619.8,200.0,2.96,40,none,False,0,False,normal
20.0,M,12.06,21.4,200.0,2.95,38,none,True,1,True,normal
26.0,M,9.9,162.6,197.1,2.91,38,none,True,0,True,MAM
14.0,M,8.43,44.6,168.7,2.42,37,mixed,True,0,False,normal
0.0,F,3.41,73.0,90.0,2.95,38,exclusive,False,0,True,SAM
12.0,F,8.15,204.9,170.1,3.26,38,none,True,0,True,normal
57.0,M,21.27,-221.5,200.0,3.77,33,none,False,0,True,normal
16.0,M,8.88,-57.5,178.0,3.36,34,mixed,True,0,True,normal
44.0,M,13.48,-636.5,200.0,2.6,39,none,True,0,True,normal
33.0,F,12.57,-75.3,200.0,2.91,37,none,True,0,True,normal
55.0,M,19.86,-37.8,200.0,2.56,32,none,False,0,True,normal
1.0,M,4.51,29.8,97.4,3.38,41,exclusive,False,0,False,SAM
4.0,M,5.87,79.8,122.3,3.71,36,mixed,False,0,True,SAM
58.0,F,20.54,926.2,200.0,2.93,40,none,True,1,True,normal
28.0,M,11.64,-96.9,200.0,3.26,37,none,True,1,True,normal
4.0,M,5.98,-53.6,123.8,2.48,40,exclusive,False,0,True,MAM
32.0,F,13.41,-196.5,200.0,3.27,38,none,False,0,True,normal
30.0,M,10.73,-310.9,200.0,2.53,37,none,True,0,True,normal
32.0,F,14.3,41.9,200.0,2.68,38,none,True,0,True,normal
39.0,F,12.88,121.3,200.0,3.66,32,none,True,0,False,normal
46.0,M,16.0,-311.4,200.0,2.04,32,none,True,0,False,normal
35.0,M,11.14,222.6,200.0,3.09,36,none,True,0,True,MAM
26.0,M,13.88,-462.4,200.0,3.22,38,none,True,0,True,normal
31.0,M,12.76,228.3,200.0,3.06,32,none,True,0,True,normal
27.0,F,14.77,-218.3,200.0,2.88,32,none,True,0,True,normal
8.0,F,6.85,15.1,149.8,2.18,36,mixed,True,0,True,normal
17.0,M,12.07,100.0,200.0,2.37,39,none,True,0,True,normal
57.0,M,14.51,209.7,200.0,2.96,39,none,False,1,True,normal
45.0,M,16.32,276.9,200.0,2.54,41,none,False,2,False,normal
51.0,M,14.16,-164.6,200.0,3.16,40,none,False,0,False,normal
50.0,M,15.63,12.4,200.0,3.22,35,none,True,1,True,normal
23.0,F,13.25,387.4,200.0,2.72,36,mixed,True,0,True,normal
43.0,F,13.31,553.3,200.0,3.31,40,none,True,0,True,normal
9.0,F,8.2,31.2,165.0,2.69,39,none,True,0,True,normal
39.0,F,13.42,-116.3,200.0,2.97,35,none,False,1,True,normal
33.0,F,13.79,239.0,200.0,2.49,32,none,True,0,True,normal
57.0,M,15.64,797.1,200.0,3.24,36,none,False,1,True,normal
35.0,M,16.5,224.6,200.0,2.94,37,none,True,1,True,normal
8.0,F,8.22,89.6,169.1,2.69,37,none,False,1,True,SAM
59.0,F,11.17,-137.2,200.0,3.46,40,none,True,0,True,MAM
13.0,F,6.98,2.9,149.8,3.04,33,mixed,True,0,True,MAM
44.0,M,13.93,-695.5,200.0,2.68,39,none,True,0,True,normal
31.0,F,11.7,-111.0,200.0,3.18,37,none,True,0,True,normal
42.0,M,15.44,-49.8,200.0,2.99,41,none,True,0,True,normal
48.0,M,16.33,-649.0,200.0,2.49,36,none,False,1,True,normal
44.0,M,13.52,-251.9,200.0,3.28,38,none,False,1,True,normal
15.0,F,9.46,-105.3,196.5,3.38,35,none,False,0,False,normal
8.0,F,7.09,-170.4,145.8,3.01,35,none,True,0,False,normal
31.0,F,11.43,-575.0,200.0,2.77,37,none,True,2,True,normal
30.0,M,13.84,-140.9,200.0,2.99,38,none,True,0,False,normal
54.0,M,17.01,-338.5,200.0,2.59,36,none,True,0,True,normal
1.0,F,4.24,-17.2,97.1,3.21,32,exclusive,False,0,True,SAM
34.0,F,11.18,-365.1,200.0,2.85,32,none,False,0,True,normal
49.0,F,14.21,11.2,200.0,2.99,35,none,True,0,True,normal
6.0,F,6.81,-69.4,144.2,3.1,41,none,True,0,True,normal
54.0,M,18.94,-167.9,200.0,3.11,33,none,True,0,False,normal
23.0,M,12.11,-31.6,200.0,2.9,32,none,True,0,False,normal
39.0,M,14.45,72.8,200.0,2.8,38,none,True,2,True,normal
30.0,F,10.41,189.1,200.0,3.15,40,none,True,0,True,normal
24.0,F,9.62,91.9,188.3,3.42,38,none,True,0,True,MAM
25.0,F,12.38,439.7,200.0,2.76,39,none,True,0,True,normal
22.0,M,10.86,88.4,200.0,3.69,38,mixed,False,0,True,normal
51.0,M,12.91,691.7,200.0,2.46,41,none,True,0,True,MAM
0.0,F,2.87,114.9,90.0,3.39,36,exclusive,False,0,True,SAM
53.0,F,15.61,376.4,200.0,2.96,37,none,True,0,True,normal
58.0,F,14.48,-233.4,200.0,3.49,35,none,True,0,True,normal
28.0,M,12.65,519.9,200.0,3.88,39,none,True,0,True,normal
35.0,M,17.63,173.4,200.0,3.21,38,none,False,0,False,normal
26.0,M,12.03,85.6,200.0,2.95,40,none,True,0,True,normal
8.0,F,8.39,123.7,174.4,3.97,38,mixed,True,0,True,normal
53.0,F,16.83,443.1,200.0,2.57,38,none,True,0,True,normal
48.0,F,18.49,-119.7,200.0,2.93,33,none,True,0,True,normal
2.0,F,5.22,-133.0,114.2,3.59,37,exclusive,False,0,False,SAM
50.0,M,17.94,-315.6,200.0,3.19,34,none,False,1,True,normal
26.0,F,10.2,81.6,200.0,2.4,38,none,True,0,True,normal
22.0,F,10.69,203.2,200.0,2.79,39,mixed,False,0,False,normal
0.0,M,5.03,210.1,109.2,3.41,40,exclusive,False,0,False,MAM
38.0,F,15.9,476.2,200.0,3.11,41,none,True,2,False,normal
14.0,M,10.36,-47.3,200.0,3.06,32,mixed,True,1,True,normal
23.0,F,9.9,59.4,200.0,2.89,39,mixed,True,0,True,normal
6.0,M,7.32,32.8,156.1,2.67,36,mixed,True,0,True,normal
0.0,F,2.87,122.6,90.0,3.19,33,exclusive,False,0,True,SAM
48.0,F,15.8,275.6,200.0,3.59,37,none,True,1,False,normal
40.0,M,15.35,111.4,200.0,2.71,33,none,True,0,True,normal
15.0,F,10.3,-246.3,200.0,3.28,32,mixed,True,1,True,normal
56.0,M,23.81,163.4,200.0,3.05,33,none,True,1,True,normal
56.0,M,13.52,0.8,200.0,2.89,38,none,True,0,True,MAM
40.0,F,14.39,339.4,200.0,2.7,39,none,True,1,False,normal
18.0,F,10.03,-416.7,196.9,3.13,39,mixed,True,0,True,normal
11.0,M,9.85,-235.2,197.3,2.33,40,mixed,True,2,True,normal
44.0,M,15.8,849.3,200.0,3.41,39,none,False,0,True,normal
19.0,M,12.71,390.8,200.0,2.94,39,none,True,2,True,normal
36.0,M,15.01,331.1,200.0,2.88,34,none,True,0,True,normal
33.0,F,12.07,671.7,200.0,3.2,40,none,False,1,True,normal
49.0,F,14.13,-199.2,200.0,2.94,39,none,True,0,True,normal
59.0,M,15.34,245.5,200.0,3.51,32,none,True,0,True,MAM
3.0,M,6.53,104.4,131.9,3.22,33,exclusive,False,0,True,SAM
49.0,F,15.75,-31.5,200.0,3.19,36,none,True,0,True,normal
11.0,M,7.91,-59.2,157.3,3.12,34,mixed,False,0,True,normal
25.0,F,9.54,-235.3,184.7,2.92,39,none,True,1,False,normal
58.0,F,18.64,948.3,200.0,3.34,33,none,False,0,True,normal
11.0,F,7.09,-152.2,143.3,3.02,39,none,True,1,True,normal
43.0,M,15.62,66.7,200.0,3.32,33,none,True,0,False,normal
29.0,F,11.48,43.1,200.0,2.97,32,none,False,1,True,normal
35.0,M,15.78,88.2,200.0,3.48,38,none,True,0,False,normal
34.0,M,13.81,-295.6,200.0,2.02,32,none,True,0,True,normal
23.0,M,14.84,-465.4,200.0,2.77,37,mixed,True,1,True,normal
39.0,M,12.89,505.0,200.0,2.23,33,none,True,0,True,normal
28.0,F,14.06,81.4,200.0,2.53,37,none,False,1,True,normal
12.0,F,7.16,23.2,143.6,2.63,39,mixed,True,1,False,normal
20.0,M,12.0,41.2,200.0,2.93,40,mixed,True,0,True,normal
31.0,F,12.35,-445.9,200.0,3.33,33,none,True,0,False,normal
27.0,F,11.08,-51.7,200.0,3.51,32,none,True,0,True,normal
5.0,F,5.98,-130.4,126.4,2.93,32,exclusive,False,1,True,normal
39.0,F,13.81,578.0,200.0,2.79,38,none,True,1,True,normal
41.0,M,13.73,136.0,200.0,3.09,37,none,True,0,True,normal
14.0,F,8.46,-198.2,170.6,2.49,37,mixed,True,0,True,normal
58.0,F,17.66,901.9,200.0,2.63,39,none,True,1,True,normal
46.0,F,15.87,17.0,200.0,2.74,38,none,True,1,True,normal
55.0,F,17.82,-29.5,200.0,3.38,37,none,True,0,True,normal
3.0,F,6.38,-219.4,134.2,3.03,39,mixed,False,0,True,normal
31.0,M,11.57,332.5,200.0,3.88,36,none,True,2,True,normal
24.0,F,8.34,-139.8,162.5,2.94,37,none,True,0,True,MAM
50.0,F,15.63,-748.7,200.0,3.08,37,none,False,0,True,normal
35.0,M,12.48,-315.6,200.0,2.44,33,none,True,1,False,normal
26.0,F,12.42,-211.2,200.0,3.05,39,none,False,0,True,normal
6.0,M,6.97,-99.1,143.5,3.11,38,mixed,True,1,True,normal
28.0,M,14.38,-33.7,200.0,3.43,37,none,True,2,True,normal
46.0,M,12.21,-459.8,200.0,3.72,35,none,True,0,True,MAM
22.0,F,10.29,-404.9,200.0,3.08,32,none,True,0,False,normal
56.0,F,15.19,-741.7,200.0,3.28,40,none,True,0,True,normal
39.0,F,16.3,-845.7,200.0,3.1,32,none,True,1,True,normal
5.0,M,7.72,-76.6,155.2,2.29,39,exclusive,False,0,True,normal
56.0,F,14.77,-512.8,200.0,2.66,36,none,True,0,True,normal
21.0,F,12.29,133.6,200.0,2.74,32,mixed,True,0,True,normal
30.0,M,10.69,5.5,200.0,3.01,41,none,True,0,True,normal
18.0,F,10.42,512.4,200.0,2.93,41,mixed,True,2,False,normal
13.0,F,7.8,-12.4,163.3,2.52,39,mixed,True,2,True,normal
6.0,F,8.61,262.2,165.7,3.04,32,none,True,0,True,normal
6.0,F,6.47,-27.4,129.1,3.58,39,mixed,True,0,True,normal
45.0,F,11.0,198.4,200.0,2.71,35,none,True,1,True,MAM
49.0,F,12.29,-204.8,200.0,3.17,40,none,True,0,True,normal
37.0,F,15.0,-541.4,200.0,2.9,33,none,True,0,True,normal
36.0,M,13.11,-182.5,200.0,3.32,40,none,False,0,True,normal
51.0,F,8.9,-43.7,179.2,2.08,41,none,True,2,True,SAM
39.0,M,13.91,680.6,200.0,2.65,41,none,True,0,True,normal
3.0,M,5.17,85.8,109.5,2.9,34,exclusive,False,0,True,SAM
43.0,F,16.08,-805.2,200.0,3.32,41,none,False,1,True,normal
37.0,F,11.91,410.3,200.0,2.8,37,none,True,1,True,normal
7.0,F,6.4,213.6,136.8,2.76,37,none,False,0,True,normal
49.0,F,13.38,-1014.8,200.0,3.09,40,none,True,0,False,normal
37.0,M,10.95,-95.0,200.0,3.18,39,none,True,0,True,MAM
48.0,F,12.45,825.3,200.0,3.75,41,none,True,0,True,normal
42.0,F,16.68,-624.5,200.0,2.18,40,none,True,1,False,normal
38.0,F,12.17,-598.6,200.0,3.2,32,none,True,2,True,normal
27.0,F,9.39,-121.9,180.6,3.13,38,none,True,0,True,normal
20.0,M,11.29,-307.1,200.0,2.85,39,mixed,False,0,True,normal
38.0,M,14.16,46.5,200.0,3.03,37,none,False,1,True,normal
27.0,F,10.22,-705.0,200.0,2.24,34,none,True,0,True,normal
32.0,F,10.76,23.8,200.0,2.59,40,none,True,0,True,normal
4.0,M,6.33,-47.7,135.8,2.53,34,exclusive,False,0,True,normal
15.0,F,8.97,170.5,182.4,3.1,40,mixed,True,1,True,normal
10.0,M,9.33,-119.0,186.3,3.51,39,mixed,False,0,True,normal
5.0,M,5.3,284.8,112.0,2.74,35,exclusive,False,0,True,SAM
14.0,F,9.63,-73.6,191.4,3.59,38,mixed,False,0,True,normal
55.0,M,18.4,-410.4,200.0,3.21,41,none,True,0,True,normal
55.0,F,12.38,663.1,200.0,2.51,33,none,True,0,True,normal
0.0,M,3.69,-159.6,90.0,2.93,41,exclusive,False,2,False,normal
21.0,M,10.68,14.3,200.0,3.08,33,mixed,True,0,True,normal
6.0,M,9.01,93.8,183.0,3.28,34,mixed,True,0,True,SAM
32.0,F,15.12,-583.6,200.0,2.93,40,none,True,1,True,normal
58.0,M,15.18,237.0,200.0,2.81,40,none,True,1,False,normal
57.0,M,12.99,-304.4,200.0,2.95,41,none,True,0,True,MAM
34.0,M,12.9,-1.7,200.0,2.97,39,none,True,0,True,normal
59.0,M,21.09,-454.2,200.0,3.62,35,none,True,0,True,normal
15.0,M,9.84,-191.5,191.1,2.77,34,mixed,False,0,False,normal
50.0,F,15.6,279.0,200.0,3.83,39,none,True,1,False,normal
12.0,F,8.94,242.7,174.4,3.15,41,mixed,True,0,True,normal
52.0,M,17.22,4.1,200.0,3.13,40,none,True,0,True,normal
7.0,F,7.25,-279.3,145.9,3.22,38,none,False,2,True,normal
37.0,M,16.36,203.2,200.0,3.59,40,none,False,1,True,normal
31.0,F,13.43,-756.9,200.0,2.88,34,none,True,0,True,normal
6.0,F,5.98,158.9,127.2,2.84,39,mixed,True,0,False,normal
4.0,F,6.59,11.5,134.6,3.37,35,mixed,False,0,False,normal
40.0,F,13.15,-131.9,200.0,2.78,37,none,True,0,True,normal
46.0,F,13.55,-554.4,200.0,2.43,36,none,True,1,True,normal
51.0,M,20.28,-677.7,200.0,2.9,41,none,True,1,True,normal
25.0,F,11.36,22.5,200.0,3.62,36,none,True,2,True,normal
24.0,F,9.45,-41.1,197.2,2.84,38,none,False,0,True,normal
21.0,F,9.86,121.9,195.3,3.02,37,none,True,0,False,normal
39.0,F,15.94,553.5,200.0,2.83,41,none,True,1,True,normal
35.0,M,11.86,-367.7,200.0,3.04,40,none,True,0,True,normal
21.0,F,12.15,-409.8,200.0,2.94,32,mixed,True,0,True,normal
23.0,F,11.98,103.1,200.0,3.02,40,mixed,False,1,False,MAM
22.0,F,9.14,50.2,187.6,2.54,39,mixed,True,0,True,normal
6.0,F,7.75,-10.2,152.4,2.87,35,mixed,True,1,True,normal
4.0,F,5.63,-140.1,121.7,1.6,34,exclusive,False,0,True,MAM
20.0,M,11.61,-31.8,200.0,2.92,36,mixed,False,0,False,normal
46.0,F,12.39,706.8,200.0,3.21,32,none,True,0,False,normal
17.0,M,9.93,-225.8,190.5,2.9,36,mixed,True,0,True,normal
27.0,M,13.87,-2.5,200.0,3.47,41,none,True,0,True,normal
23.0,F,10.49,349.5,200.0,2.77,34,none,True,1,True,normal
15.0,M,10.64,-39.3,200.0,3.26,35,mixed,True,0,False,normal
22.0,M,12.04,289.5,200.0,2.99,36,none,True,0,True,normal
5.0,F,6.71,380.4,138.3,2.84,36,exclusive,False,0,True,normal
19.0,M,9.63,-76.8,187.9,3.06,39,mixed,False,0,True,normal
57.0,M,16.86,-75.6,200.0,2.84,39,none,True,1,True,normal
15.0,F,9.14,40.2,180.9,2.71,33,mixed,True,1,False,normal
43.0,F,16.87,223.1,200.0,2.31,39,none,True,1,True,normal
33.0,M,15.74,-422.0,200.0,2.95,39,none,True,0,True,normal
42.0,F,11.36,93.3,200.0,2.53,32,none,True,0,True,normal
57.0,M,17.82,-696.0,200.0,3.11,35,none,True,0,False,normal
35.0,M,16.16,47.7,200.0,2.93,38,none,False,0,True,normal
24.0,M,12.71,277.6,200.0,2.95,32,none,False,0,True,normal
46.0,F,15.14,-425.7,200.0,3.16,40,none,False,0,True,normal
25.0,F,9.51,-8.7,188.5,2.98,33,none,False,1,True,normal
38.0,M,14.05,20.4,200.0,3.36,33,none,False,1,True,normal
33.0,M,13.73,348.0,200.0,3.33,36,none,True,0,True,normal
20.0,F,10.91,-43.0,200.0,2.49,37,mixed,True,0,True,normal
24.0,F,13.88,11.5,200.0,3.16,36,none,True,1,True,normal
13.0,M,9.9,53.7,200.0,2.45,35,mixed,True,0,True,normal
28.0,M,13.88,-298.7,200.0,3.43,41,none,False,1,True,normal
11.0,M,9.89,-124.5,199.4,3.34,40,mixed,True,0,False,normal
47.0,F,16.15,-544.2,200.0,2.78,36,none,True,0,True,normal
0.0,M,2.88,129.6,90.0,3.06,37,exclusive,False,0,True,SAM
16.0,M,11.27,-63.4,200.0,3.15,39,mixed,True,0,False,normal
22.0,M,11.95,482.8,200.0,4.02,40,mixed,True,0,True,normal
45.0,M,18.58,152.2,200.0,3.52,34,none,True,3,True,normal
7.0,F,8.91,-35.7,189.8,3.27,33,mixed,True,0,False,normal
51.0,F,14.38,-250.5,200.0,3.21,39,none,True,1,False,normal
44.0,M,17.04,31.4,200.0,2.23,33,none,True,0,False,normal
38.0,F,13.28,53.3,200.0,2.73,36,none,True,0,False,MAM
43.0,M,13.25,-267.2,200.0,2.56,38,none,False,1,True,normal
38.0,M,17.45,431.9,200.0,3.47,41,none,False,0,True,MAM
6.0,F,6.66,33.6,138.1,3.18,40,none,True,0,True,normal
15.0,F,11.17,20.9,200.0,3.26,37,mixed,True,1,False,normal
28.0,F,10.67,170.3,200.0,3.33,39,none,True,0,True,normal
9.0,F,9.02,-275.3,180.7,2.46,37,mixed,False,0,False,normal
43.0,F,13.23,635.3,200.0,2.22,39,none,False,0,True,normal
29.0,F,11.74,-344.0,200.0,3.3,33,none,False,1,True,normal
27.0,M,11.53,-22.0,200.0,3.39,41,none,True,1,True,normal
5.0,M,7.57,178.9,152.0,2.45,38,exclusive,False,0,False,normal
22.0,F,11.37,-515.2,200.0,3.25,38,none,True,0,True,SAM
9.0,M,8.24,165.1,171.9,3.05,37,mixed,False,0,True,normal
9.0,F,7.52,419.3,150.7,3.72,32,mixed,False,1,True,normal
18.0,M,9.93,-99.3,195.6,2.52,38,mixed,True,1,False,normal
24.0,F,10.6,126.4,200.0,2.49,33,none,True,1,True,normal
6.0,F,7.15,-194.1,142.1,3.25,35,mixed,True,0,True,normal
55.0,F,17.27,-593.8,200.0,2.44,41,none,True,0,True,normal
57.0,F,13.51,-903.3,200.0,2.24,40,none,True,0,True,normal
44.0,M,13.64,-70.7,200.0,3.34,33,none,True,1,True,normal
6.0,M,7.35,182.1,150.7,3.12,41,none,True,0,True,normal
6.0,F,7.94,231.2,160.4,2.35,37,none,True,0,True,normal
26.0,M,12.36,-161.6,200.0,2.84,36,none,True,1,True,normal
49.0,F,16.84,-47.0,200.0,2.52,34,none,False,0,False,normal
50.0,M,17.19,-959.9,200.0,3.06,41,none,False,0,False,normal
25.0,M,12.43,-378.1,200.0,2.86,39,none,True,2,False,normal
43.0,M,14.92,-39.6,200.0,3.93,32,none,True,0,True,normal
11.0,F,8.0,-446.1,157.2,3.46,39,none,True,0,False,normal
52.0,M,17.69,-512.5,200.0,3.35,33,none,False,0,False,normal
44.0,F,11.9,106.7,200.0,2.66,33,none,True,0,True,MAM
39.0,M,15.62,73.6,200.0,2.94,34,none,True,0,True,normal
12.0,M,9.21,14.1,183.3,2.53,40,none,False,0,True,normal
45.0,M,12.07,388.9,200.0,1.88,35,none,True,0,False,MAM
20.0,F,9.93,27.1,193.2,2.73,35,mixed,False,1,True,normal
24.0,M,11.35,367.4,200.0,3.69,36,none,False,0,True,normal
29.0,F,14.52,-312.0,200.0,2.68,35,none,True,1,True,normal
8.0,M,7.92,-70.5,159.7,3.06,34,mixed,False,0,True,normal
6.0,M,8.67,214.1,171.9,2.4,33,mixed,False,0,True,normal
50.0,F,15.54,-408.7,200.0,2.86,32,none,True,0,False,normal
26.0,M,12.02,181.9,200.0,2.2,33,none,True,0,False,normal
55.0,M,15.62,-254.9,200.0,2.49,36,none,True,1,True,normal
54.0,M,15.83,629.2,200.0,2.81,38,none,True,0,True,normal
11.0,F,7.74,-2.9,160.6,3.39,38,none,True,0,True,normal
36.0,M,16.41,-270.2,200.0,2.71,36,none,True,1,False,normal
45.0,M,17.53,-513.4,200.0,2.66,36,none,True,0,False,normal
36.0,F,11.64,-268.0,200.0,2.74,37,none,True,0,True,normal
48.0,M,16.0,-477.9,200.0,2.74,32,none,True,0,True,normal
18.0,F,12.53,15.6,200.0,3.22,41,none,True,0,True,normal
55.0,F,12.42,-26.2,200.0,2.82,39,none,True,0,False,normal
41.0,M,14.78,484.8,200.0,2.68,41,none,True,0,True,normal
39.0,F,14.77,32.2,200.0,2.25,34,none,True,2,True,normal
3.0,F,6.01,-91.2,133.8,3.05,36,exclusive,False,1,True,normal
33.0,M,11.5,-521.2,200.0,3.22,38,none,True,1,True,normal
39.0,M,16.71,-213.2,200.0,3.11,35,none,True,0,True,normal
57.0,M,18.5,-619.9,200.0,2.56,34,none,False,0,True,normal
52.0,F,16.76,-251.1,200.0,2.52,36,none,True,0,True,normal
21.0,F,11.64,402.1,200.0,2.28,37,mixed,True,0,True,normal
26.0,M,12.51,212.5,200.0,3.42,38,none,True,1,True,normal
51.0,F,11.51,340.6,200.0,3.1,37,none,True,1,True,MAM
4.0,F,5.84,157.2,127.1,3.38,32,exclusive,False,0,True,normal
12.0,M,10.57,-232.7,200.0,2.29,38,none,True,0,True,normal
11.0,M,9.29,-6.2,182.1,3.43,35,none,True,0,True,normal
4.0,M,8.08,6.2,163.0,2.33,38,exclusive,False,2,False,normal
38.0,M,14.75,-91.2,200.0,3.7,41,none,False,0,False,normal
13.0,F,6.42,-101.5,128.7,2.96,39,mixed,True,0,False,MAM
41.0,M,17.1,-568.0,200.0,3.14,34,none,True,0,True,normal
54.0,F,17.72,343.3,200.0,2.86,32,none,True,0,False,MAM
42.0,F,16.59,-370.1,200.0,2.81,39,none,True,0,True,normal
53.0,F,18.43,12.0,200.0,3.39,32,none,False,0,True,normal
24.0,M,14.19,129.9,200.0,3.35,38,none,False,2,True,normal
15.0,M,9.67,5.6,185.4,2.77,41,none,True,0,False,normal
1.0,M,3.67,134.8,90.0,2.8,33,exclusive,False,1,True,SAM
31.0,F,9.62,382.7,186.3,3.16,34,none,False,1,True,MAM
49.0,M,16.34,189.6,200.0,3.37,33,none,True,0,True,normal
55.0,M,21.06,1150.5,200.0,2.77,32,none,False,0,True,normal
48.0,M,18.33,805.8,200.0,3.43,40,none,True,0,True,normal
15.0,F,8.36,-75.9,167.0,3.16,39,mixed,True,0,True,normal
26.0,F,11.28,286.5,200.0,2.77,41,none,True,0,True,normal
13.0,M,10.63,10.7,200.0,3.56,40,none,True,0,True,normal
37.0,M,10.39,7.8,200.0,3.63,41,none,False,0,True,MAM
14.0,F,7.21,248.2,144.4,3.49,40,mixed,False,0,True,MAM
55.0,F,17.75,397.7,200.0,3.07,35,none,True,0,True,normal
39.0,F,13.77,2.3,200.0,2.79,39,none,True,0,True,normal
47.0,F,14.63,87.4,200.0,2.33,38,none,False,0,True,normal
29.0,M,13.97,-297.4,200.0,3.66,40,none,True,2,True,normal
57.0,M,14.66,229.7,200.0,3.69,33,none,True,0,True,normal
19.0,F,9.59,79.1,190.6,2.24,37,mixed,True,0,True,normal
42.0,F,10.85,229.6,200.0,3.11,33,none,True,0,False,MAM
45.0,F,15.51,-115.0,200.0,3.04,41,none,True,1,False,normal
0.0,M,3.34,25.1,90.0,3.13,33,exclusive,False,0,True,SAM
59.0,F,16.46,-1155.6,200.0,3.25,35,none,False,1,False,normal
31.0,F,10.21,-526.4,200.0,3.47,33,none,True,1,True,normal
37.0,M,12.6,-235.8,200.0,2.49,40,none,True,0,True,normal
13.0,F,10.65,214.3,200.0,2.35,32,none,True,0,True,normal
57.0,F,15.8,-637.6,200.0,3.38,37,none,True,0,True,normal
31.0,F,13.59,-296.8,200.0,2.9,36,none,True,2,True,normal
47.0,M,13.87,-70.2,200.0,3.6,40,none,True,0,True,normal
39.0,F,12.88,182.5,200.0,2.42,41,none,False,1,True,normal
18.0,F,8.15,116.3,158.5,3.58,35,mixed,True,0,True,normal
36.0,F,12.86,-717.4,200.0,3.91,32,none,True,0,True,normal
27.0,F,11.64,-105.7,200.0,3.31,39,none,True,1,False,normal
7.0,M,12.82,130.7,200.0,3.31,41,mixed,True,0,True,normal
15.0,M,9.65,376.6,197.5,2.89,40,none,True,0,True,MAM
11.0,F,9.75,-321.9,192.6,2.88,34,mixed,False,0,True,normal
34.0,F,10.47,173.6,200.0,2.69,35,none,True,0,False,normal
32.0,F,12.17,-68.6,200.0,2.72,35,none,False,0,True,normal
52.0,M,16.35,704.1,200.0,2.97,37,none,True,1,True,normal
37.0,F,10.82,70.8,200.0,2.83,33,none,False,0,True,normal
42.0,F,12.32,-198.7,200.0,3.01,34,none,True,1,True,normal
28.0,F,13.76,-207.3,200.0,2.66,38,none,True,0,False,normal
54.0,F,13.52,-306.9,200.0,2.63,41,none,False,1,False,normal
0.0,F,2.54,5.9,90.0,3.61,40,exclusive,False,0,False,SAM
6.0,F,6.23,173.9,133.2,3.24,33,mixed,True,0,True,normal
26.0,M,10.75,-344.2,200.0,3.53,34,none,False,1,True,normal
17.0,F,11.8,-254.4,200.0,3.5,40,mixed,True,0,True,normal
9.0,F,6.28,88.8,129.4,3.01,37,mixed,True,0,True,SAM
57.0,F,11.26,-51.2,200.0,2.56,38,none,True,2,True,MAM
32.0,F,11.86,-106.0,200.0,2.9,34,none,False,0,False,normal
9.0,M,8.58,-78.6,166.7,2.64,36,mixed,True,2,True,normal
44.0,F,18.64,-754.9,200.0,3.12,39,none,True,0,True,normal
27.0,F,13.7,-169.3,200.0,3.42,35,none,True,0,True,normal
28.0,F,12.15,47.1,200.0,3.31,32,none,True,1,False,normal
46.0,F,12.87,-557.6,200.0,2.97,33,none,True,0,True,normal
48.0,M,15.42,320.8,200.0,3.09,39,none,True,0,True,normal
49.0,F,18.9,-507.5,200.0,2.41,36,none,True,0,False,normal
52.0,F,19.65,755.1,200.0,3.03,35,none,False,0,False,normal
8.0,F,8.32,147.7,158.6,3.4,36,none,True,1,True,normal
15.0,M,9.7,351.8,187.7,3.68,37,none,True,1,True,normal
50.0,M,15.44,17.6,200.0,3.14,32,none,True,1,False,normal
40.0,M,15.23,186.1,200.0,3.45,35,none,False,0,True,normal
52.0,F,14.63,-120.1,200.0,3.43,38,none,False,0,False,normal
45.0,M,15.69,-47.1,200.0,3.06,41,none,True,1,True,normal
58.0,M,17.92,-169.9,200.0,3.87,36,none,False,2,True,normal
51.0,F,13.83,399.2,200.0,3.08,32,none,True,0,False,normal
6.0,M,8.14,138.1,159.9,2.93,37,mixed,True,0,True,normal
28.0,M,15.7,-71.8,200.0,2.93,33,none,False,1,True,normal
12.0,F,9.06,35.7,180.7,3.07,37,none,True,0,True,normal
20.0,M,12.45,-18.5,200.0,2.71,33,none,False,0,False,normal
10.0,M,10.45,80.8,200.0,2.37,36,mixed,True,3,True,normal
28.0,F,9.38,571.7,186.7,2.91,40,none,True,1,True,MAM
0.0,F,2.47,-42.4,90.0,2.93,41,exclusive,False,0,False,SAM
18.0,M,11.67,505.9,200.0,2.57,33,none,True,0,True,normal
46.0,M,15.65,-792.5,200.0,3.29,36,none,True,1,True,normal
15.0,M,7.92,-14.3,156.4,3.27,34,mixed,True,1,True,MAM
8.0,F,7.85,-60.3,157.5,2.86,41,mixed,False,0,True,normal
54.0,F,14.27,13.7,200.0,3.41,37,none,True,0,True,normal
48.0,M,14.88,186.0,200.0,2.37,34,none,True,0,True,normal
38.0,M,13.06,-130.5,200.0,2.07,33,none,False,0,False,normal
40.0,F,11.14,-420.1,200.0,2.74,40,none,True,1,False,normal
41.0,M,17.26,758.5,200.0,2.83,33,none,True,0,True,normal
48.0,M,14.69,62.2,200.0,2.5,40,none,True,0,False,SAM
50.0,F,14.05,-59.3,200.0,3.17,41,none,False,1,False,normal
8.0,M,9.47,-269.4,183.4,2.07,40,mixed,False,0,True,MAM
39.0,F,14.54,-85.6,200.0,2.81,34,none,True,1,True,normal
37.0,M,14.03,-423.6,200.0,3.43,39,none,True,0,True,normal
58.0,F,14.26,-645.0,200.0,2.47,33,none,True,0,True,normal
59.0,M,19.2,-839.8,200.0,3.05,38,none,True,0,False,normal
57.0,F,22.21,137.9,200.0,2.5,32,none,True,0,True,normal
30.0,F,11.81,-224.2,200.0,3.17,32,none,True,1,True,normal
11.0,F,8.61,16.6,179.2,2.47,41,none,True,0,True,normal
11.0,M,8.91,-181.2,176.9,2.51,39,mixed,True,0,True,normal
37.0,M,13.99,-574.0,200.0,3.59,40,none,True,0,True,normal
38.0,M,14.22,539.8,200.0,2.74,34,none,False,0,True,normal
10.0,F,8.55,150.8,171.2,3.17,39,none,True,0,True,normal
20.0,M,10.21,-116.4,200.0,2.91,39,mixed,True,1,True,normal
29.0,M,11.73,412.9,200.0,2.74,38,none,True,0,True,normal
57.0,M,18.21,49.2,200.0,3.39,39,none,True,1,True,normal
36.0,F,10.44,-126.3,200.0,3.39,33,none,False,0,True,normal
28.0,F,11.32,-3.2,200.0,3.26,34,none,True,0,True,normal
30.0,M,12.21,-333.2,200.0,2.76,34,none,True,0,True,normal
47.0,F,14.39,-12.2,200.0,3.16,37,none,False,1,True,SAM
15.0,F,8.37,148.6,168.1,2.88,33,none,True,1,True,normal
45.0,F,16.14,74.3,200.0,3.1,36,none,True,0,True,normal
30.0,M,10.25,341.6,200.0,2.83,39,none,False,0,True,MAM
40.0,M,14.49,-277.8,200.0,2.79,39,none,True,0,True,SAM
13.0,M,8.22,315.1,169.3,2.99,38,mixed,True,0,True,normal
45.0,M,17.49,-557.9,200.0,3.67,40,none,True,1,True,normal
38.0,F,10.2,-171.5,200.0,2.69,37,none,True,0,True,MAM
55.0,M,17.48,258.7,200.0,2.75,36,none,True,0,True,normal
4.0,M,5.87,145.9,123.5,2.8,36,exclusive,False,0,False,MAM
18.0,M,11.75,14.0,200.0,2.42,36,mixed,True,0,True,normal
41.0,F,13.4,-38.6,200.0,2.67,38,none,True,0,True,normal
35.0,M,15.82,-252.0,200.0,3.29,32,none,True,0,True,normal
42.0,M,18.59,-226.9,200.0,2.59,35,none,True,1,False,normal
24.0,M,11.95,224.9,200.0,3.9,39,none,False,0,False,normal
35.0,M,12.85,415.8,200.0,2.97,37,none,True,2,False,normal
40.0,F,11.47,484.0,200.0,2.86,36,none,True,1,False,normal
10.0,F,7.52,81.7,152.2,3.24,32,none,True,1,False,MAM
42.0,F,12.96,221.0,200.0,2.87,39,none,False,0,False,normal
46.0,F,14.56,-114.8,200.0,2.73,33,none,False,0,False,normal
33.0,F,11.82,-127.3,200.0,3.2,38,none,True,0,True,normal
45.0,M,19.39,-590.7,200.0,3.62,39,none,True,0,True,normal
39.0,F,12.97,203.2,200.0,4.08,34,none,True,0,False,normal
6.0,M,8.32,-360.3,173.4,2.32,39,none,True,1,True,normal
11.0,F,9.29,-16.7,186.9,3.1,34,mixed,True,0,True,normal
49.0,M,19.75,-690.5,200.0,2.62,39,none,True,0,True,normal
28.0,F,11.39,246.9,200.0,3.25,38,none,True,1,False,normal
54.0,F,18.46,-80.4,200.0,3.92,34,none,True,2,True,normal
8.0,F,8.01,-249.8,162.9,3.06,36,mixed,True,0,True,normal
59.0,M,15.63,258.8,200.0,2.67,37,none,True,0,False,normal
43.0,F,16.75,188.5,200.0,2.98,39,none,True,0,True,MAM
20.0,F,8.9,-326.8,176.9,2.8,32,none,True,0,True,normal
36.0,M,15.04,-107.1,200.0,3.38,41,none,True,0,True,normal
24.0,F,13.45,-232.2,200.0,3.65,37,none,True,0,True,normal
8.0,F,6.93,-224.5,138.9,2.37,35,mixed,False,1,True,normal
10.0,M,10.74,257.1,200.0,3.05,34,mixed,True,0,True,normal
12.0,F,8.91,-74.0,180.0,3.28,34,mixed,True,0,False,MAM
10.0,M,9.61,-2.9,193.2,2.3,38,none,True,0,False,normal
16.0,M,10.7,-111.5,200.0,3.04,38,none,True,0,True,normal
15.0,F,8.59,19.4,169.1,2.85,32,none,True,0,True,normal
12.0,M,8.56,157.4,167.9,2.79,32,mixed,True,0,True,normal
24.0,M,11.9,-147.5,200.0,3.4,32,none,True,0,True,normal
19.0,M,10.45,-517.5,200.0,2.87,37,none,True,0,True,normal
26.0,F,10.94,157.7,200.0,3.15,39,none,True,1,True,normal
33.0,F,18.25,-313.9,200.0,3.33,33,none,False,1,True,normal
14.0,M,9.31,96.5,182.0,3.38,32,none,True,1,True,SAM
24.0,F,12.2,-281.4,200.0,3.79,37,none,True,0,True,normal
59.0,F,15.42,97.8,200.0,2.84,40,none,True,0,False,normal
46.0,F,14.67,248.9,200.0,2.4,41,none,True,0,True,normal
28.0,M,16.26,585.2,200.0,3.14,39,none,True,0,True,normal
39.0,F,17.66,545.8,200.0,3.61,33,none,True,0,True,normal
0.0,F,2.84,-108.9,90.0,3.42,40,exclusive,False,2,False,SAM
52.0,M,18.67,429.0,200.0,2.51,32,none,False,0,True,normal
37.0,F,12.27,4.1,200.0,2.8,39,none,False,1,True,normal
51.0,F,17.65,246.9,200.0,2.32,36,none,True,0,True,normal
43.0,F,15.35,-215.4,200.0,2.76,38,none,True,2,True,normal
27.0,F,10.3,-406.4,200.0,2.66,39,none,True,0,True,normal
13.0,M,9.57,-76.7,200.0,2.78,34,mixed,True,1,True,normal
12.0,F,8.32,192.8,169.5,3.49,40,mixed,False,0,True,SAM
50.0,F,11.95,-241.2,200.0,3.57,40,none,True,0,True,normal
21.0,M,11.03,190.8,200.0,2.94,34,mixed,True,0,True,normal
57.0,F,12.6,247.2,200.0,3.04,33,none,True,0,False,normal
12.0,M,9.06,164.0,182.4,3.5,38,mixed,False,0,True,normal
13.0,M,7.44,-130.3,149.6,2.59,36,mixed,True,0,True,MAM
27.0,F,11.25,-429.3,200.0,3.7,34,none,True,0,True,normal
2.0,M,7.01,-217.7,148.7,3.22,40,exclusive,False,0,False,normal
28.0,M,11.68,-278.4,200.0,2.65,41,none,True,0,True,normal
14.0,M,8.21,213.7,158.9,2.96,35,none,True,0,True,normal
21.0,F,10.19,-301.6,198.9,3.07,34,mixed,True,0,False,normal
20.0,F,8.87,-288.9,169.4,2.95,38,mixed,True,0,True,normal
39.0,M,16.22,873.5,200.0,3.19,32,none,False,0,True,normal
32.0,F,14.15,-294.1,200.0,2.73,38,none,True,0,True,normal
20.0,F,10.78,-12.7,200.0,3.52,34,mixed,True,1,True,normal
47.0,M,16.29,-353.3,200.0,3.08,32,none,True,1,True,normal
46.0,F,16.4,97.1,200.0,2.78,41,none,False,0,True,normal
27.0,M,11.7,168.9,200.0,3.07,40,none,False,0,False,normal
8.0,F,6.86,-100.2,140.4,3.17,40,mixed,True,0,True,normal
33.0,M,12.11,-514.7,200.0,3.42,37,none,True,0,True,normal
42.0,M,14.17,177.9,200.0,3.2,40,none,True,0,True,normal
35.0,F,12.0,-36.4,200.0,3.2,35,none,False,1,True,normal
19.0,M,9.29,-140.5,184.4,3.23,40,none,True,1,True,normal
38.0,F,13.67,255.9,200.0,3.16,33,none,True,0,False,normal
2.0,F,5.47,43.7,114.6,3.42,39,exclusive,False,0,False,SAM
24.0,M,11.82,-18.8,200.0,2.71,37,none,True,1,True,normal
41.0,M,16.86,8.4,200.0,2.86,36,none,True,0,True,normal
38.0,M,13.8,-1089.0,200.0,2.96,33,none,True,2,False,normal
11.0,F,10.22,-135.4,200.0,2.5,41,none,True,0,True,normal
0.0,M,3.14,-11.8,90.0,2.76,32,exclusive,False,2,True,SAM
2.0,F,3.83,-208.1,90.0,2.95,33,exclusive,False,0,False,SAM
11.0,M,8.08,51.7,154.3,3.28,33,none,True,0,True,normal
55.0,M,15.98,283.9,200.0,2.74,37,none,False,2,True,normal
49.0,M,17.46,-179.6,200.0,3.36,41,none,False,0,True,normal
26.0,M,14.7,-16.9,200.0,3.13,34,none,True,1,True,normal
56.0,M,17.05,-258.5,200.0,2.7,34,none,False,0,True,normal
45.0,M,13.21,-48.9,200.0,3.73,37,none,True,0,True,normal
21.0,F,9.68,-146.6,187.7,3.56,38,none,False,0,True,normal
21.0,F,10.32,-139.2,196.9,2.85,33,none,True,1,False,normal
24.0,F,12.55,427.4,200.0,3.42,34,none,False,1,True,normal
9.0,F,8.07,20.1,162.9,3.45,33,mixed,False,1,False,normal
8.0,F,7.66,-100.0,151.2,3.08,38,mixed,True,0,True,normal
48.0,F,16.37,-317.0,200.0,2.67,33,none,True,0,False,normal
42.0,M,12.15,373.0,200.0,2.21,41,none,False,0,True,normal
59.0,M,18.76,420.9,200.0,3.36,34,none,True,0,True,normal
4.0,F,6.22,40.0,126.6,3.48,33,exclusive,False,0,False,normal
42.0,M,15.81,-28.1,200.0,2.43,36,none,True,1,True,normal
43.0,F,15.53,-309.0,200.0,2.7,32,none,True,1,True,normal
42.0,M,16.02,30.3,200.0,3.32,34,none,True,0,False,normal
53.0,M,17.73,-562.9,200.0,3.44,37,none,False,0,True,normal
41.0,M,10.73,240.6,200.0,3.45,36,none,True,0,False,MAM
1.0,F,4.87,98.3,103.6,3.52,39,exclusive,False,0,True,SAM
37.0,F,13.93,240.9,200.0,3.21,36,none,True,1,True,normal
14.0,M,8.84,336.1,180.4,2.64,34,mixed,False,0,False,normal
51.0,M,17.31,-189.2,200.0,3.68,36,none,True,0,True,normal
55.0,M,18.64,-294.2,200.0,2.6,40,none,True,0,True,normal
28.0,F,10.99,137.8,200.0,3.72,34,none,True,0,True,normal
3.0,M,5.47,-22.2,116.3,3.4,40,exclusive,False,0,False,MAM
9.0,M,9.89,149.2,199.1,3.73,35,mixed,True,1,True,normal
46.0,M,15.03,-20.0,200.0,2.67,35,none,True,0,False,normal
34.0,F,13.83,322.6,200.0,2.79,37,none,True,0,True,normal
55.0,M,16.67,-505.1,200.0,2.67,35,none,False,0,False,normal
31.0,M,14.21,-428.8,200.0,3.11,34,none,False,0,True,normal
40.0,F,14.07,134.9,200.0,3.95,35,none,True,1,True,normal
44.0,M,14.79,228.9,200.0,3.06,37,none,True,0,False,normal
2.0,F,4.62,-160.1,101.6,2.35,40,mixed,False,0,True,SAM
21.0,M,10.51,-354.4,200.0,3.45,36,mixed,False,0,False,normal
28.0,F,10.49,-176.5,200.0,3.04,38,none,False,0,True,normal
53.0,F,15.25,-86.6,200.0,2.95,39,none,True,0,True,normal
28.0,F,12.31,319.2,200.0,3.76,32,none,True,0,True,normal
57.0,F,16.18,178.2,200.0,3.06,32,none,False,0,True,normal
33.0,F,10.93,399.3,200.0,2.75,41,none,True,1,False,normal
4.0,M,7.88,-114.2,157.9,3.61,40,exclusive,False,2,False,normal
4.0,M,6.84,-185.6,141.4,2.47,32,exclusive,False,0,True,normal
53.0,F,20.36,-433.8,200.0,3.31,35,none,False,0,True,normal
32.0,M,13.81,82.3,200.0,2.51,40,none,False,0,True,normal
39.0,M,13.35,305.6,200.0,3.38,39,none,True,0,True,normal
8.0,F,8.79,34.5,173.8,2.99,37,none,True,0,False,normal
33.0,M,12.08,108.0,200.0,3.04,32,none,True,2,True,MAM
48.0,M,16.75,484.2,200.0,2.73,38,none,False,0,True,normal
26.0,M,11.65,287.0,200.0,3.17,33,none,False,2,False,normal
55.0,F,14.53,231.8,200.0,3.27,36,none,True,1,False,normal
16.0,F,8.15,-37.8,171.7,2.3,36,mixed,True,0,True,MAM
20.0,F,10.5,213.2,200.0,3.37,41,mixed,False,0,True,normal
36.0,F,11.95,-433.7,200.0,3.44,41,none,True,1,True,normal
16.0,M,8.5,288.3,169.7,3.49,36,mixed,True,0,False,MAM
10.0,F,8.62,119.8,172.0,3.38,34,none,False,1,False,normal
25.0,F,11.49,-121.4,200.0,3.17,38,none,False,0,False,normal
1.0,M,3.79,17.1,94.6,3.61,36,mixed,False,0,True,SAM
20.0,F,10.35,344.3,200.0,2.87,35,mixed,True,2,True,normal
30.0,F,15.52,36.8,200.0,3.19,41,none,True,1,False,normal
15.0,F,10.28,24.7,195.0,3.61,34,mixed,True,0,False,normal
18.0,M,9.28,125.1,185.3,2.7,38,mixed,True,0,True,normal
43.0,M,15.7,375.6,200.0,3.97,40,none,True,2,True,normal
2.0,F,5.2,58.3,114.6,3.13,33,mixed,False,0,True,SAM
30.0,F,13.95,19.8,200.0,2.52,37,none,False,0,True,normal
0.0,M,3.25,98.3,90.0,3.3,36,exclusive,False,0,True,SAM
29.0,M,12.53,360.2,200.0,2.49,32,none,True,0,True,normal
49.0,F,13.74,-135.9,200.0,2.88,34,none,False,0,False,normal
58.0,F,16.32,-450.2,200.0,2.65,39,none,True,0,True,normal
43.0,M,12.62,-17.5,200.0,3.34,39,none,False,0,True,normal
55.0,F,17.5,1047.1,200.0,3.46,39,none,True,1,True,normal
20.0,F,11.56,226.8,200.0,3.22,34,mixed,True,0,True,normal
41.0,F,13.55,443.0,200.0,3.06,33,none,False,0,True,normal
42.0,F,11.76,-168.2,200.0,2.89,41,none,True,0,True,normal
17.0,M,10.4,148.0,200.0,2.65,35,mixed,True,0,True,normal
53.0,F,14.51,-344.8,200.0,2.72,33,none,True,0,False,normal
50.0,M,12.71,212.5,200.0,3.49,36,none,True,1,True,normal
40.0,M,15.66,565.5,200.0,3.25,39,none,False,0,True,normal
44.0,M,16.82,-948.5,200.0,3.5,35,none,True,0,False,normal
20.0,F,9.5,-10.8,192.6,2.46,41,mixed,True,0,True,normal
48.0,F,12.7,369.1,200.0,2.74,39,none,False,1,True,normal
42.0,M,13.34,401.8,200.0,3.8,36,none,True,1,True,normal
26.0,F,8.69,307.1,174.6,2.72,41,none,False,0,True,MAM
42.0,F,13.58,274.3,200.0,3.07,38,none,True,0,True,normal
56.0,M,19.57,-681.6,200.0,2.78,32,none,True,1,True,normal
37.0,M,17.62,-308.0,200.0,3.22,35,none,True,1,True,normal
39.0,F,13.26,136.3,200.0,3.19,34,none,True,0,True,normal
53.0,F,13.72,268.0,200.0,2.99,33,none,True,0,True,normal
8.0,F,8.0,346.1,158.4,2.85,38,mixed,True,1,True,normal
12.0,F,7.25,132.9,151.4,3.56,37,mixed,False,1,True,normal
57.0,M,18.07,686.9,200.0,3.02,32,none,True,2,True,normal
43.0,F,15.27,-223.7,200.0,3.11,39,none,True,0,True,normal
37.0,F,10.19,-219.3,200.0,3.21,34,none,True,0,True,MAM
36.0,M,13.9,153.6,200.0,3.6,33,none,False,1,True,normal
40.0,M,13.76,-191.9,200.0,2.89,35,none,True,0,False,normal
38.0,M,13.82,-156.0,200.0,3.78,34,none,True,0,True,normal
34.0,F,12.27,55.0,200.0,2.69,38,none,False,0,True,normal
39.0,M,15.65,192.5,200.0,3.19,39,none,True,1,True,normal
15.0,F,9.14,-285.0,181.5,3.05,33,none,True,0,True,normal
1.0,F,5.15,-36.1,110.9,2.91,39,exclusive,False,0,True,SAM
58.0,F,14.37,17.5,200.0,3.42,38,none,False,0,True,normal
7.0,F,7.8,144.5,162.4,3.86,40,mixed,False,0,False,normal
39.0,F,13.64,693.7,200.0,3.27,35,none,True,0,True,normal
12.0,F,8.45,-385.6,175.4,2.82,38,mixed,True,1,True,normal
12.0,F,8.03,169.4,160.5,2.92,37,mixed,True,0,True,normal
52.0,M,14.9,-1126.5,200.0,2.88,38,none,True,1,True,normal
47.0,M,15.22,258.4,200.0,2.79,32,none,True,0,False,normal
44.0,M,17.13,627.2,200.0,2.58,41,none,True,0,False,normal
38.0,M,14.11,274.6,200.0,2.74,40,none,True,2,True,normal
38.0,F,11.39,99.4,200.0,3.08,36,none,True,1,False,MAM
30.0,M,14.83,215.9,200.0,2.67,39,none,True,0,True,MAM
49.0,F,22.4,-229.6,200.0,2.94,38,none,False,1,True,normal
58.0,F,15.05,419.7,200.0,2.74,37,none,False,1,True,normal
58.0,F,13.56,-288.6,200.0,2.9,40,none,True,0,True,normal
5.0,M,6.21,-65.1,133.5,3.17,32,exclusive,False,0,True,normal
30.0,F,10.29,-265.0,200.0,2.51,38,none,False,0,True,normal
46.0,M,18.23,347.2,200.0,3.48,35,none,True,1,True,normal
45.0,M,14.35,358.6,200.0,2.92,32,none,True,0,True,normal
52.0,M,15.29,-409.5,200.0,2.55,35,none,True,0,False,normal
26.0,F,11.65,-253.0,200.0,2.57,34,none,True,1,False,normal
33.0,M,17.34,-267.9,200.0,3.17,34,none,True,1,True,normal
59.0,M,16.97,-283.8,200.0,3.52,37,none,True,0,True,normal
21.0,F,10.25,24.8,200.0,3.07,37,mixed,True,0,False,normal
25.0,F,9.54,201.9,182.8,1.93,36,none,False,2,True,normal
26.0,F,13.78,229.7,200.0,2.67,35,none,False,0,False,normal
51.0,F,14.24,-722.0,200.0,2.64,36,none,True,0,True,normal
7.0,F,7.03,-20.9,147.6,3.91,41,mixed,True,1,True,normal
43.0,F,13.73,-35.5,200.0,2.07,35,none,True,1,True,normal
59.0,F,20.96,-540.5,200.0,3.68,35,none,True,0,True,normal
38.0,F,13.69,567.6,200.0,3.14,39,none,False,1,True,MAM
24.0,F,11.42,47.7,200.0,2.96,32,none,True,1,True,normal
16.0,F,9.94,-0.7,200.0,3.04,32,none,True,1,True,normal
42.0,F,15.37,175.5,200.0,3.56,33,none,True,0,True,normal
41.0,F,13.29,99.3,200.0,2.87,33,none,False,1,True,normal
32.0,F,10.06,857.8,195.6,2.53,39,none,True,0,False,normal
41.0,M,16.63,370.3,200.0,2.34,39,none,True,0,True,normal
54.0,M,16.81,47.9,200.0,2.93,39,none,False,0,True,normal
6.0,M,8.08,255.8,163.6,3.44,38,mixed,True,0,True,normal
36.0,F,10.87,247.1,200.0,3.13,33,none,True,0,True,normal
45.0,F,11.62,43.3,200.0,3.49,38,none,True,0,False,normal
7.0,M,8.24,176.2,160.9,3.09,32,none,True,2,True,MAM
6.0,M,8.64,-53.6,169.7,3.05,39,mixed,True,1,True,normal
58.0,M,17.97,-432.0,200.0,2.76,37,none,True,0,False,normal
57.0,M,15.88,297.9,200.0,3.43,37,none,True,1,True,normal
8.0,F,7.12,70.6,141.4,2.63,39,mixed,True,0,True,normal
44.0,F,12.59,-600.2,200.0,3.56,40,none,False,0,True,normal
0.0,M,4.23,73.4,96.3,2.96,32,exclusive,False,0,True,SAM
32.0,F,13.51,30.2,200.0,3.05,32,none,True,0,True,normal
33.0,F,13.47,-283.0,200.0,3.25,33,none,True,0,True,normal
17.0,F,10.3,22.2,200.0,3.19,34,none,False,0,False,normal
24.0,M,11.63,15.1,200.0,3.01,37,none,False,0,True,normal
24.0,F,9.41,-369.5,189.9,2.36,40,none,False,0,True,normal
20.0,F,10.87,-631.0,200.0,2.88,34,none,True,0,False,normal
16.0,F,10.0,136.4,198.8,2.69,35,mixed,True,0,True,normal
14.0,F,11.42,575.0,200.0,2.27,39,mixed,True,1,True,normal
13.0,F,7.26,-77.7,142.0,2.68,33,mixed,True,0,False,normal
40.0,M,15.64,-12.0,200.0,3.23,32,none,True,0,True,normal
44.0,F,13.58,353.9,200.0,2.88,41,none,True,2,False,MAM
20.0,F,12.07,-361.6,200.0,3.61,35,mixed,True,0,True,normal
34.0,M,14.58,559.9,200.0,2.68,36,none,True,1,False,normal
8.0,F,8.25,69.5,166.6,3.33,36,none,True,0,True,SAM
48.0,F,11.2,-522.6,200.0,2.83,37,none,False,1,False,MAM
50.0,M,16.2,47.4,200.0,3.8,33,none,False,0,False,normal
8.0,F,7.1,107.0,142.7,2.76,41,none,True,0,True,SAM
5.0,M,6.56,7.9,134.8,3.03,32,exclusive,False,0,True,normal
10.0,M,10.43,252.7,200.0,2.69,40,none,True,3,False,normal
11.0,M,8.88,103.8,174.7,2.95,32,mixed,True,0,True,SAM
46.0,M,13.91,82.3,200.0,3.26,34,none,False,2,False,normal
3.0,M,5.4,-19.1,111.5,2.64,33,exclusive,False,1,True,SAM
30.0,F,14.52,422.5,200.0,3.11,36,none,True,1,False,normal
18.0,F,8.87,109.4,170.5,2.68,34,mixed,True,0,True,SAM
52.0,M,18.16,-1157.7,200.0,3.51,38,none,True,0,True,normal
3.0,F,5.95,42.0,123.6,2.54,39,exclusive,False,1,False,MAM
29.0,M,13.05,-139.3,200.0,2.98,40,none,True,2,False,normal
55.0,M,14.25,-365.8,200.0,3.44,34,none,False,1,True,normal
42.0,M,16.38,387.9,200.0,2.8,36,none,False,0,True,normal
54.0,F,22.16,247.3,200.0,3.82,40,none,False,0,True,normal
32.0,F,11.82,484.8,200.0,2.95,39,none,False,1,True,normal
44.0,F,12.91,414.0,200.0,3.3,38,none,True,0,True,normal
9.0,F,7.46,-47.5,152.5,2.39,38,none,True,0,True,normal
32.0,M,13.63,-416.1,200.0,2.59,39,none,True,1,True,normal
37.0,M,15.12,-112.9,200.0,3.01,35,none,True,0,False,normal
3.0,M,4.94,-138.7,105.9,2.67,35,exclusive,False,2,True,SAM
31.0,M,10.05,436.4,196.5,2.69,38,none,False,0,True,MAM
1.0,M,3.22,99.3,90.0,3.07,35,exclusive,False,0,True,SAM
18.0,F,9.01,149.1,176.4,2.9,41,mixed,False,0,True,normal
51.0,F,15.71,-625.4,200.0,3.02,38,none,True,1,False,normal
36.0,F,18.19,5.0,200.0,2.76,40,none,False,0,True,normal
28.0,M,14.02,153.4,200.0,2.95,37,none,True,1,True,SAM
15.0,M,10.85,-347.1,200.0,2.91,38,mixed,True,0,True,normal
54.0,M,15.02,378.1,200.0,2.8,38,none,True,0,True,normal
7.0,M,7.9,-155.0,155.2,3.42,35,mixed,True,0,True,normal
40.0,F,12.56,-54.7,200.0,3.1,33,none,False,0,True,normal
8.0,F,9.23,-162.5,183.9,2.57,33,mixed,True,0,True,normal
44.0,F,19.34,-189.7,200.0,3.21,36,none,True,0,True,normal
8.0,M,9.34,20.8,189.7,3.33,34,mixed,True,1,True,normal
23.0,F,11.44,438.6,200.0,2.83,40,mixed,True,0,True,normal
43.0,F,14.42,-454.8,200.0,3.03,38,none,True,0,False,normal
54.0,M,18.83,-381.1,200.0,2.58,35,none,False,0,False,normal
18.0,M,10.16,242.9,200.0,3.21,37,none,True,1,False,normal
46.0,M,14.94,159.7,200.0,2.75,32,none,True,0,True,normal
31.0,F,12.68,168.8,200.0,1.6,37,none,True,0,True,normal
29.0,M,12.24,-172.6,200.0,2.98,37,none,True,1,True,normal
33.0,F,11.71,-499.6,200.0,2.8,32,none,False,0,True,normal
1.0,M,4.96,99.9,106.4,2.78,40,exclusive,False,2,False,SAM
34.0,M,12.4,445.0,200.0,1.6,36,none,True,0,True,normal
17.0,F,9.88,31.2,193.3,3.61,38,mixed,False,1,True,normal
46.0,M,16.35,318.0,200.0,3.4,37,none,True,1,True,normal
47.0,M,13.59,-486.3,200.0,2.7,40,none,True,0,True,normal
27.0,F,9.22,-200.6,181.1,2.71,40,none,True,0,True,MAM
14.0,F,9.97,266.5,187.7,2.45,33,none,True,0,False,normal
33.0,F,11.17,558.6,200.0,2.78,38,none,True,0,True,normal
3.0,F,5.53,-66.1,110.7,2.7,36,exclusive,False,0,False,SAM
56.0,M,17.02,268.6,200.0,3.68,41,none,True,0,True,normal
30.0,M,13.6,246.2,200.0,2.97,38,none,True,0,True,normal
41.0,F,8.96,289.4,176.1,2.7,32,none,False,0,True,SAM
1.0,F,4.12,-48.6,95.6,3.35,35,exclusive,False,0,True,SAM
41.0,M,18.31,-667.3,200.0,2.43,37,none,True,0,True,normal
19.0,M,11.28,174.3,200.0,2.94,34,mixed,True,0,True,normal
17.0,F,9.49,-173.8,194.3,3.49,36,mixed,True,0,True,normal
53.0,M,21.48,-324.9,200.0,3.47,39,none,True,0,False,normal
55.0,F,16.72,-227.1,200.0,3.19,38,none,True,1,True,normal
15.0,F,8.73,2.4,169.3,2.86,37,none,True,0,True,normal
42.0,F,13.07,-331.9,200.0,3.18,41,none,True,1,True,normal
23.0,M,10.84,-130.3,200.0,2.57,33,none,True,1,True,normal
27.0,M,13.89,553.3,200.0,3.79,40,none,True,1,True,normal
6.0,M,5.65,51.9,118.8,2.78,35,mixed,True,2,True,SAM
16.0,F,9.37,452.9,189.6,2.85,36,none,True,0,True,normal
36.0,F,14.15,-252.5,200.0,2.52,35,none,True,1,True,normal
52.0,F,15.42,-100.5,200.0,2.79,34,none,True,1,True,normal
50.0,M,16.11,-1020.4,200.0,3.09,35,none,True,0,True,normal
49.0,M,14.62,16.6,200.0,2.85,36,none,True,1,True,normal
20.0,M,12.26,7.2,200.0,3.26,39,mixed,True,0,True,normal
33.0,F,15.38,-333.4,200.0,2.86,34,none,True,1,True,SAM
31.0,F,9.86,184.3,185.8,2.9,41,none,True,0,True,normal
19.0,M,11.51,254.9,200.0,2.92,32,mixed,False,0,True,normal
22.0,F,10.28,97.1,200.0,2.7,32,mixed,True,1,True,MAM
34.0,F,14.86,66.6,200.0,2.5,36,none,True,0,True,normal
20.0,M,10.9,263.1,200.0,3.39,36,none,True,0,True,normal
24.0,F,10.89,-101.3,200.0,2.96,32,none,False,1,True,normal
46.0,F,14.65,-54.8,200.0,2.65,39,none,False,0,True,normal
46.0,F,17.56,660.1,200.0,2.72,33,none,True,1,True,normal
22.0,M,12.61,-170.8,200.0,2.28,37,mixed,True,0,True,normal
16.0,M,9.45,25.1,182.2,3.01,35,mixed,True,1,True,normal
55.0,M,13.98,-80.6,200.0,2.67,36,none,True,1,True,normal
22.0,F,7.69,47.9,158.4,2.91,38,mixed,False,1,True,MAM
17.0,M,10.58,-127.4,200.0,2.83,39,mixed,True,0,False,normal
23.0,F,11.68,38.7,200.0,3.35,33,mixed,False,0,False,normal
30.0,F,13.27,434.9,200.0,3.48,37,none,True,0,True,normal
26.0,M,10.87,-465.2,200.0,3.86,38,none,False,1,True,normal
22.0,F,10.4,-202.4,200.0,2.95,40,mixed,False,0,True,normal
9.0,M,8.83,-312.5,179.1,3.32,35,mixed,True,0,True,MAM
48.0,F,16.05,-63.3,200.0,3.21,34,none,True,2,True,normal
25.0,M,12.83,-46.8,200.0,2.83,32,none,True,0,True,normal
52.0,M,17.86,331.5,200.0,2.92,37,none,True,1,True,normal
53.0,M,20.65,-797.6,200.0,2.51,36,none,True,0,False,normal
11.0,F,8.13,513.4,164.2,2.73,33,none,True,0,True,normal
23.0,M,13.42,-176.6,200.0,3.17,41,mixed,True,1,True,normal
50.0,F,17.98,-166.1,200.0,2.47,35,none,True,0,False,normal
23.0,M,11.26,203.0,200.0,3.38,35,mixed,False,0,True,normal
49.0,M,14.35,-330.2,200.0,2.54,34,none,False,0,False,normal
28.0,F,10.69,-92.9,200.0,3.41,37,none,False,1,True,normal
11.0,M,8.18,-181.1,166.6,2.71,35,mixed,False,0,True,normal
8.0,F,8.85,5.9,179.7,2.84,41,mixed,True,0,True,normal
20.0,M,11.81,-184.2,200.0,2.38,38,none,True,0,False,normal
20.0,M,9.63,-278.4,192.6,2.69,39,mixed,True,0,True,normal
0.0,M,3.14,6.1,90.0,2.31,38,exclusive,False,1,True,SAM
50.0,F,17.64,13.1,200.0,2.86,35,none,True,1,True,normal
14.0,F,9.5,226.6,182.4,2.82,38,mixed,True,0,True,normal
13.0,M,10.49,101.9,200.0,3.78,40,mixed,False,0,True,SAM
47.0,M,16.53,-102.0,200.0,3.41,33,none,True,0,True,normal
40.0,M,13.19,688.4,200.0,3.09,41,none,True,0,True,normal
40.0,F,15.14,78.4,200.0,3.04,36,none,True,0,True,normal
10.0,M,9.7,-95.8,191.8,2.87,33,none,False,1,True,normal
2.0,F,4.74,-140.7,102.9,3.38,35,exclusive,False,0,True,SAM
35.0,F,12.91,709.2,200.0,2.98,35,none,False,0,True,normal
27.0,F,10.59,290.2,200.0,2.98,41,none,False,1,True,normal
0.0,F,2.86,136.6,90.0,3.31,38,exclusive,False,0,True,SAM
42.0,F,15.18,-64.4,200.0,3.11,40,none,True,0,True,MAM
13.0,M,9.78,-196.1,192.4,2.65,36,mixed,True,2,False,normal
9.0,M,7.6,-220.3,151.2,2.59,40,none,False,0,True,normal
14.0,F,9.27,12.7,182.4,3.8,38,none,True,0,True,normal
58.0,M,21.06,124.0,200.0,3.34,34,none,True,0,True,normal
34.0,M,10.94,645.9,200.0,2.79,37,none,False,0,True,MAM
45.0,M,16.3,229.3,200.0,2.83,41,none,False,0,True,normal
7.0,M,7.98,-52.6,159.6,3.23,39,mixed,True,0,True,normal
31.0,M,12.07,238.6,200.0,2.58,33,none,True,1,False,normal
17.0,F,10.41,-286.5,200.0,3.37,35,mixed,True,0,True,normal
52.0,F,16.16,333.4,200.0,3.1,39,none,True,2,False,normal
32.0,F,13.47,449.8,200.0,3.16,35,none,True,0,True,normal
20.0,F,9.29,-135.3,180.3,2.32,32,none,True,0,False,normal
14.0,M,8.46,20.8,173.0,3.37,40,none,True,1,True,normal
18.0,F,9.79,147.1,183.0,3.46,38,none,True,0,False,normal
54.0,M,17.05,-595.6,200.0,3.42,40,none,True,0,True,normal
41.0,F,13.3,-102.3,200.0,3.32,41,none,True,0,True,SAM
5.0,F,6.11,-116.8,134.2,2.34,40,exclusive,False,1,True,normal
0.0,M,2.73,79.5,90.0,3.48,35,exclusive,False,0,True,SAM
5.0,F,7.58,-31.7,149.4,2.83,39,exclusive,False,1,True,normal
22.0,F,9.5,-372.0,190.3,2.8,35,none,True,0,True,normal
55.0,F,19.04,219.8,200.0,3.03,40,none,True,1,True,normal
28.0,F,11.01,-876.9,200.0,3.08,37,none,True,0,False,normal
51.0,F,15.12,100.1,200.0,3.17,37,none,True,1,True,normal
17.0,F,11.92,-128.4,200.0,2.95,32,none,True,0,False,normal
5.0,M,5.72,9.5,123.8,2.49,32,exclusive,False,1,True,MAM
19.0,F,10.48,-397.2,200.0,3.48,36,mixed,True,1,True,normal
10.0,M,8.93,-60.6,176.1,3.19,35,none,True,0,False,normal
21.0,F,12.9,72.5,200.0,2.57,41,mixed,True,0,True,normal
24.0,M,13.81,252.4,200.0,4.12,33,none,True,0,True,normal
5.0,M,6.35,-162.9,131.6,3.66,33,exclusive,False,0,False,normal
31.0,M,12.08,204.1,200.0,3.39,32,none,False,0,False,normal
59.0,M,19.26,-281.9,200.0,3.28,34,none,True,0,True,normal
47.0,M,15.62,-6.7,200.0,2.86,41,none,True,0,True,normal
19.0,F,11.15,-60.9,200.0,2.67,34,mixed,True,0,True,normal
12.0,F,8.48,-52.0,171.2,3.37,37,mixed,True,0,False,normal
58.0,M,16.99,-72.8,200.0,2.96,34,none,True,0,True,normal
3.0,M,5.92,147.8,121.7,3.58,39,mixed,False,0,True,MAM
17.0,F,8.86,-3.7,177.0,3.0,41,mixed,True,2,True,normal
22.0,M,10.58,-474.0,200.0,3.12,36,none,True,0,True,normal
7.0,M,8.5,147.2,174.5,3.39,37,mixed,True,0,True,normal
42.0,F,12.99,-219.1,200.0,3.34,36,none,False,0,True,normal
8.0,F,7.11,-148.3,144.7,2.73,40,none,True,0,True,normal
22.0,M,10.39,-59.1,200.0,2.97,35,none,True,0,True,normal
19.0,F,10.99,20.5,200.0,3.71,36,mixed,True,1,True,normal
34.0,F,11.41,147.6,200.0,3.14,33,none,True,1,True,normal
33.0,M,13.56,-546.1,200.0,3.48,41,none,False,0,False,normal
34.0,M,11.66,-387.6,200.0,3.81,39,none,True,0,True,normal
34.0,M,13.46,211.5,200.0,3.44,36,none,True,2,True,normal
24.0,M,11.99,175.2,200.0,2.38,36,none,True,1,False,normal
11.0,F,7.67,-63.4,154.3,3.71,36,none,True,0,False,MAM
8.0,M,7.93,239.3,158.1,3.38,40,none,True,1,True,normal
8.0,F,8.26,38.7,166.9,2.99,40,none,False,1,True,normal
18.0,F,10.85,140.7,200.0,2.9,36,mixed,True,0,True,normal
48.0,M,17.53,-82.1,200.0,3.31,40,none,False,0,True,normal
47.0,F,13.5,325.2,200.0,3.26,41,none,True,0,True,normal
56.0,F,10.46,385.0,200.0,2.62,35,none,False,0,False,SAM
38.0,F,15.57,537.5,200.0,3.53,38,none,True,0,True,normal
18.0,M,10.99,-131.3,200.0,3.16,34,mixed,True,1,True,normal
52.0,M,13.35,-47.9,200.0,2.95,35,none,False,1,True,normal
43.0,M,14.45,-336.9,200.0,3.03,36,none,True,0,True,normal
6.0,M,8.67,-6.2,175.5,3.18,39,mixed,True,0,True,normal
7.0,M,7.76,11.0,158.2,3.35,36,none,True,1,False,normal
3.0,F,5.2,-12.3,116.5,3.15,34,exclusive,False,1,True,MAM
8.0,F,7.97,-466.6,165.6,2.71,32,mixed,False,0,True,normal
36.0,F,15.61,706.2,200.0,2.91,32,none,True,1,True,MAM
54.0,F,18.38,101.5,200.0,2.37,39,none,True,0,False,normal
13.0,M,10.55,47.0,200.0,2.89,40,mixed,True,0,True,normal
34.0,F,13.87,36.0,200.0,3.25,36,none,False,0,False,MAM
17.0,F,8.28,89.4,167.9,2.79,40,mixed,True,0,True,SAM
23.0,M,9.38,-350.9,183.9,2.97,35,none,False,0,False,MAM
33.0,M,13.79,120.9,200.0,3.21,33,none,True,0,True,normal
1.0,M,4.52,-337.5,97.1,3.52,39,exclusive,False,0,True,SAM
16.0,M,10.44,276.3,200.0,3.37,33,mixed,True,0,True,normal
50.0,M,17.51,-262.1,200.0,3.14,40,none,True,1,True,normal
46.0,F,15.16,-200.6,200.0,3.21,40,none,False,1,False,normal
54.0,F,13.36,28.5,200.0,3.24,32,none,True,0,True,normal
53.0,F,15.18,536.3,200.0,2.29,37,none,True,0,True,normal
43.0,F,13.75,629.8,200.0,2.91,40,none,True,0,True,normal
0.0,M,3.73,84.4,90.0,2.91,32,exclusive,False,1,True,SAM
28.0,M,11.6,-407.6,200.0,3.68,33,none,False,1,True,normal
2.0,F,5.08,92.5,112.8,2.82,37,exclusive,False,1,True,SAM
28.0,F,10.6,291.3,200.0,3.66,36,none,False,0,True,normal
49.0,F,10.81,317.6,200.0,3.5,39,none,False,0,True,MAM
27.0,F,11.07,295.3,200.0,2.86,33,none,True,0,False,normal
23.0,F,11.12,-229.2,200.0,3.35,36,mixed,True,1,False,normal
53.0,M,12.9,777.2,200.0,3.01,39,none,True,1,True,MAM
46.0,M,16.15,-429.6,200.0,3.12,41,none,False,0,True,normal
35.0,M,14.62,332.8,200.0,2.89,41,none,True,1,True,normal
10.0,M,10.65,162.2,200.0,2.78,39,mixed,False,1,True,normal
53.0,M,18.99,-847.5,200.0,3.41,41,none,False,0,True,normal
21.0,F,11.17,150.2,200.0,3.17,40,none,True,2,True,normal
22.0,M,11.03,187.5,200.0,3.38,33,none,False,0,True,normal
45.0,F,17.2,-1134.5,200.0,2.56,41,none,False,1,True,normal
30.0,M,13.9,-95.5,200.0,2.55,37,none,False,0,True,normal
24.0,M,9.45,-73.0,186.8,3.39,37,none,True,1,True,MAM
5.0,M,7.99,-293.1,163.2,2.89,35,exclusive,False,1,True,normal
1.0,M,3.85,52.8,90.0,2.69,35,exclusive,False,0,True,SAM
15.0,M,11.02,-72.8,200.0,3.18,33,mixed,False,0,True,normal
16.0,F,10.3,327.4,200.0,2.57,40,mixed,False,0,True,normal
5.0,F,8.71,-24.8,173.7,2.88,37,exclusive,False,0,True,normal
43.0,F,12.83,-668.2,200.0,2.7,40,none,True,0,False,normal
53.0,F,17.2,-239.7,200.0,3.25,35,none,True,0,True,normal
33.0,F,14.6,-97.3,200.0,3.36,34,none,True,1,True,normal
35.0,M,12.96,409.9,200.0,2.52,37,none,True,0,True,normal
32.0,F,12.75,-282.5,200.0,3.56,34,none,False,0,True,normal
26.0,F,11.03,33.0,200.0,3.1,35,none,True,0,True,normal
28.0,F,8.73,44.9,182.3,3.18,41,none,False,0,True,MAM
15.0,F,7.99,50.5,159.9,2.22,36,mixed,False,0,True,normal
27.0,F,8.61,203.5,179.4,2.66,41,none,True,1,True,MAM
46.0,F,13.48,259.3,200.0,3.15,38,none,False,0,True,normal
58.0,M,15.5,-44.7,200.0,3.23,38,none,True,0,False,normal
47.0,F,17.46,-276.7,200.0,3.52,34,none,False,0,False,normal
20.0,M,9.44,55.4,192.9,3.43,35,none,True,1,True,normal
55.0,F,14.52,460.4,200.0,3.17,41,none,True,0,True,normal
20.0,F,10.12,240.8,200.0,3.75,38,mixed,True,1,True,normal
58.0,F,9.13,-478.3,185.1,2.61,39,none,True,0,True,SAM
53.0,M,14.81,305.6,200.0,2.17,38,none,True,1,True,MAM
30.0,M,14.42,334.9,200.0,3.05,36,none,True,0,True,normal
35.0,F,10.96,-171.1,200.0,3.06,35,none,True,0,True,normal
23.0,M,10.99,-248.8,200.0,3.46,39,none,True,0,True,normal
5.0,M,8.5,209.8,175.5,3.05,37,mixed,False,0,True,normal
22.0,M,13.74,184.5,200.0,2.83,32,mixed,False,0,True,normal
59.0,M,19.95,-152.7,200.0,3.81,39,none,True,0,True,normal
56.0,M,20.05,-13.7,200.0,3.47,34,none,False,0,False,normal
1.0,M,4.32,71.4,92.6,2.87,41,exclusive,False,0,True,SAM
18.0,F,8.69,-280.6,179.1,2.61,38,mixed,True,0,True,normal
30.0,M,12.89,109.1,200.0,2.69,32,none,True,1,True,MAM
37.0,F,14.78,292.1,200.0,3.11,36,none,False,1,False,SAM
59.0,F,18.01,35.6,200.0,2.83,34,none,False,0,True,SAM
46.0,M,11.32,281.1,200.0,3.03,33,none,True,1,False,MAM
2.0,F,3.79,33.6,90.0,2.86,34,mixed,False,1,False,SAM
50.0,M,19.3,-336.5,200.0,2.95,39,none,True,1,True,normal
23.0,M,10.26,139.2,200.0,3.13,37,none,True,1,True,normal
7.0,M,6.69,132.4,142.9,2.93,32,none,True,0,True,normal
13.0,M,9.18,-82.5,188.2,3.51,32,mixed,False,1,False,normal
10.0,M,10.56,-10.2,200.0,3.04,35,mixed,False,2,True,normal
8.0,M,7.31,282.2,148.1,2.92,41,mixed,True,1,False,normal
9.0,M,11.13,-260.7,200.0,3.44,33,none,True,1,True,normal
4.0,F,6.23,-115.5,133.8,2.65,32,exclusive,False,1,False,normal
40.0,F,10.55,288.4,200.0,3.74,35,none,True,0,True,MAM
8.0,M,7.07,46.8,143.4,2.97,34,mixed,True,0,False,normal
26.0,F,11.34,84.4,200.0,2.67,41,none,True,0,False,normal
45.0,M,17.79,-652.0,200.0,3.26,35,none,True,0,True,normal
57.0,F,14.57,75.8,200.0,2.35,38,none,True,1,True,normal
50.0,F,15.9,-577.6,200.0,2.25,36,none,False,1,True,normal
20.0,F,11.96,88.3,200.0,2.43,38,mixed,True,0,False,normal
14.0,F,9.7,146.5,192.6,2.62,38,mixed,True,1,True,normal
5.0,F,5.89,133.0,127.8,3.03,34,mixed,False,0,True,SAM
17.0,F,8.15,277.0,160.5,3.52,35,none,False,0,True,normal
29.0,M,12.48,125.3,200.0,2.74,40,none,True,0,False,normal
12.0,F,9.11,26.1,186.5,3.81,33,mixed,True,0,True,normal
32.0,M,14.15,5.3,200.0,2.83,34,none,True,0,True,normal
36.0,F,13.2,117.9,200.0,4.06,40,none,True,0,True,normal
6.0,F,6.69,19.9,142.7,1.94,37,mixed,True,0,True,normal
31.0,F,10.84,-69.1,200.0,2.98,40,none,False,0,False,normal
11.0,F,7.36,259.9,144.2,3.14,34,mixed,True,0,True,normal
58.0,F,14.06,-321.9,200.0,2.58,36,none,True,0,False,normal
47.0,M,15.34,1017.2,200.0,3.16,38,none,False,1,True,normal
10.0,F,8.89,149.8,172.4,2.8,38,mixed,True,1,True,normal
3.0,F,5.81,35.5,121.4,2.69,34,exclusive,False,0,False,MAM
10.0,F,7.98,-112.4,165.6,3.42,36,mixed,False,0,True,normal
59.0,F,18.16,-244.8,200.0,3.83,41,none,True,0,True,normal
2.0,M,5.46,32.7,116.9,3.07,34,exclusive,False,1,True,MAM
8.0,F,8.15,-131.4,160.4,3.14,40,mixed,True,0,True,normal
53.0,M,17.97,-517.5,200.0,3.54,34,none,True,0,True,normal
31.0,F,9.98,97.7,196.3,2.69,35,none,True,0,True,SAM
10.0,F,10.42,75.9,198.3,3.03,34,none,True,0,False,normal
49.0,F,16.34,-450.6,200.0,2.38,35,none,False,0,False,normal
13.0,F,9.14,300.2,182.6,3.53,39,none,False,0,True,normal
43.0,M,14.43,-708.5,200.0,3.33,33,none,True,0,True,normal
27.0,M,13.79,-349.2,200.0,2.98,39,none,True,0,False,normal
56.0,F,15.8,-694.8,200.0,3.05,34,none,False,1,True,normal
53.0,M,17.04,161.3,200.0,2.59,40,none,True,0,True,normal
36.0,F,12.83,42.5,200.0,2.85,38,none,True,0,True,normal
44.0,F,15.0,242.0,200.0,3.05,40,none,True,0,True,normal
9.0,M,9.01,43.2,188.7,2.73,38,none,True,0,True,normal
15.0,M,8.94,-44.1,177.7,2.92,41,mixed,True,0,True,normal
20.0,F,8.44,-360.1,174.1,2.77,36,none,True,0,True,normal
54.0,F,17.2,61.6,200.0,2.96,37,none,True,0,True,normal
59.0,F,18.84,108.2,200.0,2.94,40,none,True,0,True,normal
17.0,F,11.19,-107.1,200.0,2.5,33,none,False,1,True,normal
35.0,F,18.97,40.8,200.0,2.9,40,none,False,0,False,normal
16.0,M,8.61,-107.0,172.5,2.3,41,mixed,True,1,False,normal
40.0,M,15.24,509.7,200.0,2.86,33,none,True,2,True,normal
54.0,M,19.79,-710.1,200.0,2.5,33,none,True,1,True,normal
32.0,M,12.29,431.9,200.0,3.19,32,none,True,1,True,normal
13.0,F,8.32,-86.1,165.0,2.69,37,mixed,False,1,True,normal
6.0,M,6.61,-214.5,139.5,3.07,36,none,True,0,True,normal
49.0,M,17.7,-440.5,200.0,2.94,32,none,True,1,False,normal
24.0,M,10.35,-32.4,200.0,3.39,35,none,False,0,True,normal
9.0,F,7.43,-287.7,150.8,2.9,33,mixed,True,1,False,normal
15.0,F,12.26,339.2,200.0,2.93,38,none,True,2,False,normal
42.0,M,14.4,-70.0,200.0,3.4,40,none,False,1,True,normal
7.0,F,9.79,-159.1,194.2,3.44,39,mixed,False,0,True,normal
43.0,M,15.56,-37.7,200.0,2.65,41,none,True,1,False,normal
32.0,M,10.86,116.6,200.0,3.21,38,none,True,0,False,MAM
53.0,F,14.14,31.3,200.0,2.88,41,none,True,0,False,normal
58.0,M,16.3,444.3,200.0,2.99,41,none,True,0,True,normal
43.0,F,12.56,-133.2,200.0,3.72,32,none,False,1,True,normal
3.0,M,4.95,-112.6,102.9,3.21,33,mixed,False,0,True,SAM
56.0,M,15.79,423.4,200.0,2.66,39,none,True,0,True,normal
32.0,F,14.8,150.3,200.0,3.21,36,none,True,0,True,normal
0.0,M,2.8,-61.6,90.0,3.53,37,exclusive,False,0,True,SAM
37.0,M,14.26,-15.8,200.0,3.73,35,none,True,0,True,MAM
19.0,M,9.53,-51.5,187.2,3.46,37,mixed,True,0,True,normal
50.0,M,15.29,470.2,200.0,3.24,38,none,True,0,True,normal
10.0,M,7.44,-24.2,158.4,2.92,36,mixed,True,0,True,normal
15.0,F,9.84,-207.7,193.2,2.9,36,mixed,False,1,False,normal
54.0,M,19.97,658.8,200.0,2.8,41,none,True,0,False,normal
55.0,F,20.22,-214.5,200.0,2.99,36,none,False,0,True,normal
25.0,F,10.54,432.2,200.0,3.07,33,none,True,1,True,normal
40.0,F,14.49,-137.4,200.0,3.2,40,none,True,0,False,normal
6.0,M,7.71,38.8,152.5,3.44,32,mixed,True,0,False,normal
19.0,F,10.5,146.2,200.0,2.74,37,mixed,True,0,True,normal
27.0,M,12.29,432.1,200.0,3.16,35,none,True,0,True,normal
2.0,M,5.83,141.1,117.9,3.89,40,exclusive,False,1,True,MAM
39.0,F,14.16,-171.0,200.0,2.76,35,none,False,1,False,normal
51.0,M,13.53,291.1,200.0,2.78,38,none,True,0,True,normal
44.0,M,16.64,-347.0,200.0,2.99,35,none,True,0,True,MAM
35.0,F,11.33,109.2,200.0,3.48,40,none,True,0,True,SAM
52.0,M,17.69,178.5,200.0,2.88,41,none,True,0,True,normal
23.0,M,12.49,-107.6,200.0,3.5,37,mixed,True,0,True,normal
56.0,M,18.7,-339.8,200.0,2.67,34,none,True,2,False,normal
2.0,F,5.86,17.2,122.5,3.11,33,exclusive,False,0,True,MAM
46.0,F,14.58,-191.3,200.0,3.08,38,none,False,0,True,normal
3.0,F,5.91,-40.4,127.2,3.04,37,exclusive,False,0,False,normal
40.0,M,12.23,-232.9,200.0,3.26,35,none,True,2,True,normal
40.0,M,11.39,-925.0,200.0,3.13,38,none,True,0,True,MAM
13.0,F,7.6,-381.7,152.4,3.12,35,none,False,0,True,normal
26.0,F,9.27,-899.8,186.4,3.09,38,none,True,0,True,normal
17.0,F,8.66,-40.0,177.7,3.37,40,mixed,True,0,True,normal
45.0,M,16.17,205.9,200.0,2.9,34,none,True,0,True,normal
7.0,M,8.51,183.4,169.7,2.94,38,none,True,1,False,normal
22.0,F,10.56,143.8,200.0,2.72,32,mixed,True,0,True,normal
55.0,F,18.34,45.7,200.0,2.92,33,none,False,2,True,normal
48.0,M,15.37,-587.0,200.0,2.94,39,none,True,0,True,normal
51.0,F,11.44,-1058.9,200.0,2.79,34,none,True,0,True,MAM
21.0,F,13.2,128.4,200.0,3.56,38,mixed,True,0,True,normal
31.0,M,13.51,496.6,200.0,3.15,37,none,True,2,True,normal
31.0,F,12.42,-72.7,200.0,3.35,33,none,False,1,True,normal
54.0,F,16.12,-109.4,200.0,3.21,33,none,True,0,True,normal
33.0,M,12.17,-249.3,200.0,2.3,38,none,True,1,False,SAM
0.0,M,3.64,-157.3,90.0,3.67,33,exclusive,False,1,True,SAM
35.0,F,9.16,1050.3,176.3,2.34,36,none,True,0,True,MAM
31.0,F,12.73,-336.1,200.0,2.97,41,none,False,0,True,normal
22.0,M,11.17,-192.8,200.0,2.84,33,mixed,True,1,True,normal
2.0,M,6.46,-19.0,137.5,2.45,41,exclusive,False,0,False,normal
31.0,M,14.23,876.9,200.0,3.09,32,none,True,1,True,normal
34.0,M,16.41,-184.3,200.0,2.94,34,none,False,1,True,normal
50.0,F,18.87,-384.9,200.0,3.0,36,none,True,0,True,normal
41.0,M,14.69,417.1,200.0,2.84,41,none,True,0,False,normal
55.0,F,16.74,659.8,200.0,2.51,36,none,True,0,True,normal
36.0,F,12.63,655.6,200.0,2.68,34,none,True,0,True,normal
15.0,F,10.27,-15.8,200.0,3.69,38,mixed,False,1,True,normal
49.0,M,18.36,-90.9,200.0,3.93,38,none,True,0,False,normal
20.0,F,12.29,9.2,200.0,3.48,37,none,False,0,False,normal
53.0,M,17.56,439.6,200.0,2.92,38,none,True,2,True,normal
44.0,F,14.69,77.1,200.0,2.77,40,none,True,1,True,normal
37.0,M,11.84,-383.0,200.0,2.76,40,none,False,0,True,normal
35.0,F,11.24,-86.3,200.0,3.12,40,none,True,0,False,normal
15.0,F,8.65,3.2,176.6,2.95,32,mixed,True,0,True,normal
20.0,F,9.17,-63.9,182.7,2.8,33,mixed,True,0,True,normal
6.0,M,7.76,-32.0,165.7,2.91,36,none,True,0,False,normal
13.0,M,9.46,192.6,185.7,2.89,35,mixed,False,0,False,normal
42.0,F,16.28,225.9,200.0,2.67,34,none,True,0,False,normal
17.0,M,8.19,69.2,170.2,3.08,41,mixed,False,0,True,normal
32.0,F,13.15,27.1,200.0,3.08,33,none,False,0,True,normal
5.0,F,6.66,135.0,140.0,3.31,32,exclusive,False,1,True,normal
38.0,F,13.3,-196.5,200.0,3.03,40,none,False,1,False,normal
20.0,M,11.16,-12.1,200.0,2.96,40,mixed,False,1,False,normal
22.0,F,9.55,-167.5,187.6,2.53,32,mixed,True,0,True,normal
43.0,F,17.73,-297.9,200.0,2.93,34,none,True,0,True,normal
45.0,F,14.79,591.9,200.0,3.39,40,none,False,1,True,normal
57.0,M,21.13,-295.1,200.0,3.39,36,none,True,2,True,normal
8.0,F,6.44,14.3,131.3,1.86,36,mixed,True,1,False,normal
26.0,M,12.79,127.2,200.0,3.94,41,none,False,0,False,normal
57.0,M,20.08,-170.1,200.0,3.31,40,none,True,1,True,normal
45.0,F,12.91,202.5,200.0,2.45,37,none,True,1,False,normal
42.0,F,12.34,332.0,200.0,3.36,32,none,True,1,False,normal
58.0,M,17.52,26.8,200.0,3.43,36,none,True,1,True,normal
3.0,F,6.44,-77.9,137.0,2.93,33,exclusive,False,0,False,normal
35.0,M,13.98,316.9,200.0,2.76,40,none,True,1,False,normal
58.0,F,17.17,-22.8,200.0,3.0,37,none,True,0,True,normal
56.0,F,15.69,-498.0,200.0,2.53,33,none,False,1,True,normal
17.0,M,11.83,125.0,200.0,3.06,40,none,True,0,True,normal
38.0,F,11.83,27.5,200.0,2.99,34,none,True,0,True,normal
41.0,F,14.73,-404.5,200.0,2.08,36,none,True,1,True,normal
35.0,F,13.34,-328.0,200.0,3.1,40,none,True,0,True,normal
55.0,F,14.69,-67.8,200.0,3.35,35,none,True,0,True,normal
36.0,M,17.78,275.8,200.0,3.51,41,none,True,0,True,normal
21.0,F,11.12,-44.8,200.0,3.14,34,mixed,False,1,True,normal
8.0,F,7.96,-71.3,163.7,2.8,33,mixed,False,1,False,normal
