age,sex,bmi,waist_cm,tobacco_use,alcohol_use,physical_activity,family_history_diabetes,family_history_hypertension,known_diabetes,known_hypertension,bp_systolic,bp_diastolic,blood_sugar_random,diabetes_risk,hypertension_risk
23,M,19.554839454842558,101.23101975689299,False,False,moderate,False,True,False,False,121.14252190393285,67.99476517863232,154.82309889640118,1,0
66,M,22.064085400539582,107.94656265931286,False,False,moderate,True,True,True,False,113.02201696147932,72.54533545528732,137.27846231380494,1,0
59,F,25.724004980974346,94.64378283140162,False,False,moderate,False,True,False,False,119.66464109404727,83.5022622392781,92.96773137903268,0,0
45,F,21.67256006575214,92.95565919051948,True,False,moderate,False,False,False,False,136.28316796665737,56.765576822323894,106.26988391222244,0,0
45,F,23.247351018645055,95.58744864616347,False,False,high,False,False,True,False,96.1216473542921,93.19891135666903,92.9953411483947,1,1
72,F,26.486114116384773,90.03665539647118,False,False,moderate,False,False,False,False,120.1796430766704,91.66163910205627,70.20196341287532,0,1
23,M,22.93052293459414,95.02301787571312,False,False,moderate,True,False,False,False,112.54444700341415,67.06155973418214,75.3480701775539,0,0
61,F,25.517268150959115,93.38460541569933,False,True,low,False,True,False,False,122.3785854538857,105.15933991510903,121.264099169481,1,1
30,F,31.667278052088058,106.61281367772759,False,True,moderate,False,False,False,False,112.60787083806285,80.62180805842968,86.43951636761857,0,0
23,M,23.72663540455851,98.52510345089188,False,False,high,False,False,False,False,103.11707704610272,76.80150279233118,109.87763953817013,0,0
51,F,29.807020143736427,104.17577064081742,False,True,low,True,False,False,False,128.28891628798033,84.53499461493043,76.27652235759463,0,0
79,M,27.01716530288311,108.68367216911535,False,False,low,False,False,False,False,166.34297110329956,82.5990511152255,139.71195287687883,1,1
64,F,17.89741102930955,84.1445198920354,False,False,moderate,False,False,False,False,120.39064162383076,79.28926323244532,134.3649594568857,1,0
65,F,19.540383368314142,84.42522251871719,False,False,high,False,False,False,False,110.38182375457768,66.0702327551775,166.48221543028313,1,0
63,F,20.748818526185467,87.26946470319459,False,False,low,True,False,False,False,110.33307417424707,73.19103934109359,159.6562292198782,1,0
67,F,20.653242873802476,82.16906876913188,False,False,high,True,True,False,False,136.95539788541888,81.93025454178758,79.7425449997848,0,1
50,M,24.093696142519335,111.2144603515894,False,False,low,False,False,False,False,107.96864645235125,87.17529106557545,81.90168722303127,0,1
26,F,27.2658982163682,99.87696957657556,False,False,high,True,False,False,False,142.7940721490442,93.83521689362678,124.29785099641644,1,1
70,F,30.148212875171254,99.04154897508263,False,True,high,False,True,False,False,95.81117306193639,72.97072721212967,80.97858811566742,0,0
46,F,25.88678789926287,92.3535874783056,False,True,moderate,False,False,False,False,125.0772342886301,78.87162335162779,120.23345376642183,1,0
49,F,22.494441997760557,91.05223671301219,False,False,high,False,True,False,False,132.61365232434483,70.73655762592753,99.8824329541148,0,1
41,M,15.129914403665566,81.9364337955493,False,False,high,False,True,False,False,134.19919050166573,90.03228509128192,144.08229582924412,1,1
29,F,24.81765308937802,90.10428530805696,False,False,high,False,False,False,False,133.07640376485088,74.57528361404115,145.08416459675212,1,0
76,M,24.61596587162746,108.6134386692811,True,False,moderate,False,False,True,False,126.25640542019642,71.53284270435523,101.27616289648007,1,0
67,F,25.32317939092531,95.15055281765288,False,False,moderate,True,True,False,False,140.45738321012595,78.68152510173229,60.0,0,1
58,M,33.978081339664996,120.77248378120801,False,False,low,False,False,False,False,106.1444995500611,59.59665866875261,147.3629014605171,1,0
43,M,30.082684457868826,108.35525853162453,False,False,low,True,False,False,False,111.69383832586139,83.95149672179333,90.61171233422522,0,0
69,M,28.032774132124935,110.2255164567514,False,False,moderate,True,True,False,False,115.55131522327753,74.59212552228202,111.17828276249826,1,0
52,F,20.170652914677802,81.72019131730313,False,True,low,False,True,False,False,145.7362592955433,108.44326161289517,107.21504153926946,0,1
45,M,22.191523628614654,95.0082742053495,False,False,high,False,False,False,False,129.4591748960636,71.19980883762568,125.44424665934517,1,0
46,M,24.07319926882174,102.35276998866604,False,False,low,False,False,False,False,132.9108934380968,75.05931223936105,90.21643332030526,0,0
32,F,21.010667941953407,89.48289688093999,False,False,low,False,True,False,False,119.13447913924537,89.18962709608141,72.84674473137719,0,1
23,M,26.75209036243303,105.36294436982847,True,False,low,False,False,False,False,135.06892022015052,86.602013219897,117.30425430597599,1,0
52,M,26.106089821470672,107.98265369672323,False,False,low,False,False,False,False,97.16780258300408,89.39506513431563,140.92735846438606,1,1
73,M,19.602614931253882,97.05792784128101,False,False,low,True,False,False,False,115.45746628975147,74.92288227088535,107.68783487310387,0,0
22,M,29.88567519093256,115.52552296285236,False,False,moderate,False,False,False,False,118.52184963084896,65.38326500373742,107.58099193658182,0,0
72,F,24.960396502139872,92.48704805308974,False,False,low,False,True,False,False,114.41085429740839,107.34988913330277,70.47178526039059,0,1
70,F,16.71917983965987,79.91746926411835,False,False,high,False,False,False,False,116.85971258109336,83.67959003263863,129.992279057536,1,0
35,F,24.268957137447636,94.96903568110982,True,False,moderate,False,True,False,False,130.74970879184093,80.48273977367141,132.52273151388246,1,1
57,M,25.765429051653072,104.35409612704491,False,False,moderate,False,False,False,False,125.81375949178386,86.86407623244006,108.24610619630921,0,1
28,M,28.877565626460832,119.33286764637664,False,False,moderate,False,False,False,False,141.09884764943968,63.66466253406646,77.89757703725566,0,1
65,M,22.981356185930228,108.90447991873418,False,False,low,True,False,False,False,90.0,72.97919798261866,114.86415946075464,1,0
62,M,28.225722203512433,118.76905914390653,False,False,low,False,False,False,False,145.8119779829275,66.52700593984355,117.80605154189995,1,1
40,F,25.342138940465972,96.97184027446879,False,False,high,False,False,False,False,111.60448701729113,79.83603273004347,110.56576170029687,1,0
22,F,18.58225425933089,89.47481498632672,False,False,moderate,False,False,False,False,143.05563917783314,62.840628430625124,74.0905307815149,0,1
79,M,18.13174951932869,96.12095920379758,False,False,low,False,False,False,False,115.31933779751536,85.41145029714423,120.87818161441693,1,1
46,F,29.551519415672068,108.5103564070381,True,False,moderate,False,True,True,False,127.91236719095251,91.01890365293119,117.69333816980094,1,1
74,F,29.88192880271796,95.86893603091357,True,False,low,True,True,False,True,104.77100624903002,90.61410992323593,126.6566333222489,1,1
60,M,25.953091536821255,111.83222437813957,False,False,low,False,False,False,False,102.54185736046865,82.84458824827325,107.23044225824151,0,0
67,F,31.23068024531013,106.97184139842909,False,False,low,False,False,False,False,131.2980778817417,80.11448475614178,156.92440822157118,1,1
65,M,29.25474432068723,113.17096427697878,False,False,moderate,True,False,False,False,90.0,73.40215602086445,111.93364392607093,1,0
30,M,27.576329282658744,103.48605890167717,False,False,low,False,False,False,False,102.5572101233405,82.93400094840852,160.82544353908216,1,0
40,F,20.399098300698476,94.15605797232809,False,False,moderate,True,True,False,False,134.26696066265816,76.79207563798285,119.80027017587388,1,1
47,F,32.29142937964554,103.40256644239795,False,False,low,False,False,False,True,115.37001421302563,57.433943455695605,71.45906767684728,0,1
49,M,26.91335644493723,110.3031570492891,False,False,low,False,False,False,False,107.88480484053483,71.21582166921114,141.25346818577538,1,0
20,F,22.763725514247703,88.42374427803779,False,False,low,False,True,False,True,146.36476370790683,86.71535259765007,99.25312163887585,0,1
52,F,21.49278497612616,88.60794218537718,False,False,moderate,False,True,False,True,151.99006206115854,65.61692211715103,96.45637069453055,0,1
27,F,25.655527016812357,95.14711382956624,False,False,high,False,False,False,False,122.00668200712812,65.40073009392756,148.33334775280275,1,0
64,M,16.980234118226953,93.71082035145032,False,False,moderate,False,False,False,False,142.37979961880293,75.80335179852462,68.27070126454589,0,1
61,F,27.64852973908788,95.68378892760526,False,False,low,True,True,False,False,146.2725836112461,55.0,60.0,0,1
76,F,20.20893133387688,76.86729171437995,False,True,low,False,False,True,False,121.73895752739782,86.02556310975886,104.33084258041929,1,1
64,F,26.16773648970929,90.45020605459558,False,False,low,False,False,False,False,113.80458408606061,85.05299986963038,122.55081685863335,1,1
41,F,22.152708481888283,86.33112712019432,False,False,high,False,False,False,True,123.41949912050538,88.41889285118903,142.36446014955672,1,1
78,F,23.310115792738834,89.67341891239386,False,False,moderate,False,False,False,False,98.72798449534835,80.43361895443881,117.06959541412196,1,0
43,F,21.093905572557208,89.49894651855239,False,True,high,True,False,True,True,131.08713545070913,68.61828022716526,60.0,1,1
38,F,23.774467559686393,88.7199724733828,True,False,low,False,False,False,False,116.72886621850549,64.46935492201187,78.01533945981282,0,0
75,F,33.00220795707809,102.95913037028522,False,False,moderate,False,False,False,False,122.90372818070922,84.0605156683312,67.91145233325588,0,0
41,M,30.732768321718883,106.7882508604026,False,False,moderate,False,False,False,False,122.67214062987343,85.86981256962608,60.0,0,1
22,M,26.095155297479554,105.43665576325252,False,False,moderate,False,True,False,False,108.4396327441571,65.71556981822582,106.04452579843199,0,0
47,F,24.386175804957713,91.79990631074976,False,False,moderate,False,True,False,False,121.4268861433602,64.24257470766989,129.8818161866619,1,0
68,F,28.29890535811798,97.88909898940851,False,False,low,False,False,False,False,100.24969617918836,77.79063711542014,145.99241210731117,1,0
29,F,29.584866773484006,105.09201410546964,False,False,moderate,False,False,False,False,114.28220976995719,79.50260612493983,129.37447046043204,1,0
47,M,20.76581728006612,101.55043685342763,False,True,high,False,False,False,False,104.18687594315776,88.28357750464119,92.46730968918939,0,0
26,F,24.15152509565509,92.21205363972906,False,False,low,True,False,True,False,107.97379730578604,85.28620971089009,149.88260415459706,1,0
61,M,16.30118796694364,93.4291426911054,False,True,moderate,False,True,False,False,90.0,77.1196382374108,104.63674424196064,0,0
47,M,29.553959496174027,102.10691265289844,True,False,high,False,True,True,False,115.13192574249958,89.39059458900621,114.11613648551554,1,1
38,M,33.79260915965385,127.76078864114537,False,True,moderate,False,False,False,False,129.7686643949104,74.15504654292711,88.82067236164669,0,0
32,M,24.860371810803883,107.2942710011587,False,False,moderate,True,False,False,False,124.84470241473184,74.60591045760319,103.42356729207812,0,0
53,F,15.0,74.39051929598077,False,False,low,False,False,False,False,139.34243846043333,87.33088977057787,97.25852435492608,0,1
60,F,27.24000732459664,98.38654528561536,False,False,moderate,False,True,False,False,106.75675837047864,88.533177719353,63.64715022106037,0,1
77,M,20.431598752329137,89.7230753315968,False,False,high,False,False,False,False,114.34087264422955,88.8209928735757,134.29616508528264,1,1
45,F,21.51492751250993,84.51969962847348,False,False,high,True,True,False,False,136.6742562886187,76.02558836277129,117.86875175081974,1,1
28,M,27.319593754059518,108.07377943827849,False,False,low,False,False,False,False,120.61453583656285,78.78776981566904,139.82113867826368,1,0
70,M,25.64549356480726,108.77654435111235,False,False,high,False,True,False,False,124.95999916531757,68.47011480560636,87.36103577695405,0,0
57,F,22.30351051097629,87.27398160585754,False,False,low,False,True,False,False,155.82688420549528,87.89941821365647,136.69149215983316,1,1
62,M,21.57677465329251,98.48901779640853,False,False,moderate,False,False,False,False,117.93270664321851,71.49562317467387,60.0,0,0
24,F,25.066262248493747,89.8570931192198,False,True,low,False,False,False,False,114.25374924004977,56.03779414523097,130.95032269892766,1,0
37,M,22.657405013694348,102.87420830271432,False,True,low,False,True,False,False,106.11241196610224,73.14831785469467,135.6528726610097,1,0
66,M,19.508432898786467,94.08986455504565,True,False,moderate,False,False,False,False,117.37259309241223,68.58637201812958,75.65266973154446,0,0
70,F,23.00346568334738,90.0056130468391,False,False,moderate,False,True,False,False,138.34830044227814,55.0,151.086220924898,1,1
45,F,26.02816680464833,95.02273472371274,False,True,high,False,True,False,False,131.17724951127263,71.69170026665093,166.54695922979522,1,1
68,M,23.69853439931165,107.69647334637526,False,False,low,False,True,False,False,144.92118118100106,86.6070263555142,91.88076224531015,0,1
71,M,18.139211307883166,96.98644532964208,False,False,high,False,False,False,False,127.77348141274429,82.55056830627834,162.72894302770405,1,0
42,F,28.950790796189928,98.817480427876,False,True,moderate,True,True,False,False,90.0,82.5299397386112,60.0,0,0
74,M,15.0,78.44084404898727,False,False,low,False,False,False,False,132.06534871215214,93.68251519061752,107.23066875101954,0,1
36,M,22.491356802372042,99.89161789869829,False,False,low,False,False,False,False,123.66808321477761,71.63262442519411,60.0,0,0
33,F,21.70910695450738,88.31398834783153,False,False,moderate,False,True,False,False,122.02737002951079,65.40067879308491,144.5376456598622,1,0
60,M,25.166804950421366,104.7813488347161,False,False,high,True,False,False,False,141.49168195373022,83.43355108259678,60.0,0,1
58,F,27.02747813511231,95.11489732808502,False,False,low,True,False,False,False,117.61019328173082,81.9277897030082,60.0,0,0
26,M,29.57044163717466,113.14383552505198,False,False,moderate,False,False,False,False,131.27471728239033,64.07144626422634,121.18158710550838,1,1
70,F,21.29417806991528,82.98617979432433,True,True,moderate,True,False,False,False,104.77211304292547,76.06279693209233,148.2698462585428,1,0
30,F,27.13962051800067,101.9771911205299,False,False,moderate,True,False,False,False,97.70773592417653,83.92347808975099,97.84289663857496,0,0
68,M,25.381182745466575,110.57689487212339,False,False,moderate,False,True,False,False,112.419135562646,81.02276940780179,116.7707121551376,1,0
18,M,16.798072811675496,86.35790060754528,False,False,high,False,False,False,False,116.98112388551385,86.0506467365557,173.66659502379372,1,0
68,M,33.0524311494535,119.49570257004171,False,False,low,True,True,False,False,130.7685093425258,70.60602322054217,78.72612579921703,0,1
67,F,18.025511927419103,82.5234228469241,True,False,low,False,False,False,True,104.44076912545304,62.39734825693785,77.64982850325266,0,1
67,F,26.387737725393716,94.7489559107823,False,False,low,False,False,False,False,146.11137245591024,67.95351055870532,149.99678278172001,1,1
59,F,26.254819748889865,102.49788873461276,False,False,high,False,False,False,False,106.55043736387574,87.50790408830649,119.85154222373906,1,1
47,M,25.740365520480847,107.54412399487167,False,False,moderate,True,False,False,False,120.58990785827031,89.39227104329426,161.8693760099848,1,0
62,M,22.274404030272766,102.98994048863838,False,False,low,False,True,False,False,122.18608328244403,76.1571422763792,66.64913314118868,0,0
35,F,28.22263693013226,99.70124613978037,False,False,moderate,False,True,False,True,126.78803106610287,94.6386315881394,60.0,0,1
67,F,17.47834636725607,87.14552436065553,False,False,moderate,False,True,False,False,129.2125927418428,76.21687095993417,61.80630389454153,0,0
53,F,24.203770450967347,93.41345271430468,False,False,low,True,False,False,False,158.19332369650544,72.36301781783064,136.73508102300747,1,1
46,M,21.962563955513936,97.4184822953247,False,True,low,False,False,False,False,112.35784272098238,62.47984204598041,154.01959834007744,1,0
49,M,21.45215926069836,101.3993669561454,False,True,moderate,False,True,False,False,127.00380456177032,77.16726986710208,149.47407316366414,1,0
53,M,26.429365043540955,105.0644733435361,False,False,moderate,True,False,False,False,120.66320267610055,89.665519887306,131.43910276183811,1,1
20,M,29.348653442238575,119.30800075386402,False,False,low,False,False,False,False,137.72665869146417,91.95365219600107,155.8485556423661,1,1
26,M,22.9553490717341,101.06690901645565,False,True,low,False,False,False,False,129.1819762315354,89.76202357499521,90.74122814826272,0,0
33,F,28.013064904666,94.95342947389055,True,True,low,False,False,False,False,125.51620110700397,83.49444882414669,60.0,0,0
25,M,24.723832994500693,109.00187618570818,False,True,moderate,False,False,False,True,98.09892935631177,95.5640600745368,60.0,0,1
45,F,20.482705058428962,85.16266039590087,False,True,low,False,False,False,False,114.74998312371707,67.3444141571621,61.13735914302122,0,0
60,F,23.339215580415214,96.05682433187476,False,False,low,True,False,False,False,106.37474264625585,91.03518073079879,60.0,0,1
59,F,23.152313491437734,95.8891342355537,False,False,low,False,False,False,False,114.84512097812615,81.09364231896288,64.38190866763162,0,0
47,F,21.36503039372549,92.18370030324725,False,True,high,False,False,False,False,108.78572522293575,80.3162632597981,79.60830099363547,0,0
71,M,26.42817317895125,106.42951907256206,False,False,moderate,True,False,False,False,113.70907523069053,62.346434403870056,133.23723836006363,1,0
53,F,25.555907844671417,97.54075778010004,False,False,low,False,True,False,False,115.42411470338982,81.75478882112282,122.300382234991,1,0
22,M,17.34207635778762,91.47813803738809,False,False,moderate,False,True,False,False,115.70332010281884,90.69423492990056,164.79673319866365,1,1
66,F,17.06813302142289,83.93940105596316,False,False,moderate,True,False,False,False,117.29206049175824,55.0,68.61345580078448,0,0
54,F,26.411080039425894,99.15917839773824,False,False,high,False,False,False,False,107.15121199678444,86.75104069450278,125.05948644802001,1,1
57,F,20.831211070424594,82.71224904976982,False,False,high,False,False,False,False,122.59248706230476,55.0,158.06240386836362,1,0
53,M,25.859185197951458,109.62527942280349,False,True,moderate,True,True,False,False,107.56983321526296,62.40875064600474,94.1187538799908,0,0
52,M,28.014192101491346,113.88877464241553,False,True,moderate,True,True,False,False,112.41832806280337,76.96267579749914,96.41745010696481,0,0
23,M,18.780712231674983,93.03228198968765,False,True,low,False,False,False,False,121.19698648085065,95.40980371284977,160.36077091614675,1,1
53,M,18.148082354407165,94.2681258381158,False,False,moderate,False,False,False,False,90.0,76.59099966596742,99.5438953946438,0,0
68,F,32.03494257077883,97.57971643159743,False,False,moderate,False,False,False,False,161.86489551933244,83.16961979353458,162.16303086631189,1,1
37,M,26.082068523331067,103.69227051858894,False,False,low,False,False,False,False,130.39620639695875,67.99163515768824,60.14808519474462,0,0
55,M,22.61341704497028,97.8767571807493,False,False,moderate,False,True,False,False,127.11732934676574,75.86301964954376,168.67027240912716,1,0
19,F,20.297267963091812,91.5265080175817,True,False,low,False,False,False,False,113.65056050128426,77.39632790983744,156.00967925762944,1,0
39,M,22.203016179917242,103.58178496342592,True,False,moderate,True,False,False,False,123.50354654542292,95.92137768861143,78.52635777148826,0,1
45,F,19.142424487490104,91.38945939438385,False,False,low,False,False,False,False,102.64188980915435,69.77978795704077,101.21215970795897,0,0
79,M,28.475354783407656,110.46384808239371,False,False,low,False,False,False,False,129.84364228576683,70.7490606209442,68.56260836584063,0,0
31,M,21.004619808771555,96.83136912897103,False,True,low,True,False,False,True,95.05939026888,89.84508222669649,94.72487513701479,0,1
35,F,29.420905646973203,101.65074950006428,False,False,low,False,True,False,False,101.69778067718396,75.28499440301074,60.0,0,0
43,F,22.69716986103495,93.37809596208314,False,False,low,False,True,True,False,110.6411077732593,79.24487766834578,60.0,1,0
80,F,19.804924173722085,85.82403427181791,False,False,moderate,False,True,False,False,146.15846520077724,82.78705917074831,68.11347845647254,0,1
71,F,22.581642853937893,93.76155545491132,False,False,moderate,False,False,False,False,104.3700933386766,70.99842134842469,148.2893565584523,1,0
20,M,15.0,84.84297007351672,False,False,moderate,False,False,False,False,127.33891064128848,55.4243538865921,60.0,0,0
32,F,23.95654140496697,90.94842897148767,True,False,low,True,True,True,False,90.0,89.82672737804515,160.04688155809555,1,1
69,M,23.734463639914285,96.35604400816723,False,False,high,True,True,False,False,122.39694088646843,79.27758218207289,144.00903289245525,1,0
21,F,28.211342359465853,98.57088624501199,False,False,high,False,True,False,False,149.76282137669023,63.95325408241906,158.10931589810644,1,1
71,M,16.011627824074793,90.88523438869083,False,False,moderate,False,False,False,False,130.00404573967404,86.55906758153401,124.06524589667825,1,1
35,F,29.728398623885965,94.72787058119374,False,False,moderate,False,False,False,False,90.0,100.10158387645775,169.7200952141354,1,1
75,M,28.192696827489453,113.14492224974406,False,False,moderate,True,False,False,False,122.6961470472488,91.11865471725446,61.79973336852686,0,1
36,F,30.13419603664398,95.22794547953278,False,False,moderate,True,False,False,False,114.5757415915246,100.89034883519611,159.89196268557944,1,1
45,F,24.262753807981383,91.35210667685806,False,False,low,False,False,False,False,141.6220232210179,64.49446321154274,218.45050172670005,1,1
59,F,29.0625357534624,106.28931614268873,False,False,moderate,True,False,False,True,120.39725937117244,80.74494227939867,102.77707116054792,0,1
25,F,17.879401842918927,78.86257742175493,False,True,low,True,False,False,False,98.95798113733379,81.9032463954782,110.06263568252443,1,0
53,M,27.7087140434204,105.67347329387063,False,False,high,False,False,False,False,119.81861231795844,76.71561328828683,79.7505048267709,0,0
49,M,21.029767570550245,95.03897428366406,False,False,moderate,False,False,False,False,110.86101194162289,74.39480593824695,114.32344295916162,1,0
67,F,17.068691754096786,88.12405933158426,False,False,high,True,False,False,False,90.0,55.0,118.5150704289028,1,0
80,M,19.441367668260376,95.36910519344809,False,True,low,False,False,True,False,119.21206561695352,96.6174240791921,60.0,1,1
59,M,24.524890123831717,109.15542184512518,False,True,moderate,False,False,True,True,122.07131931707384,60.215425721462104,133.42110215803365,1,1
43,M,20.790653563020786,103.58181270531708,False,False,moderate,False,False,False,False,128.10125928946042,87.94077664238692,150.83597114908144,1,0
43,F,26.192330892631098,90.61407081456754,True,False,high,True,False,False,False,138.2801236453703,78.120633864004,81.15911187266727,0,0
44,M,16.362931002481922,98.01836466628353,False,False,high,False,False,False,False,117.50803571335236,77.66462116903834,97.14548047017576,0,0
69,M,15.0,85.57450777373433,False,False,low,False,True,False,True,97.97966329512232,75.73971214626458,141.68713289061267,1,1
38,F,30.675743453646092,108.45880666283071,False,False,high,False,False,False,False,108.61299744059599,80.18920034868192,79.47791913832273,0,0
28,M,28.567100582306455,115.63349331970429,False,True,high,False,True,False,False,121.7021351448275,85.0485649336952,138.01428641282934,1,1
39,M,19.778164238387866,88.24631806210192,False,True,high,False,False,False,False,141.44354629379148,88.46866466763954,122.01246105061776,0,1
19,M,24.48650160438257,101.05569079708943,False,False,moderate,False,False,False,True,122.06324594982932,76.61509081781593,193.72112302750602,1,1
24,F,29.087781770905956,101.01487441114367,False,False,high,False,False,False,True,119.88481973872985,64.73960484454584,107.51342175831604,0,1
23,M,26.386402737307726,107.08599900695879,False,False,low,True,False,False,False,118.21751212629808,64.3620945677937,93.31665928331093,0,0
66,F,25.167003932825654,91.84838828196281,False,False,low,False,False,False,False,121.86898236996255,89.42824788759359,120.64962500010883,1,1
63,M,29.428193365906687,108.24758792735201,False,False,low,False,False,True,False,152.56713560389983,75.01553631524058,116.04838743322371,1,1
61,M,21.211793861594508,98.13801939313677,False,False,moderate,False,True,False,False,120.65001044022254,66.72739576857347,169.1182133572531,1,0
47,M,24.640303018990828,108.36719538913466,True,False,high,False,False,False,False,117.78266549700184,69.84073615160447,167.28115758846602,1,0
63,M,24.41968112768424,104.0352976959757,True,False,moderate,False,False,False,False,122.61222945419061,76.96710034869966,86.46510906975055,0,0
28,M,23.27257078548031,98.56972389530031,False,False,moderate,False,True,False,False,111.17849784085628,63.8829253911606,105.27232949402732,0,0
74,M,22.745875198606615,95.95242151510259,False,False,moderate,False,False,True,False,97.01933760104014,77.65746098777666,87.68850339615643,1,0
49,M,24.827907070228207,101.45185439458847,False,False,moderate,False,True,False,False,94.15995367510939,91.7836710438957,81.48901907494162,0,1
77,F,24.654833731934875,94.84631703854377,True,True,moderate,False,False,False,False,110.37148712494356,76.69440085217495,60.0,0,0
27,F,19.782075608594635,83.0055947222976,False,False,moderate,False,False,False,False,140.89966541129198,58.556695491789476,171.10919049608913,1,1
49,F,28.108081594552015,100.35914953648256,False,False,moderate,False,False,False,False,140.67346616120952,87.54557582799275,88.53843199916031,0,1
61,F,20.106266565051836,83.53987971600328,False,False,moderate,False,True,False,False,104.14425043419716,90.21209346234616,96.38620777392813,0,1
49,F,23.517949499537718,97.7373725486795,False,True,high,False,False,False,False,119.46944596496027,90.79210054188978,208.95543099987202,1,1
46,F,23.171237872759768,95.20730647249499,False,False,moderate,True,False,False,False,124.10447678527912,78.64891147210152,89.59319081301726,0,0
28,F,26.111466256966473,101.39030323251592,True,True,moderate,False,False,False,False,110.40112783338066,103.64625974274688,105.59238491189925,0,1
42,M,15.0,83.975561431489,False,False,moderate,False,False,False,False,142.93897395137827,86.09569478599298,121.35024137549878,0,1
33,F,28.50909416718256,99.53215182119743,False,False,high,False,False,False,False,134.19246528692125,110.88777914622378,123.83308798008584,1,1
36,M,21.45354343574526,99.2290658133798,False,True,moderate,False,False,False,True,127.77373762679579,92.86750072274921,90.34643902531924,0,1
61,F,29.989834826496743,109.9506310371954,False,False,high,False,True,False,False,123.09621831016574,91.18363552025605,151.31494631524512,1,1
57,F,22.348257839677306,90.09673394279403,False,False,moderate,False,True,True,False,96.99163514597808,71.15080446205445,117.62064304192948,1,0
56,M,24.280203864196952,104.24924415237793,True,False,low,False,False,True,False,143.71149420920435,67.5719746080118,115.93161114764202,1,1
40,M,33.11203718030791,121.03707307007811,False,False,moderate,False,False,False,False,131.28821623280515,79.27061682979688,88.41902874951485,0,1
78,M,23.251978060428492,94.8490970628289,False,True,low,False,False,False,False,128.54815794985728,75.88219674730634,107.42950339599612,0,0
23,M,30.074824481030564,109.6453225828448,False,True,low,False,False,False,False,110.19278060432801,72.08660591102812,146.11488027496048,1,0
39,F,24.675702885040522,95.45300332798824,False,False,low,False,False,False,False,111.58058117093529,76.56837266887865,146.2301747507703,1,0
25,F,26.369384736320704,97.11100962872628,False,False,moderate,False,False,False,False,129.9128643246082,75.82154895149691,96.98133159786464,0,0
39,F,24.814813652351184,100.80818507886066,False,False,moderate,False,True,False,False,139.6358302573191,70.9585255147392,84.90973833144699,0,1
78,F,28.31533231835056,94.15066632921295,False,False,moderate,True,False,False,False,149.59746864799234,85.22910662528355,142.74839178574686,1,1
41,M,21.41510774216127,99.08765434822709,False,False,moderate,True,False,False,False,110.23415153973909,69.73153995443721,122.5460893921098,1,0
75,M,20.071781646413665,89.92284695355427,False,False,low,True,True,False,False,119.45798288331288,77.52539513557954,142.689447889144,1,0
49,F,21.626407143303403,80.82193231499231,False,True,high,False,False,False,False,90.0,64.64159161387518,78.08805645056354,0,0
62,F,24.94869669345841,98.41062042159986,False,False,high,False,False,False,True,90.0,79.10094299245192,111.24882723908318,1,1
46,F,23.50631546502352,90.38043108810588,False,False,moderate,False,True,False,False,130.39021078386676,80.21451429935874,142.7764758915186,1,1
34,M,27.696236944120294,107.59464063456895,False,False,low,False,True,False,True,108.347149137379,67.42538394256485,87.075896526402,0,1
66,F,30.37129264919684,105.15041420365337,False,False,high,False,False,False,True,90.42835625122657,78.77518667538327,178.05433968973966,1,1
79,F,20.10872748244246,89.60253383841868,True,False,high,False,False,False,True,103.39260226091446,76.9239856142797,169.05799964475938,1,1
34,M,21.197230437737304,97.87467958381652,False,False,low,False,False,False,False,127.48520472142641,72.93162067825897,104.86526378471,0,0
67,M,18.036922617592158,85.43952529821458,False,False,low,False,False,False,False,128.14254687836632,73.03551302922862,105.11480444890647,0,0
34,M,33.636678458415965,116.84895849686256,False,False,low,False,False,False,False,95.80392390448847,82.92574122914021,123.24105435897495,1,0
63,M,25.87101274604822,101.45767087345428,True,False,moderate,True,False,False,False,141.78270645604647,78.31170118166594,117.94920275489925,1,1
67,M,26.6591104402321,107.4594246895699,False,False,moderate,True,False,False,False,110.86881907066265,88.53406711754528,154.51116963581364,1,1
46,F,18.469062267360282,81.74275433724728,False,False,low,True,True,False,False,126.3985569737589,66.5999867919142,81.17091578846171,0,0
64,F,24.494735049469064,89.39550371355708,True,False,low,True,False,False,False,122.60203759653959,75.93681952081359,81.54235895457252,0,0
35,M,26.791615929858885,111.33309505969353,False,False,moderate,False,False,True,False,121.8150721671022,71.24149500058978,121.48453663660337,1,0
22,F,23.362590392595088,90.163874488438,False,False,moderate,False,False,False,False,107.00898703082808,78.66512842827099,129.3229466428114,1,0
24,F,29.340675311718776,101.65811814919108,False,False,moderate,False,False,False,False,121.61092144070982,80.96093241991778,110.74396714908062,1,0
46,M,34.90324006539274,121.39705580538406,False,False,low,False,False,False,False,126.30991161840467,64.9989649066176,143.34278929814943,1,0
74,M,20.238217278077215,108.61009346858357,True,True,moderate,False,False,False,False,118.81094288983722,84.52317749317076,159.85748729770253,1,0
26,M,19.900607393104863,93.56313841369293,False,False,high,False,True,False,False,123.61478799976587,101.79070325928184,138.15000052299345,1,1
46,F,20.550097705121406,90.09817266477069,False,False,low,False,False,False,False,139.62906970227812,79.8768221200531,124.99279951406945,1,0
62,F,31.727896220074207,113.62574973072188,False,True,moderate,True,False,True,False,114.45990746642742,68.45405336063166,104.4206014090854,1,0
30,F,29.19059892663358,104.73682914135178,False,False,low,False,True,False,True,132.4537281259281,74.78810513849459,114.62568104504618,1,1
63,F,23.89012481992858,99.5989290297823,True,False,low,False,False,False,False,118.63341900848702,74.434111719538,64.18081916720139,0,0
37,M,24.664518489803935,105.57438465695833,True,False,high,False,False,False,False,144.79268176232128,70.65987288567607,70.36533274356715,0,1
68,M,20.825553682114755,89.86478154954733,False,False,high,False,False,False,False,99.50435091159228,85.94995462233514,156.0551219435406,1,1
54,F,28.505122209844327,100.5504745128703,False,False,low,False,False,False,True,142.86086595131644,57.945338477738346,173.37649631494637,1,1
52,M,22.79044179151151,95.6177882483353,False,False,low,False,False,False,True,113.49367475329586,80.99721003860377,64.1824463013897,0,1
29,M,23.329655572452502,100.46820640089413,False,False,low,True,False,False,True,155.7885743095391,92.19526946694313,131.1278450149987,1,1
47,M,27.239553971881655,111.44935874591643,False,True,moderate,False,True,False,False,128.9644569172739,91.48601477453974,60.0,0,1
71,M,23.654022778625503,111.79339173703131,False,True,low,True,False,False,False,135.6039750247959,89.26957076631919,169.67894582697613,1,1
19,M,23.44265302925969,97.88477336954283,False,False,moderate,False,False,True,False,119.42531714772942,70.73882144330868,111.41619477009061,1,0
65,M,24.54758842488084,103.58438936707994,False,False,low,False,False,False,False,132.8914886678512,94.03299429948765,200.17467822112377,1,1
49,M,28.079099362068845,107.64734415262176,False,False,moderate,False,True,False,False,132.8849731168945,82.03288071234152,89.71813067768979,0,1
63,F,31.909218839677248,108.94886553039882,False,False,high,False,False,False,False,119.72136387419488,93.65590496796511,94.15909159453447,0,1
59,F,27.134688045107367,99.09343117950364,False,False,low,False,False,True,False,134.228741934124,89.89717966294253,125.9855547270419,1,1
45,F,28.114914006309203,101.50877960440694,False,True,moderate,True,True,False,True,90.0,81.45834399650133,143.62970364244006,1,1
37,F,23.60065672054494,96.75748735413336,True,False,high,False,False,False,False,111.6937369211347,75.30804941871448,140.3932938476165,1,0
57,F,21.314909615740774,90.82495685890811,False,False,low,False,True,False,False,122.34243371889143,104.0051810878265,146.08995509292336,1,1
26,M,27.442938045058018,111.06120550468336,False,False,high,False,False,False,False,130.0302877111424,58.42137315530037,104.08956512375202,0,1
54,F,25.27058371070257,94.86082885799249,False,False,moderate,False,False,False,False,137.55222623380033,76.09191180300309,146.4931502453068,1,1
23,F,18.098171080626127,77.48649304559824,False,False,moderate,False,False,False,False,117.95685709028967,62.540508329110295,189.8241926754034,1,0
58,F,23.023686694584807,94.43414623357127,False,False,moderate,False,False,False,False,115.75283899393733,79.28691456624838,140.0425040810633,1,0
57,M,24.12696339433301,106.62880872158627,True,False,low,True,False,False,False,135.94436793837167,81.92385440413194,83.3703006448808,0,1
23,M,22.202939598371845,93.41017265080832,False,False,low,False,False,False,False,140.4247549554021,70.92778215443052,126.94348362973535,1,1
65,F,31.167810175439573,102.18264123857367,False,False,moderate,True,False,False,False,133.83779954353597,71.75510212316888,60.0,0,1
44,F,26.659275666059976,94.12536378120728,False,False,moderate,False,False,False,False,119.5513637295326,63.47328835133494,136.58262430041046,1,0
67,F,30.679287130498917,102.27123832104492,False,False,high,False,False,False,False,162.77708931883978,82.9710349160595,60.0,0,1
20,F,25.685413677434717,97.74635451669103,False,False,moderate,False,True,False,False,123.26965611061932,72.87036351654282,137.14001924582095,1,0
29,M,24.866245263912848,110.2814102381345,False,False,low,False,False,False,True,125.462914354571,82.64654311854262,110.58836530224454,1,1
49,M,20.285309820753877,98.63276375714709,False,False,low,True,False,True,False,148.12704092002394,72.23853473035703,147.1679751598978,1,1
29,F,24.55368289938455,98.54741171931919,False,False,high,False,False,False,False,146.44886576501167,80.71885484389828,113.69816187929685,1,1
38,F,24.55874266553948,98.70102531018028,False,False,low,True,True,False,True,133.32019480369397,86.13533702003072,161.46550086018328,1,1
59,M,18.34798752184595,88.44837506959587,False,False,high,True,False,False,True,107.57324522610064,83.26351187216565,132.0373949941435,1,1
27,M,22.072126386033222,92.35119860679488,False,False,low,False,True,False,False,123.80257595349033,80.31713986744556,150.5569944704223,1,0
60,M,23.045228306676368,103.22796126276342,False,True,low,False,False,False,False,130.2790312676015,76.86251435691426,98.55677554684604,0,1
24,M,26.360657948250747,103.42647063825595,False,False,low,False,False,False,False,153.2330315253984,83.24902252928852,96.71416239307747,0,1
29,F,26.576075503935677,96.8904615274263,False,False,moderate,False,False,False,False,169.1960599786243,71.3702524294346,63.21611222351876,0,1
55,M,21.884066831156577,99.86982835957309,False,False,low,False,True,False,True,112.41575951075919,75.84868522798381,72.1851876826754,0,1
67,F,26.60991321143848,93.63889637238124,False,False,high,True,False,False,False,135.64259291807974,81.81246481942816,115.39278153515187,1,1
28,M,23.68064481793167,106.37632682637722,True,True,moderate,False,True,False,False,108.96018649389585,94.90921967391307,114.29319960716957,1,1
36,F,15.0,79.04676162665947,True,False,low,False,False,False,False,120.0021194450541,71.26819146613356,126.07143580335732,1,0
76,M,22.31884085621806,100.95391380986328,False,False,moderate,True,True,False,False,108.12000164819446,68.26270496949887,87.8837958938157,0,0
80,F,29.355448880640704,107.19495197297451,False,True,low,False,False,False,False,148.7077432082266,81.1373111643488,117.95717493193905,1,1
54,F,16.93187409517544,80.1487700868313,False,False,moderate,False,False,False,False,125.80532795416518,91.27838079082294,159.13085620668159,1,1
46,F,25.00711040186993,94.85662357467073,False,False,moderate,False,False,False,False,126.6950724386266,86.92945654434213,127.18353594231885,1,0
39,F,31.633675463833793,105.19713052852829,False,False,high,False,False,False,False,122.78814004617749,78.24038876736145,113.4029802402375,1,0
56,F,21.077241711452835,86.18246573886398,False,False,moderate,True,False,False,False,128.02077747358607,91.48194261360547,122.013434812585,1,1
55,F,24.509670861924587,97.15847149812181,False,False,low,False,False,False,False,128.5674958479179,58.08831890358295,155.53951936637026,1,0
36,M,18.631926842474353,95.33844838460404,False,False,moderate,False,False,False,False,111.03684524027005,89.12585536357678,118.09265172861178,1,0
19,M,31.822540137486076,114.45864965135348,False,False,moderate,False,False,False,True,94.99497882839121,74.54394337634669,93.82370053228607,0,1
27,M,24.125003178515236,107.50529938704689,False,False,moderate,True,False,False,False,100.76129119988413,84.92987001503555,94.17187136175983,0,0
78,M,24.709820792573083,107.51876711728524,True,False,low,False,True,False,False,96.22875066205236,89.08778922859744,92.95556834625867,0,1
44,F,30.5943520947753,106.37271142816203,False,True,low,True,False,False,True,125.11859216069973,80.13085412713019,92.07825235039422,0,1
48,M,27.476652775904665,110.31753998364225,False,False,high,True,False,False,False,108.9363496398864,78.77154954413035,139.63927808241812,1,0
47,M,20.55967070376467,101.14416764984348,False,False,high,False,False,False,False,137.68160575936133,73.69356249599139,171.52003061418884,1,0
67,F,21.587249341607077,90.56106341729355,False,False,low,False,True,False,False,125.85060284330349,96.60649956663508,97.69942549148846,0,1
22,M,26.727190870354843,109.2413392440359,False,True,high,False,True,False,False,92.63326553637847,81.78920897303425,80.42412511663919,0,0
23,M,21.69145525221677,98.58617001798889,False,False,moderate,False,False,False,False,115.43228200967556,80.44577426769519,67.53904007352067,0,0
35,F,15.0,80.37790990690021,False,False,low,False,False,False,True,90.0,94.60387002114074,172.4250959065484,1,1
48,F,24.26041640612415,98.14380091845514,True,False,high,False,False,False,True,103.69273734720866,72.47242136928621,145.82640172933995,1,1
60,F,17.83904302493836,79.35784632596065,False,False,high,False,True,False,False,114.15570097940123,75.2524771676742,88.16454770977127,0,0
48,F,31.773267891036767,111.13716604027562,False,False,moderate,False,False,False,False,106.87415735334035,88.31173313777354,116.91017848609292,1,1
45,F,25.295544369934188,95.565536417134,False,False,moderate,False,False,False,False,152.15866462764956,97.5179064541255,161.10436360059987,1,1
77,F,20.42671224465391,85.65812658845185,True,False,low,False,False,False,False,133.9807293251095,78.48986588381015,109.77089557251298,0,1
28,M,21.356154134018958,94.58942189137083,False,False,moderate,False,True,False,False,116.75483858317452,82.25242736556608,142.19223688553893,1,0
54,F,15.997710854567359,76.59086633393746,False,False,moderate,True,False,True,False,144.83013951060087,60.52729657816351,106.53590190083716,1,1
52,M,19.552421509487733,94.34124033435883,False,False,moderate,False,False,False,False,106.40852449130388,92.10434224146805,101.659419448822,0,1
47,M,29.073454411433147,112.48936522686186,False,False,low,False,True,False,False,116.68510090393282,66.08523739352411,60.0,0,0
68,F,34.54303765471576,118.19240584923308,False,False,moderate,False,False,False,False,135.66247839944253,72.06622448042793,97.83970527426078,0,1
34,F,27.768784309395315,92.95959349968923,False,False,high,False,True,False,False,104.14999155647155,80.07243870779317,93.2355812946134,0,0
78,M,24.08580857620537,103.11594490760801,False,True,high,True,False,False,False,132.96055797174319,70.86062277225739,130.21446426100533,1,1
38,F,22.556182809557374,94.09622525187312,False,False,low,True,False,False,True,126.6845362187544,56.6652689608997,120.74100702461128,1,1
52,F,20.19576883890637,87.13068250756452,True,False,moderate,False,False,False,False,131.4092246800024,64.40720830571841,118.92206730541761,1,1
50,F,33.76894654702883,112.36799144434674,False,False,low,False,True,False,False,150.7584669524744,79.08289210418202,145.33799749921204,1,1
71,M,23.65063084161031,94.15351270583176,False,True,moderate,False,False,True,False,129.28856816119344,94.45910531698992,60.0,1,1
45,F,34.02033423528127,107.11002477938453,False,False,low,False,True,False,False,124.01664488536342,93.57381667364517,110.26734453818807,1,1
35,M,30.770837793245274,113.51191014030464,False,False,high,False,False,False,False,98.0423177004719,82.20222776467968,71.05757634544955,0,0
19,F,16.66641605894177,72.13790800528298,False,False,moderate,False,True,False,False,125.36456331944167,79.72392481045935,68.19523549333175,0,0
40,M,21.503214219083187,92.8886144082737,False,False,moderate,True,False,False,False,114.3208786822976,86.77413802698078,101.82972691226917,0,0
70,F,21.4892969412178,93.17599260282327,False,False,moderate,False,True,False,False,120.02995128331523,92.58230068553407,112.75753854599492,1,1
18,M,24.140691361524173,103.0438055147845,False,False,low,False,False,False,False,114.42507314521652,79.28766636738548,129.58232090145856,1,0
74,M,24.228585860988108,107.89174899126043,False,False,low,False,False,False,False,129.86420215129942,79.6655909219235,127.25994770809936,1,0
52,M,37.983075929291644,129.69827653990666,False,False,low,False,False,False,False,106.15011297327281,80.23903758326547,83.07261589283547,0,0
26,F,19.652474564863585,77.41968380663666,False,False,moderate,True,False,False,False,125.39281267567507,89.1056511298522,105.10413321068692,0,0
37,M,25.530364710489756,104.00474960399892,False,True,high,False,False,False,False,105.33482179184597,62.94673778135352,162.29733273984394,1,0
52,F,27.274284841105114,103.9374784519627,True,False,low,False,False,False,False,93.22021596916099,78.18026277132024,168.48681949505485,1,0
37,M,24.492925979888618,99.28416730010724,False,True,moderate,False,False,False,False,116.53225017981656,82.40660362828781,101.25857883591722,0,0
24,M,24.995812600016112,104.67788560653952,True,False,low,True,True,False,False,129.42228479142722,57.17404890174591,115.24977711104071,1,0
59,F,19.798359975620357,85.73236610191339,False,False,low,False,True,False,False,109.56807669944826,88.08853032805986,80.63004029231722,0,1
60,F,24.979187875712068,89.74039713484105,False,False,moderate,False,False,False,False,124.18545051813564,89.83800929484553,147.95499443443464,1,1
25,M,26.801295482784674,119.02533900020808,False,False,high,False,True,False,False,116.19231648241266,56.59280587815018,193.06059091549042,1,0
35,M,25.974202629220077,105.10263889480595,False,False,high,False,False,False,False,105.43325154535583,73.45305667759574,93.26921408260412,0,0
33,M,27.06590406760441,110.51768795915912,False,False,moderate,False,False,False,False,130.91674086922643,73.81912628537398,153.16771462246328,1,1
59,F,30.856735552863043,105.2819420850697,False,False,moderate,False,False,False,False,111.57878898127109,68.22263055079428,137.781557974234,1,0
64,F,28.716349438614536,101.01288381730633,False,False,low,True,False,False,False,127.99395722499258,69.7395279209066,106.12699467321656,0,0
63,M,24.820825760738465,108.16063675673699,False,True,low,True,False,False,False,98.63701477841266,72.25347147809127,87.63714434002138,0,0
77,F,19.22708741652525,87.36277518549115,False,False,high,True,False,False,False,124.18896571083008,84.70937769319247,198.74371919760495,1,0
66,M,21.799976263799962,99.0211500139658,False,False,moderate,True,True,False,False,131.9817560386104,91.72175870242545,138.81513536315413,1,1
38,M,23.51165981637163,98.73986858990544,True,False,low,False,False,False,False,127.62836119078051,84.07003063231717,145.5513312934621,1,0
24,F,25.635556241036515,91.78640840715615,False,False,low,False,True,False,False,136.28065542548768,67.9475493652984,104.59507199422265,0,1
56,F,22.347502573252722,96.23823820282315,False,False,low,True,True,False,False,132.3279036521233,86.70134894662574,114.13507340811468,1,1
75,M,20.289200603670416,94.30455730307216,False,False,moderate,False,True,False,False,126.78746328125327,84.64397132805662,69.41231336629559,0,0
79,F,19.153105898958483,92.19595927515266,False,False,moderate,True,False,False,False,135.5361790880772,55.0,138.6307871040853,1,1
32,M,17.069700084250112,97.78688477762469,False,False,high,False,False,False,False,116.01987626658115,91.6389618290003,98.89134072996325,0,1
32,F,23.44272183301444,90.17019040149901,False,False,moderate,False,True,False,False,130.34045380653765,79.46881709295178,76.07186290220325,0,1
20,M,17.886505510683627,91.2102177442384,False,False,high,False,False,False,False,122.34848527070618,79.87723850331557,82.07737631224133,0,0
26,M,19.997634421291735,102.55936798030238,False,False,low,False,False,False,False,151.6098353874955,58.8279839046278,196.37131373238967,1,1
52,M,22.72744157220064,100.34242645321058,False,False,low,False,False,True,False,126.37592255250381,95.75309204811835,101.58824054067837,1,1
52,F,18.48837210773855,86.28710798888567,False,False,low,False,True,False,False,101.43263731272282,81.70659574738642,124.8871397588751,1,0
41,F,26.208884848244136,97.20223312439255,False,False,low,False,False,False,False,126.04853293029937,86.52623144559504,70.17610672160814,0,0
37,M,27.831003786225594,103.55647201669579,False,False,high,True,False,False,False,106.78051660598078,63.43832042813648,105.38214087561036,0,0
70,F,22.02757841101071,87.74843629448551,False,False,high,False,False,False,False,133.6558289731866,83.62954985582154,64.03177442448956,0,1
46,F,22.53337711575499,90.91497938708558,False,False,low,False,False,False,True,133.94393421526144,83.8487836455315,125.01427910514798,1,1
68,M,26.918433965625848,109.67528277096962,False,False,moderate,False,False,False,False,112.25487109068769,76.28882272953452,80.1317604846445,0,0
78,F,21.287022062443945,98.79736597530695,False,False,moderate,False,False,False,False,105.39467310210682,63.7750805921331,139.9349585775307,1,0
37,F,20.97769739781217,87.60424722923239,False,True,moderate,False,False,False,False,124.12424311835471,77.3240588319439,60.0,0,0
30,M,29.884243151838305,106.44279769199707,False,False,low,False,False,False,False,107.53659591913748,67.49433753958125,89.87732956745398,0,0
78,M,28.478844824207542,113.1025887663555,False,False,low,True,True,False,False,108.58476822071657,70.319595710835,153.18562465081067,1,0
57,M,27.206975010547637,109.61817839806594,False,True,low,False,False,False,False,113.90299470867707,90.76037420800694,165.65785142990381,1,1
36,F,28.665400796273417,94.3083737624552,False,False,high,True,False,False,False,131.9889754267974,78.95421728181407,112.2092413064322,1,1
57,F,15.602245735846866,81.40132286495266,False,True,moderate,False,True,False,False,98.25701033835732,77.11039495201098,98.4083556038451,0,0
50,M,30.592259960568985,111.29539052043985,True,True,moderate,True,False,False,False,109.92825646632461,65.07004743138916,116.07720009191773,1,0
75,M,26.26427952462684,107.07281060797303,False,False,high,True,False,False,False,160.3797971195425,77.49619383579827,183.81986429370244,1,1
34,M,29.048516228025807,110.9761300103831,False,False,low,False,False,False,False,153.26086375318502,76.34798720283209,102.60445043028659,0,1
80,M,26.24222800602363,108.97484188592414,False,False,low,False,False,False,False,141.35677941432365,67.20199685921423,112.12096679955451,1,1
76,M,24.720161711060705,104.60385932681001,False,True,low,True,True,False,False,122.70064747402108,89.93504440233183,75.14868321945369,0,1
29,M,23.261108544370753,96.83020857565678,False,False,moderate,False,True,False,False,134.0319091520607,89.40841338376173,88.28129456731155,0,1
28,F,26.152149695987923,103.76005242832608,False,False,moderate,False,False,False,False,115.84456139649275,69.48056430144108,127.42123198674084,1,0
51,M,23.097134409929517,102.6264747484052,False,False,low,True,False,False,False,90.0,82.35412951189005,143.25891735068015,1,0
20,F,28.405442450293005,94.63465800637084,True,False,low,True,False,False,False,112.87659638292828,57.62007717756534,122.58375840804273,1,0
36,M,17.3609450995151,91.56709271533407,False,False,moderate,False,False,False,False,114.41632078302271,81.50063396974366,141.07381142670252,1,0
45,M,22.06290862192575,102.96642493514717,False,False,moderate,False,False,False,False,122.4516519476096,86.59479130490384,76.98225287021889,0,0
79,F,33.70170461814491,107.51378691305321,False,True,low,False,True,False,False,129.72756714466644,65.64944815100363,73.5134163495563,0,0
80,F,21.682637913924236,90.30027604274244,True,False,moderate,True,False,False,False,148.41483290857593,78.16520852838082,139.80438183388395,1,1
27,F,23.42592324621435,93.73124896225524,False,False,low,True,False,False,False,122.50847975820479,79.40367653060322,95.3344198758616,0,0
74,F,20.528385799924656,94.76752910035489,False,False,low,False,False,False,True,105.94366134256377,109.78039349374838,70.89176251333852,0,1
23,M,26.011305527986206,111.6486415007771,False,False,low,False,False,False,False,118.86515813019562,106.38892614555976,119.09930837934756,1,1
65,M,21.186807994360123,100.2558165882479,True,False,moderate,False,False,False,False,132.30569214181693,81.54110997236633,115.00478845891918,1,1
71,F,23.664750793368274,97.47882579038352,False,False,moderate,True,False,False,False,120.20452815155652,70.69937559242116,105.35526307794376,0,0
74,F,28.319899412157817,105.36393736657661,False,True,moderate,False,False,False,False,109.14368912425554,80.68903942280285,167.5452839446572,1,0
32,F,21.35556461533333,90.09867576055721,False,False,low,False,False,False,True,130.3931747111075,90.3889257204388,177.61299315816498,1,1
74,F,28.048750036693495,98.89242247787375,False,False,moderate,False,False,False,True,103.71523369380705,59.58640225025856,145.5923367395831,1,1
25,M,28.200031920021605,110.5547054458917,False,False,low,False,True,False,False,107.94284402469027,55.0,127.03232726030856,1,0
50,M,29.24730242623682,117.31697763127572,False,False,low,False,False,False,False,128.6574792245149,65.39438901213742,160.30334512961952,1,0
47,M,25.13243447713118,95.84968714548346,False,False,moderate,True,False,True,False,109.43661101547647,86.38580054481525,117.52248160296557,1,0
37,F,39.085665846395536,119.79096248612272,False,False,moderate,False,True,False,False,116.35919670680369,87.02701529155226,105.21849782488047,0,1
19,F,29.245401634439368,105.3616485230013,False,False,low,False,True,False,False,122.25449609941958,82.86523924898684,91.57346431302534,0,0
66,M,25.961949309830718,101.2455041919187,False,True,low,True,False,False,False,121.32929207955438,90.21831160448514,84.62172427013572,0,1
39,F,20.558340136632193,84.97031044680125,False,False,low,False,False,False,False,106.51713508743529,76.0025585730274,144.4807717749062,1,0
59,F,24.063233933566366,94.40583555715128,False,False,moderate,False,False,False,False,127.26209719462483,75.01953157406193,60.0,0,0
43,M,30.91847139605015,114.22511791547764,False,False,moderate,True,False,False,False,107.31911647711092,82.23608089325604,91.19986247778571,0,0
41,M,32.19290577031821,125.34235801758896,False,False,moderate,False,False,False,False,148.41033998278786,96.82414983156933,99.6203752307861,0,1
73,F,31.152480951981033,105.30339367631451,False,False,low,False,False,False,False,115.57766544224526,82.52259780157344,62.741335259881325,0,0
23,F,28.03336538028329,100.00192866996113,False,True,low,False,False,False,False,131.72630802097822,76.94678446007907,98.30086304908745,0,1
64,M,18.849529071669927,95.4522600675835,False,True,low,False,True,False,False,133.73031761432225,82.43116719028473,115.28116392683064,1,1
65,M,26.692228180215515,107.38729063460656,False,True,low,False,False,False,False,116.32202686330749,93.65157579242187,147.95427434111804,1,1
41,M,18.91368929876151,102.04214979925112,False,True,moderate,False,False,False,False,106.52667951704485,74.04198350152612,94.28914528456221,0,0
34,F,17.806379629786587,80.46487772488399,False,False,low,False,True,False,False,133.67456824548765,73.0728049765829,115.52415490042097,0,1
18,M,25.576214080597573,103.03898568921463,False,False,low,True,True,False,False,99.23844211489369,72.7855921077889,60.0,0,0
77,F,26.854397512713877,96.27660354079158,False,False,low,False,False,False,False,101.68341589799344,86.9679850353627,69.42290088207884,0,1
77,M,28.56519694316362,113.68470650565159,False,False,low,False,True,False,False,131.71171570250982,69.42822273763159,60.0,0,1
33,M,26.737113081737423,107.90332702761359,False,False,high,False,False,False,False,118.7874879282058,85.04729689581315,146.2609054791358,1,0
20,M,26.892136935842366,102.69009381673159,False,False,high,False,False,False,False,110.68973336492837,61.817866862470325,100.52484931346883,0,0
25,F,20.069063367534305,89.02778286623605,False,False,moderate,False,False,True,False,114.02127132622063,75.14332592155387,119.73355617935266,1,0
22,M,24.027604918919,102.17358021280812,False,True,low,False,False,False,False,109.27208014228431,77.35918238864274,130.3224155603798,1,0
70,F,17.717974464644804,83.31292755784335,False,False,moderate,False,False,False,False,156.89830942793358,97.66663761328017,140.29657367319072,1,1
74,M,15.48483891769912,89.63967091018205,True,False,moderate,False,False,False,True,138.29425724585826,88.67328451720246,182.18734207637215,1,1
27,F,27.832892194293834,105.17710629152465,False,False,moderate,False,False,False,False,108.81096835690948,74.08458447159029,110.55346767918007,1,0
65,M,21.110940227940684,100.53107146799006,False,False,low,False,False,False,False,116.99761912906102,72.29551619874707,87.0960950599244,0,0
29,M,28.42624325964374,109.17561753681915,False,False,low,False,False,True,False,131.5490543721942,70.58372618885029,136.44211787701292,1,1
41,F,29.487564100460173,101.81834197276183,False,True,low,False,True,False,False,106.3871171255483,65.65551217940875,194.70134132973243,1,0
55,F,21.71307203919561,97.27516031619275,False,False,low,True,False,False,False,113.06041192427492,95.77301844530908,93.12883906009235,0,1
63,F,27.156399925498846,93.80663764708461,False,True,moderate,False,False,False,False,117.23011137446719,69.68333529406749,84.17572208894933,0,0
73,M,21.524794721238614,97.62234094601206,True,False,high,False,False,False,False,107.89787938648601,96.92940507698209,60.0,0,1
20,F,16.193545064179293,85.54132501982733,True,False,low,False,False,False,False,139.54247645052712,79.09210618249782,60.0,0,0
30,M,25.054892319991062,112.23274565673135,False,True,moderate,False,False,True,False,110.57024472109534,77.09262435105606,161.67823932579915,1,0
35,F,22.381067541279076,92.45059816048047,False,False,low,False,True,False,False,120.13702683299313,79.07352769708018,105.92669738233312,0,0
37,F,22.51959945235791,93.44500167206505,False,False,low,True,False,False,False,123.86687215279917,91.3098366879783,72.17811445872148,0,1
80,F,33.389044030304866,107.35312964296837,False,False,moderate,False,False,False,False,147.37831761963244,68.60156445962313,112.10639164352396,1,1
66,F,17.633643577702976,80.6280754799659,False,False,low,True,False,False,False,120.61922570544193,83.59011800029175,203.0454161887428,1,0
38,F,26.22292010917162,94.59402276457867,False,False,high,False,False,False,False,156.1912770662047,77.57319210689197,112.14666999979008,1,1
79,F,20.02336743284862,85.72311390905531,True,False,high,True,False,False,False,116.19690409545369,82.43625015382321,179.0143802896708,1,0
49,M,28.58717634170296,109.79766212960122,True,False,low,True,False,False,False,118.46741178598992,75.75100467477398,79.2074552476056,0,0
49,M,25.842940562787795,111.70606537579299,False,False,low,False,True,False,False,136.99147707408972,74.02922329421858,163.11029430337263,1,1
45,F,26.207049571312762,95.55337830337064,True,False,low,False,True,False,False,152.72123398929784,83.77769856069693,92.36238935792997,0,1
27,F,20.247996720789832,92.15996204865024,False,False,high,False,True,True,False,117.76797204781975,62.81365050049537,85.06302809056838,1,0
76,F,21.054854390202543,83.83005190866353,False,False,low,True,False,True,False,141.77852667275633,93.33324561151959,79.11513549403838,1,1
18,F,28.67262728305649,93.87996995980401,False,True,moderate,False,False,False,False,135.55869781621584,79.18748473770539,100.66213092677506,0,1
28,M,32.46858974777403,116.88203273315624,False,False,low,True,True,False,False,109.82755938733972,71.95570621373017,146.15645637223628,1,0
32,M,26.66138517750884,110.23692832251432,False,False,moderate,False,True,False,False,121.71043980255067,82.05453779459084,95.14052224200955,0,0
35,F,20.461606756528553,86.18564164051554,False,False,low,False,True,False,False,121.34913630358432,70.36044020902752,149.4379833538454,1,0
26,F,26.02522335107931,96.19548886679623,False,False,high,False,False,False,False,105.49567987263869,78.86726679043232,86.8923267758587,0,0
19,M,35.423624199519246,122.71636951363168,False,False,moderate,False,False,False,False,124.62689143483504,78.93522930634825,109.12776366472043,0,0
60,M,24.960902648235102,105.63044819244107,False,False,low,False,False,False,False,123.28019357596658,91.83968350017365,93.42355845483635,0,1
79,M,31.078283867271196,118.27707259810946,False,False,low,False,False,False,False,127.99570421035423,81.06727280344879,175.41743837375185,1,0
25,M,21.168517853725795,96.56747203295897,False,True,moderate,False,False,False,False,123.11740327025733,65.68443413673208,130.1134306920194,1,0
36,F,24.31061276763626,92.68967571682128,False,True,moderate,False,True,False,False,111.32372904948731,84.39318648706443,121.94751351098027,1,0
49,F,27.28804342756494,89.80208446296488,False,False,high,False,False,False,False,161.13859046723468,85.9311490531063,102.23957763063491,0,1
76,F,26.287977387182888,101.74971235894772,False,False,low,False,False,False,False,125.471329378986,60.26521088502886,91.59892999029908,0,0
61,F,21.051250939499777,87.97765071696112,False,False,high,False,False,False,False,142.79840861023493,64.92993280979321,76.7693241118685,0,1
66,M,20.857171442912303,102.57881857953055,False,False,low,False,False,False,True,129.00910693297206,100.10812018234763,158.2695727147111,1,1
54,M,28.947279813961963,106.68091483019306,False,True,high,False,True,False,False,146.11174169374618,74.35132929729062,60.0,0,1
44,M,29.861978656925654,111.36218152674626,False,False,high,False,False,False,False,109.58359004723575,74.6097158041835,99.31865098254556,0,0
30,M,31.30464601154864,114.91691283253455,False,False,moderate,True,False,False,False,120.57739989278106,77.6155271902858,142.88937362344845,1,0
72,F,32.61768717463791,108.74120905037736,False,False,high,False,False,False,False,114.83089036514494,70.95091958990449,60.0,0,0
68,M,25.105787463451684,103.07797529265903,False,False,moderate,False,False,False,True,112.84855599005294,58.502134896267464,118.23952481705531,1,1
19,M,23.09960340095783,99.86035678193421,False,False,moderate,False,False,False,False,126.28022686392931,65.65530869261654,81.52883948080706,0,0
63,F,30.57945922450311,103.52271102518397,False,True,low,False,False,False,False,118.06055178044515,70.97149749927189,112.93246319861579,1,0
23,F,27.70881176833214,96.61499330774836,True,False,low,False,False,False,False,99.1655155804545,72.4672966203153,106.10067588714836,0,0
64,M,20.07895133599584,95.49651610640629,False,False,moderate,True,True,False,False,117.1563861042811,69.53656100312263,60.0,0,0
70,M,19.848639505164897,93.11137096937844,False,False,high,False,False,False,False,115.82401436017916,61.58908124794654,134.3294296718031,1,0
26,F,26.71368590610339,94.87597188928326,False,False,high,False,False,False,False,136.09179748616273,71.91108348805027,77.4266080233323,0,0
45,F,23.702264023322,91.83746068329287,False,False,moderate,True,False,False,True,98.84919790237404,90.2678577719305,92.79547865444265,0,1
25,F,24.38106520366686,94.54173065381937,False,False,high,False,True,False,False,113.79363733102369,70.60881513188036,113.77413188154544,1,0
53,M,29.326400141195876,109.4208817297382,True,False,moderate,True,False,False,False,109.99372812239434,75.99462710357157,125.14968569451007,1,0
76,M,27.91566715243266,115.25721066424128,False,False,moderate,False,True,False,False,133.9193333212869,93.88233174163224,127.65839766740145,1,1
23,M,30.48442961788294,115.17507262426473,False,False,low,False,False,False,False,113.2727207120565,70.43866537796653,139.680305376524,1,0
43,F,15.808087521319852,74.73031304023145,False,False,moderate,True,False,False,False,138.73697541293265,111.6282077621907,60.0,0,1
79,F,25.640290627495403,87.420846733977,False,False,moderate,True,False,False,False,121.24669556191954,87.81155824999189,128.89700402435943,1,1
36,F,27.62609835078743,97.70732118169192,False,False,moderate,False,True,False,True,129.83638300143545,78.8498800979926,112.38395984285367,1,1
26,F,17.630363644905422,85.45055265224211,False,False,moderate,True,False,False,False,139.69123734750968,75.27135637495091,92.6313850524686,0,0
48,F,21.552969614105127,88.0352752443139,False,False,high,False,False,False,False,102.76579502340118,92.76297652103949,121.1906786643303,1,1
50,M,20.717816769519864,101.94141645638038,True,False,high,False,False,False,False,118.04516479911278,70.37488555717634,144.21924091481398,1,0
59,M,24.597641769769623,108.6125085736497,False,False,moderate,True,False,False,False,128.7375775101428,73.24038270515743,81.32098022371672,0,0
37,F,31.82534285912329,111.34933283160518,False,True,moderate,True,True,False,False,125.16611717802945,95.68002845232931,161.0695768444492,1,1
78,M,33.60165232099205,125.70261824916301,False,True,moderate,False,False,False,False,101.24806268312526,73.86936975900888,152.12137939821096,1,0
50,M,20.83570601117023,96.07252980331585,False,False,moderate,False,True,False,False,133.14423816518683,72.86643154492306,124.95479826870984,1,1
36,M,26.869507627221083,105.34499557881861,False,False,moderate,False,False,False,False,122.76357013303225,70.71349355978116,69.19144973471745,0,0
78,M,27.014590334640417,107.94895181527886,False,False,high,False,False,False,False,124.05164309746853,56.74390373136709,187.42436843949642,1,0
76,F,26.244315971816366,101.88199950483545,False,False,high,False,True,False,False,118.4583375033457,89.16315158745086,121.95481105118583,1,1
49,F,26.295408356326554,98.16203226915464,False,False,moderate,False,True,False,True,90.0,77.5271275584604,117.19123957092506,1,1
19,F,25.866841261030977,98.60438563764544,False,False,low,False,False,False,False,130.72732479762706,89.76622014780986,115.97651073450035,1,0
55,M,32.094065543628886,121.1199814460439,False,True,moderate,False,False,False,False,131.4083703990615,76.14218739126173,131.33969407153376,1,1
52,M,29.46109931465626,113.58942108941902,False,False,high,False,True,False,False,115.25702158457256,73.35708282351081,144.4428243796037,1,0
27,M,19.7293074608078,93.22086756729654,False,False,high,False,False,False,False,98.24766851502586,70.70233025311937,111.12021818138729,1,0
57,M,28.080744863962472,107.71319962329848,False,False,high,False,False,False,False,113.43337313946259,85.5237075274283,68.50292139279324,0,1
70,F,28.515680185301534,99.22058534518219,False,False,moderate,False,True,False,False,137.91991229294064,69.15374828647246,148.2225773357228,1,1
24,F,25.91735279218305,86.67782906140862,False,False,moderate,False,True,False,False,115.47445288569497,82.22953122385748,83.46409934008449,0,0
63,F,29.591409667262283,98.00575488845499,False,False,low,False,False,False,False,122.36032144325036,78.41932916577444,76.83309047439207,0,0
26,M,25.34633315434567,109.01204565010022,False,True,moderate,True,False,False,False,116.66294710244352,66.53117411241622,109.77077761907414,0,0
65,F,25.40210474484313,94.12320448173614,False,True,low,False,True,False,False,127.0461329682737,73.06906962969406,96.04693577447452,0,0
44,M,25.045582451046695,111.45052700383923,False,False,high,False,False,False,False,100.9304589873615,78.11071141012961,125.30062097817418,1,0
18,M,15.41790161390149,82.14026296440383,False,False,low,False,False,False,False,118.76398235135842,74.5845961094179,131.9539563675506,1,0
78,F,24.138207227423568,90.02991658374981,False,False,high,False,False,False,False,139.54044936745095,98.84797227329017,95.54759445279207,0,1
28,M,21.49287241495443,95.88725960916108,False,False,moderate,False,False,False,False,107.32686655280382,80.58512902583011,116.24465889080952,1,0
55,M,19.160984098133493,90.58808129513093,True,False,low,False,True,False,False,117.60308493799185,75.8429557303992,95.01356628636204,0,0
29,F,30.953082281327852,105.60786649066519,False,False,moderate,False,False,False,False,138.84684835296605,74.00577740705515,138.83870562164418,1,1
76,M,26.76893383340506,115.26635133627704,False,False,moderate,False,False,False,True,133.94722407624496,75.47829267497673,129.15887015266003,1,1
64,F,24.365760135749536,104.38132879636146,True,False,moderate,False,True,False,False,129.23820361353387,71.31411802244261,137.11195291219792,1,0
68,M,21.95838492003908,96.35826070088063,False,False,moderate,False,False,False,False,128.221632889135,68.94592237700567,102.05355019994707,0,0
45,F,25.83276313082933,95.75039781939707,False,False,moderate,False,True,False,True,127.96831898283467,84.5847537689503,121.04146104145576,1,1
47,M,28.96146241992881,105.24518217048112,False,False,low,False,False,True,False,118.31253241248054,94.93995847355254,129.85185173728487,1,1
57,M,20.778653704038767,95.25572409079484,False,False,high,False,False,False,False,139.6339808218354,73.04219241356603,138.21005146475184,1,1
67,F,24.478272324755256,91.12158180037834,False,False,high,True,False,False,False,114.50354994382681,82.72321005813302,135.1996547994594,1,0
71,M,28.406299244830276,110.23513581575655,False,False,moderate,False,False,False,False,106.09137871697538,70.69297968807086,107.70130674455753,0,0
19,F,15.787994919121415,86.97410727244207,True,False,low,False,False,False,False,99.85741313831872,79.1414677609751,71.76032968074807,0,0
59,M,24.24093606917568,103.2669585443301,False,False,moderate,False,True,False,False,112.13382670183832,63.6065828611887,129.55735528746033,1,0
24,F,22.568188832536077,82.59142650550405,False,False,low,True,False,False,False,111.92998270046247,68.61154905982747,127.82097361132529,1,0
36,F,23.897765640102346,88.57255414064419,False,False,high,True,True,False,False,110.6177790437279,68.2190419578907,73.50486367449005,0,0
70,M,22.242671496326437,92.45902410171904,False,False,low,False,True,False,False,103.19024448325541,76.40251555057108,141.63427450977,1,0
33,M,25.11931072343283,102.00918826522246,False,False,low,False,False,False,False,127.98442056473674,65.13155010651387,117.46707218771658,1,0
68,F,33.15632249190223,107.51378958649808,False,False,low,False,False,False,False,106.85627961020587,55.0,107.488669386582,0,0
47,F,23.04234886732152,96.5470159933908,False,False,moderate,True,True,False,False,130.77528193123652,62.9292556705076,119.47129284046679,1,1
32,M,25.81269954092348,101.58376930215644,False,False,moderate,False,False,False,True,133.53607798156435,76.07995848749289,144.58755028414458,1,1
39,M,33.476358882841005,126.98649898402054,False,True,moderate,False,False,False,False,163.16802000333087,69.2821336283883,166.54811807542123,1,1
51,F,22.024929897323503,87.56835523656724,False,False,low,False,False,False,False,114.7263886772004,71.6297417381177,110.12315089409654,1,0
66,F,32.66603907018036,109.5691690592979,False,False,high,False,False,False,True,119.44517371615088,80.90925776056135,103.93664334484261,0,1
56,M,24.523953529821984,110.51397128881068,False,False,moderate,False,False,False,False,110.05870737430146,68.96826336814561,133.27244284357116,1,0
76,M,32.51853301639217,118.46916893317251,False,False,low,False,False,False,False,103.25511818426398,77.11910179099806,65.09848029184816,0,0
72,F,27.875905062258436,102.8819827296586,False,True,moderate,True,False,False,False,115.27602561181257,101.50330989060231,142.1813109008025,1,1
65,M,25.8819876316209,103.58438464374942,True,False,moderate,False,True,False,False,109.58393225138809,73.80896625949728,64.58319464568623,0,0
55,M,24.204661931510362,98.08638321650112,False,True,moderate,False,True,False,False,103.0554870469965,75.73928856822371,63.8974193086132,0,0
36,F,21.69181352054355,87.82040695289055,False,False,low,True,False,False,False,125.78672895404564,82.1850527046903,166.36534079604152,1,0
43,M,24.841061974839587,113.46181491049056,True,False,moderate,False,False,False,False,104.84765769366761,69.00507660528478,60.0,0,0
25,F,28.538126565590108,103.01832575093606,False,True,low,False,False,False,False,131.0541394254019,71.49084952446667,157.75323074865545,1,1
41,M,24.44099856051498,105.09193675737117,False,False,moderate,False,False,False,False,135.69330388047848,76.95051205590849,166.5903657023058,1,0
76,F,23.07519737722164,89.30797835039562,True,False,moderate,False,False,False,False,108.16444182515426,80.13497400687743,123.88472098697267,1,0
44,M,23.37147859620002,105.71366467709542,True,False,moderate,False,False,False,False,144.37622005564958,67.76492856969932,133.20076949932675,1,1
25,F,28.96614476112374,101.80743196201063,False,False,low,True,False,False,True,128.41901878536098,84.13960561431502,60.0,0,1
59,M,30.01322654794935,107.75558198757932,False,False,low,False,True,False,False,120.83386012284278,95.01318102522897,94.76537071378031,0,1
78,M,21.497822688042334,96.46053234694962,False,False,low,False,False,False,False,93.54180247399859,56.9566612653162,124.54583671864478,1,0
72,F,21.491354641486296,90.73735492492605,True,False,moderate,False,False,False,False,94.58896671719926,82.30688659513766,123.52629408250912,1,0
35,F,26.207115138502004,96.70462763188013,False,False,low,False,False,False,False,147.16263545228338,76.99522223345052,127.55229048736622,1,1
46,F,31.373894291407648,110.0129783336242,False,False,moderate,False,False,False,False,143.11422166193788,74.7321551535762,123.50740017783227,1,1
51,M,29.65695638740652,110.6857254245398,False,False,low,False,False,False,False,147.59402345595694,81.5890047812849,112.7355271029941,1,1
33,M,18.8666650451904,87.3985489191036,False,True,moderate,False,False,False,False,151.7165417913012,93.17197824337403,69.23712797667407,0,1
34,F,23.31165813503662,97.7975289780411,False,False,moderate,True,False,False,False,143.99536472747258,80.82825460220177,124.32082645396984,1,1
32,F,20.312284003897194,87.53364147878841,False,False,low,True,False,False,False,125.81408701949506,88.55096732191876,72.21008819733477,0,0
80,M,23.296193651381337,105.09137358927406,False,False,moderate,False,False,False,False,130.95691985472217,77.57114898746242,99.23222649420865,0,1
64,F,31.719844982159096,109.76957724694232,False,False,moderate,False,False,False,False,111.050761042644,82.01586717765014,160.72520939342417,1,0
70,F,18.098297080476424,88.03342844882872,False,False,moderate,True,False,False,False,125.81757746710097,72.01721827251673,60.0,0,0
69,F,17.215106180239143,86.208166479336,False,True,moderate,False,False,False,False,133.92972763397594,78.41684976187081,107.64962152328555,0,1
78,F,20.77150630954879,90.7591668716048,False,False,low,False,False,False,False,134.23725471607256,75.00847023605563,142.38812705277883,1,1
24,F,25.792897711591966,104.09714880109948,False,False,low,False,True,False,False,119.99278801268258,79.17498747598425,134.35523681040388,1,0
73,F,27.293396692883405,96.51065156755149,False,False,moderate,False,False,False,False,90.0,59.792484915898136,122.69696535222808,1,0
22,F,26.468517956876898,96.7287455807622,False,False,high,True,False,False,False,97.78806577127315,65.73377898633349,88.29519975351344,0,0
47,F,29.790584314539576,101.80689299666278,False,True,low,False,True,False,False,129.6160397863907,91.06929599895541,157.87917386237217,1,1
55,F,16.56611482594732,80.03351514246047,True,False,low,False,False,False,False,113.91420960961545,93.33481803328274,69.16062315257443,0,1
40,M,29.847514422615216,116.9036848333448,False,False,moderate,False,False,False,False,132.64349982619575,58.95390907734945,136.25268757069512,1,1
27,F,23.095571059791688,97.45237291849969,False,False,moderate,False,False,False,False,102.52431885078917,71.76287023023342,117.3561799197328,1,0
30,F,27.791724394121903,95.36259719440994,False,False,high,False,False,False,False,143.78537712157902,69.77369620733639,84.4657352413232,0,1
69,F,18.54458557956558,85.35059656228933,False,False,low,True,False,False,False,106.9980696635018,80.7867999040942,98.38084245144304,0,0
38,F,24.522305136540815,88.54824350776575,False,True,high,False,False,False,False,145.62431811575902,77.07856514512139,175.38956126191871,1,1
37,M,25.56321846765056,104.38633518355219,False,False,moderate,True,False,False,False,97.17595004329777,85.48264559108286,71.32553218799221,0,0
76,F,29.700879668742882,99.37982332622782,False,False,moderate,False,False,False,False,131.6535010597904,63.13617205937258,60.0,0,1
27,M,17.366354198265057,96.49817270354387,False,False,low,False,False,True,False,107.09646220147825,81.84944972575323,89.67165382173349,1,0
75,M,24.63838646840707,104.91923045229858,True,False,low,False,True,False,False,121.85813885017743,74.32755262044854,126.45343194987989,1,0
76,M,19.616441189860357,99.42731244600417,False,False,low,False,False,False,False,139.2214478723109,69.89029114296734,161.83365281669077,1,1
55,F,26.774732198937237,95.54293513395409,False,False,moderate,False,False,False,False,136.42830651242974,82.85889390098447,112.8851959161943,1,1
28,F,27.99747441405257,100.4831175232826,False,False,low,True,True,False,False,108.83040087784696,75.2813729184788,60.0,0,0
27,F,30.292266091286393,106.6675835605959,False,False,low,True,False,False,False,112.19891952179547,76.89211946864869,115.34547388788677,1,0
35,M,22.092367455612315,102.68396675583087,False,False,low,False,True,False,False,96.83563627081323,92.69978495873715,141.9580005358484,1,1
54,M,28.67251918559956,116.38413983984952,False,True,high,False,True,False,True,93.32824234248451,78.77988660315384,123.21841561990672,1,1
27,F,30.624057143646738,104.09242609656388,True,False,low,True,True,False,False,108.65825922681893,99.39471572623233,129.28207685945677,1,1
46,M,17.1053886356504,84.19965696875894,False,False,moderate,True,False,False,False,108.32436600869237,55.0,60.0,0,0
25,F,27.255552140443026,104.45990419215134,False,True,moderate,False,True,False,False,97.89926920590456,77.89477057697283,65.02556721613736,0,0
52,F,28.81330064201048,96.81596263404197,True,False,high,True,False,False,False,118.71522081799009,65.77237272054073,107.31246042917725,0,0
19,F,23.33573126125653,91.06530161292893,False,False,moderate,False,False,False,False,121.48146398782549,67.79103288334422,151.6722380498844,1,0
62,M,19.051518901137012,101.47315188499395,False,False,moderate,False,False,False,False,121.78746873141064,70.78861624436283,84.36991724622106,0,0
21,M,28.743300902493484,114.12567455008721,True,False,low,False,False,False,False,109.21637033131638,88.14838110169302,119.16521988611474,1,1
30,M,19.102210275990096,91.8413104587932,False,True,low,False,False,False,False,112.73491203107461,73.52666808320339,117.81831236178832,1,0
29,F,23.69741854470094,89.9606219922949,False,False,low,False,False,False,False,116.93101519348228,65.44272187946967,75.50523337162173,0,0
70,M,24.31944173988502,107.88747151569747,False,False,moderate,False,False,False,False,135.07277755921456,85.25696322457628,86.23147200843006,0,1
21,F,27.719921232667996,97.04090140349646,False,False,low,False,False,False,True,111.17152292876268,64.99380964898575,111.1180293233856,1,1
45,M,21.680157982193602,94.95137731354427,True,False,moderate,False,True,False,False,95.14075868343822,96.39217418627699,99.20339533783303,0,1
55,M,21.41937340027465,95.4910883603876,False,False,moderate,False,True,False,False,116.86136575037568,63.79858411438447,140.7205947325354,1,0
50,M,24.945119654434,105.3575650362785,False,False,moderate,False,False,False,False,115.02086740535225,74.83956057064339,97.27253877998426,0,0
60,F,29.02875714928887,96.20808225846466,False,False,low,True,True,False,False,96.15894374849199,99.16848268594323,143.04783416165355,1,1
68,F,34.79352500293916,116.66297643582072,False,False,high,True,False,False,False,115.61140586202559,74.429246035778,99.33778577363557,0,0
42,M,17.716334600995516,96.06928747757874,False,True,high,False,True,False,False,107.84144948659011,82.65999182878015,112.83757694169373,1,0
70,F,25.919039080039603,97.85363021309615,False,False,low,True,True,False,False,120.75360669688013,76.79519572584127,139.99682890024383,1,0
38,F,19.610592381945686,92.74035069552053,True,False,low,False,False,False,False,128.71687666112015,77.98545507151367,108.24812463722107,0,0
80,F,29.084650594430343,102.83673532029701,False,False,high,True,True,False,False,113.41492944654131,68.99662461825042,97.08609623793774,0,0
49,F,20.27654953710845,86.25251506657678,False,False,high,False,False,False,False,130.17698315719892,82.98511691239158,109.57827009717161,0,0
64,M,21.464083018179544,95.95082514588115,False,False,low,False,True,False,False,117.10237454555892,92.60067795716257,143.2643352208616,1,1
73,M,21.848281134212016,96.10186398447647,True,False,low,True,False,False,False,117.7676514896162,56.637004318259514,123.60799681620765,1,0
67,F,24.15710477576088,95.73677183959586,False,False,high,False,False,False,False,117.0537241900012,67.83223329744412,60.0,0,0
71,M,25.954389185864184,102.88040161758796,False,False,moderate,False,False,False,False,118.89713186724607,71.92114023879039,86.7262490106269,0,0
51,M,26.67665627123831,106.1735429779101,False,False,moderate,True,False,False,False,99.97597713142926,68.23964809362451,87.02815095528875,0,0
20,M,24.474046042177477,106.53335173229377,False,True,low,False,False,False,False,92.73512492506522,85.06943732826858,132.42290227780404,1,0
49,F,18.515490399017384,80.5706981420531,False,False,high,True,True,False,False,139.88713312525346,71.33415995073692,60.0,0,1
29,M,27.77503767639585,103.09368192047644,False,True,moderate,False,False,False,True,125.38496566124606,78.89054314602114,121.79091673552864,1,1
74,M,24.261686013516375,98.5200963167265,False,True,moderate,False,False,False,False,113.31796310242098,94.40213454974241,134.26070835129815,1,1
32,F,29.727806555066145,96.44633761286676,True,False,moderate,False,False,False,False,139.012143434032,58.256927320233494,134.26571332400673,1,1
32,M,21.315175492340284,101.43028339595888,False,True,low,False,True,False,False,167.83044519434563,81.48699921721364,109.03609413428293,0,1
33,M,17.289763726920526,90.30178493656474,False,True,moderate,False,False,False,False,97.99908832024394,76.64994374305337,60.0,0,0
58,M,24.34688298792616,100.9279524858526,False,False,moderate,False,False,False,False,121.37676981170776,76.68243151560844,102.99767809091163,0,0
53,M,30.331787097279193,117.46414880592422,False,False,moderate,True,False,False,False,132.67421811610032,68.04431927456369,163.58365037391124,1,1
77,F,25.22423961477223,90.2126005719422,False,False,high,False,False,False,False,95.91729789234424,73.81347819999723,91.144526792509,0,0
44,F,23.601485903722146,93.75573158101851,False,False,moderate,False,False,False,False,97.57441786093615,77.91277838181831,188.32916693872346,1,0
35,M,20.58343842054155,93.78531225049262,False,False,low,False,True,True,False,137.2446788106087,75.97507202953707,140.39033482805868,1,1
21,F,32.4099491000637,106.39165024311917,False,False,low,False,False,False,False,121.13257081181061,85.66828028229834,106.99436649690404,0,1
18,F,19.866788323018493,86.63198409092134,False,False,moderate,True,False,False,False,110.90104605514946,65.9661680879681,119.90067653702634,1,0
41,F,21.23572584067292,94.14019118939058,False,False,low,False,False,False,False,95.7489013351262,62.63472783578933,125.10338693201315,1,0
76,F,27.0651538823781,101.81716356467075,False,False,moderate,False,False,False,False,127.22065747470877,55.93182670255892,91.79927254933904,0,0
50,F,16.147906895509447,82.53831097126269,False,False,low,False,False,False,True,99.5758812745925,79.55465219147717,97.51542468158411,0,1
74,M,30.23565799421603,115.42370529489602,False,False,low,False,True,False,False,105.69685015840672,86.32096181522566,181.81217351196725,1,1
24,M,27.3088690139781,113.2987677527191,False,True,low,False,False,False,False,106.70826072172488,65.09313191381466,164.2099897776742,1,0
23,F,28.546539823149995,95.23132733562925,False,False,moderate,False,False,False,False,116.57818262946067,64.11193167979377,98.7779392218513,0,0
70,F,27.011526553773443,95.72374028846711,False,False,low,True,False,False,False,104.38237283000095,98.77413262653624,84.74055941875602,0,1
24,F,23.774944171446336,98.76576127813514,False,False,moderate,True,True,False,False,106.80171157220914,92.0511877784398,60.0,0,1
21,M,19.715830804300598,99.64980037662022,False,False,low,False,False,False,False,137.11974856020282,92.67130190831587,187.48006948237088,1,1
43,M,23.869660514487677,104.82804773519123,True,False,high,True,True,False,False,124.6861537087374,81.84127867329123,147.85027918641768,1,0
76,F,20.111436597113144,79.4608836698744,True,False,moderate,False,False,False,False,122.24604758105124,85.7593271625476,155.62513346100056,1,1
61,M,26.687698895343726,109.27826956559745,False,False,moderate,False,True,False,False,128.97917079148237,74.84250077486884,92.98156043108307,0,0
24,F,28.13050923746646,97.29092506549006,False,False,high,False,False,False,False,105.05588069204151,62.33893219127468,90.6770714842942,0,0
70,F,31.145638840391936,104.14622601927223,False,False,high,False,False,False,False,127.81552887440223,62.89501213647834,79.74755572336724,0,0
71,F,26.172954382487884,91.87508240995678,True,False,high,False,False,False,False,128.82903201330828,78.03503614435913,60.0,0,0
68,M,28.660589104678337,110.55389419007075,False,False,low,False,False,False,True,105.6212409943482,88.1750765602697,81.39039152676911,0,1
74,F,23.16284868246436,99.1297388445644,False,False,low,False,True,False,False,131.547138800621,76.15771024721406,123.18564578274466,1,1
33,F,22.347752878963124,92.35974811377568,True,False,moderate,False,True,False,False,125.7709885273245,84.69910110066596,120.6938466060447,1,0
79,F,26.631523508675606,98.48574412972512,False,False,moderate,False,False,False,False,126.19719116672097,77.01322550778758,90.43442212771116,0,0
38,F,22.76087207277391,87.3471736403643,False,True,moderate,True,False,False,False,148.65979002556014,81.34814329894934,134.9128704451776,1,1
68,M,25.71133604972446,104.42884818780311,False,True,moderate,False,False,False,False,123.95774256229579,86.47931485473592,88.40457186241451,0,1
54,F,19.724635147990604,81.64663053461281,False,False,low,True,True,False,False,107.22540491876883,92.63937250554842,138.87002776732012,1,1
67,F,20.532675428856646,81.1347240940066,False,False,low,True,False,False,False,124.08486148153852,81.13880016218368,138.41931730135204,1,0
57,F,27.359341854582304,99.07508801629773,False,False,moderate,True,False,False,False,122.21236042802065,99.3331556607674,140.67069722296048,1,1
58,F,28.49010533932743,102.11971176055333,True,False,moderate,False,False,False,False,104.26022828442692,75.43593615485919,114.58480922720385,1,0
56,M,20.064547239649936,99.98594687192153,False,False,high,True,False,False,False,90.0,92.5607256486665,83.43404099676606,0,1
67,F,27.517764397278892,99.62010039528282,False,False,moderate,False,False,False,False,120.95760324343041,84.40755602003689,70.26904814858149,0,0
64,M,22.102689471341264,100.9997683717719,False,False,low,False,False,False,False,137.089829819697,57.86344538096901,60.0,0,1
26,M,24.574273292901395,103.76390042613316,False,False,low,False,True,False,False,137.24051951496622,93.5499785854482,138.50096269827867,1,1
70,F,30.87624987105791,107.48364119668953,False,False,low,False,False,False,True,126.52026043678867,67.89997428314355,60.0,0,1
51,M,28.13369255310327,106.76650499361797,True,False,low,False,False,False,False,147.1207226340518,75.26263038081872,107.2728158864756,0,1
38,M,28.081423946099868,117.46042465819951,False,False,moderate,False,False,False,True,124.79207098541798,87.60461771020609,119.63007166791849,1,1
50,F,33.08955661305635,113.350530515602,False,False,moderate,False,False,False,False,118.84480153995764,69.81012835887742,74.58090733207362,0,0
78,F,21.33254296527591,81.10315619327922,False,False,high,False,False,False,False,125.26519646368169,77.21817944314957,107.68698006756703,0,0
72,M,20.063562612533545,101.65404045314138,False,False,moderate,False,False,False,False,110.27152128410663,85.2293149191386,123.16440722245244,1,1
70,M,21.25044978397134,96.60742189075155,False,True,low,True,False,False,False,101.72352546372285,68.95565269533827,102.4327718995148,0,0
47,M,23.35474525967023,103.73256453111779,False,False,moderate,False,False,False,False,106.34049332308126,75.40573131689597,128.11375505945279,1,0
67,F,15.0,77.58028810965632,True,False,low,False,True,False,False,114.33013680994058,74.11222804426893,96.4386234429251,0,0
42,M,23.566572934864354,97.79097607068829,False,False,low,True,False,False,False,135.858711180607,88.60356391600011,102.27722359348712,0,0
61,F,22.049431706472898,85.83407371556157,False,False,moderate,True,False,False,False,98.84702747649138,95.25150317781547,80.89274502686288,0,1
58,F,28.026918953290096,98.70381418650035,False,False,moderate,False,False,False,False,106.41482703884164,65.89947495082862,107.2536396170135,0,0
33,F,26.08588720554518,98.83852835486385,False,False,low,False,True,False,True,134.88469465294554,78.85492796472384,112.21242635220274,1,1
34,M,21.796865175037983,97.93498453358092,False,False,moderate,False,False,False,False,116.29060290487126,72.23461952298233,79.6654542528671,0,0
21,F,27.154823804133066,99.97097614405878,False,False,moderate,False,False,False,False,118.81070571593077,78.3412717045506,127.01318208467148,1,0
26,M,27.754683769206963,118.40454810981294,False,False,low,False,False,False,False,116.00347513316325,97.4339677912246,60.0,0,1
45,M,21.041543945938653,90.53858335427182,False,False,moderate,False,True,False,True,152.92172444653193,82.17808044418845,149.8700528515305,1,1
48,M,22.28139085077912,102.11307672751144,False,False,low,False,False,False,False,130.96473360972445,71.80652808967056,62.3881295055596,0,0
28,M,15.0,85.98664369099134,False,False,moderate,False,False,False,False,126.03127244627223,62.94923361469723,148.41504434036074,1,0
44,F,19.59203011533822,88.05768911591369,False,False,moderate,True,False,False,False,125.15920630927208,88.99002205633337,133.7170233933569,1,0
56,M,21.158886978093896,96.97449373194395,False,False,moderate,False,False,False,False,128.5516250859537,72.94896074013629,147.44086810716067,1,0
32,F,24.8337477947271,98.21823880802228,True,False,moderate,True,False,False,False,151.57136799298718,69.46410218470514,72.58368094540718,0,1
39,M,20.24577794288083,99.34049467326774,False,False,low,True,False,False,True,116.01711165584008,81.34393446263778,104.87413508698798,0,1
41,M,22.18946605827901,100.68510739464124,False,False,low,False,False,False,False,124.69940480392867,84.36901280987159,122.28386993482222,1,0
49,M,18.986011932878306,98.54578674500746,False,False,moderate,False,False,False,False,122.46609470824535,73.94624046644785,126.97844219407929,1,0
41,M,25.270012543390717,110.5613545585056,False,False,low,True,True,False,False,136.45465864191794,67.5947296685567,141.4052285116059,1,1
64,M,26.415715675632086,110.81379198394022,False,False,low,True,True,False,False,149.27798284158953,93.05414200722853,134.7971564115627,1,1
38,F,26.3106440678892,95.7698910862228,False,True,moderate,False,False,False,False,112.5879314057477,85.51891975038491,128.65171480607987,1,0
45,F,24.555625093573667,96.33469042062136,False,False,low,True,False,False,False,129.24991653400772,88.85978383500714,129.1977242615026,1,0
41,M,17.565171515743724,93.61411136489299,False,True,moderate,True,True,False,False,124.81945404063434,74.0734011333608,135.93140612865292,1,0
29,F,21.710208512482172,94.50504230605308,False,False,moderate,False,False,True,False,99.71636178629979,68.87370627641552,112.69472751439078,1,0
61,F,22.66711997456682,85.70913993572572,False,False,moderate,False,False,True,False,137.52252929917242,72.13973560617904,152.10571942808042,1,1
32,M,22.685171091857185,92.7422054798447,False,False,high,False,False,False,False,147.0145062301315,61.239901883385016,109.3062406328114,0,1
36,M,24.837415480954263,104.98676982616628,False,False,moderate,True,False,False,False,135.11530791952902,74.32025346721058,60.0,0,0
67,M,30.914936175669585,116.83904397567292,False,True,high,False,False,False,False,111.88645567362033,70.57112610727894,155.58827831467286,1,0
77,F,28.154432957080697,95.01415731539193,False,False,moderate,True,True,False,False,100.29213324494702,77.1453013378655,128.38065061522153,1,0
60,F,20.056169990680875,84.54159216507003,False,False,moderate,False,True,False,True,132.2575324347541,78.53933400166129,106.78613545328805,0,1
75,M,27.55281293883485,110.20393588708838,False,False,moderate,False,True,False,False,104.72909444729825,78.99777375421988,115.99223333070864,1,0
71,F,27.381360654495815,98.85071437213018,False,False,high,False,False,False,False,106.32316992980797,71.5610689930822,164.7461089403686,1,0
48,F,20.872696371717957,85.91443104149168,False,False,moderate,False,False,False,False,125.3493169377339,64.92929086244077,115.50220583132305,1,0
66,F,28.319896651859477,98.15529720997486,False,False,high,False,True,False,False,133.77341350415549,62.135880119186055,165.1669612995402,1,1
38,M,23.778305138246314,104.63407410200396,False,False,moderate,False,False,True,True,116.62166062305833,80.14902759455849,128.5083903186103,1,1
47,F,18.155209294935,88.1053011548377,False,False,high,False,False,False,False,118.69350423062423,79.48891679001132,99.30075570060073,0,0
51,F,26.54841226086714,103.36044147934258,False,False,moderate,False,True,False,False,120.20952301556318,62.68719795954243,66.1590478959362,0,0
78,F,25.47632820626536,96.35319537996082,False,False,low,False,False,False,False,107.34304315566325,93.6910948074927,115.19800479057255,1,1
71,F,23.475450668663775,93.46289354494412,False,False,low,False,False,False,False,115.91809832005839,87.18226732523944,157.9947516170178,1,1
48,F,24.331461117575152,93.1975897189369,False,False,moderate,False,False,False,False,96.12032804926662,66.76365037738528,92.10258486740244,0,0
59,F,21.264115345001922,90.94757903223939,False,False,low,False,False,False,False,133.7671733334083,80.92030947583287,124.8302528108064,1,1
30,M,27.245587267086993,107.41335035905023,False,False,low,True,False,False,False,166.6120294484952,76.49452961903562,165.72697038989418,1,1
68,M,24.304472144709834,110.64645428645089,False,False,low,False,True,False,False,122.96131612575049,80.89943615632455,60.0,0,0
52,M,25.249019797767026,96.95160096590531,False,False,moderate,False,False,False,False,141.05694951539095,79.89193636016947,125.91440586050786,1,1
51,M,26.107138659929927,107.53203200445446,False,False,low,False,True,False,True,117.81369660066892,85.38836913739945,131.3916155378751,1,1
66,F,19.30436473508154,87.24374305264104,False,False,moderate,False,True,False,False,100.45685643089736,94.27104787506711,124.46308161887073,1,1
57,F,20.475726401530768,87.65602641228078,False,False,moderate,False,False,True,False,158.01905262147426,81.29100111454541,60.0,1,1
22,F,15.0,75.24330787161556,False,True,moderate,False,True,False,True,108.46951968467746,83.86247978814406,85.42586894052306,0,1
36,F,27.041340163206833,93.06867754416902,False,False,moderate,True,False,False,False,137.15320318356123,94.11308837397719,60.0,0,1
29,M,19.04505489313955,91.54602823904206,False,True,low,False,False,False,False,125.45693450454644,72.08364277641641,65.8816960375237,0,0
64,M,25.096563694530435,106.1523052146119,False,False,high,True,True,False,False,140.99481223098903,67.73624783869971,141.52960029279507,1,1
20,F,26.169447012227987,89.85151325354238,False,False,high,False,False,False,False,120.92671321043096,85.3914689882867,100.45047624598487,0,0
30,M,27.21058777501634,108.53518286970852,False,True,low,False,False,False,False,103.37850316894273,64.54814702597156,140.6735858045441,1,0
55,F,19.081923887737734,87.36700982216465,False,False,low,False,False,False,False,111.36481511436294,69.11624141903903,138.759038809902,1,0
61,M,24.20677271836689,102.71181604751382,False,True,moderate,False,True,False,True,159.635692031811,94.55483021462236,72.67303195237943,0,1
49,M,32.01626189354487,113.62845460843766,False,False,high,False,True,False,False,127.1148581242375,59.1032746478411,117.92461151264936,1,0
72,F,32.21441605992943,106.08929992240512,False,False,high,False,False,False,False,156.83859700470353,81.33137491080936,60.0,0,1
75,F,28.94295392312128,106.17107667907086,True,False,high,True,False,False,False,116.11897032646573,62.13573067966467,121.61504363143673,1,0
26,F,26.01871912468478,90.17115345538046,False,False,high,False,False,False,False,133.4211373819623,82.5157593707531,126.83054325363732,1,0
78,M,19.9770212501958,90.78220799026226,False,False,moderate,False,False,False,False,101.45740994321626,98.15648580755229,104.04020410436948,0,1
56,F,27.73379731425974,96.86301441116595,True,True,low,False,False,False,False,122.47638571662702,66.85995202385335,60.0,0,0
58,F,23.788904470639217,92.95567240584994,False,False,low,True,True,False,True,157.5695895765625,55.0,60.0,0,1
23,F,27.0223772387278,96.25063599042937,False,False,low,False,False,False,False,109.45895362905158,81.92263079830727,200.99187750394753,1,0
57,M,21.652204453165474,102.13429886548072,False,False,low,False,True,False,False,110.95397515316725,71.09664283363553,133.74879076601437,1,0
63,M,23.72180099222032,101.39464091379412,False,False,low,False,True,False,False,135.24149292011037,75.9750477523681,102.24063421259268,0,1
54,F,25.23866312034391,96.49693609098013,False,False,moderate,False,True,False,False,123.83380291765255,82.01183766803962,145.59691603993733,1,0
23,M,25.608251411722364,109.77023849475826,False,False,moderate,False,False,False,False,152.33805031000566,84.1923175675129,163.5074241421196,1,1
50,F,26.721752215071117,98.84320175220849,False,False,low,False,False,False,False,118.14498983330128,84.30044009857644,154.36860773194704,1,0
76,M,21.89362256963795,100.15471284876423,False,False,high,True,False,False,False,123.10066000944948,77.69794048927837,105.22773651868158,0,0
63,M,18.45521996550409,87.01969658144587,False,False,high,False,True,False,False,127.06963860615755,82.79299647742158,100.31440132513468,0,0
26,F,31.811532679549074,101.78648545686802,False,False,low,False,True,False,False,104.7877716624949,75.93222178426238,139.85588070801833,1,0
78,M,35.70164376060511,128.30054405285526,False,True,low,False,True,False,False,101.2221551257245,74.3812798311897,103.76016822915484,0,0
78,M,26.513393200410704,104.85900949405983,False,False,moderate,False,False,False,False,99.76374883259902,77.82090343683751,153.95296300560722,1,0
28,F,18.542035573714504,85.59636904296069,False,False,high,True,False,True,False,90.0,84.34980562325592,115.92326639073612,1,0
68,M,21.020621974207053,88.51304076881993,False,False,moderate,False,True,False,False,120.63949875285188,70.88270952199376,139.77211322710272,1,0
43,F,26.79102906072936,98.15602668557501,False,False,low,False,False,False,False,101.18876201210783,80.3630329460544,148.3846746350314,1,0
55,M,30.535020252565786,114.27761787110589,False,False,moderate,False,False,False,False,113.37583185799201,72.95079982278475,66.53735982980064,0,0
46,F,19.041992144561647,81.1903900571512,False,False,high,False,False,False,False,138.32124654042718,69.90449553666103,117.09943120025886,1,0
67,M,23.940502306179944,98.4166526310661,False,True,low,False,False,False,False,106.86573245886358,89.56555990813723,152.19025392032842,1,1
80,M,25.38169428999786,108.3710229037845,True,False,moderate,False,False,False,False,133.0369997467146,82.08235972146481,83.76524622107698,0,1
68,F,28.390603030786437,102.85160132109544,False,True,moderate,False,True,True,False,96.71680677041888,82.18382892722335,92.82255454197163,1,0
76,F,22.953795075198293,91.05405444812156,False,False,low,False,False,False,True,111.03994279655852,67.60104001236554,154.04954810694218,1,1
77,M,17.46283388905134,89.93900520520165,False,False,high,True,True,False,False,149.85702328172482,75.28738124450406,165.47659130870574,1,1
23,F,27.29538901753806,96.89863701963581,False,False,low,False,False,False,False,115.15479566370139,84.60820945237978,60.0,0,0
33,M,29.56158184327057,107.28490744911691,True,False,high,True,False,False,False,142.60497598002158,82.09431119057511,153.95369393743155,1,1
63,M,24.128338422146776,101.61059631241878,False,False,moderate,False,False,True,False,159.6865512203367,106.21064416567519,60.0,1,1
55,F,26.32358041087894,90.62548677068494,False,False,low,False,False,False,False,115.29835632611213,80.41885339787929,109.7906349781427,0,0
21,F,22.36478946757818,95.9215881218039,False,False,moderate,False,False,False,True,111.34831412875289,70.68530023927997,63.49786773844967,0,1
23,M,20.694022423733475,96.62223520478729,False,False,low,False,True,False,False,90.0,73.2132660408802,92.83554963019736,0,0
50,F,29.118915562462483,104.65353488498596,False,False,low,True,False,False,False,126.66885181964297,68.57834468046771,115.67377363836147,1,0
56,M,26.243731315165075,109.56233782941624,False,False,low,False,False,False,False,128.06818716973658,70.88998173899644,130.57698942332067,1,0
28,M,26.706658697308473,111.16162624679572,True,False,high,False,True,True,False,134.3317335817371,79.0969775109488,162.0292088337587,1,1
28,M,31.25951816597576,114.04147610923997,False,False,high,True,True,False,False,144.26160493236077,72.89858925922462,64.91548879071432,0,1
26,M,19.75320949556642,101.69466086513823,False,False,low,False,False,False,False,105.58537452030671,92.69688736316893,152.46831488616414,1,1
53,F,22.0158817932826,88.6723374924855,False,False,moderate,False,False,False,False,151.9376719966054,87.69109483685466,102.27867604247929,0,1
18,M,25.21070006975613,108.08829064697389,False,False,high,False,False,False,False,117.4915734825564,87.50474475400944,103.02372156574805,0,0
54,M,21.96059043007441,96.15722331075037,True,False,moderate,False,False,False,True,127.81870523173389,75.22926630039709,171.51515876464222,1,1
47,F,28.024114408726025,104.27861439039751,False,True,low,False,False,False,False,120.92155926597545,88.05201168582663,141.4855126334033,1,1
47,F,23.65670350593207,89.75693219900418,False,False,low,False,False,False,False,109.65830627693765,89.25439565124864,60.0,0,0
60,M,20.033602366262645,96.3035446498504,True,False,moderate,True,False,False,False,102.81872947607604,95.55436899344085,109.25836104701399,0,1
50,F,24.795972538344476,88.89846850375595,False,False,low,False,False,False,False,125.36487015184038,72.04749492756257,85.8301836165327,0,0
63,M,25.266524468630546,107.45851657771601,False,False,moderate,False,True,False,False,106.57329284980298,78.12771699239022,96.78781655230983,0,0
66,F,28.706069283033486,96.30600667596264,True,False,moderate,False,False,False,False,118.47336780616081,69.7408311452179,107.40004202208576,0,0
75,F,26.26913406416341,92.30867121096051,False,False,moderate,True,False,False,False,115.40561301016575,107.03212205549028,128.21321025733937,1,1
68,M,26.575158761119262,105.13107455879774,False,True,low,False,False,True,False,116.20389958867501,75.77946369637851,68.06354236307082,1,0
50,M,25.941312578032512,103.51674905085656,False,False,moderate,False,False,False,False,93.210912832118,92.03388153006787,104.23866894441629,0,1
49,F,23.652998654186312,94.60645259765728,False,False,moderate,True,False,False,False,90.0,79.7225927054192,98.18528279144438,0,0
32,M,21.27701398199931,97.68541030624604,False,False,moderate,False,True,False,True,135.4247377422932,87.67369309427461,125.44550153389562,1,1
55,M,25.79977258246719,108.21175534546457,False,False,low,False,True,False,True,140.007915168264,77.84065283780426,110.14602763383058,1,1
26,F,23.000938553523618,90.45894062503572,False,False,moderate,False,False,False,False,90.0,88.15480376139219,144.82159059227112,1,0
76,M,32.10420179198457,122.15512534115088,False,False,low,True,False,False,False,128.6909941262339,81.03947817845012,121.05049347474187,1,0
71,F,30.539820326479486,101.61100387308397,False,True,low,False,True,False,True,125.47582187696358,96.75683354453226,133.11474359193895,1,1
25,F,27.347776095582237,102.09417837072236,False,False,moderate,False,False,False,False,100.8149993069586,81.36814128067557,120.15145363286075,1,0
67,M,26.203101226818436,105.71168219242789,False,False,moderate,True,False,False,False,136.3657377247339,70.05288056722102,71.76571307468888,0,1
25,M,24.104184270584703,102.99299151131103,False,False,low,False,False,False,False,140.21110339359805,83.6991552886197,98.8861349429591,0,1
63,F,18.824943208937892,82.3421271517678,False,True,moderate,False,False,False,False,138.9499529292698,78.10179131764859,88.5938315758084,0,1
23,M,23.527224995051156,106.24150848329705,False,False,moderate,True,False,False,False,149.91739086625887,67.14748389517716,138.561154612442,1,1
48,M,24.956300150323656,110.51511487211721,False,False,moderate,False,False,True,False,138.00149137227663,82.17159562420375,141.80203724769768,1,0
59,M,25.53255413500098,107.66095844447483,False,False,moderate,False,True,False,False,108.69663658634354,71.21519325261877,109.13432198813413,0,0
63,F,26.61291365157122,102.78646079139199,False,False,high,False,False,False,False,122.27795233707502,75.40653578055588,117.08396459864124,1,0
44,M,28.645985890449584,110.55126072500771,True,False,moderate,False,False,True,False,128.16701233375835,78.45195572531468,60.0,1,0
76,F,21.385306677382097,94.51727511842715,False,False,low,False,False,False,False,146.30336754796892,55.699301368929895,98.35818961555513,0,1
66,M,21.42615976755945,103.92602776120142,False,False,high,False,False,False,False,117.9823639922522,73.255325102469,60.0,0,0
31,F,31.028855058844215,113.10231064256175,False,False,low,False,True,False,False,111.8828753376927,88.16192957137343,140.31980179180334,1,1
60,F,27.969417151369168,97.02381518092896,False,True,moderate,False,False,False,False,95.53689012946045,75.88492896841323,190.01285654710182,1,0
64,M,22.741530760400053,103.65074147168983,True,True,high,False,True,False,False,135.96954668659404,57.08047474003452,93.3379566530473,0,1
39,F,24.017549739714934,89.78734732277431,False,False,low,False,False,False,False,125.34666411015222,77.10152339576909,120.00920870214783,0,0
64,M,24.037787239962956,99.57463146209477,False,False,low,False,False,False,True,108.13552045074285,83.31259191235075,126.60329468594202,1,1
74,M,24.642083550266225,110.54383001870119,False,False,low,False,False,True,False,134.32858317250063,74.72390213539394,72.22024467272821,1,1
69,F,26.62707391507376,99.50146500467393,False,False,high,False,False,False,False,116.55739536245957,75.07973494442669,107.39858595013426,0,0
66,F,35.90746735744924,116.56721888862857,True,False,moderate,False,True,False,False,100.8041653879807,73.0906610015909,128.37052617355027,1,0
57,F,25.353904525231936,90.30389003641096,False,False,moderate,False,False,False,False,143.292956563292,84.82676533904042,117.91491623126733,1,1
35,M,27.481691676913627,113.81199263777589,False,False,low,False,True,False,False,90.0,68.95723001182493,114.08519603063533,1,0
68,M,16.91085482214436,94.17679659879707,False,False,low,False,False,False,False,124.30075389373971,84.00892967694715,101.626853237761,0,0
40,M,22.317950032495244,94.30798300953286,False,False,low,False,True,False,False,120.2268772240741,75.05285995319078,83.43621580093637,0,0
51,M,30.029667512224723,120.59053689669206,True,False,high,False,False,False,False,95.77990149607996,91.78452776162132,135.65924825865463,1,1
37,M,26.310419261104773,111.22334679398332,False,False,low,False,True,False,True,127.20665413949034,72.66155857324198,173.6129361889957,1,1
37,F,15.0,79.2133831451966,False,False,high,False,True,False,False,110.90457619477795,65.78173524840008,60.0,0,0
27,M,27.533104410422887,104.79269816641431,False,False,moderate,False,False,False,False,148.93732927679588,84.80719976349003,60.0,0,1
78,F,33.13173977582946,111.50504891186185,False,True,high,False,False,False,False,138.06442323457006,83.4203598585787,69.49168849820585,0,1
27,M,15.51841586246093,89.83885855360815,False,False,moderate,False,True,False,False,125.53848426083185,82.53070451191633,96.55793344137876,0,0
23,M,31.337244540404804,110.57584666041758,False,False,moderate,False,False,True,False,90.0,87.31129712344033,102.8203861270289,1,1
76,M,15.0,86.07168769856649,False,False,low,True,False,False,False,113.10912737317942,66.97984822271502,116.45061845662825,1,0
52,M,28.72099525274036,124.20248322610261,False,False,moderate,False,False,False,False,111.87588337226546,69.32777560959381,114.53721136718005,1,0
45,M,24.46108118294492,104.09595315895854,False,False,moderate,False,False,False,False,141.36581046958537,92.51654520872107,107.14703837452703,0,1
64,M,15.0,84.03211762265737,True,False,low,False,True,False,False,124.84755451471376,82.79060200089732,156.52544068669962,1,0
42,F,26.50762022257904,91.87819670385,False,False,high,False,True,False,False,127.07035544656314,72.98778727718722,79.59596189810564,0,0
26,F,29.678778871184264,100.63864067015997,False,False,low,False,True,False,False,138.27790748647223,58.60028819164201,143.75422417801394,1,1
63,M,26.13749151719708,110.4385226892655,False,False,low,False,False,False,False,148.09080121828163,64.31331250877908,181.47881666974035,1,1
29,M,27.13172436676826,114.46686031585179,False,False,moderate,False,True,True,False,145.3411509887992,67.46808940725502,60.53020098493129,1,1
52,M,22.64745749447422,101.75816462642223,False,False,moderate,False,True,False,False,130.73916338354385,71.82654017127018,60.0,0,1
77,M,16.1237461015054,94.03881992404088,False,False,low,True,True,False,False,117.65070150268936,81.36044905018606,118.49652283322226,1,0
76,M,27.61338810051679,106.31081702273858,False,False,high,False,False,False,False,128.95900528720472,62.97593204387928,134.6389581854028,1,0
40,M,32.373892637508334,118.92337067117525,False,True,low,False,False,False,False,121.4721405118052,72.19400486490501,113.26742487131833,1,0
67,F,29.583113844023565,101.96470717156137,True,False,moderate,False,False,False,False,134.57602639628803,64.10180546375823,60.0,0,1
56,M,15.554558766793942,93.52799350772999,False,False,low,True,False,False,False,112.91554619380528,73.36496417292214,60.0,0,0
48,M,17.682975167550797,93.10472746215325,False,False,low,False,False,False,False,136.455387913022,104.23122437431924,94.21859690116146,0,1
26,M,20.693145161911968,94.74561432449669,False,False,moderate,False,False,False,False,122.74422201135621,91.08183802988528,126.55107164257637,1,1
41,F,17.331610469239354,81.76215742781226,False,False,high,False,False,False,False,128.17675027464625,84.30902215223234,99.59165419096462,0,0
59,M,24.698854638002175,97.75228553856294,False,False,moderate,False,False,False,False,102.85966967691428,72.25524624534232,119.46812370220232,1,0
80,M,26.27037112331235,98.00279308888118,False,False,low,False,False,False,False,117.6221163182194,66.15380584707475,118.4843157748311,1,0
18,M,18.063860225409346,95.84031388616997,False,False,low,False,True,False,False,129.1444269630484,77.04653653047751,144.59009614735527,1,0
63,M,27.997078066739878,108.89576497490641,False,False,high,True,False,False,False,119.08330192188579,60.91196248543085,71.3708980370617,0,0
71,M,27.204967748090063,107.92327275064105,True,False,low,False,False,False,False,90.0,85.12937145586132,115.08549985356848,1,1
77,F,22.033283938203336,94.0632564594936,False,False,moderate,True,False,False,False,102.25536914902072,75.81959278063228,162.3551239743375,1,0
44,M,23.723651063072072,108.29061345370813,False,False,low,False,False,False,False,127.46904286209187,77.69710302323863,84.3499476877443,0,0
25,M,15.725894709561357,90.44456229652077,False,True,low,False,False,False,False,146.0684958794619,59.69376032778337,90.05868360238357,0,1
35,F,23.004820296708168,87.12930113485888,False,True,low,False,True,False,False,118.27858165381127,78.54793165374909,115.01923378573626,0,0
71,M,24.533232383586466,106.17057482668474,False,False,low,False,False,False,False,114.17709019276646,75.37045888455023,74.9972764470066,0,0
73,M,25.25936417852685,106.67570937566832,False,True,moderate,True,True,False,False,138.83610896153078,67.47679923753479,71.24927953171368,0,1
58,M,26.204946104090784,108.1304582773818,True,False,low,False,False,False,False,122.1743307444783,80.46903117449857,99.85003120991288,0,0
25,F,25.599087844537575,93.09689784775772,True,True,high,False,True,False,False,133.88939145863685,73.61641322308267,103.45815566563886,0,1
25,F,23.310453362304482,94.76115647367531,False,True,low,False,False,False,False,117.26851064090204,81.24158471217166,138.30136637930542,1,0
48,F,25.787877241494424,102.82399725128123,False,False,moderate,False,False,False,False,115.50086765715251,84.80145609231833,80.61504869526864,0,0
55,F,29.009143969896115,102.50485401047266,True,False,moderate,True,True,False,False,135.15133275345858,66.06685887201911,113.06675763654079,1,1
20,F,24.0702586701066,96.65357968313808,False,False,low,True,False,False,False,132.75990511493754,79.17713875242882,155.20091598403468,1,0
61,F,25.929177008742545,98.7742441986984,False,False,low,False,False,False,False,116.86686154130575,78.96966140078496,153.1185942389329,1,0
52,F,23.662230218011466,100.45193428688845,False,False,low,False,True,False,False,104.01252387976828,91.6803618893586,108.14328763439197,0,1
18,F,21.58958487584193,91.02957748812241,False,False,low,True,False,False,False,95.29309058924524,87.25093022795124,118.61207604353783,1,0
24,F,26.85295850112922,100.7645690087488,False,False,low,False,True,False,False,97.40065839126497,74.16836040430692,80.31666017749433,0,0
46,M,22.001483251234077,96.85935912899438,False,False,low,True,True,False,False,111.86822609384551,73.3170273796566,122.1098886454046,1,0
63,M,26.23766105446486,105.34952385414724,False,False,low,True,False,False,False,127.06549826515138,79.64606171884188,165.56200597160424,1,0
70,F,24.627149171795203,89.57073593214764,False,False,moderate,False,True,False,False,95.34979674643175,65.64003621073394,157.47668046428004,1,0
45,M,23.132293955659357,104.4581042642114,False,True,moderate,False,False,False,True,96.39396780909352,67.29011833906716,111.22142295170848,1,1
36,M,23.023357255340027,100.44307325797014,False,False,low,True,True,False,False,128.0409770765541,72.85320012448193,124.10653897386602,1,0
79,F,22.21345553412941,93.5249868537408,False,False,moderate,False,True,False,False,147.09965555866137,55.0,86.25746219176405,0,1
46,F,17.093894725599437,84.01429808249415,False,False,low,False,False,False,False,139.4205399578998,67.11372635018596,79.4592082843846,0,0
37,F,26.223027928227616,100.6279860647471,False,True,high,False,False,True,False,92.53383666301161,74.3451806652618,99.25084534122651,1,0
45,M,25.54196071375244,109.82809317745462,True,False,low,False,False,False,False,128.26773259523128,108.31590655351029,121.47649260934936,1,1
18,M,28.32351613601822,110.68890986652569,False,False,low,False,True,False,False,137.29276916694184,70.91456863966191,137.26737608463228,1,1
37,M,22.108443939619423,98.30451444016944,False,False,high,True,False,False,False,114.07585280309038,85.26246496481734,109.2257587613963,0,0
50,M,33.029226314645,127.39766608831911,False,False,low,False,False,False,False,118.21002307796259,75.82111420697856,127.4052794791445,1,0
75,F,22.79118823467665,86.54178782905753,False,False,low,False,False,False,False,127.33610692128126,82.83956946686206,60.0,0,0
64,M,20.56200661012387,99.88985922461471,False,False,high,True,False,False,False,129.8049011806247,66.09238023191585,117.96563801771408,1,0
67,M,20.028417860708007,93.89299357576938,False,False,moderate,True,True,False,False,128.03397243648237,60.9980925097139,90.29219254820958,0,0
52,M,16.69734918546652,92.81486714038307,False,False,moderate,True,False,False,False,133.5884908834544,93.15085711643017,68.22077836905396,0,1
24,F,31.396825515769073,104.26637775251301,False,False,low,False,False,False,False,125.45046558259484,63.36919634126058,127.8895234620827,1,0
42,M,30.669803258458977,113.35737568235163,False,False,low,False,False,False,False,111.9869310173874,94.3198847327491,162.65061153574925,1,1
80,M,27.20335323298141,104.13293886166232,False,False,low,True,True,False,True,114.85981446792809,73.91895636683927,111.51988068030848,1,1
20,F,20.46760036500899,92.42769504231619,True,False,moderate,False,True,False,False,109.53325906257521,68.90230219541327,142.79277600033925,1,0
73,F,32.65070456701604,103.59523330140046,False,False,low,False,False,True,False,114.62304819874225,72.31957547612261,97.38019882289449,1,0
61,M,22.91726377315255,98.8017712344598,False,False,moderate,True,False,False,False,130.98759292778507,95.6239239117343,183.85020267010734,1,1
35,F,23.289383759480064,89.5589861682729,False,False,high,False,True,False,False,109.63577390572256,70.31646065042317,60.0,0,0
67,F,30.96766586196234,112.51593279514778,True,False,high,True,True,False,False,139.11931464334015,73.79695183778375,108.46956410602567,0,1
70,M,27.465097630163925,109.32686647988179,False,False,low,False,True,False,False,106.1868896749173,88.72769446082863,138.3003591676202,1,1
20,M,34.40496412439567,125.90400384413732,False,False,moderate,False,True,False,False,125.25185074144864,83.2112529797136,110.91959178736542,1,0
24,F,25.61925017143559,94.78643498694618,True,False,moderate,False,True,False,False,135.37316925232733,100.85226101326832,160.17455209319658,1,1
59,M,22.71336140189574,101.34979824574646,False,False,moderate,True,False,False,False,129.18080318567493,90.81836495565271,60.0,0,1
80,F,21.74687802443092,90.50571127013828,True,False,high,False,False,False,False,92.4403360353975,70.3410197986248,108.10826941649013,0,0
19,F,16.188517202642178,82.65667745831276,False,False,moderate,False,False,False,False,124.13211714411065,92.32824770541812,103.27339381516614,0,1
59,F,23.24631902237208,92.18849200506607,False,True,moderate,False,True,False,False,110.19527202794387,56.85574434063496,108.13910965108592,0,0
26,F,29.650670024723212,96.93242237312228,False,False,low,False,False,False,False,100.84435825053963,86.47255894520893,60.0,0,1
58,M,27.19475377695231,104.87889861589278,False,True,moderate,False,False,False,False,125.56608966191277,70.79862987063288,101.8030868470531,0,0
57,F,24.591386029521825,96.77285114659836,False,False,moderate,False,False,False,False,102.01716650927483,84.55178287242205,100.18708427567455,0,0
23,F,20.02279500282652,84.35694077900644,False,False,moderate,False,True,True,True,125.91695669023862,99.59879722581101,120.51090766385127,1,1
60,M,25.52092858105732,103.78952371256744,False,False,moderate,True,True,False,True,145.29560474860637,59.6255778371728,150.4391598562358,1,1
74,F,29.05766167337918,101.61913120923792,False,False,moderate,False,False,False,False,126.83582315865664,88.15206767117999,115.90195565564966,1,1
72,M,26.43823665411493,104.88979901771454,False,False,moderate,False,False,False,False,118.27503080813698,87.24144514652046,126.62192866583953,1,1
19,M,25.250308263350117,107.6419715852582,False,False,high,False,True,False,False,119.4287355235776,85.26273531270172,156.01314850410375,1,1
33,M,20.913690560234574,97.3777504524909,False,False,low,False,False,False,False,136.62377553516066,67.2179387362547,153.62220870826894,1,0
33,M,28.402318163504056,111.84556368132877,False,False,moderate,False,True,False,False,117.11046721845942,77.01546410471173,60.0,0,0
46,F,15.0,83.9297148387151,False,False,moderate,False,True,False,True,114.55422875770158,67.40640689395612,139.9089990102882,1,1
27,M,26.222805689893153,111.25740674064673,False,False,moderate,False,False,False,False,107.09895926806763,82.72999162792385,139.68919307705977,1,0
71,M,36.06644891425069,126.29237525266979,False,False,moderate,False,False,False,False,107.69486311797833,63.652550440559594,102.82276649394304,0,0
66,F,17.71231975700669,83.54113373256392,False,False,moderate,False,True,False,False,136.29189163785247,73.18997330868588,95.95182356452295,0,1
68,F,23.413837453843854,94.29372944461234,True,False,moderate,False,False,False,False,114.22441980423018,84.93107372201088,72.4806902969479,0,0
30,M,24.464400544438732,106.1333936344331,True,False,low,True,True,False,False,130.8836130129321,69.93977354235142,60.0,0,1
18,M,22.418377336745404,102.18736595886557,False,False,high,False,False,False,False,132.17603589572693,73.64104755150596,141.74267310951257,1,0
75,F,29.163684091515407,102.91426228512371,False,True,moderate,False,True,False,False,106.70368819905899,68.0283102640455,138.77899176736344,1,0
36,F,26.626029564598856,101.30624299714243,False,False,low,False,True,True,False,109.27870080213285,80.82369119480232,108.50115267691173,1,0
59,F,25.185351676462936,97.13565788411879,False,False,low,True,True,False,False,131.23622709377338,76.48584312380956,136.84500402641967,1,1
75,F,28.08772652526176,102.02925820805233,False,False,low,False,False,False,False,124.24734826228023,69.94095085259843,147.82509097801443,1,0
20,M,24.57537819082284,105.90010933661597,False,False,low,True,False,False,False,119.13855450473129,71.06243050342555,60.0,0,0
18,F,38.80939019970581,115.7781694420244,False,False,low,False,True,False,False,129.38751422874063,79.73902444706592,120.72602729393233,1,0
18,M,25.181061201455336,102.0806408443236,True,False,low,False,True,False,False,138.1991487540993,66.35958202573418,103.50483127174168,0,1
27,M,25.37876944320367,103.9411926727549,False,False,high,True,False,False,False,121.3770764800487,77.51280493349317,127.12881399796022,1,0
21,F,16.80289377692026,75.27820914622876,False,True,moderate,False,False,False,False,112.8979574533372,78.36506414312986,118.52216160195618,0,0
69,F,22.054473527134594,88.59264764904677,False,False,high,True,False,True,False,123.87584086278528,79.71738671344693,138.94610624676253,1,0
56,M,29.66319956809914,108.8988309600548,True,False,moderate,False,True,False,False,109.1245940940494,72.1668938228831,60.0,0,0
79,M,18.490444173380574,88.76391937482482,False,False,moderate,False,False,False,False,124.28366236574573,84.65593926285798,157.9888393664169,1,0
68,F,15.0,81.22295136336056,False,False,high,True,False,False,False,122.0306323148641,88.5776701572135,93.6718348397045,0,1
78,M,24.645419620344086,91.88385562114732,False,False,low,False,False,False,False,108.94627040032269,85.12055825974825,107.3009752997978,0,1
33,F,30.668350283637402,103.04171574369755,False,False,moderate,False,False,False,False,115.52373702702222,80.30805864250573,60.0,0,0
36,M,24.690715529132564,113.72420945301005,False,False,high,False,True,False,False,116.81236853102526,62.30935902789417,108.37550148258323,0,0
71,F,22.987439288181452,95.2881792510952,False,False,high,False,True,False,False,133.73094041746947,96.43140052186598,111.36387259144632,1,1
33,M,16.13680428016559,85.13332205580619,True,False,moderate,False,False,False,True,107.99807804941483,78.64469949089745,109.20720557357762,0,1
21,M,26.53514355215987,108.36287158345021,False,True,high,False,False,True,False,109.04896456918253,81.43012934179612,86.24250628712741,1,0
60,M,27.4757379899737,103.598010341752,False,False,moderate,True,False,False,False,116.02231851854185,70.2447822160899,69.31336482095128,0,0
68,F,16.48220375404505,78.44054861705325,False,False,low,False,True,False,False,131.02329813581252,75.63734699529462,134.44586062500147,1,1
78,F,29.605396019137483,100.24593793697554,False,False,low,False,True,False,False,133.63707616088217,90.97322512889296,60.0,0,1
76,F,27.94562986651449,97.46317453326243,True,False,moderate,False,False,False,False,126.19003411063339,86.60939254327448,140.16072194565876,1,1
25,F,29.595421741463056,101.20332511433901,False,False,low,True,True,False,False,133.43740192247535,74.57591738309601,171.308229834815,1,1
66,M,27.12586291325004,109.8373611270775,False,False,low,False,False,False,False,140.59579101820876,94.80437207125891,189.58726919227095,1,1
71,F,27.441572189650934,100.53496377760393,True,True,low,False,False,False,True,124.52012425979466,66.8980573050318,74.0752363575851,0,1
61,F,26.843244044157824,104.13614009977566,False,False,high,True,True,False,False,109.17386627747743,59.51068242198936,132.67932525032006,1,0
69,F,28.40812544675538,105.29991708325664,False,False,high,False,False,False,False,120.76135411957807,56.77924267723083,92.3107616477483,0,0
70,F,16.315590038942368,88.93063115524609,False,True,high,False,True,False,False,100.21284496616775,86.74442581559838,154.8582280165765,1,1
46,F,17.745232548703186,85.62900599660841,False,False,moderate,False,False,False,False,128.3155490105196,70.34329233347735,125.75641345438369,1,0
20,F,21.187964449146026,91.07316400812776,False,False,high,False,False,False,False,114.13336993633035,76.45594595383854,101.7707822784486,0,0
46,F,23.91580922747351,91.31563165340908,False,False,moderate,False,False,False,False,123.7931685768041,90.03810310180606,80.13629897815969,0,1
30,M,26.24661615488681,105.8922776864433,False,False,moderate,True,False,False,False,120.64110735588234,81.61615989467906,99.0652005175522,0,0
25,F,25.961067439529824,93.91324018307536,False,False,moderate,False,True,False,False,115.87183794350882,64.95267880629899,88.3983250168912,0,0
25,M,29.52697615155214,112.89620126205942,False,False,low,False,True,False,False,125.60625476055563,95.86612595534079,111.1487024567366,1,1
61,F,29.66822884361158,108.57445971876955,False,False,moderate,True,True,False,False,120.00297625067589,74.79905492702854,112.951703500975,1,0
49,M,20.574267012677932,103.67519589871216,False,False,moderate,False,False,False,False,111.91229550390676,77.30761743366777,92.59107959992936,0,0
52,F,25.57359249522712,97.67315515074579,True,False,high,False,True,False,False,104.43333476953168,70.15892602038085,89.4561681222866,0,0
64,M,20.68475803525173,99.9585884067296,False,False,low,False,False,False,False,127.69532983843268,65.72790951288361,133.95999250546515,1,0
52,F,23.65288832740895,97.35129181502165,False,False,low,True,False,False,False,102.69795734738257,80.53395881939826,136.51743156780455,1,0
57,M,25.948061160718225,102.88679627906464,False,False,low,False,False,False,False,150.7170061907054,62.144715809401575,83.55312708651476,0,1
23,M,15.0,87.30418847021883,False,False,low,False,True,False,True,142.59444770003097,77.08610726243188,110.09118788761425,0,1
71,F,35.35059817837858,116.54641592331053,False,False,high,False,False,False,False,96.56264941355019,95.43938558669888,81.7521466660814,0,1
46,F,27.048839048288638,98.30749078058632,False,False,moderate,False,False,False,False,132.0401244590668,86.2638614014769,203.2761283207986,1,1
27,M,21.819335260639672,100.71920650639068,False,False,low,True,False,False,False,140.21307597024673,80.23279677845137,79.07824944489423,0,1
69,M,33.173163898536025,114.39317744312824,False,False,moderate,False,False,False,False,112.62235919787943,65.91864813152439,120.8655037108409,1,0
64,F,22.936559732812125,88.09628933400464,False,True,moderate,False,False,False,False,127.61775202203792,77.33224710042073,127.57788520239944,1,0
21,F,25.09633723622626,95.43256641293857,False,False,low,False,False,False,False,119.9971426848132,69.24333885798238,88.71310712963006,0,0
30,M,22.307978853210678,101.55216682891579,False,True,low,False,False,False,False,132.90956743489122,93.86442613363515,81.88858351956004,0,1
18,F,31.933963268495027,105.0926449958414,False,False,low,True,True,False,False,114.85812783022996,72.78666373474648,102.21887315191472,0,0
35,M,24.02756882162354,105.92485790899546,False,False,moderate,True,True,False,True,138.22338333014062,69.35428673571026,81.72346068198037,0,1
24,F,25.17267845332779,96.8237437030983,False,False,high,False,False,False,False,119.70558041283016,75.60522437853079,118.59457774102587,1,0
62,M,29.91701968861451,116.41914862424419,True,False,low,True,False,False,False,116.92673478309482,69.40107076522857,82.25998238501771,0,0
50,M,27.133127558574845,111.59327382098986,True,False,moderate,False,False,False,False,132.37555265536358,80.59218940097976,117.1318495304957,1,1
79,M,24.255433706896675,109.64178531794973,False,True,moderate,False,False,False,False,136.41142893665594,98.03399750411025,60.0,0,1
65,F,29.496759375608583,99.17124038740478,False,False,low,False,False,False,False,90.0,78.07885459685222,83.75681655724522,0,0
56,F,35.92317453242578,109.03093120133906,False,False,moderate,True,False,False,False,90.0,67.84943862388832,97.29879717398236,0,0
50,M,25.928347019597396,110.39929187117976,False,False,low,False,True,False,False,127.466765552895,76.26174955953225,147.02343588922653,1,0
21,F,25.025420395426547,91.63730112887029,False,False,low,False,False,False,False,111.4079377891532,64.02018733516175,60.0,0,0
22,F,25.26782187628587,94.73394754136659,True,False,moderate,False,False,False,False,100.8637163043324,109.60840059796,147.53696671797678,1,1
56,F,30.39693275374183,101.09847664560256,False,False,low,True,True,False,False,116.0165743946932,97.80977520038182,135.09007403255822,1,1
18,F,21.80361019235185,91.43515101277629,False,False,moderate,False,False,False,False,168.57790072562756,91.71720311416654,60.0,0,1
20,M,23.247570981297525,97.01551811939808,False,False,moderate,True,False,False,False,100.71880843383559,86.26555501381928,130.83219183998284,1,0
31,M,17.581506728930115,93.64887982959357,False,False,low,False,False,False,False,136.17044573102348,76.17964192134653,79.44808968936526,0,0
73,F,19.17259461812012,89.78172856540013,False,False,high,False,False,False,False,109.81739109177619,76.42243791809506,131.99227456291376,1,0
46,M,22.169899987859132,93.38684979299009,False,False,low,False,True,False,False,98.76501431357323,75.57577566465368,134.0697046910212,1,0
62,M,24.2482835267281,107.73621032897651,False,True,moderate,False,False,True,False,112.20877275040839,104.14544902194851,139.76049795320512,1,1
43,M,32.46087496596554,108.28130487575524,False,False,moderate,False,False,False,False,99.2578611179995,75.88635300619815,91.99858175976455,0,0
28,F,26.91196762216351,102.03977760892349,False,False,moderate,False,False,False,False,96.91104430327815,71.79503378158992,135.873696273066,1,0
41,F,20.39564670414593,85.88919281443958,False,False,high,False,True,False,False,110.4014594491072,76.85001978625552,165.89855639090362,1,0
23,F,21.22408781586148,85.79603390525722,False,False,low,True,False,False,False,104.55603612028331,83.68672700787718,101.80530875955557,0,0
66,M,30.686369074537943,115.59521791745226,False,False,low,False,True,False,False,119.66336070881256,55.0,106.25089396817333,0,0
29,M,29.569746568831366,116.27700862699068,False,False,moderate,False,False,False,False,124.69758697557774,82.32655521672545,136.86403035286853,1,0
41,F,24.626674596008915,90.0506610213491,True,False,moderate,False,False,False,False,109.37517511834973,55.0,60.0,0,0
79,M,22.508630905075254,100.80391483249448,False,False,moderate,False,False,False,False,132.0730460744529,94.19283013510085,77.64643265552019,0,1
55,F,29.562197760670895,104.10157326959627,False,False,moderate,False,False,False,False,111.37354917557704,59.03452463665619,147.25072878181226,1,0
46,M,20.03002792973891,103.503334166525,False,True,low,True,True,False,False,119.5430921105989,69.165017429262,117.38170511160261,1,0
52,M,26.264136791258853,102.33248290027464,False,False,moderate,True,False,False,False,90.0,56.912460365145115,104.4580429018417,0,0
67,M,34.72696545901999,120.9823805604355,False,True,moderate,False,False,False,False,123.31384665681259,97.8090003774942,79.04386470732197,0,1
34,F,25.424100570131557,91.77666902714046,False,False,moderate,True,True,False,False,158.03310039884028,77.86488930016802,112.93086188250481,1,1
58,F,21.009757343322782,90.71125962431512,True,False,low,True,False,False,False,134.71969856481473,102.49241533416618,93.41876383449012,0,1
72,M,26.34665916202192,111.93359739989776,False,True,high,False,False,False,False,119.23906052266513,99.86698400038459,60.0,0,1
54,F,22.384960764430936,88.4019215611118,False,True,moderate,False,True,False,False,103.47075314373998,91.74204967677856,157.59174976069247,1,1
46,F,18.226478703109635,76.73530656796842,False,False,low,False,False,False,False,148.11357023465789,62.58115409927508,87.67937002900634,0,1
27,F,27.65466212092448,100.41084339913353,False,False,low,False,True,False,True,119.42406757782823,79.82027115794904,102.48599328524581,0,1
33,F,29.53025480247375,108.41356957122267,False,False,moderate,False,False,False,True,111.22482372917516,93.02831767718129,60.0,0,1
77,M,23.100919975673424,99.68644324658139,False,False,high,False,True,False,False,111.62582631398287,82.27712130134815,93.27063836688167,0,0
52,F,22.80243946656677,95.57071759338729,False,False,moderate,True,False,False,False,155.16781885140745,73.93172869633182,147.2078914596434,1,1
36,F,20.172955739951767,87.03913485996303,False,False,high,False,False,False,False,120.10930836969465,81.86690070012389,144.58307968195766,1,0
44,M,23.82528979789595,101.44869486960414,True,True,low,False,True,False,False,129.20912660999426,82.92470467006008,112.8843984453527,1,0
54,M,21.96934227684564,96.51362927270877,True,False,low,False,False,False,False,118.75016026004073,61.75046201928486,90.1312836214127,0,0
51,F,19.95035290983535,83.09469532452147,False,False,moderate,True,True,False,False,120.95650472784526,71.76457641052812,112.90383541108545,1,0
62,F,33.014759736798226,106.55750443831467,False,False,low,False,True,False,False,115.20152584851532,85.18453677018245,129.69875501416584,1,1
34,M,26.599217675372785,105.65200295850418,False,False,low,False,False,False,False,144.75717611580345,87.6182834442796,60.0,0,1
58,M,27.075777986132085,108.15986377197274,False,False,moderate,False,False,False,False,122.70486047637277,80.67723690070117,120.77112872891705,1,0
45,F,28.47529806019592,94.83589371663953,False,False,low,True,False,False,False,99.47467434435657,73.51330833777796,138.8274618412761,1,0
77,M,27.969662975419123,118.82712639016297,False,True,low,False,False,False,False,128.30592965035686,75.88836370766603,109.89020482136996,0,0
27,M,22.641005212414782,96.53744862182768,True,False,low,True,True,False,False,120.16388581526597,69.70244662618161,111.3182785262758,1,0
27,F,25.726486803371603,91.09046103943737,False,True,low,False,False,False,False,128.09801530204592,76.85531087567175,86.57650071932777,0,0
47,F,23.28936282082703,92.6447712597615,False,True,low,False,False,False,False,116.69454186566203,87.35081494791672,122.40126778601847,1,0
50,M,26.47308631149497,111.8797711205799,False,False,low,False,False,False,False,113.34303063143714,104.71008061689274,168.28876860194651,1,1
61,M,26.03760898681174,105.27357897795835,False,False,high,True,False,False,False,136.30636414977175,64.75330375693375,161.22101362357444,1,1
43,M,22.77802882611109,101.95914886138517,False,False,moderate,True,False,False,False,151.74620845754953,91.93437904077386,91.85367955762332,0,1
75,M,18.518155746851903,101.32054967745697,False,False,moderate,False,False,False,False,92.25778970609773,82.21085774242799,98.8908460862012,0,0
47,F,25.158066756344784,95.30021768669155,False,False,low,False,True,False,False,123.31262912324975,60.38640005829426,159.79387194682036,1,0
26,M,23.580787304867155,105.27041203579016,False,False,low,True,False,False,False,113.35756826312037,76.92535656108929,132.8249247940252,1,0
25,M,15.993324885310587,90.86966779076063,False,False,high,False,True,False,False,107.40990166749974,75.99811225197475,132.12008342051666,1,0
79,M,26.78447795999923,105.85919092121482,False,False,moderate,False,False,False,False,90.0,77.98220102821404,60.0,0,0
26,F,28.84403950509249,99.03540017853443,False,True,high,False,True,False,False,127.77262299610025,89.525580932714,144.01859047726404,1,1
77,F,35.877604138440276,112.67163722488354,False,False,low,False,False,False,True,114.26473209012747,99.723629845619,102.1835554943127,0,1
35,F,22.739611235057026,93.63639486508119,True,True,moderate,False,False,False,False,113.31191449224494,92.24582457724233,120.17191263050677,1,1
23,M,22.075796465529194,97.38662977711608,False,False,moderate,True,False,False,False,141.24324048027916,80.34089259457028,87.30954979864717,0,1
37,F,19.507605363023416,85.8152935255833,False,False,low,False,False,False,False,114.96943446502844,81.56297975826753,169.7358922987051,1,0
56,M,25.43888857919153,101.43604814803759,False,False,high,False,False,False,False,114.29084718392934,100.86850583746588,77.87700255438962,0,1
44,F,25.4104318125126,90.39044361985184,False,False,low,False,True,False,True,100.62432541693624,66.35418253773842,180.33819880287646,1,1
67,F,20.849166493459627,85.42131929042446,False,True,moderate,False,False,False,False,107.47399977530453,91.66288801561804,113.00325090019625,1,1
56,F,23.71281553098272,95.77074385975631,False,False,low,True,True,False,False,145.46269482017405,65.37994717315806,106.14232123630583,0,1
43,M,15.596004498997894,87.13947873349382,False,False,moderate,False,True,False,False,131.78536600713815,61.21978239932787,81.0928523279543,0,1
57,F,28.668695365249608,101.24430694775683,False,False,moderate,False,False,False,False,142.6018152544986,84.94286182318541,93.70444539211117,0,1
79,F,21.03194333147525,94.56697226782101,False,False,moderate,True,True,False,False,108.55070547644331,59.76604746135878,104.88417004412821,0,0
43,F,24.344046418641593,95.982551935672,False,True,high,False,False,False,False,127.77883602944333,73.67900617323829,116.7172334098461,1,0
27,M,18.079879604159995,89.71323356309081,False,False,low,True,False,False,True,138.76513829002698,93.11690662319826,130.88145160225707,1,1
43,F,21.87940880242292,85.12804307171446,False,False,high,False,True,False,False,131.26905840439775,67.94724251491137,104.69916954878325,0,1
70,F,23.24183980917113,97.94187669478946,False,True,moderate,False,False,False,False,147.28519969012842,97.76458575841497,130.85327492338328,1,1
31,M,24.449191188676263,109.95237035752066,False,False,high,True,True,False,False,128.43222627991958,55.0,153.39687994712526,1,0
77,F,26.6587963198513,104.84731980348415,False,False,moderate,False,False,False,False,121.97066902698465,89.48694685327042,149.05527356571793,1,1
55,M,30.97583787568799,112.87746551643576,False,False,moderate,False,True,False,False,90.0,62.77463791535176,133.93445085718722,1,0
55,F,27.797199242462103,94.32775756080832,False,False,moderate,False,False,False,False,128.66882636608878,75.86245111118932,129.51088971841114,1,0
37,F,28.8297404441581,95.99024973414423,True,False,high,False,True,False,False,131.56223104897134,80.37318825782235,74.89051352322598,0,1
75,M,31.00746849474412,117.0414577850414,False,False,high,False,True,False,False,140.36081766733943,74.89469388598079,119.31265660498813,1,1
20,M,27.06368546685214,109.52624716462668,False,False,moderate,True,False,False,False,109.2869054467979,75.17014378907946,74.03426895478205,0,0
36,F,24.33481761971452,96.56163894149363,False,False,moderate,False,False,False,False,121.46274135159035,62.04118430658922,147.59454703149189,1,0
44,M,29.04100357814775,116.43944247157367,False,False,moderate,False,False,False,False,96.55992301276659,93.56476166951488,122.10035880725637,1,1
48,M,29.328541786827454,122.37984207441666,False,False,low,True,False,False,False,96.1888438838877,64.47209871076593,151.53940819655915,1,0
47,M,27.41854627084716,109.05789221736049,False,False,low,False,True,False,True,130.2074413870378,64.46224437476599,153.13518408426935,1,1
27,F,17.954175813337535,84.46550328137087,False,False,moderate,True,False,False,False,142.2645197182728,76.93041626580967,127.4404113269205,1,1
32,F,20.713429311074087,91.27238956523523,False,False,moderate,False,False,False,False,142.8256687264149,70.33488540833648,88.32834998266048,0,1
24,F,23.263156531862823,93.31299810884167,False,False,moderate,False,True,False,False,129.0154641881418,87.22440676175562,60.0,0,1
54,M,28.008294593311547,110.88906723374613,False,False,moderate,False,False,False,False,154.73545258695412,72.1307465172898,130.99887768965166,1,1
40,M,24.40394111418248,106.53215922557119,False,False,low,False,False,False,False,115.7199005900672,77.98705466080494,106.11710802721737,0,0
53,F,29.615908850527536,107.11138173654507,False,False,low,False,False,True,False,136.3719332554796,79.25942375772254,140.01210955519144,1,1
55,F,30.418564829349265,106.1966240367326,False,False,low,False,True,False,False,100.91421593401597,88.71179672515471,136.43969566132458,1,1
62,F,29.89626710904743,98.08629509167258,False,False,low,True,True,False,False,90.0,72.19540261499054,132.94383184279874,1,0
52,F,29.92493254016129,108.43677353488303,False,False,moderate,True,False,False,False,114.29819736616545,59.610332251027465,120.64869100620535,1,0
58,F,19.83352742903577,91.63592997731777,False,False,moderate,False,False,False,False,120.06974634185922,69.09409236101465,60.0,0,0
54,M,26.67185974755099,112.76664613980537,False,False,high,False,True,False,True,125.75293940164063,90.51037238060766,156.23301719279584,1,1
59,M,21.766119315700628,107.38024508417318,False,True,low,False,False,False,False,119.02142023728656,81.82866954795333,68.00548717630741,0,0
56,F,17.079201508883607,88.96116868972707,True,True,high,False,False,False,False,127.78194524735858,73.92547236131843,89.34581834105455,0,0
37,F,23.206379905748737,85.59695638410967,False,False,moderate,False,False,False,False,149.8448850157668,78.67232513113386,100.43341247897168,0,1
33,F,30.461316345322633,108.70300424875482,False,True,low,False,False,False,False,133.80599923904765,75.07805376452139,112.64244694036378,1,1
67,F,26.573339045533086,95.61251567855552,False,False,moderate,False,False,False,False,109.74991643744785,86.66460451285894,100.83090399249853,0,1
39,M,33.580142172226516,112.96363744384072,True,False,high,True,False,False,False,90.0,81.71225208256573,92.54789484719804,0,0
52,M,25.2975356537065,103.43569478507467,True,False,low,False,False,True,True,104.7950730238488,74.93227285202791,140.08983694705586,1,1
30,F,35.51511239116808,106.85247573223597,False,False,moderate,True,False,True,False,143.48809698062527,88.09425910810745,65.39416647520768,1,1
45,F,25.29884551482673,93.49207358358001,False,False,low,False,True,False,False,113.9426597871479,90.94485617758899,97.49621199774934,0,1
51,M,24.601161332691813,107.63726519231659,True,False,low,False,False,False,False,132.85847519088108,67.88721216881072,60.0,0,1
57,M,18.742744604353266,86.30768723292779,True,False,low,False,False,False,False,132.2447872445341,68.08836631943058,75.91762329374446,0,1
51,F,29.497532331317455,99.71011007123552,False,False,low,False,False,False,False,121.10915355754389,104.41094389602154,60.0,0,1
40,F,22.240436919767845,88.07201084044848,False,False,moderate,False,False,False,False,120.61127695923493,84.88688470643748,137.69058184530277,1,0
78,F,21.588285622660727,92.11024668519234,False,False,low,False,False,False,False,111.37104702334815,96.36267382343375,118.53775785285164,1,1
50,M,30.265537536931575,116.20501159787797,False,False,moderate,False,False,False,False,157.63531902232253,87.81604641559217,83.68977046667462,0,1
68,F,29.712002009581806,93.97566973278578,False,False,high,False,False,False,False,106.70445143845626,83.05370475557369,60.0,0,0
64,F,29.594231152448057,113.55350763329004,False,False,high,False,False,False,False,139.9352048927958,55.0,60.0,0,1
53,F,22.870139896752583,92.40720875070868,False,False,low,False,False,False,False,135.29252903223923,64.5672037550177,73.53457476457591,0,1
73,F,24.270608606126366,96.15387031099749,False,False,low,False,True,False,False,131.84208320541404,85.15355154676654,99.38099963812923,0,1
26,M,24.230655210368667,99.94224552904193,False,True,moderate,False,False,False,True,120.08196577023203,68.04576086532919,138.52406930146873,1,1
76,M,28.021331813025792,109.37011510991408,False,False,low,False,False,False,False,98.32342533933118,76.36914445711555,61.6457506289595,0,0
71,M,31.491041008224034,115.74343722117067,False,False,low,False,False,False,False,103.6311368414885,88.01380121916928,64.72318606501115,0,1
49,F,26.15665949839283,92.65427122808038,False,True,moderate,False,False,False,False,109.60361872335127,79.49205031875721,60.0,0,0
64,M,33.38700988410811,113.25576916610785,False,False,moderate,False,False,False,False,127.91609436657954,82.38655542250842,112.09752509718973,1,0
50,M,28.537374881148775,108.65678792450792,False,False,low,True,False,False,True,136.24994328550395,93.26749910868209,60.0,0,1
34,M,23.443402726485118,107.75492213113472,False,False,low,False,False,False,False,127.02409059466899,94.3567544773141,60.0,0,1
68,F,28.229201327580387,101.93087853738278,False,False,high,False,True,False,False,126.15535097781233,77.38053522536524,128.49858064948387,1,0
33,F,32.17673125418948,105.00070236922643,False,False,high,False,True,False,False,138.67914583596576,92.0134733355125,165.34061226064156,1,1
37,F,33.49230042503601,104.74485208215532,False,False,moderate,False,True,False,False,90.0,67.43083782382675,114.22969329434147,1,0
50,F,29.84101105069586,110.63334508899098,False,False,moderate,False,True,False,False,90.0,80.49468031272283,101.00950319540266,0,0
70,M,24.615535041460998,104.34346216029765,False,False,moderate,False,False,False,False,97.23670159416002,84.22618564359114,188.23108707897637,1,0
42,M,23.52488035674836,106.72056605648109,False,False,low,False,False,False,False,136.8086552294024,76.84058614218665,93.74420598620534,0,0
49,M,27.092312766026257,106.37344229064247,False,False,high,True,True,False,False,90.0,75.55744570566792,93.86045455107299,0,0
20,F,32.03288522871971,103.17838182954311,False,False,low,False,False,False,False,121.84241206209569,65.68644465595408,93.22538606050361,0,0
25,F,26.451961049965032,97.34866030792224,False,False,moderate,False,False,False,False,107.43381264257395,77.60874288533466,164.52290700851938,1,0
21,M,26.54539342340965,104.68517639473983,False,False,low,False,False,False,False,124.48300945142472,60.30677287529949,130.8637598169007,1,0
22,M,24.731290344426917,103.70145149755662,False,False,moderate,False,False,False,False,119.73341631469397,76.5350139092949,130.49308497115186,1,0
72,M,23.024490218159546,104.99628613594027,False,False,moderate,False,False,False,True,126.0052375169474,78.6633743728695,123.42967285120535,1,1
71,F,23.77039472010237,90.22398473979489,False,False,moderate,False,True,False,True,115.61336431389324,86.19753499918373,96.01681925576354,0,1
69,M,25.109416933604884,105.19730660434335,False,False,moderate,False,False,True,False,133.31814784015242,65.06074161240453,100.68874625724735,1,1
21,F,32.2314499830792,106.12354890691014,False,False,moderate,True,False,False,False,145.41571649547686,81.7386534617283,78.23974410062773,0,1
22,M,23.42128799661139,98.86045419864952,False,False,moderate,True,True,False,False,142.23566794096845,84.26670342195834,98.13542094892286,0,1
35,F,24.736754341601213,100.49878174295203,False,False,moderate,False,False,False,False,116.20157148108667,77.75735581950723,121.89076188172784,1,0
53,F,20.60580052817071,87.48403300350734,False,False,moderate,False,False,False,False,108.15920613750035,82.92166411429697,105.15867105714027,0,0
39,M,27.7248397991292,109.2442213850754,False,False,moderate,False,False,False,False,125.12974416696927,80.96867707820358,140.32359271844254,1,0
48,F,30.650056304232272,108.9474438752092,False,False,moderate,True,True,False,False,153.60632114624855,55.0,121.18824719742335,1,1
28,F,31.8102403068054,111.0470758325918,False,False,low,False,False,False,False,121.14905426374841,67.85660776484461,118.64376421497333,1,0
64,F,25.415140361130696,98.42885581025351,True,False,moderate,True,True,False,False,135.41986135882902,101.57030571915213,81.62497204315504,0,1
37,F,27.08459427475656,98.33281685210744,False,False,low,True,False,False,False,134.54052152488478,85.2163229715065,69.0726445806396,0,1
22,M,23.80902355023483,105.12779900686914,False,False,moderate,False,False,False,False,134.35263953818074,71.38234174681264,72.57956158735324,0,0
64,M,26.876084058625352,112.88181623263904,True,False,low,True,False,False,False,142.36556385601222,82.03290381438681,150.07492526477768,1,1
74,F,25.912843186246466,87.79296641794184,False,False,high,False,False,False,False,100.93098400268066,85.82076979551393,60.0,0,1
18,M,24.762189742631694,104.06465155412523,False,False,low,False,True,False,False,106.588349353749,94.95235035424339,118.64612711838781,1,1
45,M,25.119891615247084,110.0987906767602,False,False,moderate,True,False,False,False,122.7608676995159,73.71747600339425,118.66535025265998,1,0
70,M,26.53365027527142,104.20963629388888,False,False,low,False,True,False,False,141.68577358369183,71.44377262068804,88.05111931837831,0,1
62,M,23.17631404319496,105.57825579364334,True,False,high,False,False,False,False,141.64902245206517,72.52473670805458,110.74335007986267,1,1
71,M,23.408764435648852,105.06904744256927,True,False,low,True,True,False,False,121.26378449070356,71.71469763622352,117.9931830439895,1,0
44,M,32.18312906152199,119.02852690453886,False,False,moderate,False,True,False,False,137.97075652545914,71.34490857861006,71.56991511682543,0,1
41,F,36.697460459808724,109.03887429864768,False,False,low,True,True,False,False,115.25471429752956,80.06128499737147,84.36969947581292,0,0
62,F,19.080348731596803,75.62371157166936,False,False,moderate,False,False,False,False,108.77729907767771,73.36845693367198,107.30680867719826,0,0
27,M,18.832379580307737,100.99980042096719,False,False,low,False,False,False,False,100.73601262419159,77.31709243838999,108.38468409755299,0,0
33,M,20.192812274863325,98.87451216565012,False,False,moderate,False,False,False,False,119.80396264542067,98.59594757641952,62.23274890204908,0,1
55,F,24.035202132326503,89.84279591104072,False,False,low,False,True,False,False,116.45439061158807,67.4631773544664,112.11533911889282,1,0
60,M,28.531012299667655,109.70442314659277,False,False,low,False,False,False,False,138.05458703297717,81.70515460444327,113.44067473237457,1,1
25,M,27.160638239217224,109.04063534895093,False,False,low,False,False,True,False,131.0048787338639,65.50835281159087,144.0529572748066,1,1
50,M,25.274140115512107,106.15232128780193,False,False,moderate,False,False,False,False,122.86768748502881,88.19713717749414,108.31751964947993,0,1
40,M,26.880209961310545,109.98388066929327,False,False,low,False,False,False,False,122.93244223651067,90.30882128895728,94.95632333496359,0,1
49,M,21.385612295172336,101.43146328519794,False,False,high,False,False,False,False,115.29352134388192,68.45561345652713,135.93026014645687,1,0
78,M,23.401447527113216,98.99271944538343,False,False,moderate,False,False,False,True,93.53362148437,70.34544782053455,148.05184335710848,1,1
22,F,24.409574532308913,91.37597740796207,False,False,moderate,False,False,False,False,103.08149437968146,85.33386399369053,60.595682601133625,0,0
80,F,17.371026475076665,82.10107048408585,False,True,low,False,True,False,True,134.58690000694287,74.98064453271127,90.67952798425851,0,1
46,M,19.27410407874832,87.70451799244793,False,True,low,True,False,False,False,119.7845057153295,93.58871622422787,60.0,0,1
66,F,19.452952724250533,91.33338145098435,False,False,high,False,False,False,False,101.01018147100166,64.77985647105113,75.30298291171903,0,0
44,F,27.938487006576985,99.38385937999435,False,False,moderate,True,False,False,False,143.87308294115007,89.84753832641772,160.89166231340448,1,1
37,M,25.604097268575874,108.05436785224325,False,False,moderate,False,False,False,False,149.17083649847115,102.61278287647995,71.30505439064018,0,1
66,M,27.249775400332744,116.97998386254417,False,False,moderate,False,False,False,False,141.27218645303924,82.31293968151041,125.15324093773603,1,1
61,F,16.221552545888912,82.66022823446184,False,False,low,False,False,False,False,128.7838268281685,70.9941968715333,123.19048093174374,1,0
27,M,17.823949912767784,101.17984996425561,True,False,high,False,False,False,False,126.57922273270714,69.45187371424736,88.39130171467818,0,0
62,M,27.48446948115423,108.53974442960151,False,False,moderate,True,False,False,False,121.60660152785856,76.21775557590712,92.91767250560623,0,0
65,M,15.0,88.39123472869032,False,False,high,False,False,False,False,124.61500949897601,85.43668433057931,157.5471157663715,1,1
42,M,30.01083210919912,108.36016916606356,True,False,moderate,True,False,False,False,132.0593955825428,61.570579286844406,141.83311350639025,1,1
76,M,16.295072854147445,93.31861741837069,False,False,low,False,False,False,False,133.3188761368815,74.59239715878014,187.11533984522936,1,1
58,M,28.295052013662403,111.09698376999923,False,False,moderate,False,False,False,False,129.26589229161976,79.44776240230065,60.0,0,0
39,M,20.501369188593667,96.65659489471547,True,False,high,False,False,False,True,90.0,95.09577034806934,127.50067415743007,1,1
18,F,29.220066718272122,106.11712346095533,False,False,low,False,False,False,False,140.41898352519306,98.47872739790544,60.0,0,1
60,M,38.936724112624226,130.0,False,False,moderate,False,False,False,False,125.19190887412331,76.55236327672881,107.34680304574256,0,0
31,F,15.0,78.65405151595968,False,False,moderate,True,False,False,False,100.28070851738308,65.80799306979995,100.91199905647282,0,0
65,F,27.62919716537292,106.0032732363165,False,True,low,False,False,False,False,125.16853001493573,79.54158408731656,68.5180810731785,0,0
51,F,16.36326778882817,79.64520732474585,False,False,low,True,False,True,False,126.83994688967366,79.93554874110397,87.44268019841147,1,0
47,F,26.42046014997877,94.40817694388645,False,False,moderate,True,True,False,False,96.8670103978296,91.04738648709593,98.12001078044054,0,1
28,M,23.569525264016477,99.86076394426628,False,True,high,True,False,False,False,111.71884815118001,73.11942128327514,123.89348506973339,1,0
62,M,25.084020451078295,111.53169224713051,True,False,moderate,False,True,False,False,104.30578282486366,67.120951937095,68.45817018395849,0,0
28,M,20.397411756522935,96.89652101904163,False,False,high,False,False,False,False,106.42376177190086,77.87189738266561,82.76342679854207,0,0
44,F,28.012434992734253,100.97382323480925,True,False,low,False,False,True,False,131.12594402053168,74.25879754950077,126.75820129943456,1,1
70,F,17.982389729133285,86.21174135210546,False,True,low,False,False,False,False,112.04499932171817,73.96700292415923,133.73848046945315,1,0
75,F,30.08736768304433,101.48230368514609,False,False,low,False,False,False,False,123.49246759150866,68.44873404159465,200.60646090383554,1,0
80,M,22.658373620254178,90.26453908982349,False,False,moderate,False,False,False,True,133.80189731834787,64.18993797568392,114.42287259602071,1,1
78,M,18.187891951686098,91.9961799202761,False,False,moderate,True,False,False,False,115.05773297776166,84.71395444007433,130.6996661771892,1,0
53,F,31.67721570503314,107.18844733329722,False,False,low,False,False,False,False,134.4404850151219,80.90411189744948,100.68067173594936,0,1
30,F,24.19695806235881,94.11049872001269,False,False,moderate,False,False,False,False,143.68210214577175,69.16108033222595,157.6168882872741,1,1
70,F,33.08436186698912,103.53286834120874,False,False,moderate,False,False,False,True,135.53955651149306,87.01929731221283,75.88500025824965,0,1
68,M,29.99610258191004,117.40073797726043,False,False,moderate,False,True,False,False,131.59841070380864,57.73137717727127,106.17854771061752,0,1
80,M,20.90834432846104,96.68115004187432,True,False,moderate,False,False,False,False,135.6714028744727,73.51205995562475,117.30967038211105,1,1
59,M,24.11754589578463,99.37952286599754,False,False,moderate,False,False,False,False,128.3192118718357,80.36888071633162,125.61810899946991,1,0
26,F,25.044670728486086,90.82696529306652,False,True,high,False,False,False,False,135.58162160854616,90.18632710775829,141.2840206970319,1,1
49,M,31.368364399938976,124.2336235455943,False,False,moderate,False,False,False,False,103.22007848461493,71.88943805396225,101.3952008786039,0,0
46,F,26.46882971015202,92.9870541255298,False,False,high,False,False,False,False,120.80799527730228,90.36440675209964,139.7591430904807,1,1
71,M,25.293316794934068,96.10558881333706,False,False,high,False,False,False,True,128.27419202127683,70.8309895942229,60.0,0,1
42,M,23.600541858057614,106.60163737844528,False,False,high,False,False,False,False,120.8008361278275,87.0360687581277,117.33246601554072,1,0
38,M,24.272493338654122,109.69250046404899,False,False,low,True,False,False,False,162.0381877584011,96.5037930906714,60.0,0,1
23,F,30.37066438555246,103.56909959202972,True,False,moderate,False,False,True,False,118.93718869739621,67.00064313600632,100.59756953247579,1,0
70,F,24.516674078588636,95.5575669586697,True,False,low,False,False,False,False,93.47975483392928,79.66576358325263,196.0284837118777,1,0
65,F,22.722512279158213,89.38126136185892,False,False,low,True,False,False,False,122.8818304612851,83.94681818785524,117.82265574271926,1,0
20,F,21.95971775473841,93.67213454684322,False,False,moderate,True,False,False,False,135.2529561730007,64.31318496142417,91.81009723794081,0,0
45,M,22.008056807737272,91.30931975996045,False,False,low,False,False,False,False,108.03414976400781,82.757380944609,126.52004913074484,1,0
48,M,18.190568017807557,92.85454659805366,True,False,moderate,True,False,False,False,121.41283414579189,71.76942334021044,106.8452146035513,0,0
47,F,21.123311112530843,90.24254287840077,False,False,high,True,True,False,False,120.82871357860444,68.72792313262244,69.13244971727077,0,0
75,M,31.242891240426452,115.69612400650263,False,False,low,False,False,False,False,121.04648942970233,73.34353343564777,60.0,0,0
27,M,23.570303327446265,101.70320151444481,False,False,high,False,False,False,False,112.42815670655988,72.5430258855768,108.06588245810883,0,0
37,F,27.669852508502444,100.53962161954273,False,True,moderate,True,True,False,False,139.55103280801669,86.8075731231002,101.69167502422712,0,1
29,F,15.0,80.8761226462247,True,False,high,False,False,False,False,156.6787922562672,77.99000458254802,99.61709825015816,0,1
33,M,27.057400890346457,116.05591566168789,False,True,low,True,True,False,False,108.56778449141527,103.41799368371983,138.03644852000153,1,1
75,F,23.77391283033899,88.76317613620031,False,False,high,True,False,False,False,101.0890928547614,72.1030264442865,157.2239745732066,1,0
77,F,22.333519896992712,85.02307622417689,False,False,low,True,False,False,False,114.9998508568977,83.2127161471815,134.56669741105318,1,0
20,F,25.314319808395094,88.82007110286295,False,False,high,False,False,False,False,144.51232162035282,76.34267605738576,97.45398049013895,0,1
57,F,22.268786357845876,97.68096504347051,False,False,low,False,True,False,False,117.87173988911421,63.96203431415991,113.8976857380711,1,0
32,M,15.0,89.57029939975781,False,False,low,True,False,False,False,127.85992071590361,95.49483551549264,148.15447101002954,1,1
30,M,28.65011573527372,118.60880500994949,False,False,low,False,True,False,False,107.40284423378657,79.31525006483095,140.40033820421158,1,0
36,F,25.59357902606687,92.6662503965171,False,False,moderate,True,True,False,False,150.54092661465452,69.40944141462596,129.82596086530586,1,1
30,M,23.087258953634667,103.41259931535198,False,False,high,True,False,False,False,117.27372085182309,82.39838698441919,92.706324761433,0,0
48,M,20.152165825674032,98.42998745679341,True,False,moderate,True,True,False,True,125.99053993073576,89.36752398630283,148.29542505025407,1,1
80,F,17.885641177517893,82.67665027649551,False,False,moderate,False,True,False,False,109.26457750799986,68.6625195378809,159.0860928449457,1,0
54,M,25.50751718180626,112.48480159864515,False,False,low,False,True,False,True,107.72509131162477,78.55384466386445,140.7000680671892,1,1
63,F,31.760484321014115,108.66961316752491,False,False,high,False,False,False,False,121.94204689252344,89.44371739652183,215.01274751491172,1,1
49,M,25.414249145334672,104.81171375011176,False,False,moderate,True,True,False,False,123.66515986120173,79.81584209685747,138.21233543271407,1,0
18,M,18.277572772582282,95.59232567927354,False,False,high,False,False,False,False,135.80442637043447,84.0958953181925,152.15762879591495,1,0
23,F,25.513025271672813,90.53088634607279,False,True,moderate,False,False,False,True,94.9962690616497,75.09536782742313,134.42444707592347,1,1
34,F,24.259956669889725,99.37251905806109,False,False,low,True,True,False,False,106.78467025744168,60.69828902117894,107.46419617479597,0,0
33,M,28.388196317334035,112.18200999872533,False,False,low,False,True,False,False,111.00420233862329,75.23033406281145,70.83777318057406,0,0
70,M,27.23029929835277,111.70053685103598,False,False,moderate,False,False,False,True,123.92165156915806,71.83305020647958,85.07548356208783,0,1
71,M,15.0,87.86771474166794,False,True,high,False,False,False,False,103.92724679569592,76.80089893195478,85.43802184807885,0,0
71,M,26.953589919928056,104.99173701792603,False,True,moderate,False,True,False,False,120.47308650927519,71.95355633206398,69.68841643810542,0,0
58,F,19.984342657231622,88.6041089709313,False,False,high,True,False,False,False,111.7008581753802,79.87319653542691,101.96735725490275,0,0
53,M,18.102220663480853,90.7603675135669,False,False,high,False,False,False,False,119.83104591002925,74.18613294167409,112.11316237565073,1,0
58,M,23.651869653318965,99.20358955625132,False,False,low,False,True,False,True,109.6053820542017,86.89735895258163,153.69784474677985,1,1
43,M,26.34936999063505,108.68302430956575,False,False,moderate,False,False,True,False,105.8148796002229,84.7723422253543,69.81761426524778,1,0
60,M,17.11669425370929,92.48249804184904,False,False,moderate,True,False,False,False,126.56120911336052,67.83118446572685,143.2170146017081,1,0
68,F,27.670593876758982,97.5634600755663,False,False,low,False,False,False,False,139.8077033183757,91.82217752633454,121.38527957516797,1,1
66,M,27.9350248138922,106.85255527236343,False,False,moderate,False,True,False,False,135.0148397185502,70.0440927688154,125.17825902690272,1,1
56,F,24.711392883347738,96.11446896966453,False,False,low,False,False,False,False,139.8031430932819,65.63249645607164,108.63322961876483,0,1
21,M,20.59569366397828,103.29052640288586,False,False,moderate,False,False,False,False,141.6805162601207,89.60891283514503,185.21659507095907,1,1
63,M,20.092798981148185,95.50905470977506,False,False,moderate,False,False,False,False,119.43097867355,71.48464158528554,84.48155472480367,0,0
41,F,29.116694592111024,100.77233529720074,False,False,high,False,False,False,False,151.93466094207972,79.0760849928736,92.45777046720194,0,1
64,M,17.69949791076843,91.15868135380057,False,False,moderate,True,False,False,False,134.09797350796728,63.83397242992167,116.12058164764606,1,1
51,M,29.290117073686304,117.25433400752192,False,True,moderate,False,False,True,False,106.80213515870335,73.9736578389544,125.84567059713238,1,0
73,M,23.756603783913036,107.44912153390358,False,False,low,False,False,False,False,111.30133453421413,76.73093266369338,119.8719698228271,1,0
39,M,24.06874475160714,107.77657295524826,True,False,high,False,False,False,False,124.41428987983954,73.68200439322477,110.2521476576897,1,0
76,F,16.813605325640037,79.67393608033056,False,False,moderate,True,False,False,False,136.08855479556792,72.34812016250457,130.42472098201583,1,1
71,F,23.83977516442136,87.18752127696297,False,False,moderate,False,True,False,False,118.33834757441181,78.45069710926882,133.0565753247665,1,0
38,M,27.26113482205119,116.77089499072915,False,False,high,False,False,False,False,106.46272098372424,88.89035892552982,110.64870557799985,1,1
48,F,18.486154604666083,81.60158716272717,False,False,moderate,False,True,False,False,134.64771016163343,67.64216476545936,176.2859419312166,1,1
51,F,26.743861402633303,98.07843565417147,False,False,low,False,False,False,False,104.12990543263626,55.0,127.45711833874847,1,0
66,F,24.900555141555603,104.25128695906726,False,False,low,False,False,False,False,126.86217207995232,91.63472116271133,102.3559329224482,0,1
61,M,21.60309973775462,96.74314386692194,False,False,moderate,False,False,False,False,122.69037299860484,70.75852317386858,155.52083682652216,1,0
71,F,28.34602888921087,106.79824457804536,False,False,low,False,False,False,False,100.52074280251964,71.6955698294625,60.0,0,0
41,M,15.0,92.91313835753796,False,False,low,False,False,False,False,150.4367226046605,72.00091338838045,72.61746899960904,0,1
49,F,26.06006336934669,100.98000697823554,False,False,low,False,False,False,False,122.26767879138607,63.38810861946023,104.86218053782409,0,0
45,F,31.787458211329813,105.96660910993526,False,False,moderate,False,False,False,False,103.02445734689096,73.65603491243773,70.77251969584918,0,0
75,M,30.979744125952976,118.89230224256069,False,False,moderate,False,False,False,True,122.77679171170058,74.92209975784965,140.1159021437414,1,1
37,M,26.25413024242335,117.71707123470736,False,False,moderate,True,True,False,False,94.31806153718136,82.78772910577129,138.9240720407376,1,0
54,F,23.142436507411194,90.91331511525908,False,False,moderate,False,True,False,False,127.77744482479905,71.97555002062077,169.08870259527188,1,0
25,M,21.63888849553566,104.68017239993951,False,False,moderate,False,False,False,False,135.7774862690566,55.0,91.78333511716967,0,0
71,F,23.13683392742461,88.40607567784754,False,False,low,False,False,False,False,165.23014814601498,63.28907957769003,131.86243815175084,1,1
42,F,26.94713261563058,101.66928640864123,False,False,high,False,False,False,False,123.56573578513728,90.27035062115112,156.79082357235765,1,1
39,M,20.867402875432628,97.08137649644158,False,False,moderate,False,True,False,False,111.45718541067203,68.75831236170932,117.68884427701312,1,0
54,M,27.908407181226714,110.2449919706069,False,True,high,False,True,False,False,125.30735191971732,84.00397888761077,146.5059503486121,1,0
49,M,34.09922233101496,117.14303942336576,False,False,moderate,False,True,False,True,145.04558326932317,70.1520532050147,108.49810745840757,0,1
71,M,24.221525441926723,104.84744027087422,False,False,low,False,False,False,False,130.0144935168094,86.9411457205946,158.01498551542923,1,1
51,M,18.450223385225126,97.04163911539956,False,False,moderate,True,False,False,False,135.32286838991888,79.08992441919247,85.36422158650036,0,1
50,M,18.448648641576142,94.1603701710851,False,False,low,True,False,False,False,134.1608873250722,62.0353365259379,60.0,0,1
24,F,27.994544982702088,99.73703528090643,False,False,high,True,False,False,False,130.10130362872638,65.11963176363005,98.73907942610668,0,1
19,M,24.231142194678004,103.02216767679255,False,False,moderate,False,False,False,False,99.570536668521,61.6124364501842,108.924830750631,0,0
43,F,28.445739032288238,98.9669439841572,False,False,low,False,False,False,False,98.69909130155506,88.03714215772337,127.31445893724266,1,1
80,F,22.09864587878293,86.95628020581813,False,False,moderate,False,True,False,False,96.73100142326213,64.15353006058545,127.78576913063006,1,0
75,F,28.237805963929244,103.53164056357024,False,False,moderate,True,False,True,False,102.8401417325384,73.93813449838615,87.1705002064426,1,0
57,F,23.787653719476236,88.86569655346032,False,False,low,False,False,False,False,104.68215637792895,77.11712019558662,77.0513849282255,0,0
57,M,21.20373175104223,92.55593063735718,False,True,low,True,True,False,False,151.75558804928858,80.44200395889287,168.9252315208303,1,1
42,F,22.69550684538927,92.69376927143273,False,False,high,False,True,False,False,110.69033195000696,72.92863414027498,107.17996653106103,0,0
29,M,19.113255400595435,95.06794392465832,False,False,low,False,False,False,False,123.59776335906861,60.6692433884416,95.34960774059336,0,0
18,M,33.45211801361725,124.7103103643275,True,False,low,False,False,False,True,118.09771800455266,64.72521249355225,123.16198819088721,1,1
39,M,24.066281838986807,108.51069307632247,True,False,low,False,False,False,False,125.09604249057314,66.42837736833326,78.05719347574757,0,0
37,F,27.400313399069884,99.93504089897591,False,False,moderate,False,True,False,False,123.12102228262451,55.0,86.97906354712383,0,0
30,F,22.084088902081405,82.04068538063252,False,False,moderate,False,False,False,True,101.90441204280168,82.7474452292861,139.71566052866012,1,1
34,F,19.766324801090796,81.8315368789824,True,False,moderate,False,False,False,False,131.56387388375518,83.55974390790661,76.49279720352469,0,0
19,F,23.44753770086929,91.01459432587707,True,False,high,False,False,False,False,111.12277180419126,66.21018575465762,65.47721603829848,0,0
56,M,29.455366400206394,114.73918581301744,False,False,low,False,True,False,False,110.58603850491767,92.34985249827285,99.55308295685788,0,1
76,F,22.156706938707725,84.04739794495872,True,False,low,False,False,False,False,117.09653104754751,76.82960266623299,121.06638510364093,1,0
61,M,20.582606122717632,96.79853423787274,False,False,low,False,False,False,False,134.94344956900562,87.32238651104626,160.11459920314462,1,1
46,F,25.199589099661146,96.35836947768712,False,False,moderate,False,False,False,False,112.00704040096358,86.53488931001479,123.9178552118012,1,0
44,M,26.74560170322985,109.35630001057544,False,False,low,False,True,False,False,123.46849872146115,76.5242339116946,130.06403438945463,1,0
37,F,31.892816759839324,103.25254221112543,False,False,moderate,False,True,False,False,128.44555382573165,55.67753583879838,76.20658806354565,0,0
26,M,26.091877152676226,108.59653489864883,True,False,high,False,False,False,True,126.1092830864417,80.18945144135725,118.53890536347768,1,1
55,F,27.39796705339056,100.89454512318915,False,False,low,False,False,False,False,125.23319596625527,83.79049898950788,72.82554384003413,0,0
53,M,27.736738566141447,106.0831529664244,False,False,high,True,False,False,False,99.54283074298549,70.82183303186027,144.03957298211017,1,0
18,M,19.311430781303162,103.1731335399077,False,False,high,False,False,False,False,124.02990839016395,79.76902281465468,115.97471475141383,1,0
44,F,20.16500568288705,84.07976716531883,False,False,moderate,False,False,False,False,107.36448164846448,77.68458788620055,110.1869738179499,0,0
35,M,19.622466696774573,96.70258655417722,False,False,high,True,False,False,False,93.84041525049231,67.51387906497015,129.69810510239293,1,0
28,M,18.505344099387596,91.74232621790752,False,False,moderate,True,False,False,False,114.59760125864938,76.90129682384612,94.82772751204024,0,0
62,M,28.079569436916817,109.30006705456147,False,False,low,False,True,False,False,113.69844475741914,72.39870226097327,95.02444841601756,0,0
51,M,25.805225412486898,112.61933320985301,False,False,moderate,True,True,False,False,169.36310041022148,82.12577475180768,78.71767585789726,0,1
57,M,24.857732283911524,105.97022826169902,False,False,low,False,False,False,False,137.61919779658646,71.50993182027351,174.33814557536343,1,1
62,F,15.0,79.12645581943099,False,False,moderate,False,False,False,False,134.548830649525,70.1716514748948,104.02503605532029,0,1
79,M,33.74964586378378,130.0,False,False,high,False,True,False,False,115.47633726780055,59.98488275044949,100.93985215066843,0,0
68,M,20.475775981309,97.58864619424534,True,False,moderate,False,False,True,False,119.03577915559988,102.2709211779849,136.2809206626649,1,1
57,M,33.73315740172531,122.09315934604483,False,False,low,True,False,False,False,163.14508991110927,73.02173049836485,112.40846796108575,1,1
73,F,17.978413337069078,83.09324145144949,False,False,moderate,True,False,True,False,111.82512482966149,65.56434569843107,60.0,1,0
48,F,20.844194786495585,87.91755786187922,False,False,high,False,False,False,False,126.07878694725748,84.63864121057023,182.79663603151096,1,0
80,M,15.0,89.98763447086723,False,True,low,False,True,False,True,151.46086660914372,80.05619988966279,95.21184670778081,0,1
65,M,26.129562391742137,105.33831843567614,False,False,low,False,True,False,False,110.42095345093443,84.03018736300086,82.61004723361825,0,0
59,M,19.544344306349455,90.26063845556348,False,False,low,False,False,False,False,124.39664308341467,85.1950353278857,106.30651093266904,0,1
74,F,19.671499306557404,89.74770175084791,False,False,high,False,False,False,False,121.70964600230018,90.06771480780138,93.93568785594844,0,1
50,F,18.32368602271521,82.40962217804869,False,False,moderate,False,False,False,True,107.77947555177798,66.28764558937253,94.60699230031021,0,1
63,F,27.998097782320382,102.52742182372782,False,False,low,False,False,False,False,134.39924063470136,79.6123362828685,116.06925429972928,1,1
35,M,27.70158643205396,106.95075959841803,False,True,moderate,False,False,False,False,104.15488085455085,60.63053531836594,60.0,0,0
78,F,32.65415250985453,112.21501526435821,False,False,moderate,True,False,False,False,134.41379867760614,74.6260751550279,137.7179402386701,1,1
57,M,21.41432020517162,96.71679554874456,False,False,low,False,False,False,False,128.87276834602528,85.37718647659311,145.39521488718978,1,1
67,F,25.4846871697106,99.83271422026066,False,False,high,False,True,False,True,136.36703318782932,68.15268144679911,60.0,0,1
47,F,18.69799161169122,77.42553043422086,False,False,moderate,False,True,False,False,118.89275718615822,102.5395762772322,127.94499913239187,1,1
72,M,22.992324397691068,101.12625999188201,False,False,low,True,False,False,True,128.23124491221134,78.1983247253441,82.04016522860668,0,1
22,F,22.1651960902347,90.36424685310145,False,False,high,True,True,False,False,138.4188839960293,58.08642011586852,96.6759078094781,0,1
25,F,26.590024808729392,97.52912770202423,True,False,low,False,True,False,False,99.45752932900618,85.75760413019782,124.3104007112823,1,1
49,M,29.07659812888186,113.25934870854623,False,False,low,False,False,False,False,102.6647283163564,102.42212284055671,142.3244681032545,1,1
64,M,28.95980010874175,113.02059194043447,False,False,moderate,False,False,False,False,131.30806307722833,55.0,123.58721938553855,1,1
68,M,20.70734477502075,101.9051928053557,False,True,low,False,True,False,False,135.16774559925494,85.85883956845893,63.378100139375995,0,1
45,F,28.993105570803497,99.68216134647435,False,True,moderate,True,False,False,True,124.16807669006761,67.11723622718397,114.2448008507904,1,1
58,M,24.301616883014912,109.79284417608446,True,False,low,False,False,True,True,136.71929329560982,77.405633830313,129.13070693606113,1,1
52,M,23.039313968463432,105.12937467952993,False,False,low,False,False,False,False,116.20477390589757,63.599077114891564,84.95563801600531,0,0
78,F,21.311698309314867,93.34939385330259,False,False,high,True,False,True,False,142.27423823163068,87.38849883023406,82.39604964066609,1,1
59,M,21.980288925373017,97.07224378584391,True,True,low,True,False,False,False,120.83805290831789,74.49734600583389,109.4996109799105,0,0
44,M,32.34041230788305,118.2842558842231,False,True,moderate,False,False,False,True,109.54026189752973,90.76425998438862,132.07710322112348,1,1
79,F,25.883348449223107,96.63916023815275,False,False,low,False,False,False,False,144.7979114162356,66.6742382236195,92.16468210075263,0,1
24,F,25.28575331375542,101.86207291681353,False,False,high,False,False,False,False,135.22989309561137,75.72756674164111,120.41509365434672,1,0
80,F,23.31988913658374,94.3024029306788,False,False,low,True,True,True,False,114.79532069066433,55.0,67.88078955503612,1,0
27,M,35.50690375147113,123.42772486714382,True,False,low,False,False,False,False,115.11563296315538,106.5747967468566,121.46694830054298,1,1
36,M,30.37254719980891,117.81803391902508,False,False,high,False,True,False,False,131.6140315562541,99.11622837678115,60.0,0,1
69,M,21.255220483405434,103.3028868904638,False,False,low,False,False,False,False,105.99121703632973,101.97194326596379,122.8435863792009,1,1
64,F,23.268732253829192,95.49690726772054,False,False,high,False,False,False,False,127.1284619559537,94.86414748501956,142.84899150967686,1,1
79,M,23.535899554830902,102.23656697804202,False,False,moderate,True,False,False,False,119.3004133733818,71.50006616049166,106.1586217212253,0,0
65,M,25.156423902271698,101.94616825406503,False,False,high,False,True,False,False,125.43618114395652,77.51441390140643,131.5084931167035,1,0
58,F,21.344483033158543,92.20210114578504,False,False,low,False,False,False,True,90.0,81.20585458644578,120.58535778230467,1,1
39,F,26.474674355127636,88.62821758599569,False,False,high,False,True,True,False,107.48758759908732,82.11899996761731,63.8005492475652,1,0
18,F,31.034396594176915,106.23477940200087,False,False,low,False,False,False,False,126.05871513864399,65.94942055257488,70.66238590214284,0,0
25,M,18.588673509481264,95.5388273312888,False,False,low,False,True,False,False,138.84185794134544,65.39610092818401,99.32840554714365,0,1
36,F,19.423339683085697,84.07823840039082,False,False,moderate,False,False,False,False,119.90155143409191,63.29212870750513,106.79987702242323,0,0
20,M,22.325786501162117,98.1704352686376,False,True,low,True,False,False,False,133.56088384410657,73.30817499624186,84.61093762863169,0,0
50,F,22.534419979514766,84.83167721993482,False,True,low,False,False,True,False,98.29490951458321,74.48056380980177,69.29168660890355,1,0
66,M,33.49309643635669,116.68885394505162,False,False,moderate,True,False,False,False,114.82248879558527,73.02059556973673,60.0,0,0
78,F,29.007691490066776,106.39831605390083,False,False,low,True,True,False,False,126.4776966399067,80.76344310127357,170.57514381113003,1,0
48,M,28.749450584532187,110.51929788849168,False,False,low,False,False,False,False,121.0021494064583,62.788291779655616,171.66485974663692,1,0
73,F,23.310354379189697,82.6445184978544,False,False,moderate,False,True,False,False,134.2018787335189,68.60186512123461,82.42652099954061,0,1
80,M,23.211589669459336,101.99368313482239,False,False,moderate,False,False,False,False,117.8900547100056,69.63650512347289,61.58445299311734,0,0
72,F,17.967325638055705,87.26992795447525,True,False,moderate,False,False,False,False,118.04607325612184,87.00846949243098,162.92468314624745,1,1
47,M,28.017831026215177,107.03798019010762,False,False,moderate,False,True,False,True,132.45804778975,80.17238577835397,60.0,0,1
38,M,26.709745721639536,107.10709277969497,False,False,low,True,False,False,False,113.40172338183608,81.72017322774016,147.9756537832961,1,0
79,M,30.286988141052277,116.38729216312254,False,False,moderate,False,False,False,False,107.47742132104965,67.72661911397635,134.28690819859293,1,0
33,F,23.551266289897246,87.25518122659274,False,False,low,False,False,False,False,129.43764724234032,78.44543449798101,99.76379616147891,0,0
43,M,23.861993842098215,96.3205615540812,False,True,low,False,False,False,False,106.58072077741716,69.48143713378664,160.7559444320623,1,0
22,M,25.265204878522862,99.33107339858213,True,False,low,False,False,False,False,144.69664044019345,69.85798060714104,88.9086213210048,0,1
68,F,28.51353908978193,95.0647093662427,False,False,moderate,False,False,False,True,92.52654728820629,82.06534081262602,141.41757690494117,1,1
58,M,17.884029700561346,86.91758035578988,False,False,low,False,False,False,False,117.22796701245807,70.88416448596269,103.26177681627328,0,0
23,M,27.812252601822685,108.67116710257585,False,False,moderate,False,False,True,False,148.02603130170576,76.83935458935278,69.41740620479203,1,1
31,F,24.40776997022226,91.48873031430506,False,False,low,False,True,False,False,153.61341413434886,75.03119811564186,183.5012984505803,1,1
52,F,19.736132294208367,87.71073077970684,False,False,low,False,False,False,False,120.54004170523308,65.08349086484634,87.20334919974418,0,0
52,F,15.1192741130567,83.3676924737484,True,False,low,True,True,False,False,139.6635674751683,71.64746644067763,96.97523099959866,0,1
68,F,23.88586829654741,95.27196909772535,False,False,moderate,False,False,False,False,134.40185274288237,71.82350220779234,140.4685225374168,1,1
34,M,31.014708424733314,117.4589954964228,False,False,moderate,False,True,False,False,114.1353663133829,73.80150226788412,155.41069500001996,1,0
76,M,32.036081000336274,116.1940526507029,False,True,moderate,True,False,False,False,129.47530992452727,58.16796413633109,65.84401553784411,0,0
46,M,26.099192948015435,106.35101676835083,False,False,high,True,False,False,False,108.21462173146483,69.97787085418955,162.4296739708825,1,0
69,F,33.32902548729012,107.73294085330313,False,False,low,False,False,False,False,97.00765842971286,88.03039699142957,111.77966809568616,1,1
33,F,24.306765126694646,92.1249346697003,False,True,low,False,False,False,False,130.06826514572865,82.81127059828535,108.92367291982559,0,0
20,M,28.789865982392516,109.69834433839755,True,False,high,False,True,False,False,131.01039601842186,73.60598355136213,106.13981205842582,0,1
21,F,22.46946099992108,81.62923377368374,True,False,moderate,False,False,False,False,103.03241891175824,65.0228389741663,111.41478381781322,0,0
41,M,22.18430522322133,94.41651447067747,False,False,low,False,False,False,False,119.71626187069579,79.104399215199,60.0,0,0
78,M,21.451208974037137,99.02456028330606,False,False,low,False,False,False,False,103.02220747791416,88.64448549509694,126.22992539104642,1,1
21,F,15.227619737940595,78.30426218657516,False,False,moderate,True,False,False,False,114.61892466112349,94.6874642134651,119.1475451387572,1,1
41,F,30.291915169761104,97.71912687095008,False,False,low,True,True,False,True,115.01646586653341,72.23609080122392,99.1440071494919,0,1
24,F,21.612654023878928,85.36180263355122,False,False,moderate,True,False,False,False,133.8537825796316,66.33908138204892,119.19876319165479,1,0
76,F,20.893525491101617,84.73201759831547,False,False,low,False,True,False,False,113.99854934298307,83.29936526334485,104.82092751875597,0,0
60,F,19.190127432742962,89.27355004091238,False,False,high,False,True,True,False,101.81134043459967,81.95019035677896,109.40793618580584,1,0
66,F,23.580382535586725,97.57825378119652,False,False,moderate,False,False,False,False,149.45165189765467,78.11479423350298,126.61703442970128,1,1
62,M,32.43571539751884,111.96791970877966,False,False,moderate,False,False,False,False,129.91852677082028,71.0127315531976,104.09272690510207,0,0
59,M,33.92200482870223,121.58563650947539,False,False,low,False,False,False,False,136.33642424482804,63.60277236141747,84.79400245291991,0,1
66,F,17.026099058890626,76.77326436417887,False,False,moderate,False,True,False,False,131.7310613409186,85.420564765719,138.55962725591135,1,1
18,M,22.90498401810673,99.52637723287268,False,True,high,False,False,False,True,137.05675782177684,87.86190984449685,74.37293347631997,0,1
72,M,19.845390034578358,104.56651235926593,False,False,low,False,False,False,False,128.98474824573395,74.04026022649117,148.80252797572356,1,0
64,M,28.94751983545184,115.83423321277684,True,False,moderate,False,False,False,False,129.4420331849273,96.81595150179666,99.97032594923688,0,1
64,M,25.78967096282267,105.90775740175557,False,False,low,False,False,False,False,124.03717551481408,80.59844368427476,142.65138818656743,1,0
42,F,21.635438026790744,90.53521561825498,False,False,moderate,True,False,False,False,114.97435152867862,76.07548504795369,162.32446280805266,1,0
68,M,24.826578862659584,101.02714319129399,True,False,high,False,False,False,False,136.18673755708494,64.98844958187468,109.92341364264345,0,1
42,M,22.351616203665312,104.89377469489901,False,False,moderate,False,True,False,False,117.7663464669383,59.29483025941692,142.5233800832733,1,0
21,F,31.764107424687033,107.87526303863888,False,False,moderate,False,False,False,False,123.88376168989028,72.36843671142871,134.06174021472793,1,0
75,M,26.961317817572173,107.55468104103812,False,False,low,False,False,False,False,127.92129620664716,82.05627346429044,118.3980900766082,1,0
32,M,27.51420539412397,104.1344107087009,False,False,high,False,False,True,False,129.27271889295113,103.66941267184804,133.09491308415846,1,1
24,M,15.0,88.0291036603635,False,False,moderate,False,False,False,True,105.77048315515687,78.74318519474856,102.20449925730503,0,1
57,F,24.19945094527035,92.01597096734221,False,False,low,False,True,False,False,125.21916362041203,84.51483444271214,169.46625925784014,1,0
32,M,33.87444931576565,119.74334957164386,False,False,high,False,False,False,False,105.66726371556098,68.90024089074589,114.94976816037064,1,0
72,F,30.46758081516508,103.24821265907202,False,False,low,False,False,False,False,124.85739337309123,80.29518213067615,86.43785493881099,0,0
45,M,16.188096863358634,86.87017846203439,False,False,low,False,False,False,False,134.47647332021492,78.85776978456758,96.81011560182893,0,0
18,F,23.089583752923826,92.82398590159389,False,False,high,False,True,False,False,150.79779974712554,67.59978787012525,143.06273354220653,1,1
77,M,19.093162403365753,97.6499120871437,False,False,low,False,True,False,False,131.2430637212484,92.7200122989667,79.78605920249264,0,1
50,F,32.19995702163292,107.80794412876679,False,False,low,False,True,False,False,135.8233016949155,76.52541137602336,178.21982997590192,1,1
34,M,25.59925227024159,103.08499671973732,False,False,low,True,False,False,False,104.59593537632213,90.15897447033959,157.69637817720894,1,1
60,F,21.044919981208537,90.71720386608915,False,False,high,False,True,False,False,130.61076189000568,78.1061231447714,68.9091350381133,0,1
51,M,24.65371074593355,106.89729302039368,False,False,low,False,False,False,False,104.15300178713423,74.35461417313988,139.06654121298737,1,0
19,M,15.0,92.68495106368613,False,False,low,False,False,False,False,141.23910533081596,69.40593949919209,78.127963247238,0,1
65,M,19.617674134445405,94.44829424709005,False,False,low,False,False,False,True,104.94036961720043,74.14603170249043,82.82595089390712,0,1
43,M,24.663996766218393,103.12931000859358,False,False,low,True,False,True,False,106.36580568588373,94.11167747202913,95.58708906365928,1,1
62,M,28.305539158039952,107.45958636361726,False,True,low,False,False,False,False,134.07572235488485,68.11460857374058,86.01806279882082,0,1
74,F,15.764086457311967,79.12389879246858,False,False,high,False,False,False,False,148.87633489298284,85.32954535516863,137.39054334295514,1,1
56,M,22.784801115339068,99.82417171281796,False,True,moderate,False,False,False,False,138.92561128346387,74.57699211410093,120.87606096638012,1,1
60,M,29.0435858233347,111.18232543069959,False,False,high,False,False,False,False,116.3363144985551,84.48443682410478,126.79278876680631,1,0
34,F,17.968460040320274,86.18149117719888,False,False,moderate,False,False,False,True,106.17041558139147,80.27559642723504,112.10533911150614,0,1
32,M,25.53132275652878,108.16289321011317,False,False,low,False,False,False,False,115.15451285236828,63.33380311358003,93.52445609028372,0,0
44,M,24.796885263977014,102.37947126244157,False,False,low,False,False,False,False,124.0115465640711,79.82258569736793,93.77755192002245,0,0
71,M,32.21471144160471,114.89784823925287,False,False,moderate,False,False,False,True,120.76164780573174,101.82308939143842,150.69735492104445,1,1
51,M,23.46438713099763,103.96279358033215,False,False,low,False,False,False,False,105.5380307570887,81.38226105502862,99.79100706152178,0,0
39,M,23.727797307312184,90.60713554563159,False,False,moderate,False,True,False,False,142.5786381831369,88.1976906069868,160.84843580885362,1,1
67,M,28.347318889241098,108.61046130598723,False,True,low,True,False,False,False,142.92679551053453,81.26950671021785,89.75876085508588,0,1
71,M,18.53143099377795,88.75133779117085,True,False,moderate,True,False,False,False,152.15920864845037,86.67049717268063,113.6094729316513,1,1
74,F,23.506025570521135,86.2517277490872,True,False,low,False,False,False,False,95.43234175427635,70.10168447598949,122.82861339980201,1,0
36,M,22.4492374512177,98.64489636202028,False,False,moderate,False,True,False,False,109.06193937122133,76.66425585115627,153.36788184679992,1,0
62,F,23.87489684282705,94.81890099912032,False,False,high,False,False,False,False,126.01356288934689,87.68083328627017,145.92772051208675,1,1
55,F,28.31782902033277,100.65141553349757,False,False,low,False,False,False,True,122.077382476752,74.14818765986055,122.75878571891779,1,1
46,M,26.993726682869777,106.20721831530595,False,False,low,False,False,False,True,114.80708471783369,89.7937946168987,114.61370310965717,1,1
43,M,21.130929611620957,96.42508066830358,False,False,low,False,True,False,False,108.30090699048974,66.96104022539049,80.19510943151808,0,0
25,F,25.115146414972457,99.26752090974351,True,False,low,False,False,False,False,106.0364051366313,78.64690590225399,105.26456829726618,0,0
35,F,31.20698726345236,107.2840713307755,False,False,moderate,False,True,False,False,154.41843084927586,75.1524265275159,191.19524306782927,1,1
52,M,20.758854355412126,95.64906803065368,False,False,high,False,False,False,False,99.16817007327138,107.02103127258019,78.45285362491953,0,1
73,F,25.153250511786556,91.30261146916533,False,False,high,False,True,False,False,97.07983572038688,73.71236860133588,92.31095346754923,0,0
72,F,23.63077695377617,97.9329612671581,False,False,moderate,False,True,False,False,102.98896811926954,82.62242685076991,63.625517206479905,0,0
29,M,24.216477428734503,103.83220696208323,False,False,moderate,True,True,False,False,125.07531387017232,56.094609608106225,85.84548940006735,0,0
60,M,17.162040699877696,92.11807529892315,False,False,low,False,False,False,False,117.63145280344375,65.15391306017978,70.59006277883057,0,0
23,F,30.84843284440492,104.37071028738296,False,False,high,False,False,False,False,128.61806282571575,81.36334307732521,69.09596688595266,0,0
60,M,21.015416446003176,100.8675152643291,False,False,moderate,False,True,False,False,110.6931874390336,75.09719475818274,123.2992298732263,1,0
39,F,29.1173238656909,104.98473647033401,False,False,low,False,False,False,True,123.40921110815384,75.30886966899591,137.56549492865565,1,1
46,M,21.7038052637862,102.96560602792967,False,False,high,False,False,False,False,123.35618608921514,74.42524971376676,124.34347330085627,1,0
63,F,21.68522906646908,88.1914480608766,False,False,moderate,False,False,False,False,147.1964573986528,75.96471269502108,76.24121586110755,0,1
44,M,29.959054627094602,116.47462672992627,False,True,low,False,False,False,False,150.46411782341679,59.17353785170119,60.0,0,1
68,M,28.972480715650658,120.89056866648447,False,False,moderate,False,False,False,False,119.58487465811437,77.04551549263893,60.0,0,0
51,M,25.438996545337922,104.58410737809908,False,False,low,False,False,False,False,135.6789503439113,75.58763172398233,69.33612613214545,0,1
80,M,27.92517747412844,106.08255344987296,False,False,low,False,False,False,True,124.5978884597661,89.73126678311337,76.09079929235384,0,1
58,F,23.201512488846202,90.39744733578252,False,True,low,False,True,False,False,134.33211051278295,87.18661912510403,95.94038161243077,0,1
36,M,24.462345675264995,111.05491793640626,False,False,moderate,False,False,False,False,128.15774083115477,55.0,121.17909599967656,1,0
66,F,21.522690233912815,94.71442107037977,False,False,low,False,False,False,False,133.77482577586943,69.91895190589008,98.4629416199341,0,1
43,F,28.56829227185117,100.41592863896096,False,False,low,False,True,False,False,135.64915180978062,97.82311052201214,167.4555450848561,1,1
51,M,21.379640009746915,95.57406876683022,False,False,low,True,True,True,True,128.79321523901746,87.96509389473484,192.7355676640386,1,1
26,F,31.183203552220338,99.76662192242006,False,False,low,False,False,False,False,124.18845059411774,83.3994297413625,108.27502597703193,0,0
25,F,23.07874624256079,90.09550056931225,False,False,moderate,True,True,False,True,138.68512539880916,72.4699671057943,60.0,0,1
54,F,24.592288538073504,96.0624449554416,False,False,moderate,True,False,False,False,119.84563737749346,86.14108911319697,93.20957250441256,0,1
29,M,27.914276092944505,102.37921886774461,False,False,low,False,True,False,False,112.78243976228687,61.331658429354604,102.66269101378084,0,0
80,F,24.60738989535312,92.21547305587772,False,False,low,False,True,False,False,97.1327996405158,71.77474050328803,136.00913649174822,1,0
71,F,23.159412585716105,90.37327438751595,False,False,low,True,True,False,False,128.80480664741674,81.79321937927284,65.23634813304989,0,0
62,F,24.36489448486188,94.24959439463501,False,False,moderate,True,False,False,False,133.076836095637,84.68372449903114,60.0,0,1
64,M,28.522182591009127,110.51950464301646,False,False,high,False,False,False,False,94.41745715768478,80.38034868148821,121.17143199166162,1,0
55,F,21.517165000384825,88.22765146868377,False,False,low,False,False,False,False,112.17956345589235,82.3293163522481,92.86102455256476,0,0
21,M,23.93193346727031,97.02065670772262,False,False,low,False,True,False,False,134.01612502176698,79.80602821554244,92.30846757781413,0,1
42,M,24.546290273018638,100.81964022399264,False,False,low,False,False,False,True,119.70119144713121,74.53219864661624,81.2101685371303,0,1
49,M,28.390633379874455,111.52377162186444,False,False,moderate,False,False,False,False,122.88399000646592,92.74766248465454,97.86757065386732,0,1
75,F,24.050695817578536,92.71848066344887,False,True,low,False,True,False,False,136.60227943687764,98.36485462906413,118.96805351322645,1,1
31,F,32.63734592522175,105.78836800359066,False,False,moderate,False,True,False,False,120.26998425929632,77.44129451804025,60.0,0,0
49,M,23.795576400282073,101.3753800391701,False,False,moderate,True,False,False,False,128.14883563642175,65.07211589658522,112.57265355759226,1,0
39,F,23.43042362717624,92.79969725554582,False,False,low,False,False,False,False,104.70542500830851,75.41583987106625,136.06598094025432,1,0
26,M,23.730355452720207,100.51031258361245,False,True,moderate,False,False,False,False,127.62477675923914,78.95530023833902,127.6505007912177,1,0
24,M,18.575113571038955,89.45163672437214,False,False,high,False,True,False,False,100.5785545069897,55.0,185.75294602197675,1,0
41,F,19.834729189585918,91.04394895680315,False,False,low,False,False,False,False,101.25189579112717,92.72322204071203,96.68740155116215,0,1
23,F,22.11199899617408,94.55531309230827,False,False,moderate,False,False,False,False,113.94507179983111,70.97882566798872,108.74800567215829,0,0
22,F,29.611234319825584,103.21218333418445,True,False,moderate,True,True,True,False,130.78126216652043,68.90542218739107,156.57436320394893,1,1
40,F,24.350932732870955,95.46674025284864,False,False,low,False,False,False,False,122.83969081654591,74.26487971147459,113.89132562244357,1,0
30,M,22.31910114672932,100.42451571544785,False,False,moderate,False,False,False,False,109.37172069094896,72.7997650270653,164.69195039375379,1,0
52,F,30.01940635522968,98.58621045635758,False,False,low,True,False,False,False,136.0397287618543,78.62348258911035,140.58973233635825,1,1
19,M,31.480297098015175,114.82043896977886,False,False,low,False,False,False,False,127.10001100866336,86.68621583443853,117.03468049421747,1,1
37,F,30.14922107408492,101.18841319642544,False,False,moderate,False,True,False,False,138.72088496587526,92.03103430374915,111.59839206391779,1,1
46,M,20.66109501244179,99.9210410716268,False,False,high,False,False,False,False,107.74815782950338,86.69589389251746,103.78488443736265,0,0
78,M,22.27138120912855,95.15628201599486,False,False,low,True,False,False,False,144.94860378025356,67.62944941025648,110.78500456286861,1,1
57,M,32.66181231641624,119.0443431889142,True,False,moderate,False,False,False,False,147.31072552010983,76.80058044839306,82.40668931256045,0,1
73,F,25.585128614000098,99.8323420579591,False,False,low,False,True,False,False,136.5860869189722,79.15138080479082,135.70907983110845,1,1
39,M,23.295678207967647,100.37731470414982,False,False,moderate,False,False,False,False,129.80592443694584,81.37927555789803,179.0006242016914,1,0
46,F,27.732565825988768,97.10314487834864,True,False,moderate,True,False,False,False,129.9429711632721,83.38203234143876,60.0,0,0
44,F,29.032845803111506,102.84181939748849,True,False,moderate,True,False,False,False,127.29066140820035,78.85574435818695,153.25968350214256,1,0
73,M,21.92847693082281,103.99141826063894,True,False,high,False,False,False,False,100.02945167144514,77.04928912468998,120.47029056911376,1,0
78,F,25.48747981378969,99.78094595173054,False,True,moderate,False,False,True,False,112.4214936444271,88.01809054139088,148.55490192006516,1,1
78,M,28.669520311476763,113.18971089802129,False,False,low,False,False,False,False,120.3354640441782,76.53930052950541,91.45382783538518,0,0
65,M,19.278707843180662,87.57711811682049,False,False,high,True,False,False,False,105.51389089436888,88.52634066077773,105.6522701363862,0,1
49,F,24.55555455841763,93.33425016954521,True,True,low,False,True,False,False,144.95785662119152,86.94792506040962,156.29361084015088,1,1
52,M,19.48524656127178,94.17380808289477,False,False,moderate,False,False,False,True,130.00563049981307,93.98012971826431,110.27474156593946,1,1
79,M,20.07388776382935,101.02765725630073,False,False,moderate,False,False,False,False,150.5175703585754,80.3952584246346,140.8748408934735,1,1
35,M,21.966049651338633,97.51397206078182,False,False,high,True,False,False,False,134.64224475479926,93.8805956223603,91.40442973443974,0,1
39,F,26.647037920457617,93.25151613874526,False,False,low,True,False,False,False,99.6526031295022,74.66154136062103,105.05878028665833,0,0
74,M,23.050898171128395,102.39464608037011,False,False,moderate,True,True,False,True,142.91161888859062,81.80180489531685,129.82624529279113,1,1
42,M,21.582118437642173,103.47851382887883,False,True,moderate,False,False,False,False,114.78954370191984,86.41513868763873,126.1633701240178,1,0
32,F,24.731995534962316,99.5764248392279,False,True,moderate,False,False,False,False,143.8325198626007,66.88263414566912,140.9409391389134,1,1
53,M,19.338667722801066,98.12074969581451,False,False,high,False,False,True,True,146.12938106754197,73.6795062222621,100.06632846666447,1,1
38,F,26.429614480252596,98.3316047446445,False,False,low,False,True,False,False,143.62705334133523,70.65342746710807,111.99928157625075,1,1
74,M,29.591240428812394,106.80815504008655,False,False,low,False,False,False,False,139.1743411498473,77.36645576683834,145.92055234131018,1,1
75,F,24.143581815553947,86.81265541675312,True,False,moderate,False,False,False,False,128.93416019182246,72.14024562289099,162.4917287339984,1,0
37,F,23.588079530149063,90.95551752488308,False,True,low,False,False,False,False,121.83483020438656,79.17199671493364,82.6348306557123,0,0
51,M,26.180481589470062,109.81953461220105,False,False,high,True,False,False,False,152.16158256301762,77.14267281611275,153.58095370821343,1,1
79,M,15.371887615258048,91.25670800306162,False,False,low,True,False,False,True,126.35809316014262,74.92621195067643,85.09598385306074,0,1
64,F,26.915678554690402,93.54822134869092,False,False,moderate,False,False,False,False,115.835520522624,79.65882591736406,119.2724927457717,1,0
31,F,38.45848611685189,117.00270696125789,False,False,moderate,False,False,False,False,129.07062761289328,70.49376576495891,121.87655382318727,1,0
55,M,23.94795700498376,102.62213203832152,False,True,high,False,False,False,True,140.3813136631925,68.51591363346398,94.94445716464304,0,1
57,F,23.963937348276513,83.15616800792809,False,False,moderate,False,True,False,True,139.7921759454281,64.87427711224451,105.78566365995172,0,1
59,M,27.846231500448575,116.89852921129564,False,False,low,True,True,False,False,104.62240082777924,58.33236769634109,60.0,0,0
19,F,31.90399700689083,104.55673699265537,False,False,low,True,False,False,False,139.2849231915195,70.52328213882666,137.36691331508052,1,1
36,F,28.887355299953608,94.65177597417798,True,False,moderate,False,True,False,False,133.0294043515746,83.92700243847442,102.28430579314507,0,1
71,F,15.0,79.32770902052124,False,False,high,False,False,False,False,116.4724933148539,75.82521196983676,110.53469059605852,1,0
33,F,27.035294769482363,97.71055070413,False,False,moderate,False,False,False,False,108.80902774857876,78.13403494734982,91.96749321557712,0,0
36,M,36.07368565358754,123.36886805452839,False,False,moderate,True,False,False,False,144.8813898996864,73.54833822754993,137.48173764123246,1,1
38,F,27.300984710417595,97.28853305568911,False,False,low,False,True,False,False,146.46137110722927,99.25440756759892,118.48526071030295,1,1
29,F,19.304291390277125,81.80151601662683,False,False,moderate,False,False,False,False,147.11634402763102,79.8210259927131,71.77932257981739,0,1
27,F,25.76823330988376,90.40996196142103,False,False,moderate,False,False,False,False,101.07326686677762,71.74446238193416,108.06434792783587,0,0
39,F,18.7369073689652,82.21629202924582,False,False,low,False,False,False,False,118.64614001578848,66.37470718396075,75.77311087324522,0,0
73,F,30.04761660170987,106.51319501904004,False,False,low,False,True,False,False,122.91135727566741,96.84513716407382,112.71234204085006,1,1
18,F,20.198528353874334,88.24992654110592,False,False,moderate,False,False,False,False,146.0396574212421,62.57907093684564,135.89693941969676,1,1
35,F,24.834096356114102,94.4578608519962,False,False,moderate,True,False,False,False,134.92140426912246,69.25770969014843,118.74352746178373,1,0
21,F,20.639989991036686,83.86491138937275,False,False,low,True,False,False,False,118.41853242832906,69.26414965821792,127.20240071808878,1,0
53,M,22.04098374103404,107.28055852154957,True,False,high,True,False,False,False,124.59187622289302,77.61827492536953,148.9988043254356,1,0
33,M,31.187677906372226,109.84791857629625,True,False,low,False,False,False,False,133.4207193246331,81.90557095701887,83.34676269783496,0,1
67,M,24.96555724202164,100.14477073530614,False,False,moderate,False,False,False,False,133.9629429164319,78.75285076677426,96.6476893258921,0,1
54,M,21.98358886823426,97.08717377536931,False,False,moderate,False,False,False,False,148.88829428296253,73.988879719245,60.0,0,1
67,M,19.346474131009746,100.054536203697,False,True,high,False,False,True,False,145.30437207145465,62.631020485041496,98.71780396112025,1,1
57,M,16.077343311202537,89.84151194907886,False,False,high,True,True,False,False,141.95308576448306,98.42284209660531,90.5343183979642,0,1
45,M,18.86923714914791,92.98930986637995,False,False,moderate,False,True,False,False,109.77274097232741,80.91403276090907,134.89039066818108,1,0
72,F,25.0038165864997,91.37768278758847,False,False,moderate,True,False,False,False,110.7538649369932,84.24373085886394,128.1471772271529,1,0
48,M,28.911051959251985,106.53615292401078,False,False,moderate,False,False,False,False,106.1480287708031,70.56384395598484,164.5304594460621,1,0
77,F,21.978418284100094,93.43166976734102,False,False,high,False,False,False,False,128.77051206401444,74.73184665955196,94.45044045561156,0,0
80,M,31.567446203235566,120.01596021001858,False,False,moderate,False,False,False,False,114.48689360699129,90.90140346798617,125.8811121085667,1,1
55,M,21.27124809997298,103.69804808832076,False,True,moderate,False,False,False,False,131.53093397210603,55.0,137.91116192751346,1,1
60,F,23.428947247040544,86.45282725268325,False,False,low,False,False,False,False,133.84065126381284,86.39849221306731,192.19578118586108,1,1
34,F,19.641904758482365,85.20679138175201,False,True,moderate,False,True,False,False,125.94312234396102,75.28277014840998,127.24469351693183,1,0
69,F,28.958427805555353,93.57739604550855,False,False,low,False,True,False,False,136.51282681917885,82.57582926746505,110.31824677624806,1,1
60,F,33.938797763200554,107.5957663017735,False,False,moderate,False,False,False,False,112.14885171159395,96.31392610943841,116.39724698865962,1,1
74,F,16.57182367578711,77.33228806006869,False,False,low,False,False,False,False,98.83008145297539,72.74409501360175,128.28569644890163,1,0
34,F,22.942270691143857,96.83264443954371,False,False,low,False,False,False,False,111.1856453824255,55.0,160.0683119391226,1,0
67,M,30.19150931172516,109.93180970154718,False,False,low,False,False,False,False,135.88640098537576,65.99497865249654,97.10753159682206,0,1
47,F,17.988745153584794,87.84131022810772,False,False,moderate,False,False,False,False,151.9314262361228,78.14213296400315,87.11764417474879,0,1
29,F,27.050077581369887,96.5627328291001,False,False,high,False,False,False,False,146.16976627555084,96.14009569716974,203.7667957773532,1,1
28,M,29.99662490093407,115.99868971331382,False,False,low,False,False,False,False,119.32735746211046,73.73012929570335,72.5614261149281,0,0
53,M,24.852029664605766,102.19924440115015,False,True,low,False,True,False,False,137.90978621553626,95.02846126909458,141.94724751241273,1,1
38,F,26.976183819230595,99.22365123385238,False,True,moderate,False,True,False,False,100.36233699900532,55.0,126.56837556137562,1,0
24,M,32.42406073757423,113.01224962284769,False,False,moderate,False,False,False,False,147.350157487022,72.46063925418626,123.26920534613039,1,1
44,F,33.26791949345516,109.87820035761021,False,False,low,False,True,False,False,131.0145268428552,89.41684157797678,69.03315749908234,0,1
59,M,24.221147541344827,93.48634726004825,False,False,moderate,True,False,False,False,135.28235457453403,88.38254645535349,206.81747948575074,1,1
38,M,22.10429967815345,93.515274864138,False,True,high,False,True,False,False,92.05262592410809,56.5035536811449,118.17625683581963,1,0
78,M,20.360089500168367,95.35891372329503,False,False,low,False,False,False,False,130.07740064662906,68.75954651092461,93.9702135398246,0,1
67,F,28.896338676929208,109.34071212379938,False,False,moderate,False,False,False,False,152.20920387006896,76.47765368321362,65.46115410651993,0,1
50,M,18.327009989940642,85.7856456881937,False,True,low,True,False,False,False,127.454205541534,70.69486490968356,60.0,0,0
76,F,23.36341682903959,93.4213029430648,True,False,high,False,True,False,False,121.28478127780804,90.86217450181364,136.6451165268364,1,1
45,F,24.962103969295097,95.37829422209657,False,False,high,False,False,False,False,118.66958541853758,78.14163394687175,82.683329574116,0,0
26,M,22.236488692765604,107.10337127103651,False,False,moderate,False,False,False,False,111.23761845961234,62.11201068860369,102.61607762853596,0,0
20,F,25.75919119258606,98.19180858527,False,False,high,False,True,False,False,124.21388253533183,83.06758880220704,90.91584903597636,0,0
77,M,36.04030993231741,127.68112528738797,False,False,low,False,True,False,False,103.31905649244189,83.65046142592982,130.8234046186476,1,0
78,F,23.95280634344056,89.94817435999835,True,False,moderate,False,False,False,False,129.99510291470685,65.35828913732084,125.63381718046647,1,0
64,M,22.540674676576746,98.53072806208064,False,True,moderate,False,False,False,False,140.5533937041692,68.19904728103651,138.32241801836258,1,1
24,M,29.068993209718336,112.65292518576403,False,True,high,True,False,False,False,115.92208869256784,70.17151495617792,139.6579004173276,1,0
36,F,25.57812639865485,99.71991398110764,False,False,moderate,False,True,False,False,128.9372195633085,93.03244341921868,86.94052135468885,0,1
20,F,30.977010970451193,111.14785254782768,False,False,low,False,False,False,False,121.77750105613939,77.02892286935935,64.8668614621382,0,0
21,F,25.241094289188734,97.46820979910021,False,False,low,False,False,False,True,129.11863531277416,55.0,106.80349553265734,0,1
33,F,23.38209556413035,93.84554682088886,False,True,low,False,True,False,False,137.3656300782959,64.76244858218195,130.10698840159566,1,1
54,M,16.4732380035745,89.80908045564512,False,False,high,False,False,False,False,129.43432286395426,85.87456105572575,115.7893111035116,1,1
22,M,17.21119387784717,90.12126550572145,False,False,moderate,False,False,False,False,136.56638083663105,73.50967082685777,60.0,0,0
80,M,16.239355893078038,82.65890236679479,True,False,moderate,False,False,True,False,131.14860849798268,64.49865451637442,114.01197824927904,1,1
46,F,26.207026248279078,95.80634106855858,False,False,low,False,True,False,False,136.6120318582904,73.8371151809281,76.97986726907158,0,1
34,M,18.36987734059643,97.86038510560628,False,False,moderate,False,False,False,False,127.86071984361993,88.79441768293258,112.77466296275841,1,0
50,M,30.150098146637223,113.43578067181355,False,False,moderate,False,False,False,False,128.10099658909164,101.93731174799244,145.75826678331387,1,1
67,M,24.63610954185179,105.45859103882451,False,False,moderate,True,False,False,False,133.86737941537856,77.36238428023836,60.0,0,1
37,M,23.40115886404249,98.60395790201508,False,False,low,False,True,False,False,121.6420388137728,83.38551064193369,164.74903615693503,1,0
20,M,20.702652161580477,97.14855534594305,True,False,low,False,False,False,False,129.99841337826786,76.8978827304889,75.3886408581474,0,0
21,M,27.300164367215928,103.65168766850876,True,False,low,True,False,False,False,108.53800769539667,80.4084128288659,146.85677087353713,1,0
71,M,20.87975981205915,97.98309667885802,False,True,high,False,True,False,False,93.79783235525093,67.82495200214812,141.43620696155742,1,0
25,F,20.065798981685536,84.237993668081,False,False,moderate,False,False,False,False,124.27078239320882,93.89519379104593,101.45874473501293,0,1
58,M,29.84757464272407,115.0080932656434,True,False,moderate,False,True,True,False,110.00967718965057,72.9576394453886,127.90591039415516,1,0
42,M,26.095795223487602,103.35809208031705,False,False,high,True,False,False,False,153.672322809042,65.90600739930207,87.44828383370016,0,1
66,F,23.442817572882774,94.83562989025091,False,True,moderate,False,False,False,False,109.96323125351962,69.53949915322875,60.0,0,0
21,M,27.386448431301723,111.44438376026963,False,True,moderate,True,False,False,False,134.98276714256593,85.31467265283389,151.82086384263874,1,1
74,M,24.540193428998144,103.32659779108427,False,False,moderate,False,True,False,False,111.36406649917387,70.31216710448997,88.08911171414003,0,0
61,M,26.223559177032577,106.0531849892982,False,True,low,False,False,False,False,122.34175147051135,94.68351662204421,175.0271634933962,1,1
46,M,20.824184439310454,105.09740242526105,False,False,low,True,False,False,False,104.84140764248713,85.03512285551884,142.90574423279548,1,0
31,F,33.8167937400978,113.57293912915836,False,False,high,True,False,True,False,103.353914184645,87.47666654048345,82.43876587689286,1,1
79,M,21.891710145456987,103.72675213417851,False,False,moderate,False,True,False,False,127.27715655759538,73.39416078185171,132.5994294730469,1,0
37,M,31.502073471274898,112.08500959427509,False,False,low,True,True,False,False,116.34923800859336,71.16408699407874,130.47572067367506,1,0
48,M,23.650090178129854,105.1892866637194,False,False,high,True,False,False,False,134.58030329186647,78.3621910349467,172.28876318597483,1,0
42,M,28.13193702044733,113.47009686930109,False,False,low,False,False,False,False,142.66375722931025,64.94131053415381,94.88675455831729,0,1
32,F,27.804005745617612,100.8387251558545,False,False,moderate,True,False,False,False,97.1893653238116,83.19652279987702,103.8705894706185,0,0
44,M,29.660832898175205,108.51959180526694,False,False,moderate,False,False,True,False,139.4838888666617,88.0898654298807,127.16505874860749,1,1
27,F,20.71719331776135,89.01863535969791,False,False,low,False,True,False,False,106.61905667018385,70.38774098294277,112.63564790779523,0,0
18,F,29.34035930575488,101.72986246825974,False,False,low,True,False,False,False,116.67101363098907,85.58741327059396,63.34079011643078,0,1
36,F,32.80897932910148,110.9461133505029,True,False,moderate,False,False,False,True,99.57004450195818,80.80116737736705,147.5193474708538,1,1
25,F,23.335881593411642,95.12227275677962,False,False,moderate,True,False,False,False,100.048094811553,90.27872484049746,167.93636138778828,1,1
44,F,24.65617730213955,92.13924042595654,False,False,high,False,False,False,False,90.87689874080502,96.07968537086505,117.36640534501636,1,1
72,F,22.144490108839307,99.6394244678632,False,False,high,True,False,False,False,115.52825850678877,86.59920911804514,67.45716847830282,0,1
28,F,22.94103686516705,91.60812557509146,False,False,low,False,False,True,False,122.97967116237812,77.3808993602816,108.04117800911096,1,0
18,M,32.20140259519621,113.37434905455825,False,True,low,False,True,False,False,116.05636340623533,91.26345073718353,80.17424791465628,0,1
24,M,19.980944632414083,95.65377833076765,False,False,moderate,False,False,False,False,93.34976378130263,78.52040551608113,102.9304645368552,0,0
50,M,20.260465301671527,94.46451966457862,False,False,moderate,False,False,False,False,90.68867394613574,75.07895170387083,118.49039424670235,1,0
35,F,31.749054213864696,111.90007741768187,False,True,low,True,False,False,False,122.16184780722506,71.29251458535751,134.96170045709604,1,0
48,F,27.31046791649763,96.33711370987633,False,False,low,False,False,False,True,134.62444855962198,79.07535607343458,161.1806630541542,1,1
19,M,34.04166612069136,117.53837156827649,False,False,low,False,True,False,False,125.96460799664317,89.05669095668857,133.9489099257526,1,1
38,M,22.473026129783662,95.19574823266095,False,False,low,False,False,False,False,151.88650082332242,66.6536807877893,74.97054197710234,0,1
43,M,25.068265117569062,109.45386051278199,False,False,moderate,True,False,False,False,121.39011197745377,64.35830180997942,135.86520665061784,1,0
45,F,21.52695375302688,88.5831842049699,False,False,high,False,False,False,False,127.0469108358296,64.57677582001526,101.99910358214544,0,0
52,F,25.14485525891463,93.83010698965093,False,False,low,True,False,False,False,121.66381074587387,89.24069465873568,105.94698114382282,0,1
67,F,16.516564862220633,84.35479772925706,False,False,moderate,False,True,False,False,109.4955514763927,82.38057692901059,111.50893688686097,1,0
47,M,27.58229550494754,113.30697876417862,False,False,low,False,False,False,False,119.37216488509357,94.21921450977722,116.72755996932536,1,1
70,M,25.95563337571552,103.67470554325844,False,False,low,True,False,False,False,135.41610065031415,72.2910448635202,147.44119828967303,1,1
51,M,24.241004018903364,109.62478274656057,False,False,low,False,True,False,False,136.0410978457415,64.5502199846597,129.38884429137363,1,1
34,F,22.74336053930151,94.31941436331626,False,False,low,False,False,False,False,127.72103047824407,95.12682858588221,70.50682154813964,0,1
32,F,20.47360705684355,87.46095452896546,False,False,low,True,False,False,False,147.3162971403094,69.91006132114195,60.0,0,1
38,F,27.774708104147425,97.56660851971142,False,False,moderate,True,True,False,False,129.31979023405952,85.43450102319451,134.7570087562173,1,1
55,M,19.23009506433467,96.41494700504813,False,False,moderate,False,True,False,False,127.22806803483451,63.32359023417145,130.85432035499835,1,0
33,M,26.803531604221593,102.74838098903474,False,False,moderate,False,False,False,False,146.03520847152774,79.98854721790497,156.13937885921285,1,1
75,F,33.83503127664256,102.75974974674477,False,False,moderate,True,False,False,False,110.5595159549573,76.20551355146438,108.55359175947744,0,0
48,M,31.184846698899342,120.81300801956515,False,False,low,False,False,False,False,144.84850565583207,62.33654960033237,121.79988717498075,1,1
72,F,17.72692425798206,85.97329762242543,False,False,low,False,False,False,False,106.4168692551426,98.811360128161,128.71002965738376,1,1
61,M,22.08467872845514,103.65512776682807,False,False,low,False,False,True,False,117.74364804435875,68.22829020756332,60.0,1,0
39,M,26.39652833249902,105.79261211123847,False,False,low,False,True,False,False,92.61736496943341,67.71281052284789,60.0,0,0
32,F,24.183731350935425,96.472406699079,False,False,low,False,True,False,False,126.01986891083922,70.80207281525892,137.75612700508722,1,0
64,M,18.202674267729105,87.22038457382858,False,False,high,False,False,True,False,143.20972214817826,55.0,124.9229421770849,1,1
38,M,26.23392178163071,104.78798890808528,False,False,high,True,False,False,False,106.99506960596219,74.4012910357764,159.1355477320276,1,0
33,F,24.454923971976655,92.81761198708966,False,False,moderate,False,True,False,True,117.47495582650397,70.80503297558265,176.530930083785,1,1
76,M,33.11446433871702,120.50843441192333,False,True,moderate,True,False,False,False,118.45359466889877,88.91544483741862,101.48600183525339,0,1
48,M,23.36047083822149,102.42163782766222,False,True,moderate,True,False,False,False,118.55858925640977,81.47530230884448,99.66282152281364,0,0
21,F,29.75601523396966,106.97851733662368,False,False,moderate,False,False,False,False,105.23431075039699,64.05416004247489,64.51992932191109,0,0
49,M,18.79810218591511,91.8744939222765,False,False,moderate,True,False,False,True,122.6000733508266,70.81301029505168,130.13278361873515,1,1
47,M,19.87395815946571,92.05220440185998,False,False,low,True,False,False,False,147.1201378196209,101.71294236116687,60.0,0,1
72,M,27.747478819142707,110.67637821663409,False,False,high,False,True,False,False,113.98574337319437,67.96933796359416,78.03865908960162,0,0
62,M,29.376788512733185,108.7598637108916,False,False,moderate,False,False,False,True,125.68349459599648,87.05891855591318,122.80277488241163,1,1
30,M,20.191732732665233,100.65880902448778,False,False,low,False,False,False,False,125.55533398439167,70.5188638604274,88.9396280294531,0,0
27,F,24.608348329177602,90.8953830918449,False,False,moderate,True,False,False,False,115.66962304614378,66.96651093969106,110.34594103924809,1,0
56,M,18.282893719119148,91.60466825559465,False,False,moderate,False,True,False,False,126.45222797330223,72.03943866469353,104.75437918625997,0,0
20,M,23.68451078162534,104.48082189792648,False,False,high,False,False,False,False,115.9065633883942,94.17436262210731,73.0807466959429,0,1
38,M,28.266152535308567,110.57361656582856,False,False,low,False,True,False,False,128.68208890642097,61.85912493282922,60.0,0,0
26,M,22.54268675388735,93.94462928965645,False,True,moderate,True,True,True,False,120.87191563890809,85.22235070991326,136.50293685623063,1,1
19,F,23.37934382325289,88.94395123004836,False,False,low,False,False,False,False,99.50781614838657,91.41381721154876,105.77534518244597,0,1
75,M,19.415920707667766,99.17949208926045,True,False,low,False,True,False,False,93.21513482891851,71.92818170973361,123.8850324919191,1,0
23,M,21.582387138687835,99.18383424101643,False,False,low,False,True,False,False,90.0,88.96724275283675,109.9519466010432,0,1
18,M,32.41149912296452,111.61442721188237,False,False,low,False,False,False,True,115.43754608157835,87.25532661468667,109.32835804089294,0,1
76,M,24.8281620127271,106.09913988976945,False,False,moderate,False,True,False,False,135.29092611091286,69.12767870081643,117.7223499567827,1,1
29,M,19.98961505007231,93.74427181065116,False,True,moderate,False,False,False,False,110.31899206514619,67.5521341105163,105.26768629280821,0,0
69,F,23.083526225369038,90.97769961187089,False,False,moderate,False,True,False,False,118.04950509469073,76.30643388916464,100.15118517740576,0,0
19,F,17.31157570475047,82.69192639800578,False,False,moderate,False,False,False,False,111.53867759017162,79.18987926826776,76.82413208504924,0,0
27,M,19.936281385369046,99.88502437893902,False,False,low,False,False,False,False,108.64042267550147,73.93282365631734,198.88767419481832,1,0
24,F,30.62152882570904,101.97125109801071,False,False,moderate,True,False,False,False,157.24162898180123,84.21551834275127,147.2438709520832,1,1
62,M,23.858829090260276,99.59576406471054,False,True,moderate,False,False,False,False,109.23092873034238,69.48840110600469,164.18543330035493,1,0
57,M,33.008285792455425,119.89542149006472,False,False,moderate,True,False,False,False,100.364317715778,67.97214691960966,156.41645703370045,1,0
47,F,24.07093472676775,91.72352476379994,False,True,moderate,True,False,False,False,107.68083560411745,78.04343553070332,102.22687607647339,0,0
33,F,24.338095867138268,94.13686783743452,False,False,low,False,True,False,True,123.19612339405464,80.51333832258261,105.6389735797182,0,1
23,M,27.384023713439554,105.90714422205998,False,False,low,False,False,False,False,112.82450219432225,92.43119010779463,112.1004007725737,1,1
53,F,15.0,80.14391591651754,False,True,high,True,False,False,False,126.57482170609065,82.99760398139422,99.25400433256638,0,0
32,M,25.422226956441087,100.33951492277407,False,False,low,False,True,False,False,110.31529789405513,85.80358055052481,142.72663608196925,1,1
55,F,24.27956080372572,93.13030271453643,True,False,low,True,True,False,False,112.59243029749521,74.20481985636152,83.5289530046882,0,0
61,F,31.187175020818163,101.58964061105537,False,False,low,False,False,False,False,110.68233421674975,74.27930009827452,74.66016350829393,0,0
71,F,28.84105727373628,101.5655438337855,False,False,moderate,False,True,False,False,120.5375902468411,71.00895041253108,66.62617021150608,0,0
49,F,19.398387415039398,84.01780161225588,False,False,moderate,False,False,False,False,133.41677195018178,80.01084668244282,100.6593394530871,0,0
18,F,30.089623783824113,103.32977472254272,False,False,moderate,False,False,False,False,135.10699526781605,79.60145277867443,95.48446444621399,0,1
35,F,23.319584634885523,96.70384528543059,False,False,high,False,False,False,False,144.52050716852716,79.06523823067288,90.34163674165424,0,1
71,F,20.4299604816678,82.67617630225234,True,False,low,False,False,False,False,100.99964610912397,75.77134838886624,114.9312357443231,1,0
51,M,25.38696462892041,107.03644069297223,False,False,low,False,True,False,False,105.36229011262071,77.5309836221323,71.19514760642708,0,0
57,M,23.587537899512817,100.80914152834866,False,False,high,False,False,False,False,107.30191421364877,96.2254313051178,137.97968516345904,1,1
46,M,31.42309391312836,121.16038417550233,False,False,moderate,False,False,False,False,121.94652440128475,81.01761549385263,73.60380013548604,0,0
28,F,26.032799128210446,93.64147824416936,False,False,high,False,False,False,False,104.76581487285019,84.41755201677576,70.95601344750584,0,0
74,M,25.425465143987026,110.76275539405712,False,False,moderate,True,False,False,False,110.97499201889724,83.15758220288238,89.47093999039531,0,0
66,M,28.552911872849478,113.42569243126127,False,False,low,False,False,False,True,132.95131248323392,76.08352341335724,107.16739291636483,0,1
80,F,29.417922281417205,100.49220241107082,False,False,high,False,False,False,False,139.1212722483386,83.90563882902215,142.11884359853744,1,1
71,M,28.026222924337848,113.5978785022653,False,False,low,False,True,False,False,133.08833370791774,78.2289196837655,109.38751945063522,0,1
36,F,30.887585627667292,103.3461689011109,False,True,moderate,False,False,False,False,127.12832534990531,64.24680616148187,60.0,0,0
34,F,27.239070858112047,100.25590266479091,True,False,low,False,False,False,False,111.39823177029848,71.61297100124996,129.06354542491135,1,0
33,M,25.25443159127016,96.28877136578555,False,False,moderate,True,False,False,False,122.34025943331642,99.9284519225244,128.39101220465238,1,1
75,M,30.07627427939613,110.20705173985544,False,True,moderate,False,False,False,False,140.25123139980226,90.83507721391516,91.6872903383806,0,1
53,M,24.090967369630377,108.90016465135838,False,False,low,False,True,False,False,132.58489189458692,74.7124843041668,117.97966760938533,1,1
46,M,24.649609323550976,99.3455133606507,False,False,high,False,True,False,False,136.1543585213531,85.42420679139555,162.21054401007683,1,1
79,M,32.247096127836116,121.57461763036824,False,False,low,False,False,False,False,137.21044470134808,80.40559823732848,81.75327159133599,0,1
56,M,31.79865857579854,120.06339606355604,False,False,moderate,False,False,False,False,116.75249937927772,97.17052887859082,145.61734186931943,1,1
75,M,24.463208868845047,101.13076651759297,False,False,low,False,True,True,False,132.13984451063652,76.57452569297803,156.29433039687447,1,1
80,M,22.459017902124724,92.44530571535762,False,True,moderate,False,False,False,False,115.92375590668594,80.46921618941992,118.15413851250952,1,0
23,F,31.084280750938245,104.72898162734596,False,True,moderate,False,True,False,False,131.52267977635609,69.23226318361178,68.9857602597111,0,1
40,F,28.101882610618464,101.49725994066084,False,False,moderate,False,False,False,False,141.62751774257526,76.52162823278651,157.74198525476905,1,1
64,M,25.920115643888135,103.20309899016124,True,False,moderate,True,False,False,False,146.86123357243312,55.0,144.05969954776134,1,1
69,F,23.05157280414525,84.91332452291893,False,False,moderate,False,False,True,False,131.51524795365376,80.85678426769836,131.1934694041758,1,1
27,M,25.992634604215674,102.7964126463489,True,False,high,False,False,False,False,128.30257079460355,89.03878906331946,110.16639574868933,1,0
38,M,24.402311930505338,108.78329938110768,False,False,high,False,True,False,False,144.20392107244146,96.61456433022211,152.50839996568808,1,1
52,M,21.510478191921518,97.7471978989583,False,False,low,False,False,False,False,108.16690427458886,83.29069539741833,82.24770971963679,0,0
68,M,25.08069047864256,102.64161794576006,False,False,moderate,True,False,False,True,145.13336989862066,73.98068039037837,141.99928640406503,1,1
25,M,25.694408205378235,111.90383083846223,False,False,low,True,False,False,False,124.09133468844942,68.96413078277237,100.74076044100599,0,0
55,M,22.81072219885896,103.37727630968828,False,False,low,False,False,True,False,124.2082122315109,72.77160154123345,60.0,1,0
36,M,28.56721559874283,107.74382711089605,False,False,moderate,False,True,True,False,114.78546621926856,60.41663563008072,76.83886858584971,1,0
31,M,30.29974576539945,109.6452067334719,False,False,moderate,False,False,False,False,103.22865360357575,75.22985527477823,126.13745051828775,1,0
50,F,28.864539621449357,94.77243809079775,False,False,moderate,False,True,False,False,145.54526285991344,64.51792710270868,119.77677337403493,1,1
44,F,23.256882266537023,91.47828298803083,False,False,moderate,True,False,False,False,128.46414134837894,71.43050948999843,127.51403267876347,1,0
58,F,27.901196768847672,94.97667736709994,False,False,moderate,True,True,False,False,116.09319488292356,75.75224464873877,99.15317219351824,0,0
38,F,24.850826288570182,91.75477487040786,False,False,high,False,True,False,False,127.6000721918064,81.6230678576911,119.38587020534833,1,0
69,F,18.93914309645322,84.51168003585269,False,False,low,True,False,False,False,116.6133347801333,59.837584048927674,133.89140057695002,1,0
22,M,27.527282203239857,104.59116961341964,False,False,low,False,False,False,True,94.72325946515659,74.22577350498867,194.5978428666633,1,1
72,M,25.157592384306266,97.09935840814553,False,False,low,False,False,False,False,119.1505816439509,85.54624275286251,98.27533943273906,0,1
19,M,36.17096600931188,120.70971087016741,False,True,low,False,False,False,False,99.48858752346021,93.39723472790585,147.8657352072596,1,1
64,M,31.05771888475352,112.22757174598092,True,False,high,False,False,False,False,125.8054390078572,77.18231834180673,134.63071864482148,1,0
39,F,27.700175706205357,103.41873360081205,False,False,low,False,False,False,False,147.37438734224045,102.16914039613175,116.29267180031052,1,1
42,M,25.62126725579681,112.88992124094511,False,False,low,True,True,False,False,111.73852237788861,85.70320243791473,66.45278938871952,0,1
19,F,25.236750147761082,94.4065161491412,False,False,moderate,False,True,False,False,134.65480563997784,78.67838702470452,160.6455710291669,1,1
62,F,19.983397683651017,88.84312056325535,False,False,low,True,False,True,False,111.76145028575719,91.67767169311833,120.70931457970886,1,1
28,M,16.674557477600402,92.0512249148765,False,False,moderate,False,True,False,False,121.67323412964211,72.4219837327972,91.31864793089811,0,0
59,F,20.573484009132958,94.93098638505205,False,False,high,False,False,False,False,107.952641066035,66.47344848813404,81.0460924947104,0,0
63,M,24.285273418233064,105.31410400836636,False,False,moderate,False,False,False,False,131.9091747650182,88.21759504530435,121.135088370763,1,1
71,M,15.025073248059572,88.16759135431417,False,False,moderate,False,False,False,False,143.54359412886535,83.83736173876474,79.17414750114017,0,1
62,M,22.050551934772628,100.1813477449877,True,False,moderate,False,True,False,False,125.07913087542177,89.48658786748273,92.09543857007338,0,1
36,M,23.385741350940084,113.16019876936798,False,False,high,False,False,False,False,130.56861889332077,89.23254786913452,91.30170683586023,0,0
64,F,23.53058050931544,91.49269506193843,False,False,low,True,False,False,False,130.53874395497706,100.11340820235984,113.6159165187166,1,1
70,M,21.52224380815335,94.4131509158491,False,False,moderate,False,False,False,False,118.02265885819533,62.03420391200023,133.01717734902869,1,0
37,M,22.963187835283698,102.81462684826731,False,False,moderate,False,False,False,False,142.91814511025763,74.1005447558204,100.88072123407719,0,1
25,M,32.25752222655738,114.8965927811644,False,True,moderate,False,False,False,False,113.71713005657611,74.83333351835644,104.55960774672305,0,0
74,M,27.479653766707713,111.2483798363133,False,False,low,False,True,False,False,96.84180344397188,90.83380328289205,115.78925659955954,1,1
27,F,21.978646503958327,88.0477582600621,False,False,moderate,False,True,False,False,107.25771500283565,82.10020342078748,85.80134627104714,0,0
55,F,24.192434952371165,93.2465603955315,False,False,moderate,False,False,False,False,131.85183344891536,90.87649388587373,91.44675060392399,0,1
32,M,24.372589989564798,105.24629223117715,False,False,moderate,False,True,False,False,115.8089888958362,81.11452522214701,95.6435243775951,0,0
25,F,21.04420054816932,93.11508305461636,False,False,low,False,True,False,False,123.48492752953408,77.7967502985816,122.08061240532636,1,0
66,M,21.038914020152653,99.88062263128683,False,False,low,False,True,False,False,118.18326101902217,85.48788876612106,168.3076575608502,1,1
27,M,29.04735809147021,115.70171390278725,False,False,moderate,False,False,True,False,124.89424172337868,80.8741345401193,68.4007079195836,1,0
60,F,22.610970301174326,91.77104639563694,False,False,moderate,True,False,False,False,139.49363790564038,82.28733240873582,120.37010994714466,1,1
61,M,19.57386625836108,95.92294366117927,True,False,high,True,False,False,False,146.40856908868426,85.17080727242498,103.96594090120406,0,1
21,M,24.30586845168751,101.73579011600376,True,False,moderate,True,True,False,False,106.49066188117493,82.77121357628361,106.05764460432522,0,0
28,M,25.031043889081054,108.30788623521309,False,False,low,False,False,False,False,136.91244701717676,88.81017760735115,94.91986998351291,0,0
68,M,15.622830991127742,92.2206127153365,False,True,moderate,True,False,False,False,125.14747574333164,78.56984475790867,151.94359228584867,1,0
49,F,24.31664138982263,94.5857400745686,False,False,moderate,False,False,True,False,102.4288444473299,79.86567402950175,60.0,1,0
25,M,28.405909704567172,110.66293330110628,False,False,moderate,False,False,False,False,129.90788500655447,66.99000532033395,72.25234945060042,0,0
80,M,26.53053223484825,114.12058126961578,False,False,moderate,True,False,False,False,151.5756397549243,88.81381087755294,150.1503936078514,1,1
34,M,34.53407801837737,122.07965331381438,True,False,low,False,True,False,False,110.190820959734,96.82436628864511,152.76917150302836,1,1
18,F,30.129992670404807,102.82155405904174,False,False,low,False,False,False,False,118.3405942373294,58.17673805159733,173.5982710933553,1,0
76,F,31.02020311137884,110.26564639939664,True,True,low,False,False,False,False,96.3054289489456,85.05063112808222,122.73220746023567,1,1
19,F,37.10038671161447,118.70744922684513,False,False,low,False,False,False,False,120.13170912621227,76.3943122177692,128.87701904666423,1,0
52,F,27.91170317798569,99.15792731631471,False,False,moderate,False,False,False,False,124.56301915856014,75.97213214703987,60.0,0,0
80,F,25.233815935697155,101.62878019456167,True,False,low,False,False,False,False,153.58107426134683,84.90426037659218,112.10272465787538,1,1
54,F,28.881831320440995,96.17453608563201,True,False,high,False,True,False,False,107.0511616297901,77.67314269601957,131.58465734985128,1,0
54,F,21.983436049722528,86.286707020131,True,False,low,False,False,False,False,137.4227458902522,82.31792701751655,94.9228417913149,0,1
42,M,24.98458843772736,108.12605338907876,False,False,moderate,False,False,False,False,126.81075090444628,74.04350324518545,108.77281066947819,0,0
25,M,21.58522560614759,96.47147694529366,True,False,moderate,False,True,True,False,157.7452955571799,94.5525622865479,155.12653053910478,1,1
54,M,26.290930509032968,110.23991579302084,False,False,low,True,False,False,False,124.80354715386913,75.4370862933021,162.98642675939473,1,0
74,M,21.56640910391081,100.05099972596338,False,False,moderate,True,False,False,False,121.17703760213256,69.62647752835515,120.76074404049464,1,0
23,M,21.40882175062227,103.77358435890214,False,False,high,False,False,False,False,135.54578313293482,81.81665342200695,110.22013689110051,1,0
73,F,26.36062981897477,98.28337811758941,False,False,high,False,False,False,False,129.8221785039185,68.81567881636785,137.51227214615685,1,0
44,F,23.880298516487446,93.9980314116258,False,True,low,True,False,False,False,136.97089204916665,80.58310291809218,99.07000740420047,0,0
51,M,15.826154889274639,88.09070420432438,False,False,moderate,True,False,False,False,130.98005113419663,96.11797601545516,148.5419063740636,1,1
28,M,17.949993854095595,92.54390662960527,False,False,low,False,True,False,False,98.39251600632277,77.50701322893244,93.62859921110581,0,0
57,M,19.337300788423416,91.26634562314635,False,False,moderate,False,False,False,False,130.35406566773972,63.10227355493216,138.2501927103343,1,1
29,F,20.526626422487116,85.72455654629125,False,False,low,False,True,False,False,129.98183098294805,73.4337656020034,111.31099395664178,0,0
35,M,26.364904982653872,109.12868607217494,True,False,high,True,False,False,False,110.16521684255241,86.93696789966536,90.33054855757102,0,0
63,M,25.485224811822363,111.01429912896744,False,False,moderate,True,False,False,False,126.6332574178225,79.17576370072129,124.57143008046644,1,0
21,M,29.293757172646394,112.68865950281639,False,True,low,True,True,False,False,92.62606578992538,85.71415679120143,98.26972016271984,0,1
46,F,27.88760820323797,107.3906536404593,False,False,high,False,False,False,False,126.08484626798496,71.04058078223436,146.79973207423973,1,0
55,M,29.32356330282196,115.93959145685568,False,False,moderate,False,False,False,False,132.9561579619664,73.46843648980239,77.19880753466137,0,1
26,F,27.237782861566053,97.51811226218892,False,False,low,False,True,False,False,137.35204801983116,84.97010023041251,119.86369386898915,1,1
36,F,25.443556890911704,95.42826869504026,False,False,moderate,False,False,False,False,133.21204048390507,95.7198733848124,86.37701507398641,0,1
39,M,29.44708284029445,117.33611710218482,False,False,moderate,True,True,False,False,107.82022670928906,73.73997957783466,154.03981587694278,1,0
59,F,28.63735756283045,99.13878109068396,False,True,moderate,False,False,False,False,98.55391189778629,78.41137651226043,137.01368940574378,1,0
79,F,26.19242915399296,102.18312688687831,False,False,low,False,False,False,False,137.05913173712668,90.09895718510293,110.43241867003394,1,1
70,F,30.21982341887064,95.20880749287886,False,False,low,False,False,False,False,128.47864575267818,79.44154506376285,111.46490840789998,1,0
29,M,15.0,87.43675090522144,False,False,low,False,False,False,False,129.8907842004616,85.01551039419188,170.95401325981086,1,0
19,F,23.192915716367974,95.31295111445804,False,False,high,False,False,False,False,148.90034925133432,69.85837277233314,138.5687901089558,1,1
21,F,23.123942904567212,88.61767005818825,True,False,low,True,False,False,False,96.28437043575305,78.03907340692224,85.54738666889621,0,0
55,M,29.687072948667065,118.76919646330158,False,False,moderate,False,True,False,False,150.84910427120855,71.1647971425364,144.7146762288626,1,1
27,M,31.57127748627846,119.14863614557541,False,False,high,True,True,False,False,113.00531233736292,59.458731879872246,92.30389295531546,0,0
32,F,17.97419283405382,89.8317849626373,False,False,high,False,False,False,False,135.19889809128625,68.27085098883863,117.35500243216421,0,0
71,F,30.850252283671743,99.1846505252098,True,False,moderate,True,False,False,False,121.78942516701032,82.93030673723528,60.0,0,0
73,F,19.22849666288179,80.29329670959142,True,False,moderate,False,True,False,False,116.46934005704688,84.07006421095754,140.52284501163044,1,0
70,F,19.364531394976296,82.1991294806027,False,False,high,True,False,False,False,97.85731815777064,86.45451528357123,88.56142568094069,0,1
33,M,23.44571433952686,98.88126932015926,False,False,moderate,True,False,False,False,111.24131331070551,83.59861740370941,104.73355606010018,0,0
57,M,23.068070875403368,107.47366196438743,False,False,moderate,False,True,False,False,129.47231310636312,75.55798065407946,63.24065682685506,0,0
56,F,17.487122241274054,79.08875079525968,False,False,low,False,False,False,False,127.68057001806233,57.835871224985304,118.31337177386484,1,0
29,M,27.424450880716552,113.40195179921348,False,False,low,False,True,False,False,137.23236331445062,65.41479347710603,114.46614679615506,1,1
52,M,27.55731091126971,114.88039423463401,False,False,moderate,False,True,False,False,110.93407983792517,90.15220151171366,67.39662976514653,0,1
51,F,29.243187182736516,101.91459991700485,False,False,low,False,False,False,True,133.94859410798836,68.73644837866007,113.14182468499382,1,1
42,M,22.549451015999608,102.81667643985557,False,False,low,False,False,False,False,123.05850436998115,77.18051935691831,102.71859866097265,0,0
65,M,24.321877782623982,105.09554715996687,False,False,low,True,True,False,False,132.12488585092467,78.69025375510468,154.83804482982904,1,1
60,M,24.363077757938107,106.01299274219502,False,False,moderate,False,False,True,True,130.21077032706577,62.76279344894952,87.2030171803522,1,1
51,M,32.09597948660809,120.71682484846774,False,False,low,False,False,False,False,114.45600916918065,81.65431106216788,128.7646802959752,1,0
63,M,15.0,84.0336079738944,False,False,low,False,False,False,False,126.03518970051974,94.80559052971176,60.53467511455254,0,1
66,M,20.193750429549034,99.27658569043672,False,False,moderate,False,False,False,False,129.37449943971788,77.79371270812473,114.79987194072817,1,0
53,M,24.52493379256309,109.97934821580162,False,True,low,True,False,False,False,134.58373391927174,75.0378171528675,124.51537119155809,1,1
34,M,19.614933942880235,94.4813913838683,False,False,moderate,True,False,False,False,146.0823743156711,65.25769926513102,126.2595800506133,1,1
65,F,23.337558392279973,93.90219942351602,False,False,low,False,False,False,False,111.84979813681154,74.98728264896621,107.84233662358544,0,0
63,F,23.932660086335407,100.72067381438963,False,False,moderate,False,True,False,False,103.33783683497825,83.95391028660579,172.6119296799003,1,0
79,F,21.54041251043389,91.54554294398112,False,False,high,False,False,False,False,142.58650164581775,77.92991549940216,99.3795159553132,0,1
27,F,24.790110167462025,96.82860495250313,False,False,low,True,False,False,False,101.41837304412267,73.16318341588986,128.86067397599894,1,0
44,M,27.32667174991016,113.778885310259,False,False,high,False,False,False,True,138.5373516411753,89.06488528032902,100.98102249795194,0,1
76,F,23.436800997360493,95.85519014163441,False,False,high,False,False,False,False,107.45309431589253,75.12268243952164,82.67268272080986,0,0
50,F,22.46062369714069,87.10961002093316,True,False,high,False,False,False,False,111.92573350530934,73.29372514037034,70.43256633158445,0,0
77,M,23.754057875057576,100.31680401107138,False,False,high,False,False,False,False,120.73482212087565,79.55330152324491,79.99566562874263,0,0
18,M,24.46653644009485,109.14678485182273,True,False,moderate,False,False,True,False,98.77797258411732,92.37693209943995,133.15093184147392,1,1
20,F,16.668561955995102,71.652939451007,False,False,low,False,True,False,False,106.4796524629789,76.30006154170094,158.44724944555333,1,0
68,F,26.576992630825753,98.45577619466302,False,False,low,True,False,False,False,95.22864567174409,68.25907827044698,133.04449906414322,1,0
40,M,22.470494467489424,95.72730058242996,False,False,low,True,False,False,False,132.70751052597103,84.0039865390747,100.27425876034954,0,0
50,M,30.17690783664973,112.93071488653672,False,False,moderate,True,False,False,False,121.81450707637602,74.3506774888505,90.00980692229922,0,0
44,M,27.159740640391135,111.16814395250289,False,False,high,False,False,True,False,122.23078664460536,84.10322936400387,117.74872200066716,1,0
43,M,29.765298818988448,114.33208069049826,False,False,low,False,False,True,False,121.02252998665749,55.4642070592454,75.55340065302029,1,0
77,F,19.950482928282913,85.91275958339453,False,False,moderate,False,False,False,False,121.71715143563048,78.40502403164788,142.93189583997545,1,0
23,F,22.828760114656582,92.41393509873456,False,False,high,False,False,False,False,114.28756225579484,75.26519379414165,124.9320803119263,1,0
66,M,18.90893680644166,97.07127117758762,False,False,low,False,False,False,False,137.3017761558948,67.44452048312067,78.12870900461623,0,1
74,F,21.326639559818034,97.21219457069716,True,True,low,True,False,False,False,93.78943799073335,64.65753233640926,164.19803360215005,1,0
59,F,30.13447441028866,102.20710408327245,False,True,low,True,False,False,False,98.91785491839694,74.91939083768982,69.78371534044875,0,0
42,F,31.19370760065123,107.18837779154084,False,True,low,False,False,False,False,143.73162850816237,66.23626151874187,113.81155243932277,1,1
28,M,19.333400173379932,105.01552341998519,False,False,moderate,False,True,False,False,126.27323463127891,55.0,141.18208425822306,1,0
61,F,22.437750492572224,94.63297290972015,False,False,moderate,False,True,False,False,90.0,65.07180462110892,137.70155838171075,1,0
47,F,24.15711947589223,96.5852623108329,False,False,moderate,False,False,False,False,127.11061499102627,64.59543614968116,90.12515350246414,0,0
27,F,27.135225388144015,100.09340156715912,False,False,low,False,False,False,False,96.56745424111583,78.32186743048507,97.56985178416525,0,0
40,M,16.580853814085785,88.20237481575225,False,False,moderate,False,False,False,False,142.80631561425935,64.92300991613217,78.5491874239987,0,1
78,M,17.286499633122027,91.1469985166175,False,False,low,False,False,False,False,136.7210860556212,77.99267204020178,119.65757129074424,1,1
34,F,26.70331764742581,104.47000017886603,False,False,moderate,False,True,False,False,155.55605462499463,67.51540028760907,140.70310795769007,1,1
29,M,15.72932643986934,84.6566352214713,False,False,low,False,False,False,False,117.2163541568615,86.60751773141203,60.0,0,0
60,F,22.489411672375084,93.54666735665016,False,False,moderate,False,False,True,False,102.52821109203109,82.12115099011231,131.45547883150132,1,0
30,M,25.229413138514783,98.81605629629168,False,False,moderate,False,True,False,False,113.35106691675881,74.6987059794621,94.78221146747504,0,0
75,F,26.370496864699028,101.22632792592552,False,False,low,False,True,False,False,113.71710717043449,79.58324463505893,108.74549789841478,0,0
72,M,23.862268570052755,106.12396696600852,False,True,moderate,False,False,False,False,128.16868282361744,84.32228218228143,74.73096419385274,0,0
79,M,22.854094764286113,103.69386000632852,False,False,moderate,False,True,True,False,92.69509633469542,78.67261441414676,90.34233541187358,1,0
75,M,28.300568868724156,103.99445551397052,True,False,high,False,False,False,False,121.91443693147998,79.55292911132966,181.73127946706234,1,0
33,M,25.78342666864591,103.24005331039055,False,False,high,False,False,False,False,105.76892707947158,55.0,100.15895432996652,0,0
31,M,21.58842520121843,104.4165458454134,False,False,low,True,True,False,False,113.79248409127428,72.29807659724275,111.61896060545703,1,0
39,M,24.669753035070073,121.01052105128454,False,False,moderate,False,False,False,False,144.12779846489482,69.43566022607561,79.98010526708153,0,1
47,M,26.224260601952867,111.98243894374329,False,False,low,False,True,False,False,138.04307860701195,89.55919996001215,202.39974090992385,1,1
73,F,32.232067586531215,106.45952008325467,False,False,moderate,False,False,False,False,133.6762424159954,73.70542818913833,128.3066067474804,1,1
64,F,28.038456507312105,95.28752478253497,False,False,low,True,False,False,False,132.18318372424758,70.57791014538745,111.2474244417366,1,1
58,F,29.965505851792745,105.51903882287232,False,False,moderate,False,True,False,False,117.7687658633044,84.39002386789102,144.21276466732962,1,0
73,M,21.752266716651665,103.13477642277432,False,False,high,True,False,False,False,121.22405940540497,61.29109926957574,124.42421698618072,1,0
58,F,22.141176921852487,90.33009372076654,False,False,low,False,False,False,False,96.83879648449218,77.0520217492996,105.97629350686533,0,0
41,F,23.440790032341546,93.59187766371753,False,False,high,False,False,False,False,102.25817932352517,56.259777788988146,107.50993059516355,0,0
44,M,23.853923090128262,97.84294426047691,False,False,low,False,False,True,False,124.02748252347264,70.07700290820047,60.0,1,0
50,F,19.96388768988699,86.31180833425071,False,True,high,False,True,False,True,104.08307477801114,72.90776401414743,99.20556229884436,0,1
23,F,30.19670131950568,99.53769031100553,False,False,moderate,False,False,False,False,133.03606401167247,94.02773679064667,94.31375742669589,0,1
64,M,28.475082369914563,111.65858066546375,False,False,low,False,False,True,False,121.2048173793596,76.36198548208536,123.2369563442375,1,0
59,M,23.124449624143217,101.56239357525504,False,False,low,False,False,False,False,117.23905730578139,68.2046204493858,104.5892094316415,0,0
64,M,27.387697920562342,104.79499009221931,True,True,moderate,True,False,False,False,112.29031572036389,76.53171370466556,136.00281245870585,1,0
51,M,25.50304623351727,103.22255959626148,False,True,moderate,True,False,False,False,129.21230205321027,93.84696513177941,115.49030700473432,1,1
67,F,27.739225914191184,96.57548212987042,False,False,low,False,False,False,False,132.84512113294053,55.39993684951065,82.5567323992771,0,1
77,F,18.450617944134663,83.5206383280374,False,False,high,True,True,False,False,107.91603791622622,86.49836840197355,164.10612549323838,1,1
53,F,23.844525170611544,96.7508055778348,False,False,moderate,False,True,False,False,113.60991007514409,82.17248437590368,98.4684375327891,0,0
45,M,24.238826624423922,99.3046620983781,False,False,high,False,False,False,False,118.98847040325855,76.71670415471108,131.39848279009297,1,0
24,M,27.306389448252432,111.46220352232234,False,False,low,True,False,False,False,127.13567476670221,74.58344894987096,66.11220277801206,0,0
67,F,21.6720307946804,91.02066562800229,False,False,moderate,True,True,False,False,126.93250998309246,93.808211645687,138.9548921184137,1,1
74,M,15.0,81.82544350944045,False,False,low,True,True,False,False,120.36445190311709,85.90235592033764,60.0,0,1
62,F,19.632351270426856,76.98046205108314,False,False,low,True,False,False,False,133.33116924374482,66.58597105899604,179.79826970772908,1,1
72,F,24.22528406430092,95.23109847599056,False,False,low,False,False,False,False,119.8277390750048,78.24574680250772,135.9651592645493,1,0
72,M,24.78747901476499,100.6944106358638,False,False,low,False,False,False,False,99.65337606123424,91.6975119948646,104.386753829786,0,1
68,F,32.07686655181243,98.62951737700784,True,False,moderate,False,True,False,False,143.3951962846676,83.91672915312638,131.99870715710938,1,1
49,M,27.122358982961444,109.24233390534214,False,False,low,False,False,False,False,137.67932968443495,80.88594057515212,67.64143665562668,0,1
24,M,24.8668862565417,109.13194549313869,True,True,low,False,False,False,False,99.96666839378094,63.66589580920778,104.919733919226,0,0
18,M,24.35423925448353,105.01949802349999,False,False,moderate,False,False,False,False,124.85622664581012,103.44690297781203,138.07326479868644,1,1
30,M,29.46882521976362,111.3187034838795,False,False,moderate,False,True,False,False,142.809154181102,85.93578416878245,132.05668029906985,1,1
45,M,21.84450296529153,99.5871618234163,False,False,moderate,False,False,False,False,117.1322653101744,97.61810532438878,111.72895972047016,1,1
64,F,23.868722955167307,92.19232510108667,False,False,moderate,True,False,False,False,134.34617298447182,81.31409672187227,123.04466646080802,1,1
46,F,19.598338459377644,91.90258131573141,False,False,low,False,False,False,False,139.7688418200278,77.79940908220578,149.82321803115948,1,0
19,M,30.885077219128867,110.3166931731359,True,True,moderate,False,False,True,False,126.29108426456128,70.9118668031234,137.30565301648815,1,0
31,F,26.26624521650726,99.07622712031029,False,False,moderate,False,False,False,True,156.28871861003276,88.72747537539635,60.0,0,1
79,F,21.316145167982242,86.0048016297416,False,False,low,False,False,False,False,132.3977299819569,94.47348290985025,111.72824198082984,1,1
80,M,23.984952453567615,98.99615830894228,False,False,low,False,True,False,False,123.63300036298104,89.45458624120316,112.65319047281396,1,1
41,M,26.79342843442826,107.02526865323587,False,False,high,True,False,False,False,119.32716881245301,102.81234837426902,68.23274761709672,0,1
68,M,23.37176489274976,101.16883412953271,True,False,low,False,False,False,False,121.24408249385868,79.44162635131548,75.04702795559737,0,0
63,F,22.094882202293295,86.15164575789116,False,False,low,True,True,False,True,112.96869669064725,71.17028209000512,164.4037669305583,1,1
76,F,21.55576841307051,88.17293038412674,False,False,low,False,False,False,False,104.18421439683176,80.83017749520508,86.59003699716907,0,0
73,M,26.025328546585015,104.16322077620367,False,False,high,False,True,False,False,107.61351411631843,86.84486724886986,97.18000922212896,0,1
57,F,22.88875574355192,83.68717462166731,False,False,moderate,False,False,False,False,119.72005462251039,75.10956035385762,84.01054457985639,0,0
42,M,22.458090193567642,94.65962901496569,False,False,high,False,False,False,False,134.8529286027658,77.52225820449037,126.4654671413939,1,0
57,F,18.487722102250675,82.55296314425978,False,False,high,True,True,False,False,127.22442757814713,80.35214535724405,121.77749531722766,1,0
38,F,24.849382594372262,94.54890267610294,False,False,moderate,False,False,False,True,124.70457697921918,83.42931685017982,179.845458368483,1,1
39,F,23.684494525436413,90.91962804174584,False,False,low,False,False,False,True,155.9257077491858,79.482779737464,93.22159347487796,0,1
56,M,23.05258243111116,100.9879057633652,False,False,low,False,False,False,False,148.92571466599279,80.32009251784476,130.3256629980596,1,1
53,M,25.394468048699235,98.34839570157384,False,False,high,False,False,False,False,107.399454295879,84.99498192421704,60.0,0,0
54,F,27.86601018231154,93.78801692446396,True,False,high,False,False,False,False,133.27069339406518,86.4551515653935,62.36172145390667,0,1
42,M,27.65704462373211,110.36824899897603,False,False,high,False,False,False,False,103.0036200051369,72.55495410643604,158.6028723907654,1,0
43,M,26.98727825404893,110.27450529416016,False,False,high,False,False,False,False,126.28436976898584,57.80075978890446,150.677832062025,1,0
18,M,23.416983746139255,109.8949819442607,True,False,moderate,True,False,False,True,100.03061537567646,66.57950719004984,127.53624529820911,1,1
55,F,21.94850748826441,90.56479565640888,False,False,moderate,False,False,False,True,112.28849166182637,83.07146159498222,151.42917248368332,1,1
54,M,19.80237961404903,84.14501957280008,False,False,moderate,False,False,False,True,131.98222225356037,69.9609690681629,74.35136969922269,0,1
76,F,21.83079571697863,92.6561780547525,False,False,moderate,False,False,False,True,114.72867084075844,80.92105607908029,169.84299489842343,1,1
49,F,24.58842542811456,91.80727734293775,False,False,low,False,True,False,False,104.73784139619904,77.37030565697658,75.78000240698047,0,0
47,F,20.961712452563827,82.23555270842297,False,False,low,False,False,False,False,110.99939078039681,78.73640458367802,123.3458162157843,1,0
22,F,24.932257126028492,99.97799686456001,False,False,low,True,False,False,False,106.89974424741985,83.40489499010506,209.01691791771563,1,0
30,M,20.15544494939661,90.60093137620818,False,False,low,False,True,False,False,128.59880190153,91.0899430137145,81.12865718050992,0,1
39,F,17.0255364994684,78.4222089944537,False,False,low,True,False,False,False,141.24385713695813,77.81688589667081,159.19583862480383,1,1
41,F,28.187327543891577,101.21054429619622,True,False,moderate,True,False,False,False,118.84784268751851,66.53675676366478,145.82343568038368,1,0
40,F,22.3651343208537,95.05619384643842,False,True,moderate,False,True,False,False,138.4721324455445,81.42075687725244,93.32292618817597,0,1
42,F,20.73334856049249,95.09006379774556,False,True,moderate,False,True,True,False,112.82779300464013,85.84248687226098,185.1510700545054,1,1
66,F,19.577687864161526,87.32674168728936,False,True,moderate,True,False,False,True,120.38162632863458,55.0,80.0918629844989,0,1
26,F,26.4036618862868,101.48454156745834,False,False,moderate,True,True,False,False,150.54272065373314,70.0543919067161,110.71803635471274,1,1
38,F,30.68708470160585,99.26092723331047,False,False,moderate,True,False,False,True,119.15444120613603,78.32161899897481,134.45374934013958,1,1
28,M,22.68616762547235,101.00553862089036,False,True,moderate,True,False,False,False,139.119320512706,72.71669987103063,108.65504345960734,0,0
37,M,23.52996481401838,103.16176574468345,False,False,low,False,True,False,False,110.47906414496452,79.47905928324268,220.79700806178226,1,0
61,M,29.322343279500824,113.50073567832473,False,False,moderate,False,False,False,False,121.67771506730152,71.13513034179695,67.96576721342402,0,0
20,F,16.352994330387595,87.60956667036504,False,False,moderate,False,False,False,False,108.26895248683077,88.30785152060392,168.62756201343078,1,0
39,M,33.350908893107004,115.89911367376024,False,False,low,False,False,False,False,123.06353907851485,78.5652784832464,60.0,0,0
19,M,35.498451360468664,120.97569194191854,False,False,high,False,True,False,False,125.83139809325074,58.20250860464356,60.0,0,0
78,F,15.0,73.94624568046447,True,False,low,False,True,False,False,134.10638670031247,86.04526477189614,113.85254372213473,1,1
63,M,24.061235469874592,111.57100479812755,False,False,moderate,False,False,False,False,112.7334098374494,86.74392553596624,137.79697983718714,1,1
33,F,21.264738356586964,91.07875502008008,False,False,high,False,True,False,False,119.32424520512848,77.58931174990582,164.1528236187162,1,0
30,F,23.308527030928698,94.08596863738613,False,False,moderate,False,False,False,False,141.0188583348852,57.766899371383346,168.29261264166053,1,1
24,M,22.617267186728345,101.10414917655297,False,False,moderate,False,True,False,False,102.65658053957726,87.92153044749435,118.99943854240225,1,1
47,M,28.15291594315711,109.46191768459283,False,False,moderate,False,False,False,False,90.0,66.75781147507105,129.44282222721642,1,0
65,F,23.99343541864404,89.44165704532323,False,False,low,False,False,False,False,111.54467702910726,74.02571769624953,120.50399795407871,1,0
54,F,20.400917536100195,89.19026148057492,False,False,moderate,False,False,False,False,131.7622619926181,71.68424817035036,165.40798621759282,1,1
73,F,23.725166774171942,88.260786292379,False,False,moderate,False,False,False,False,123.3262332963281,62.16522678439948,68.75996011346258,0,0
39,F,26.816529066330844,96.46929272601832,True,False,low,False,True,False,False,106.70091313316576,78.06744906704469,88.7326627401332,0,0
35,M,19.17325402505623,101.75470389677473,False,False,low,False,False,False,False,123.1425294089522,80.23021899882181,141.96541284420232,1,0
48,F,17.091948399635086,69.31764686874983,True,False,high,True,False,False,False,116.13320112604073,79.24735532914595,148.8472904826355,1,0
30,M,33.467342603758944,119.69460115032953,False,False,low,False,False,False,False,96.95092351440594,75.69736014375381,159.1024681824561,1,0
79,M,21.609079941312036,98.69828704743205,False,True,high,False,True,False,False,116.55448404475123,69.80527404374098,109.53193397715052,0,0
29,F,23.881911558862146,92.3694989586163,False,True,low,True,False,False,False,133.91503202942653,94.16008400217426,94.56610693506084,0,1
48,M,22.70992067378492,101.4658548466632,False,True,low,False,True,False,False,117.55371403450391,80.03873090160643,136.63308439164706,1,0
50,F,26.966394668369638,105.21795924131776,False,False,moderate,False,False,False,False,97.79222889223551,67.70962260488066,73.61284056283088,0,0
21,F,32.4775546539097,108.18292343488555,False,False,moderate,True,True,False,False,149.613123849355,82.84499335915231,170.31952152747527,1,1
47,M,27.10970228778178,109.62390062889835,False,True,moderate,False,False,False,False,106.10849920236741,82.00868502315402,94.39771684171647,0,0
46,F,17.66735683607004,85.25022627858905,False,False,low,False,True,False,False,127.96579279578857,84.76869360378423,102.31588854911861,0,0
34,F,18.271444578461615,87.7215453745031,False,False,moderate,False,True,False,False,135.36199058817485,77.64560720417302,138.29516505385908,1,1
26,M,22.704658511028875,101.11753015381441,False,False,moderate,False,False,False,True,128.7476554882336,71.15109950873803,86.57950648422262,0,1
20,F,23.2929506021003,93.39557306105696,False,False,low,False,True,True,False,118.2817866303273,62.936184747762226,71.7743954408227,1,0
18,M,16.751219287040296,87.82559734054361,False,False,moderate,False,False,False,False,92.93821836298278,72.16673420728083,152.346819307068,1,0
48,F,28.187034140784984,90.39271694193157,False,True,low,True,False,False,False,140.75797647561527,59.78033780035066,75.49252512663644,0,1
23,M,19.611557489533347,96.4487842535105,False,False,low,False,False,False,True,103.33471039211707,81.3088062148369,121.09406568450062,1,1
78,F,31.2198570295659,111.31069062615904,True,False,low,False,True,False,True,137.55383519416904,60.332271190080775,112.75314784128982,1,1
33,F,32.69284668742574,108.17709770731835,True,True,low,False,False,False,False,139.7742469335286,74.08998971005879,60.0,0,1
59,F,23.3828591031552,86.76054876341325,True,False,moderate,False,False,False,False,102.45896335622984,86.01859956600556,75.36416090923161,0,1
60,M,26.475376881881832,110.2365270798016,False,True,high,True,False,False,False,102.21703328448125,75.33708871405409,124.41244505567688,1,0
49,F,18.956237500621093,82.5544740047349,False,False,low,False,True,False,True,115.7100290288414,77.34996391239163,155.154670192282,1,1
73,M,27.306543469156015,116.58028765625325,False,False,low,True,False,False,False,136.7140240838392,82.87824775627185,85.32482363235441,0,1
24,M,22.258134094545333,97.13729404097259,False,False,high,False,False,False,False,112.43714776053994,83.64637042356738,80.99114697954681,0,0
32,F,19.60744105285241,95.27753328045634,False,True,low,False,True,False,False,123.50207231119623,89.41697672236853,134.09768299057913,1,1
33,F,23.19799255286157,86.34792103614403,False,False,low,False,True,False,False,113.96677480799474,84.19669980296176,140.06444121527647,1,0
26,F,22.404133962175866,91.1225586207474,False,False,moderate,False,False,False,False,134.57091300305112,81.93599726793255,144.69076103620782,1,0
36,M,23.036782686483104,102.34762416689743,False,False,low,False,True,False,False,111.8414629147558,56.424046674246725,119.7275577906744,1,0
37,F,28.773559562673615,100.8728054914925,False,False,moderate,True,False,False,False,110.46751508569747,80.65825676112314,93.4333141155791,0,0
66,F,20.966115833139202,86.84464451246963,True,False,high,False,False,False,False,105.48070893344814,96.24426712704437,139.42935397884594,1,1
37,F,32.307603498982445,111.24089917399579,False,False,moderate,False,False,False,False,104.98706551739222,85.12146456290489,109.06330917867962,0,1
73,M,18.537231652285907,88.96757251883497,False,False,moderate,False,False,False,False,139.0244652278871,88.66608729969992,135.48510868440417,1,1
66,F,31.76943622930368,110.3855922982712,False,False,low,False,False,False,False,116.27502174072606,70.58292928791334,93.84249040228552,0,0
74,F,19.925702201419877,82.78464125191712,False,False,low,False,True,False,False,106.78417499008444,77.24253766091677,104.65220936272743,0,0
24,F,24.49544045358523,93.0648583135574,False,False,high,False,False,False,False,95.26324753736881,84.210281715323,130.73902430863055,1,0
80,M,22.29411748934891,96.80629016085366,False,False,high,False,False,False,False,117.67249972855569,82.87328246503006,60.0,0,0
56,M,22.953220978079653,98.6650355167439,True,False,high,True,False,False,False,108.86652963390681,86.69114888536224,158.85556545985912,1,1
79,M,28.10610756359997,112.84933006774631,True,False,low,False,False,False,False,105.83036518785039,65.52244690982174,110.2367406415893,1,0
40,F,31.24922058752965,107.88765355974088,True,False,high,False,False,False,False,109.61403794266705,69.27589359213674,60.0,0,0
78,M,29.85736117230039,113.40089088369749,False,False,low,False,True,False,False,123.94847781302896,63.76826048841625,117.91485154045414,1,0
55,M,22.678146504461687,94.99007428009213,False,False,moderate,True,True,False,False,103.42486376440054,80.84516779961821,96.83494729108814,0,0
22,F,25.32914850082049,91.93518188654024,False,False,moderate,False,True,False,False,117.10116398705709,75.93983337425871,75.51883233757216,0,0
43,M,20.98064956849237,98.04995169824427,True,False,moderate,False,True,False,False,136.16954788387892,75.85968834224052,180.5224394032446,1,1
26,F,20.03802359341387,93.49366145924492,False,False,moderate,False,False,True,False,113.14536210044471,70.5127768248114,141.29504341951963,1,0
77,F,19.34164592422099,79.2266624092032,False,False,moderate,True,True,False,False,104.97446837285413,68.72202413692665,106.47166281997511,0,0
37,M,22.53092011857142,97.94514690515716,False,False,high,False,False,False,False,138.88413690623085,78.02033709256408,113.90614225053304,1,0
32,M,25.623225339567238,113.77254423103514,False,False,low,False,True,False,False,120.59025306435294,90.18095453115615,121.34791518102534,1,1
52,F,15.896831781118228,86.2796763596759,False,False,low,False,False,False,False,119.2057974882135,95.24141751919625,60.0,0,1
44,M,24.291408338386553,104.8391232828189,False,False,moderate,True,False,False,False,130.33728557232445,95.28012164639367,204.00850676300803,1,1
24,F,31.322113060472862,105.51664466539142,False,True,low,True,False,True,False,120.61713084047419,72.84733523019636,113.55680953704172,1,0
69,M,29.548599810833565,111.56747504191239,False,False,low,False,False,True,False,123.11824019943211,64.98675977450944,175.29654653051855,1,0
71,M,21.866671655630004,96.80763110943793,False,False,low,False,False,False,False,96.86427382468872,87.72071078782182,82.31735223772829,0,1
64,M,18.214071908227464,88.84141870113244,True,False,low,False,False,False,False,108.56832085043145,92.02078709525688,132.53646468824732,1,1
56,F,26.56923637909172,92.16796684773877,False,False,moderate,False,False,False,False,151.7990861783117,82.59369168053473,70.5765529759632,0,1
43,M,15.0,76.72788341077573,False,False,high,False,False,False,False,105.35573416926097,77.74742604637218,60.0,0,0
52,M,29.49569352147205,111.83029441097489,False,False,high,False,False,False,False,123.09862180921627,71.10441958439327,143.65241438295192,1,0
50,M,23.538856439525418,102.00878168974586,False,False,moderate,False,False,False,True,149.87105254132618,84.66105385744727,118.8233218869468,1,1
28,M,32.740851442598306,113.49642641105291,False,False,low,False,False,False,False,132.98868673888379,84.33284046410802,93.44088225894852,0,1
23,M,16.728655314905904,96.16445445262816,False,False,moderate,True,False,False,False,126.64657293480735,81.11283831447406,60.0,0,0
33,F,28.63165801343525,104.78182212331394,False,False,moderate,False,True,False,False,109.17402465403647,65.82901127413221,95.5304368948892,0,0
46,F,24.047710234336108,89.76578192227217,False,False,moderate,False,True,False,False,112.02703837746479,67.07062835800615,121.5764249278672,1,0
28,M,23.010272608375637,99.04961403941734,False,False,moderate,False,False,False,False,117.05328963570247,76.96696987066444,74.2943305469976,0,0
24,F,18.33570440654535,85.91867139005808,False,False,moderate,True,False,True,False,127.39400462254481,89.46067390995933,116.6155570777629,1,0
71,F,27.180865580202724,94.94190640097143,False,False,low,False,False,False,False,142.36108016420457,88.00645784236438,89.78532072719153,0,1
41,F,27.54261823149586,101.55749919431538,False,True,high,False,False,False,False,123.8808951906722,73.60994006637928,69.94059450032572,0,0
54,F,32.533075108846504,110.85400172749938,False,False,moderate,False,True,False,False,112.86622782345263,57.90435697577474,107.01918740057312,0,0
51,M,29.036226182872664,116.61718219705787,True,False,low,False,False,False,False,120.45390866952393,92.68779552218406,60.0,0,1
64,F,21.827471019699193,96.90291557543284,True,False,high,False,True,False,False,130.33053328978394,91.64996644227077,129.5500297356499,1,1
64,F,19.982618373721184,91.9176170702631,False,False,low,False,False,True,False,127.38960040011715,79.3631699860856,115.44229820746011,1,0
36,F,18.34178854914926,91.3450569937749,False,True,low,True,False,False,False,118.02009880492975,73.27016228375555,133.17177640321896,1,0
71,M,31.129509555377616,119.20272172924132,False,False,moderate,False,False,False,False,104.07556056394455,74.62085140248513,151.50092659498932,1,0
41,F,20.998215720749602,94.46201544928803,False,False,moderate,False,False,False,False,139.2324439512995,88.24246830922174,103.15553360479183,0,0
70,F,31.16103441037088,104.69418249940233,True,False,low,False,False,False,False,117.81058388607683,83.90583987644624,60.0,0,0
43,F,26.8628241838793,92.82321296927738,False,False,low,False,False,True,False,125.92583034457957,73.29190088568166,103.01434339080411,1,0
24,M,25.98456296717282,107.94069038269568,False,True,low,False,True,False,False,111.17335053981975,102.21777970466293,71.92363082853878,0,1
65,M,23.11909259347866,95.43937658647641,False,False,low,False,False,False,False,110.76392378798161,61.17017229773344,162.14420303590921,1,0
19,F,27.473028108510128,103.87167722951314,False,False,moderate,True,False,True,False,129.957952804407,71.38255474446467,99.02151312950649,1,0
66,M,24.43038156723439,104.7462015771228,False,False,low,False,False,False,False,101.73728860433543,71.62841784202733,141.44691014813543,1,0
20,M,22.838540188390354,96.65305795830241,False,False,moderate,False,True,False,True,103.38397906370227,79.16665877722501,163.13540467421237,1,1
31,F,27.632021539916902,89.43138116370719,False,False,moderate,False,True,False,False,146.13936086360525,90.4561175565744,85.82976814417171,0,1
56,F,23.852125508504912,91.52162724960405,False,False,moderate,True,False,False,False,135.21875053964263,87.11535472405735,114.64262392541119,1,1
77,M,20.90749349567528,98.36568669548404,False,True,high,True,False,False,False,128.66851029188587,79.39365488758996,113.37323612223656,1,0
43,M,27.19922048957293,105.34211125306287,False,False,low,False,False,False,False,104.83994590109683,63.401704001163196,189.21941614899725,1,0
25,M,24.212064549671457,107.17644571933342,True,False,low,False,True,False,False,125.5301333411333,88.50671648739147,156.31411826573947,1,1
32,M,26.70009505291012,107.70323014937391,False,False,low,True,False,False,False,120.82118230916886,65.51245050610092,74.75191975163149,0,0
74,M,22.45763063740616,102.18803786801574,False,False,low,True,False,False,False,114.92342129963592,73.57999104796721,90.62670115263266,0,0
63,F,19.0589541289357,90.4009945128441,False,False,moderate,False,False,False,False,120.56588641845515,77.16898639148572,95.76328828468895,0,0
24,F,32.307832831314236,116.07617886111981,False,False,low,False,True,False,False,99.1055214302072,69.11781827175575,83.57056204251747,0,0
42,M,31.459751348436082,121.01673036026543,False,False,moderate,True,False,False,True,90.0,68.90348453685641,100.92307204405988,0,1
34,M,28.477032325678824,115.13936871345669,False,False,high,False,False,False,False,126.7512840098566,87.75475695144203,93.45074565665935,0,1
29,F,22.75485191581577,86.32070443687219,True,False,low,True,True,False,False,124.58545745170058,93.99625838613574,113.2716613874719,1,1
71,M,23.148569120775175,99.48519165509595,False,False,low,True,True,False,False,126.03002344215525,77.18625486786374,107.96755088244186,0,0
56,M,30.72047350653409,111.3421053915061,False,True,moderate,False,False,False,False,134.31350364462125,58.430733661537424,152.38023967120236,1,1
29,M,22.90776483094664,98.60832502266042,False,False,moderate,False,False,False,False,130.1849093238667,81.08590980334247,85.33803698193844,0,0
58,F,21.65349783643716,83.16632336141218,False,False,low,True,True,False,False,145.75643270998034,70.34251921215525,60.0,0,1
44,M,32.92505604036404,118.71239738302137,False,False,moderate,True,False,False,False,140.87101674774766,81.96642072991644,94.7361442468463,0,1
21,M,24.285450432737573,106.24636437165901,False,False,low,True,False,False,False,122.93543939405095,81.25037084145906,90.5365923472606,0,0
46,F,32.457913978312305,108.3479944618033,False,False,moderate,False,False,False,False,124.53147438059777,57.302395126710955,163.56573227842492,1,0
29,M,18.207236401894992,92.41060039276627,False,False,moderate,False,True,False,True,125.59311926084845,73.70583105838807,141.588625465235,1,1
33,M,26.831831972530257,107.41530392002903,False,False,low,True,False,False,False,97.45898540661828,84.779933850283,157.42515797568117,1,0
73,M,33.81987169647477,125.09624398004746,False,False,low,False,False,False,False,136.72001937580848,76.97494647233567,145.6901823572188,1,1
62,F,24.633878350964878,99.83024163595285,False,False,moderate,True,True,False,False,131.36547890301554,65.93995652339376,60.0,0,1
26,F,23.311979784794918,93.1333913152917,True,False,moderate,False,True,False,False,95.47936723620242,85.21928197610436,82.16093837601346,0,1
71,F,19.24511637080711,83.93850039829417,True,False,high,False,False,False,False,146.79288469131842,59.67982453350244,60.0,0,1
54,M,29.370543744958614,108.31694066061155,False,False,moderate,True,True,True,True,115.14992020568052,80.5743994879112,166.84869849271004,1,1
73,M,21.034423628116908,99.97870249639833,False,False,moderate,False,True,False,False,120.0122844008102,72.07043466314693,141.40055476913471,1,0
65,F,24.073361482745053,98.81708880641216,False,False,moderate,True,False,False,False,119.70576986112651,82.77460423450148,125.94041750400561,1,0
39,F,18.944739740933247,85.63348603905146,False,False,moderate,True,False,False,False,119.25003240231698,75.49057919023859,92.09443357407805,0,0
51,M,31.506025700438446,121.80941088557078,False,False,low,False,True,False,False,160.3149603229686,83.34793130839918,96.04660892047187,0,1
51,F,29.69698389826557,101.37417250683329,False,False,low,False,False,False,False,117.82184968005514,92.97229996075009,81.89577613123917,0,1
63,F,24.35786862854091,95.0244583767341,False,False,moderate,True,False,False,False,116.80892201221067,85.63637566203934,134.7454831616987,1,1
33,F,19.30632978985882,92.68193118293112,False,True,low,False,False,False,False,122.31157774411209,85.436942591285,115.62856153872897,1,0
38,F,31.411581721591844,103.24747407430277,False,False,low,False,False,False,False,108.42584236139814,84.41209483300372,136.28301411469994,1,0
33,M,22.85330722828784,99.28958901433437,False,True,low,False,True,False,True,126.66951115669009,59.11561678243786,126.65082587080002,1,1
36,M,19.526578216321166,96.45857553748988,False,False,high,True,False,True,True,108.86137101416011,78.88578957479758,140.89401264872484,1,1
28,M,16.570468943873554,82.92131115808925,False,False,moderate,False,False,False,False,130.01265705934946,80.96689616601331,130.07941225767325,1,0
20,M,21.59315690647801,104.71825180276602,False,False,high,True,False,False,False,105.31271314242282,84.08161019350543,150.5734247451908,1,0
77,F,17.954128448615272,85.20822721166213,False,False,high,False,True,False,False,112.6050055268749,77.07023725324885,137.89105917358626,1,0
22,F,21.69730623564729,89.27548489926573,False,False,moderate,True,False,False,False,105.92110812286825,85.87119043527213,94.00083784508944,0,0
73,F,27.84983930163972,93.5758029995346,False,False,moderate,True,True,False,False,113.48710557429122,67.4533124284456,129.1240010389995,1,0
18,M,22.81069926211145,94.24667276961084,False,False,moderate,False,False,True,False,93.41416773391083,99.92085513858993,122.8247484362509,1,1
66,F,26.1006202195117,97.82624688777652,False,False,moderate,False,True,False,True,90.0,84.14058825506149,105.33172895225961,0,1
38,M,21.244994032104955,96.3100613488266,True,False,high,False,False,False,False,116.84684615841114,67.87636460061721,111.39578301260033,1,0
50,F,24.79326079863904,89.25525099193038,False,False,high,True,True,False,False,97.42408146816165,92.9101613544783,147.2394792848656,1,1
35,M,33.144053699387094,122.76610559373589,False,False,moderate,False,False,False,False,149.74133110193577,65.72423740566398,130.9315813058899,1,1
48,M,22.931812648878967,106.38445152676005,False,False,moderate,False,False,False,False,116.2560622699945,78.1039335493479,144.57152907362428,1,0
46,M,26.229932469288464,107.10443648454131,False,False,moderate,False,False,False,False,133.3373582204526,79.26878247609234,113.40676728317472,1,0
51,F,17.455127476392025,79.40485597089094,False,False,low,False,False,False,False,126.9456682727406,73.49098291704055,152.24373739340345,1,0
42,M,31.340477550875917,118.15279800010383,False,False,low,False,False,False,False,104.9971259567666,76.65701661111147,139.0725973479009,1,0
51,M,22.352570169748105,100.15607045556641,False,False,low,False,False,False,False,115.2697081947394,78.69578468031064,83.78232455891563,0,0
70,M,29.227401424579256,108.28060569931792,False,False,low,True,False,False,True,133.85076204386084,66.19353660578115,99.47013608932126,0,1
45,F,23.945688669084927,93.56572334270867,True,False,moderate,False,False,False,True,132.80821452314396,81.00703643474007,82.26034317206708,0,1
40,M,27.25210714259363,107.86804882967641,True,False,low,False,False,False,False,135.86198738104946,78.03294107667809,74.21847011400033,0,1
26,M,27.519555922449502,110.52794703831589,False,True,high,False,False,False,False,111.49674486200821,99.38321129440286,205.78750780246446,1,1
40,M,22.464018472192773,100.47258012145286,True,False,low,False,False,False,True,131.34610275980327,94.32291443392867,170.38373793987574,1,1
25,M,29.413578960928334,113.78591964961947,False,False,low,False,True,False,False,112.32192150775835,69.93507229038813,152.44858571910567,1,0
29,F,21.08456811203105,87.84648687856614,False,False,moderate,False,False,True,False,138.17412721650106,76.44870346645547,127.71455639997058,1,0
77,F,28.00070399012394,98.42909190813319,False,False,low,False,False,False,False,137.68000651703832,70.36992696629227,93.0284473913014,0,1
23,M,22.744076176250612,100.95300065328514,False,False,low,False,True,False,False,100.01530311198175,75.1948330187288,73.2128122641282,0,0
48,F,26.07301076884427,95.97229573003276,False,False,low,False,False,False,False,126.41532688261493,87.45440749189274,104.65778050382723,0,0
70,M,22.421031489405827,98.80731920022484,False,False,moderate,False,True,False,True,104.47383731198146,76.87139942223217,86.78944121411347,0,1
78,F,24.72489188617968,94.16464863912918,False,True,low,False,False,False,False,135.24582646120257,72.51107847101056,136.9849080774059,1,1
27,M,19.663878342387047,106.7118576651307,False,False,moderate,False,False,False,True,103.9480640996581,84.65955363952425,117.32205702726674,1,1
28,M,25.614006431099572,106.88157809399196,False,False,low,True,False,False,False,127.16124601572747,56.69669470573345,141.9702756803182,1,0
41,M,24.698845257318137,104.18739930606858,False,False,low,False,True,False,False,133.81969609030938,73.74986250297137,120.48374827844073,1,1
52,M,22.069309006673873,95.77706863301037,True,False,low,False,False,False,True,123.07618024800959,93.06982852304851,60.0,0,1
78,F,24.252374151243668,97.71142769859907,True,False,low,False,False,False,True,135.78610832195733,93.59344630041191,105.96637003428587,0,1
31,F,25.103020142755593,94.9248377427556,False,False,moderate,True,False,False,False,126.69143210610004,92.3587570859716,125.56461908837323,1,1
28,F,21.726393260306995,83.64727724064754,False,True,moderate,False,False,False,True,147.0660072261613,64.4560596566479,121.62114252116199,0,1
33,M,23.92058640921649,101.16283425135616,False,False,moderate,True,False,False,False,104.37360676785025,64.3736460358652,92.58792369208409,0,0
73,F,19.975016265972855,86.10358193604759,True,False,high,False,False,False,False,115.85671893011758,72.56911639425596,94.84940069828333,0,0
19,M,35.05579867532453,117.40470854114392,False,True,low,False,False,False,False,91.28562393277247,78.13790710494314,88.72292856709205,0,0
41,F,29.26603397093683,96.24382757003274,False,False,high,False,False,False,False,117.25448463716896,69.93648148007306,60.0,0,0
25,F,25.72892347534198,95.68233057019083,False,True,moderate,False,True,False,False,103.00800938560107,59.513305867041744,110.98230304192471,1,0
27,M,29.774508173645128,108.7337560769891,False,False,moderate,False,True,False,True,99.81032099474066,88.2061914249803,139.2702117242453,1,1
75,M,15.593363854923,93.07881732702177,False,True,high,False,False,False,False,97.11299969775392,86.37288918265136,95.34911982452714,0,1
18,M,15.0,84.98345274785079,False,False,low,False,False,False,False,114.4306140880455,71.50190618409886,68.53128073832241,0,0
38,F,22.70319022212542,81.77789112802661,False,False,moderate,False,False,False,True,126.06207825698976,85.83176676124526,146.80277643091708,1,1
75,F,18.29646135379051,90.36739868407825,False,False,moderate,True,False,False,False,129.64856864238965,88.37818843910205,159.69636267908913,1,1
56,M,23.43527513998252,104.07963257426582,False,False,moderate,False,True,False,False,138.03098237207985,55.0,96.58336648168516,0,1
22,F,25.425454882677045,100.34793202344781,False,False,low,False,True,True,False,137.10735292240992,85.07803046860101,79.1744110409168,1,1
47,F,28.641865242532752,104.5416607854942,False,False,low,False,False,False,False,103.94133210786481,77.33038824673115,106.93039386074535,0,0
79,M,19.37781207076154,94.47760667671027,False,False,high,False,False,False,False,110.11848622414472,55.0,121.83006840598104,1,0
43,F,26.29833808772032,95.79199151976424,False,False,moderate,False,False,False,False,125.08496435764212,89.19992215432335,96.2679025383385,0,0
51,M,24.564753619185048,103.7802567186322,False,False,low,False,True,False,True,125.33635458407801,78.87376845063008,60.0,0,1
51,F,26.06379189469888,102.43221481700111,False,False,low,True,True,False,False,144.0814613391769,60.441959855844914,145.62324699597093,1,1
59,M,22.1610262216088,100.65853085754304,False,False,moderate,False,False,False,False,117.3929581349006,82.37249525271261,120.4765990612906,1,0
29,F,30.72410812937954,111.76537718460403,True,False,low,False,False,False,False,134.2820037274931,79.9910537967459,166.20957789924452,1,1
70,M,24.034211082066232,102.1182211094927,False,False,low,False,False,False,False,119.71411374032301,83.94925753707231,113.48143910305345,1,0
80,M,32.48382000576696,119.09593373653337,False,False,high,False,True,False,False,127.72388816413735,56.72445336040368,163.5306314989027,1,0
26,M,20.943251058429993,101.99400025712444,False,False,low,True,True,False,False,128.21339699936314,74.69468014931986,104.07512526033247,0,0
69,F,27.84272302979999,96.27338510159649,False,False,low,False,True,False,False,121.64300050330864,67.21160271638672,90.85012139006582,0,0
69,M,24.23149183747762,109.42303479484367,False,False,moderate,False,False,False,False,106.38388968149594,76.20741851016152,94.49203788566248,0,0
64,F,23.025159124999565,97.18962008493108,False,False,low,False,False,False,False,126.42677373685116,59.31966765274646,175.8491669892521,1,0
41,F,27.34541903210396,105.1029564783985,False,False,low,False,False,False,False,132.2911966604875,65.71139913118022,105.43418302087497,0,1
47,F,23.15371934364685,95.58369617203996,False,False,moderate,False,False,False,False,123.71202764673494,94.93453898136963,167.3556532829461,1,1
70,F,15.0,75.31366550531882,False,False,moderate,True,True,False,False,90.0,90.77669841257676,95.85108686874663,0,1
27,F,15.0,72.36263359945923,False,False,moderate,True,True,False,False,119.1743814164334,88.68784560961457,63.53865023111406,0,1
70,M,30.22589972127822,111.45748290013755,False,False,moderate,True,True,False,False,132.85648247523338,94.17792756642436,136.46298908810053,1,1
76,F,30.03616306045863,97.05958807268559,False,False,high,True,True,False,False,106.32317612123559,57.43479419357511,89.5508874036254,0,0
60,M,32.99303425815176,116.66936634536009,False,False,moderate,False,False,False,False,139.056420009352,77.37713352157913,122.62819705459108,1,1
39,F,24.421122882730202,96.75225565328574,False,False,moderate,True,True,False,False,112.1964818861339,80.68329336832282,119.03532972711469,1,0
53,M,18.68314339100949,94.56416350879435,False,False,high,False,True,False,False,116.8840668239983,73.73846489012568,118.51769337833308,1,0
21,F,22.611872708070493,92.94718707025403,False,True,low,False,False,False,False,125.2986793059303,57.53074412242196,169.70004554093487,1,0
76,F,24.551410319125907,96.14342025239786,True,False,moderate,False,False,False,False,107.25928083547016,87.7199672543347,120.82993447643845,1,1
39,M,19.968327990717007,99.8869477035247,False,False,low,False,True,False,False,136.58990447031786,84.79611243698497,116.18500981220197,1,1
21,F,31.9185862533824,111.77248694508908,True,False,low,False,True,False,False,142.22896204134986,71.17269595512998,99.58303766714013,0,1
68,M,34.57776295839682,122.72383116792517,False,False,high,False,True,False,False,104.39839599322951,87.30148869643737,130.82672074420213,1,1
59,M,26.652263153285798,108.79466051154812,False,False,low,False,True,False,False,119.03175616699514,79.3676656095604,127.61038657492998,1,0
57,F,24.45111313985812,91.72180347697177,False,False,low,False,False,False,False,152.29287324777573,84.97201130520901,97.9492180805618,0,1
21,F,18.672648596865056,90.10005393260126,False,False,low,False,False,False,False,139.5905622703573,67.94156758424452,144.97624685406956,1,0
65,M,31.45895253270223,117.2658408657676,False,False,moderate,False,True,False,False,96.18391733818738,80.62529339227544,104.83780600013712,0,0
58,F,24.84338064882071,96.52497946615841,False,False,high,False,False,False,False,140.67251439992367,80.74164351898783,132.3055634042316,1,1
67,F,23.198760207152244,95.07631676427927,False,False,low,True,True,False,False,90.0,75.453302556902,65.58495515617619,0,0
70,F,26.66528339903542,94.35104609934463,False,False,high,False,False,False,False,131.83413833643962,55.0,143.97576533606798,1,1
31,F,21.864298119548664,93.87801894102844,False,False,moderate,False,True,False,False,108.29142697204833,79.88938257657642,86.86800497000455,0,0
31,M,25.16093827904818,104.11916611183584,False,False,high,False,True,False,False,129.35906622684936,80.63811165392731,135.63956082891386,1,0
76,M,18.008899171194532,93.40464692446098,False,False,high,False,False,False,False,125.94981407686367,67.5980884036667,156.83010864424855,1,0
51,F,29.391892351635953,105.87992112127222,False,False,low,False,True,False,False,124.14166275364512,84.29490566516748,126.35081683621586,1,0
45,F,24.03015031488947,89.10550278903216,False,False,high,False,True,False,False,131.37090355049665,80.69129891152699,152.34101107871413,1,1
36,M,29.714603872853054,111.98032784058445,False,False,low,False,False,False,False,114.06440146557357,82.5045560059051,74.25561686566496,0,0
58,F,23.594887199712712,84.82243466426331,False,False,moderate,False,False,False,False,112.41774565257158,73.84793399507778,109.10511625797417,0,0
65,F,23.887101310472097,94.36217988368014,False,False,low,True,False,False,False,136.88885976275358,59.203740345303615,89.3277095760247,0,1
18,F,19.04457157268619,85.64669034115188,False,True,low,False,True,False,False,122.0913322213294,59.44739706474278,88.87183067814514,0,0
52,M,27.918906378581646,116.41921807910308,False,False,high,True,False,False,False,112.88676951300563,85.56245576425769,60.0,0,1
80,M,20.558720206896087,90.84883844897676,False,False,moderate,False,False,True,False,119.15076576643496,65.9673187129018,114.81839651058412,1,0
35,M,22.31109932060347,94.47446780398627,False,False,moderate,False,True,False,False,117.7639364360449,69.22184826171839,144.92472340817193,1,0
35,F,24.504712337371416,98.42632224901647,False,False,high,True,False,False,False,116.46633048385137,87.23587462726968,156.31895851620442,1,0
73,F,25.045508826602106,97.31341807777711,False,False,low,False,False,False,False,129.08987318707236,55.0,75.0201204758353,0,0
21,M,16.822563769020086,89.48778511183748,False,False,low,False,False,False,False,108.07584761311739,60.32811259109497,95.20885167407165,0,0
43,F,23.461373605303926,93.70564258272711,False,False,high,False,False,True,False,146.33203757037708,86.68037302937847,86.07447346688168,1,1
46,F,28.07853598389671,98.03699174804657,True,False,low,False,True,False,False,125.58145909655904,78.92721242501257,83.68112592347707,0,0
68,M,22.797478844642438,109.65225485378414,False,False,high,False,False,False,False,92.62159852312094,56.0715388383573,101.6181828780868,0,0
26,M,23.488707106040053,107.40362350756259,False,False,low,False,False,False,False,126.4009507691943,73.16441038219803,112.68960562473924,1,0
45,F,25.23082722879227,94.6758856176391,True,False,low,False,False,False,False,107.11473447892715,79.93587419362343,101.84574776182413,0,0
27,F,23.933178053538505,97.7388962073936,False,True,low,False,False,False,False,121.55970480053553,65.87880966329999,63.26014329033991,0,0
67,F,19.86268023925578,87.15408914098425,False,False,low,True,False,False,False,119.56042106061024,62.09425962034662,145.9168379052756,1,0
57,F,24.336442443498928,95.4421743408988,False,False,low,False,False,False,False,132.84450082676256,59.4252247767264,118.23037552476329,1,1
49,M,28.973329265026532,120.57434482441377,False,False,low,False,False,True,False,132.66215581681155,87.30998374515258,125.77541833976714,1,1
42,F,19.769708237298094,90.40445426791845,False,True,low,False,False,False,False,125.54190301981565,89.47626209840148,127.79252884264032,1,0
27,F,22.81483149731382,89.17903602100475,False,False,moderate,False,False,False,False,152.55359167796016,86.30165557675325,133.5759413907304,1,1
76,M,18.282659042292153,97.33800091254153,False,False,moderate,True,False,False,False,110.40320163602665,91.55534623479657,117.37231979665722,1,1
58,M,28.736218777206552,116.41993800195416,False,False,low,False,True,False,False,143.85061912062403,92.08464856772088,82.83581321938566,0,1
38,F,24.084388069229544,96.32550700049764,False,False,low,True,False,False,False,144.29440840998296,61.32363290443918,165.03505572824497,1,1
44,F,20.674101648773615,91.9869455136049,False,False,low,False,True,False,False,127.39741171086025,89.01424718995835,134.34614082211792,1,1
63,F,24.9151952006443,96.68229705266015,False,False,low,False,True,False,False,129.3403160701971,79.23428278348622,80.58018831549388,0,0
63,M,19.08379903297046,94.62959577559118,False,False,moderate,False,False,False,False,137.211516786445,98.89507475793901,81.08023764905036,0,1
47,M,19.849270108428172,100.14343287897668,False,False,low,False,False,False,False,116.94740159899013,115.24511448187846,181.64744528051477,1,1
37,F,17.92939911566699,86.80347932689386,False,False,high,False,True,False,False,113.90187098100573,75.84812237016803,106.31460427284343,0,0
59,F,19.6994934309917,91.0492656585399,True,True,low,False,True,False,False,114.735295874737,74.6451584450734,88.28619812079883,0,0
59,F,30.60801912799913,103.70009561309523,False,False,moderate,False,False,False,False,126.67881239724936,73.77923462761338,93.4367957603566,0,0
55,F,21.200967509228317,97.21171947356851,False,False,moderate,False,False,False,False,114.49456154575819,78.79110998873003,127.78520127052609,1,0
22,M,26.598013051931655,109.15174703096046,True,False,low,True,False,False,False,110.4447060961543,80.55163333819479,95.35497885607445,0,0
47,F,20.736643610198353,82.60259599675747,False,False,low,False,False,False,False,105.42685406639987,107.01886855160129,116.66736601127435,1,1
56,M,27.917901855934485,112.55108224914603,False,False,low,False,False,False,False,106.25874477882894,79.57484870033046,192.82634058196993,1,0
77,F,19.88263099580908,80.06110812177722,False,False,moderate,False,True,False,False,111.76473587357935,73.27406602169135,60.0,0,0
51,M,24.676525674927905,97.23665372146291,False,True,high,False,True,False,False,112.1293907617199,78.14404268784986,97.79112111795169,0,0
39,F,24.73783089441027,93.6524573466053,False,False,low,False,False,False,False,123.71644282612955,68.92548536887443,114.14607355751671,1,0
53,F,34.97512401391966,113.69059697299103,False,False,high,False,False,False,False,109.5801774699867,59.54089989720818,60.0,0,0
29,F,27.336913795910743,98.6246299324421,False,True,moderate,False,False,False,False,129.86689641332504,76.37204630410582,130.09716412343815,1,0
23,F,21.83193193551827,93.30457523536597,False,False,moderate,True,False,False,False,153.48449173091282,103.66754639015917,143.33499415792875,1,1
60,F,27.58272033642731,99.31192386877501,False,False,low,False,False,False,False,141.9926096538656,87.77207190518692,63.405177551593546,0,1
80,F,34.121785117183435,109.64894189200095,False,False,high,False,False,False,False,105.02355067332076,72.72342359744651,109.15086946941719,0,0
71,M,17.166637592820674,91.8743316352559,False,False,low,True,False,False,True,117.21356869808335,81.86000221303377,118.40889832742269,1,1
54,M,20.70883080844073,97.66388016374624,False,False,low,True,False,False,False,101.66934344738148,105.6558581043073,132.1151058240596,1,1
20,F,23.43396098399018,86.36840038807232,False,True,moderate,False,False,False,True,125.12113666954419,80.18806003784499,205.41328063042724,1,1
80,F,22.62310297786122,92.40220592743349,False,False,high,False,False,False,False,126.04804086168744,68.20842241863467,86.05454031756352,0,0
46,F,23.002594857515565,91.07754992502798,False,False,low,False,True,False,False,124.78341647443087,78.75362531171986,130.80864887632637,1,0
36,F,18.630954804830406,87.93654607774666,False,False,low,False,False,False,False,105.20988868009604,85.06083146312888,107.5381614670144,0,0
74,F,30.817802240975055,104.22516598093668,False,False,high,False,False,False,False,111.6077720556055,82.5830742336212,101.5641769973893,0,0
65,F,18.098261306855214,83.99179291343194,False,False,high,True,False,False,False,137.29262277733105,93.98028076689906,112.56742227156707,1,1
65,F,23.599042356698753,91.69190928147916,False,True,moderate,False,False,False,False,128.34988582266996,79.09784962489978,126.37661064580436,1,0
35,F,29.20623766292314,107.30300587720501,False,False,moderate,True,False,False,False,108.11066970407448,55.0,112.33699092576614,1,0
80,M,24.364168142843663,103.19066300279431,False,False,moderate,False,True,False,False,101.45695068249415,83.18954039173212,121.63820215677384,1,0
46,F,20.092726248937538,95.02696684475396,False,False,high,False,False,False,False,120.83598615001141,82.4418889854607,109.18649966302418,0,0
51,M,18.43095954631719,92.61291763663372,False,False,low,True,False,False,False,120.03903044832082,81.72581272007105,79.20508828523971,0,0
65,F,23.46500361787498,92.63104515178928,False,False,moderate,False,False,False,False,101.42018229129044,68.66583418532774,140.89365636358963,1,0
59,F,21.093366953672902,88.16807928645889,False,False,moderate,False,True,False,True,117.06770484303662,99.92635244228408,147.93620957220995,1,1
28,F,25.4235399126634,97.93465145900215,False,False,high,False,False,True,False,114.24641032215068,66.03773909005822,146.34416072122468,1,0
37,M,18.193469835241192,95.49183514280776,False,False,moderate,False,False,False,False,112.60254223468206,67.20647184392212,135.60248751536452,1,0
40,F,28.1586608159943,100.63682690174703,False,False,low,False,False,False,False,115.15243224677312,75.48274427913672,84.84414467354695,0,0
77,M,25.01997285424009,102.76415854964115,False,False,moderate,False,False,False,False,126.38902505807505,92.59025855466611,78.62778525946202,0,1
63,F,25.354263774586148,96.8678128363986,True,True,high,False,False,False,True,123.43292392761977,93.06706736917575,144.05788080679363,1,1
41,M,30.984845502080077,111.8329478403501,True,False,high,False,False,False,False,142.08351671689294,85.04218327450451,69.85388940377688,0,1
64,M,22.5299202573266,93.54952313300899,False,False,low,False,False,False,False,125.16507980351537,87.82687864548409,88.01109180197236,0,1
64,F,21.23382487370049,89.35373878261396,False,False,low,False,False,False,True,134.87699491035855,63.672493175411105,187.1145053295373,1,1
42,F,22.03506367243907,96.53187584530001,False,False,moderate,False,False,False,True,100.82349442355657,59.30223379144571,129.7753071075821,1,1
43,M,23.63363043714534,103.32845400872259,False,False,moderate,False,True,False,False,124.42900268234793,73.9081068362746,117.58034662334418,1,0
74,M,24.090657973439022,109.60548543294274,False,False,low,False,False,False,False,116.04137587302806,87.74200949327728,60.0,0,1
53,M,20.761860185292022,100.37517355348238,False,False,low,True,True,False,False,133.58227176321822,88.02826168655214,88.50982304396715,0,1
27,F,15.396116361351234,83.46943934798269,False,True,low,True,True,False,False,126.06568467446569,68.43986004696318,141.26131713938813,1,0
63,M,21.975819496044327,107.08707118349065,False,False,low,False,True,True,False,147.20158988333606,67.25095322826202,60.08440013435029,1,1
55,M,26.119215498291005,106.62600551691096,False,False,low,False,False,False,False,107.09038913029904,90.85498831293698,126.09372510731495,1,1
50,M,25.113162378140714,105.45599497467309,False,False,high,False,False,False,False,110.61914425196112,80.092375984824,63.625424966462,0,0
63,M,29.897995114216222,113.77053351894865,False,False,moderate,False,True,False,False,127.45956509522152,55.21136771910065,90.16431680630855,0,0
75,M,33.299689447837046,126.11458793084087,False,False,low,True,False,False,False,119.9237054817103,65.63427314992138,60.0,0,0
38,F,27.917001971563106,101.4752343429685,False,False,moderate,True,False,False,False,106.90316265180996,83.33652945323792,115.32877805565563,1,0
44,F,30.72134289083702,103.21496367785328,False,False,moderate,True,False,False,False,127.97223895051876,64.95047854194469,60.0,0,0
29,M,27.95048431518404,112.66157391918267,False,False,moderate,False,False,False,False,114.07569435560022,67.17234902103523,109.0675259769075,0,0
58,F,32.19454665167323,105.42490548348603,False,False,high,False,True,False,False,129.20863457183788,67.57246166385382,134.3567699346421,1,0
43,F,32.828841354310704,113.6924666634637,False,False,low,True,False,False,False,94.80174685491085,87.62417516615737,118.99509268259648,1,1
39,M,28.78024326850517,113.45980161987664,False,False,high,True,False,True,False,117.30566655078681,77.89519780662933,128.26867275620876,1,0
61,F,27.678710658910635,94.13053693474049,True,False,low,False,False,False,False,124.51070502488031,96.43998600075912,119.90422727410497,1,1
43,F,23.576455226281848,97.1038591670112,False,True,moderate,True,False,False,False,124.70896610190518,73.28149005384275,108.81822704371214,0,0
47,F,24.313982235662404,90.33631485575074,True,False,high,False,False,False,False,133.18447426967086,75.679932490215,109.60430826318571,0,0
45,M,22.979732008923822,102.01536610136283,False,False,moderate,False,True,False,False,118.08848803637872,81.68030885100613,122.25629311521422,1,0
34,M,27.29563224902775,107.28107650958302,False,False,low,True,False,False,False,129.1622700896408,71.12865179853226,73.78660296085152,0,0
25,M,21.258433831882932,109.71423520652738,False,False,low,True,False,False,False,120.88863829638707,60.41665828429195,98.14105217682777,0,0
70,M,23.640022055990404,103.17533997934356,False,True,low,False,False,False,False,133.73268966770272,74.12185634981063,183.19111369387386,1,1
23,F,15.0,75.68543630039194,False,False,low,False,False,False,False,97.39613810133268,69.76486929653286,128.96555072744133,1,0
38,F,32.25390452647629,109.04942634590938,False,False,low,False,True,False,False,90.0,76.60547015921594,155.7202666718346,1,0
60,F,23.507864378361568,97.65093745510805,False,False,low,False,False,False,False,142.05862379296423,71.42014152835264,123.91286351149921,1,1
26,F,26.550111968014598,94.90681234232387,False,True,moderate,False,True,False,False,112.90334435262308,82.95786016878647,86.38309931021028,0,0
59,F,31.06004012620131,101.71304987986213,False,False,low,False,True,False,False,94.74602654871326,74.12872963058474,101.33815980222916,0,0
64,M,25.85132046848531,107.87757369930979,False,False,moderate,False,False,False,False,119.42772328211012,60.22432362111649,60.0,0,0
59,M,30.999546659420442,118.3980593125794,False,False,moderate,False,True,False,False,113.70261768237202,71.15110160435916,160.10470658642203,1,0
37,M,18.91217984531885,96.57773545441205,True,False,low,False,False,False,False,127.90517522549663,64.77516114783356,143.34038506960542,1,0
19,M,35.28819465318966,123.59775206797885,False,False,moderate,False,True,False,False,129.8759287661256,99.13793127477712,82.72532438784228,0,1
73,F,29.391995893199446,96.3936464621362,False,False,moderate,False,True,False,False,115.32084659479244,78.50657663806795,138.74913178011147,1,0
38,M,25.441411216189884,106.72268849186462,False,False,moderate,False,True,True,False,136.8635266120756,85.33884276410426,135.6102124727136,1,1
68,M,30.912856996814504,116.9887276567816,True,False,moderate,False,False,True,False,102.6251836578092,76.94539654160415,114.70325494591248,1,0
30,M,19.241143013047825,96.33359820709201,False,False,moderate,True,False,False,False,90.0,98.1726813773115,128.66534454124127,1,1
28,F,23.20123304553728,94.79710791529685,True,False,moderate,False,False,False,False,124.36181349649195,64.12976062207888,131.95130775186857,1,0
67,F,30.999126783810706,103.37956104961316,False,False,moderate,True,False,False,False,117.87271950622927,69.29248145880177,125.45958303383534,1,0
77,M,16.09822918597266,85.70959947142934,False,False,high,False,True,False,False,91.68750178836383,90.2416399802195,117.29013394848687,1,1
72,M,27.022059987314623,108.06254116475019,False,True,high,False,False,True,False,131.74917942899924,72.30567297332219,115.00159631338568,1,1
65,M,26.894792719303194,111.42575016968573,False,True,low,False,True,True,False,94.8262701817827,69.76938757007383,92.1446495799577,1,0
33,F,33.361516175699734,113.12298202062867,False,False,moderate,False,False,False,False,120.20052573148813,71.82404282204324,143.7925012778443,1,0
75,M,17.376700611249937,84.15505231876205,False,False,high,True,False,False,False,134.27104923935653,99.25006730460639,181.35017657558987,1,1
60,F,31.74333975664235,113.87295161247167,False,False,moderate,True,False,False,False,126.10881923185492,100.49015368323269,72.80189088200089,0,1
28,F,21.982381655829936,95.27091841618788,False,True,moderate,False,False,False,False,125.20740517335514,82.5070131763499,113.20341419491682,1,0
26,F,22.488457430396654,90.16743736760607,True,True,low,False,False,False,False,114.41273121827918,80.16369582024981,89.12633096736917,0,0
72,M,19.00098025868093,94.60360154895726,False,False,low,True,True,False,False,124.69594343816584,86.61793032401971,131.26494454696717,1,1
35,M,19.604665831398837,93.69021804484986,False,False,moderate,False,False,False,False,130.13671060350887,82.31741175898344,126.92777377183016,1,0
66,M,26.31585056354265,106.32521056541027,True,False,high,True,True,False,False,111.68652545915532,79.93292642211485,116.71442830785878,1,0
26,F,19.494506383483902,81.08532600729562,False,True,low,False,False,False,False,103.90645151439588,73.04334360442033,91.30031142934894,0,0
35,M,27.831279501438118,104.92482218654563,False,False,high,False,False,False,False,134.61279181585746,71.227630428009,95.44581252771727,0,1
35,M,21.516652788636108,94.3011050175754,False,True,moderate,False,False,False,True,151.62729055078157,83.45763103477988,85.3776622572453,0,1
35,M,19.041347873681087,93.06942148094106,False,False,moderate,False,False,False,False,145.91550298449414,79.53036750259515,60.0,0,1
60,F,22.124858841380476,87.86092171796395,False,False,high,False,False,False,False,90.0,94.15351853851284,155.02011128559374,1,1
75,F,26.015182362903378,101.91358647935006,False,True,low,False,True,False,False,142.0222428689638,75.15095407257247,135.4030259292959,1,1
75,M,23.25191032131041,105.01202927751548,False,False,low,False,False,True,False,111.85103805358017,67.82304139589058,157.15995264380874,1,0
64,F,24.65394553249759,94.93451536491257,False,True,low,False,False,False,False,150.81057491118824,61.92786679581307,99.79142115917082,0,1
30,F,27.632933578262378,103.28839856988898,False,False,low,False,True,True,False,105.38330791968234,69.55025157943716,129.15141974534055,1,0
78,F,29.37089653227627,101.53177955279743,False,False,low,False,False,False,False,103.94759467965036,62.181727554017755,82.33236559905268,0,0
52,F,23.10457111134756,93.65702889522808,False,False,moderate,True,False,False,False,121.19906055861328,90.6234763431386,92.06343709845754,0,1
52,M,19.801000929907286,98.99170892545636,False,True,high,False,False,False,False,115.572839301511,73.3236351699073,183.72829097015324,1,0
62,F,24.84242515515132,93.76140475542527,False,True,low,False,True,False,False,116.36730796066514,69.55398876641196,98.93935811998259,0,0
66,F,26.617923137468324,94.52318653686251,False,False,moderate,False,False,False,False,137.08986444982827,83.2774164747464,145.15689240717688,1,1
78,F,17.926736123126222,85.56426465430992,False,False,moderate,False,True,False,False,141.78549623920225,99.43971924393443,120.79077503359868,1,1
54,F,20.492262663465866,90.74871749151158,False,False,moderate,False,False,False,False,106.89805841157984,73.3051581193591,63.17846940607275,0,0
56,F,21.263658968166766,89.46364529764794,False,False,high,False,True,False,False,148.24510512810738,65.52547409037548,107.29052343512586,0,1
64,M,23.564800150758305,96.86562602456391,False,False,low,False,False,False,True,102.30996337781087,73.64826849971386,125.2228050457435,1,1
34,F,21.075347433679465,87.91551934895308,False,False,low,False,True,False,False,112.32945358363934,57.55366542765333,136.8406365682447,1,0
37,F,27.681683262936048,99.80087725903165,False,False,high,False,False,False,False,162.5350098338484,83.66141937039045,60.0,0,1
57,M,17.276900593437123,85.28837420015914,True,False,low,False,True,False,False,127.91503157287262,84.34617637465477,78.21246658506439,0,0
22,M,17.39126586262509,95.16564372198141,False,False,moderate,False,False,False,False,111.48727573698795,73.16641532437006,122.86676334771632,1,0
38,F,22.997500348198418,98.24908707427288,False,False,low,False,False,False,True,126.2228791613663,65.67531100964943,79.07035172967956,0,1
63,M,23.709562381370645,107.27645870192859,False,False,moderate,True,False,False,False,133.2891181403453,104.40333927661341,154.66244676764387,1,1
79,F,17.954102572138535,82.51095557573625,False,False,moderate,False,False,False,False,127.39768753779829,64.47678503991055,109.82151937604712,0,0
50,F,21.769630208085957,91.94333513890159,False,False,moderate,False,True,False,False,142.48691109034235,69.74790600709437,129.02908660918573,1,1
43,F,22.6953028216141,95.34788787566308,False,False,low,True,True,False,False,108.15655599555959,78.3753019464939,157.35401723617554,1,0
45,M,22.730159238400343,90.29363765093784,False,False,high,False,True,True,False,111.53886241547188,87.46892165026233,69.48868749698413,1,1
61,M,25.18346667480181,100.78309405042845,False,False,high,False,True,False,False,107.75695734931446,76.3425243662878,128.1847774565703,1,0
52,F,21.522895020093973,83.44443145809421,False,False,moderate,False,True,False,False,108.7093640877113,78.38905002017752,116.71567145003858,1,0
19,F,31.150263350037232,94.87037089269826,False,True,high,False,True,False,False,122.67889996455568,84.73189629092639,117.78023616278189,1,0
51,M,26.696920878801077,100.89576149228947,True,False,high,False,False,False,False,104.9801614312607,113.26264247172715,104.16933759611604,0,1
43,M,20.867989157114053,97.34797365136345,False,False,moderate,False,True,False,False,126.6503582135588,71.62900835216274,117.57435814891437,1,0
62,M,24.925301720154078,100.37648674742123,False,False,moderate,False,False,False,False,132.12399666354554,72.39094448336849,60.0,0,1
73,F,25.058068933725224,97.87016240508098,False,False,high,False,False,False,False,102.43816371058762,76.81605503874965,155.54586495940742,1,0
78,F,29.966246635240015,110.65523435904768,False,False,high,False,False,False,False,111.91945071969471,85.46902616399976,65.23300903725314,0,1
56,M,21.798279069876422,102.21090873549586,False,False,moderate,False,False,False,False,113.83267824732457,105.77706725051075,174.1083896480299,1,1
40,M,27.95302413974258,114.58273517228673,False,False,low,True,True,False,False,118.49111516115514,76.78221138649043,78.77110443958684,0,0
45,M,24.68834514102115,106.27498085093418,False,False,low,False,False,False,False,119.36595731247164,84.10144233689363,77.2525054698854,0,0
29,F,31.212049324019446,101.9121157065516,False,False,moderate,False,True,False,False,136.48544311222165,55.0,126.17874484999574,1,1
76,M,30.309011536877335,113.15485086268384,False,False,high,True,False,False,False,137.6754575368762,78.71077916647344,121.49971004620453,1,1
71,M,25.3864068706667,116.98800201226864,False,False,low,False,False,False,True,109.06521737623859,77.84486854764964,127.77658879399999,1,1
71,M,23.319728205427726,97.10023438379038,False,False,high,True,False,False,False,133.06696357325131,89.21030918964027,124.66469081741512,1,1
38,F,26.77972659355755,102.60827473445813,False,False,low,False,False,False,False,143.99886715656282,72.30946768596483,107.08095255994093,0,1
38,M,23.687974877927754,106.24378911125754,False,True,moderate,False,True,False,False,141.35259812255345,64.55363330389096,99.13351749509685,0,1
71,M,32.06138197690251,120.72137277786848,False,False,high,False,True,False,False,125.27792973972784,80.52655421312697,132.37975032428108,1,0
52,F,24.853115351796554,92.50787471523391,False,False,high,False,True,False,False,121.13052411532453,60.85018102204212,87.7923506185234,0,0
62,M,22.674608153692233,103.51556930861847,False,False,moderate,False,True,False,False,99.5421091875841,69.15915229939783,116.17477945043542,1,0
48,M,22.431732112667333,92.04288918437703,False,False,high,True,True,False,False,115.39042328317825,78.60499304500034,60.0,0,0
45,F,19.041339866605817,81.55483877098351,False,False,high,False,False,False,False,98.09651074038433,55.0,120.89043710672316,1,0
57,F,27.004516076419954,105.23104198230628,False,False,high,False,False,False,False,140.24189331605317,75.18726941528053,115.4458684360255,1,1
69,M,20.809949588122237,102.44148598770343,False,True,high,True,False,False,False,117.7800070777217,95.3853854775507,110.56649860749047,1,1
39,M,29.441667134844863,104.86089452684894,False,False,low,False,False,False,True,120.6171783315432,60.27940381650053,171.7166308253511,1,1
68,M,18.68179225699292,94.65350007651202,False,False,low,False,False,False,False,112.12076091775933,70.48250570875435,164.3201810368926,1,0
33,F,25.072586520379627,96.30235787779968,False,False,low,False,False,False,False,99.4353272727911,84.47306380442353,144.00527373121292,1,0
43,F,29.676006913238542,102.47207622215315,False,False,low,False,True,False,False,133.40055006430282,86.96972859275832,143.23654647410143,1,1
75,F,15.0,77.57283858544184,False,False,low,True,False,False,False,130.03227104584735,78.63739910746662,115.69872563131989,1,1
78,F,33.582194947064835,105.00037885118353,True,True,low,False,False,False,False,136.9374305819117,75.9507689454284,122.75904600912101,1,1
76,M,22.586216612608506,96.41942314976934,False,False,low,False,False,False,False,93.9644183197236,96.18795491238771,127.14391435502833,1,1
37,F,25.134929219729628,93.03804319151045,False,False,moderate,True,False,False,False,143.10042351130028,80.34011124642113,133.08803067576264,1,1
71,F,27.071521514823548,97.76696286625099,False,True,low,False,False,False,True,119.9901122037751,66.36547679167363,114.4988919417384,1,1
76,M,27.76758075251999,111.96288552136572,False,False,low,True,False,False,False,134.43759956231654,79.32165520815988,130.97282302808355,1,1
79,F,25.73247772216857,96.86067321904,True,True,low,False,True,False,False,90.0,76.51605841053514,114.26064704411037,1,0
19,F,28.988230626678654,103.51263783458198,False,False,low,False,True,False,False,128.56333961649185,73.17486530619712,126.75634470759617,1,0
64,F,26.835818208148158,96.07945003031507,False,False,moderate,False,True,False,False,120.8238153895188,59.506748089324326,144.11683043315992,1,0
80,F,32.42396513014537,103.74060216953355,False,False,high,False,False,False,False,118.46933316009577,77.9220444073417,89.03571823405647,0,0
66,M,26.85047394284569,118.7751580107593,False,False,moderate,True,True,False,False,120.42750000563579,84.40765754516917,116.63164056632067,1,0
32,M,33.34085983947389,126.59756901900415,False,False,moderate,True,False,False,False,112.4623237573709,86.25517078795801,114.6565912699894,1,1
66,M,28.55485478106945,99.50114035489422,False,True,high,False,False,False,False,99.40348879003498,78.12236592968092,76.36195167324573,0,0
24,F,16.37412443404282,82.6443503079278,False,False,moderate,False,False,True,False,101.77044359655922,78.39108856545025,160.68841963984121,1,0
48,F,36.24996205274529,109.6863452240303,False,False,low,False,False,False,False,122.42911023231407,71.84062290277065,83.10557846399529,0,0
57,M,21.915451511852517,98.71850467106262,False,False,low,True,False,False,False,142.98252612668315,88.64769181656536,162.14137640679658,1,1
46,M,31.229948068407808,114.37354284255852,False,False,moderate,False,False,False,False,139.70972293560584,64.91998734906674,65.0164353883559,0,1
62,M,24.620570494037473,103.2491700289335,False,True,moderate,False,False,False,True,125.68525546675488,72.26867389909901,60.0,0,1
33,F,29.274906159211607,104.22141103363764,False,False,high,False,True,False,False,114.1805573637188,69.13547410954786,100.2364068421745,0,0
56,M,21.401844901103928,93.92944092448704,False,False,low,False,False,False,False,155.00898592303457,76.77122522447281,125.92292618473056,1,1
58,M,27.315850443903145,113.92328540546315,True,False,high,False,False,False,False,132.89436038327662,92.44055230616038,125.72818843400086,1,1
57,M,23.360642545725174,101.82518461551304,False,False,moderate,False,False,False,False,131.51428434731307,64.93513128888516,157.25412196599578,1,1
36,F,31.6055140021545,101.13398638959742,False,False,high,False,False,False,False,100.68054342927358,81.07183451134999,85.05076597459983,0,0
37,M,26.474006753376543,112.15061280167257,False,True,moderate,True,False,False,False,126.08854734681269,81.31692481978634,144.41135792208948,1,0
34,M,28.711741885857048,105.50061177409611,False,False,low,True,False,False,False,102.19457389579271,67.3952852748211,60.0,0,0
47,M,15.0,84.77915961199366,False,False,low,False,False,False,False,155.3063758007149,75.881546528129,78.15793289278619,0,1
54,M,24.114922940951185,101.12016103257147,False,False,low,False,False,False,False,108.54419315457272,68.13568548855393,102.78654320721519,0,0
40,M,26.34748235776233,116.00123599691673,True,False,low,False,False,False,False,112.29149673528822,79.10772355085855,73.4886432790803,0,0
43,F,25.50626707897868,93.80464063036203,False,False,high,False,False,True,False,111.61164356748782,76.69934522370285,131.14891844537667,1,0
36,F,28.82520746173033,102.35159941941933,False,False,low,True,True,False,False,116.07735979918938,94.55293102926633,89.21485911394379,0,1
31,F,22.853430896881456,92.34680209514075,False,False,low,False,True,False,False,132.72650684202884,69.58163843139133,147.10738481465873,1,1
59,F,24.719541972655836,93.07725738280048,False,False,low,True,False,False,False,122.04848529789996,76.10837570713161,142.40054901068743,1,0
69,F,29.815520439867463,99.17964849962969,False,False,moderate,True,False,False,False,122.677313490732,73.89019281101947,88.36917604151296,0,0
36,M,15.0,96.10615877377109,False,False,low,True,False,False,False,133.50574903994922,92.92390918332518,99.67342524158258,0,1
72,F,27.152077257372536,105.93781074258705,False,False,low,False,False,False,True,97.72210926852419,72.58431791447072,108.87307142131871,0,1
53,M,22.99751828302901,102.14722328511283,False,False,high,False,False,False,False,133.97030147871064,68.19714770443252,159.40299681764748,1,1
28,M,20.394568439508703,93.14456132081655,False,False,low,False,False,False,False,124.15444132305466,69.46446448572821,79.01403074877601,0,0
41,F,26.01444900924191,93.4772635876878,False,False,high,False,False,False,False,110.75549735821554,69.28260105891998,60.0,0,0
18,M,30.02353083563895,112.56810130284519,True,False,low,False,False,False,False,124.10829619110321,71.60642068399908,97.17723249618548,0,0
20,M,29.176147241678816,109.88443609016345,False,False,moderate,False,False,False,False,123.81291376024438,68.58656744962333,79.81474278737691,0,0
39,M,23.891991360920173,101.33728924104003,False,True,moderate,False,False,False,False,90.0,78.17026977769056,60.0,0,0
46,M,28.44083433692427,106.18434885087645,False,False,low,True,True,False,False,143.99687394899627,63.715219879206046,110.71025738222687,1,1
68,F,28.406305543006297,98.96792931847622,False,False,moderate,True,False,False,False,141.33988376963296,84.34255693349871,70.93270244360966,0,1
26,F,24.106829282780748,87.71514823550906,False,False,low,True,True,False,False,101.10278879756055,78.4530155219421,123.8240985324716,1,0
70,M,21.381137516053066,101.40867395214399,False,False,low,False,False,False,False,109.90707070675126,95.83948286784573,69.90195657195919,0,1
32,M,21.641446859949514,97.40225100750504,False,False,high,True,False,False,False,143.65782918171325,83.13559265375261,215.36427635527707,1,1
26,F,28.270340069906617,97.5161743978858,False,False,high,False,False,False,False,132.63151547604738,82.02483305652983,149.072534170859,1,1
62,F,24.31033933829289,90.84614453831013,False,False,low,False,False,False,False,128.22121952150533,100.10514378943772,86.34545269524428,0,1
66,M,19.792180011212352,96.46420301027469,False,False,moderate,False,False,False,False,128.97397891609714,82.778822896611,85.00726631801398,0,0
56,F,16.91811724020894,79.50152973276037,False,False,low,False,False,False,False,127.98368611836868,75.6375804761125,105.34816685936778,0,0
25,M,28.243241534433707,108.620583917128,False,False,low,False,False,False,False,104.96283145016463,68.43866058450993,137.763131382737,1,0
25,M,22.039497099810994,97.80126893769152,True,False,low,False,False,True,False,112.96578096860019,93.9818093221367,96.32562691694588,1,1
42,M,25.986744900451917,108.33008855201014,False,False,moderate,True,False,True,False,137.95818118212705,66.90791038024187,71.34265585502474,1,0
46,F,30.078681081811055,103.30632173575127,True,False,moderate,True,True,False,False,132.50009093172227,65.46499411941247,61.21304410406548,0,1
80,M,18.60983985415932,90.37713340091084,False,False,moderate,False,False,False,False,126.54400654811225,65.5142012011251,111.34358356314573,1,0
36,M,24.296881787692197,104.08999856270768,False,False,high,False,True,False,False,111.63290903559681,69.72297108058757,86.63905348296186,0,0
30,M,23.731876342015088,106.55045903164846,False,True,moderate,True,True,False,False,137.82761048837358,78.47770276965294,121.91049417810143,1,1
77,M,26.208842940325823,104.0714601317975,True,False,low,False,False,False,True,106.53402219618292,75.11696782115142,60.0,0,1
27,F,30.076219992891957,103.86003095140339,False,False,low,False,False,False,False,145.69348590841665,83.77913061211532,128.53810653020273,1,1
19,M,18.517466834019164,93.17945788888383,False,False,moderate,False,False,False,False,110.39424347552291,66.00961419107377,100.76764514906502,0,0
44,M,27.06409076917595,103.47018244434263,False,False,low,False,False,False,False,108.05529586434162,68.41039702276296,60.0,0,0
43,F,29.141856987471655,99.92418401367355,False,False,low,False,False,False,False,122.48298290847957,79.68896220367905,124.67696762150688,1,0
57,F,23.66130321219448,98.724471192243,False,False,low,True,True,False,False,125.40190895166731,67.39405029773427,129.44979287792856,1,0
73,M,23.881488531980946,105.20701635594993,True,False,moderate,False,True,False,False,123.55285341162876,63.01617503085459,83.76483759266672,0,0
76,F,26.38302216043215,96.8467431892626,False,False,moderate,True,True,False,False,100.83519027473832,61.1716910216276,134.62374001177722,1,0
36,F,26.051676850504048,92.97678313372141,True,False,moderate,False,False,False,False,128.74475782246014,77.46625629926592,64.19113216842018,0,0
79,F,27.120586733152052,104.55629752585855,False,False,moderate,False,False,False,True,137.66962389914985,77.24290835705071,60.0,0,1
57,F,27.025762368805474,98.78795633226596,False,False,high,True,False,False,False,120.70265378476314,76.72445383049386,106.05459970047743,0,0
22,F,20.08112462472957,86.60912955878037,False,False,high,False,True,False,False,97.26151519628964,91.38649608276653,80.95838477075056,0,1
77,M,28.956199239672245,107.41287260880907,True,False,low,False,True,False,False,118.61907910207759,81.32425815098216,68.39249554110349,0,0
26,M,29.750524229856072,115.35515434191545,False,False,moderate,False,True,False,False,103.8740833213889,78.00376902151807,131.97237374918552,1,0
55,M,25.337373021606343,103.67468513904696,False,False,low,False,False,False,False,91.09285730971132,92.82817582322014,119.51717676650847,1,1
67,M,17.776301120526497,93.13294438946738,False,False,high,False,False,False,True,113.2286093211126,88.72512861375603,169.40756225285563,1,1
33,F,23.98364432299959,88.10755423023198,False,False,moderate,False,False,False,False,147.98610973698734,69.97088514705186,126.59486083037012,1,1
35,M,25.374826446232557,98.8207938358094,False,False,low,True,False,False,True,120.6793207633242,87.18003420428941,131.34659284259115,1,1
47,M,19.34929892995932,93.45066911912745,False,False,moderate,True,True,False,False,117.63120700793111,97.50247538716359,81.43623247303695,0,1
73,F,22.87937871390344,89.32411901300102,False,False,moderate,True,True,False,False,133.36024302192035,97.5432089375799,60.0,0,1
32,F,18.157837755986563,81.23479849197184,False,False,high,False,False,False,False,131.77768186563466,88.74406490000676,181.2271386291771,1,0
59,F,27.232815012438998,96.22422320668662,False,True,low,True,False,False,True,98.54692373478574,82.26781717320988,129.2457042456417,1,1
46,M,25.24679891705923,106.30963934262412,False,False,low,False,False,False,False,151.90518330825617,81.19255039858616,168.13447795494486,1,1
25,M,17.0939757583359,92.38726626438746,False,False,high,False,False,False,False,125.1644242942706,94.02915965450312,70.64149258482203,0,1
62,F,26.081591877118914,96.1081746334474,False,True,moderate,True,True,False,False,136.50684199912004,63.2855061045057,147.22754409433756,1,1
70,M,24.245709736743688,102.54355181032017,False,True,low,False,False,True,False,112.47953273802656,91.94385057397058,122.11027634208777,1,1
54,M,26.82386427239482,108.61451793598914,False,False,moderate,True,True,False,False,90.716863742708,79.43452354957574,149.18100695040854,1,0
29,F,22.738104048100574,90.75872175256413,True,False,moderate,True,False,False,True,120.12992494326112,67.85034190071829,132.31454614047604,1,1
27,M,20.89334269665639,98.17614096998605,False,True,low,True,True,False,False,104.36312745450462,64.99802067190858,103.9868290085263,0,0
44,F,21.03119918093987,91.52491708684771,False,False,low,True,True,False,False,140.73818811447683,59.23819538387941,121.8303648983933,1,1
49,M,22.07823402553218,100.15235927486353,False,False,low,False,True,False,False,99.32804094368969,84.20940284762584,99.64190272789837,0,0
52,F,24.58471293461471,95.43073722156369,False,True,low,True,False,False,False,122.42499614811503,99.14701193545942,141.29978435322664,1,1
33,F,25.165813094411565,95.34809371210821,False,False,low,False,False,False,False,131.59031741184228,72.50894802391733,84.14428025849277,0,0
49,F,23.641760549863537,93.63705046262757,False,True,low,False,True,False,False,128.8025310396785,68.6062657987813,87.41281452045185,0,0
36,M,22.595062029515663,98.64825084529159,True,True,moderate,False,False,False,False,113.98465829614857,91.29313113572559,106.37342866129416,0,1
61,F,22.918685293975333,89.69305123204123,False,False,moderate,False,True,False,False,93.51865665129931,79.24850111856462,133.52818120105363,1,0
68,F,35.7847615347812,112.32330746878222,False,False,moderate,False,True,False,False,97.88794775027472,91.7980043219201,113.86431637362196,1,1
59,F,21.03173681825806,80.76316433380893,True,False,low,False,False,False,False,109.88420239628617,67.26570087263654,100.54785462411047,0,0
18,M,21.989125961542133,101.91720650747995,False,False,moderate,False,False,False,False,99.43784623382511,85.17840859261247,148.97017950681078,1,0
80,M,39.32234348765667,129.93255883813836,True,False,low,False,False,False,False,120.79269540656608,97.96696739193938,132.59905904667707,1,1
19,M,26.394559861072487,99.47669400237322,False,False,high,True,False,False,False,109.79961996981879,66.45084822287413,95.92283084388596,0,0
80,M,18.29008700343337,95.28364278240196,True,False,low,False,False,False,False,101.31531644006033,74.47162520540166,75.51612584003493,0,0
20,F,28.292092417897685,104.5915785488383,False,False,high,False,False,True,False,99.23721788518233,74.02250391725798,105.85226898833886,1,0
50,F,20.404824998594837,82.34904103943867,False,False,moderate,False,True,False,False,96.52889171944548,86.24482501185592,90.17609924566919,0,1
24,F,28.590776785122937,104.45835463733441,False,False,high,False,False,False,False,121.09722560130287,91.8671351376346,84.97403301240743,0,1
23,F,23.550669742831932,90.9753124107942,False,False,high,True,False,False,False,110.25775140191183,70.50057040753775,138.23536044916082,1,0
61,F,22.52091867729767,100.19636680294366,False,False,high,False,False,False,False,122.4118038906155,105.47858910712523,151.45489736177004,1,1
63,M,31.741242359724122,116.90476976891458,False,False,moderate,False,True,False,False,120.76196411845089,78.62128031204422,109.92249757274546,0,0
25,M,27.0488060869666,99.61239065503055,False,False,low,False,False,False,False,118.74702393087951,71.75587458646012,111.80005110617351,1,0
79,F,28.878452468521434,100.49187222819377,False,False,moderate,False,False,False,False,132.35665985419712,93.70437055151336,86.1053819135281,0,1
38,M,26.45713855783976,105.99807993174784,False,False,low,False,True,False,False,98.42692659714058,79.54072307854935,74.78475853403971,0,0
38,M,22.49999964293106,98.27260218998335,False,False,low,False,True,False,False,132.44300952832836,73.86156574782628,139.85134628217975,1,1
36,F,27.251094891161937,103.26210697516866,False,False,high,False,False,False,False,128.2809269962602,72.03408917072672,67.53187958226312,0,0
47,F,29.941469267080073,105.4130623571359,False,True,moderate,True,False,False,False,118.83557380416237,101.12428126759448,90.32002348719189,0,1
29,M,25.10632119582899,103.25062342782361,False,False,low,False,False,False,False,109.07235826484101,67.06722288563842,89.19846130849393,0,0
44,M,32.607391719559274,111.26654412245315,False,False,high,False,False,False,False,122.6323852094912,90.38411699465111,126.84188563344696,1,1
31,M,28.32719241440859,116.07721789264428,False,False,low,False,False,True,False,129.17766765809037,69.07204211356743,105.09068582367307,1,0
21,F,25.453921473972255,85.3820491166193,False,False,high,True,True,False,False,99.59865829218953,71.14993366757012,92.06386760903635,0,0
41,F,25.63168938958018,100.30827145717475,False,False,moderate,False,True,False,False,131.75737415190963,77.09863516778866,159.57381295393964,1,1
60,F,25.117567080354313,93.23275088718977,False,False,low,True,True,False,False,149.8211299238089,83.11967255181008,169.0575252685731,1,1
66,F,18.869425464822537,89.86948131844417,False,False,low,False,False,False,False,120.96033714044165,59.90793272223793,125.63591644716364,1,0
40,M,24.09467511886128,98.1766873375642,False,False,high,False,False,False,False,142.85178676551678,72.01122695064153,117.02881764272358,1,1
38,F,25.495339184035252,100.59356981853689,False,False,low,False,False,False,False,129.59925851294454,89.319990152803,94.38166601104503,0,0
67,M,22.62761695430062,98.3951145102468,False,False,high,False,False,True,False,126.21583079109799,89.27012215779877,111.35588442470299,1,1
60,M,26.019546584171128,104.7335052092587,False,False,moderate,False,False,False,False,110.78850753587888,74.806383073227,69.82792914288936,0,0
70,F,24.595883706598,96.81299639554878,False,False,low,False,True,False,False,116.54334008240421,65.07171701132312,146.60580922335802,1,0
75,F,27.98161350994446,98.39587967345321,False,False,moderate,False,True,False,False,106.30688964471949,80.37083748297718,107.39213703560263,0,0
69,M,27.48400571479579,109.50645985265984,False,False,moderate,False,False,False,True,137.09194409654944,87.1688676686661,87.93536146419767,0,1
76,M,25.252189794131784,106.39519053483318,False,False,low,False,False,False,False,110.0873131645968,79.99708900163607,100.39636441642028,0,0
44,M,18.347541989141007,89.8832056553219,False,False,moderate,False,False,False,False,150.1923555447714,93.45919946333088,136.72068852215344,1,1
42,F,32.558252324065265,106.00423253567142,False,False,low,True,False,False,False,129.01352075623686,75.0326318654783,103.02276393918731,0,0
38,F,23.861490506429856,89.52796004185662,False,False,low,False,False,False,False,128.3047617953804,63.50230510314466,84.44233009801327,0,0
32,M,24.13601095837191,96.79430549727314,True,False,high,False,False,False,False,100.82346649538789,71.45727892893593,60.0,0,0
65,M,22.958656180852756,101.30050523116753,False,False,moderate,True,True,False,False,132.64776687320028,78.01688389228592,109.27235622702513,0,1
63,M,22.302147547705086,96.34072980426046,False,False,moderate,False,False,False,False,118.47478525196811,70.26211261059751,125.1451177973376,1,0
68,M,31.448261216002358,112.39613350033811,False,False,moderate,False,False,False,False,112.97458210636208,72.28442224253664,94.83610264279172,0,0
28,M,30.73719944173736,116.37100504711965,False,False,moderate,True,False,False,False,111.50528911575768,88.57886480165622,84.20851771165917,0,1
48,M,26.499770316099518,105.5185806943089,False,False,low,False,False,False,False,102.14070923524507,69.06428271361422,72.61372085430645,0,0
31,M,24.016249305061734,98.36203624417072,False,False,high,False,False,False,False,122.15827838486935,63.33576944382617,98.83546566320571,0,0
74,F,27.28603093256189,98.53047557139816,False,False,moderate,False,False,False,False,119.32842647260982,86.90962492784595,73.00197184020914,0,1
34,F,24.832086417962177,92.73617627938587,True,False,high,True,False,False,False,100.98235175003884,85.09931243005042,72.77393318771831,0,0
27,M,23.643996867546054,94.82997053614622,False,False,high,True,False,False,False,130.23617426952038,66.590975505138,95.23349572240515,0,0
53,F,26.021476646778485,95.36559066538675,False,False,moderate,True,False,False,False,156.05572794137726,85.78176604069792,177.9302579718233,1,1
73,M,22.514790138745497,102.90045053501663,False,False,moderate,False,False,False,False,99.21570617709177,65.56338213143759,193.7295410039944,1,0
75,F,25.635189188015445,95.76497973233948,False,False,low,False,False,False,False,120.18819363270424,70.0411736547521,153.21747252548477,1,0
24,M,25.41899416529736,111.75648807495509,False,False,low,False,False,False,False,148.5330594140154,65.85141906493544,134.55055684397652,1,1
38,F,27.21321209566066,101.34640966587996,False,False,moderate,True,False,False,False,109.56201518365586,72.95759635631518,60.0,0,0
27,M,21.71388369135976,100.28285273986357,False,False,low,False,True,False,False,129.0348276943287,84.2046412701623,205.66770254566606,1,0
37,F,27.695613587944433,100.81800934184045,False,False,low,False,False,False,False,128.28007478245038,80.96846570472063,125.72161920021779,1,0
51,M,20.421598281722726,98.72463808655878,False,False,moderate,False,True,False,False,132.53205798397138,69.0490153303365,73.51994004307738,0,1
35,F,21.923450067704426,91.38900363605109,False,False,low,False,True,False,False,151.32221248177677,80.08395695094241,206.02141296594067,1,1
22,M,22.11983723384415,105.03668515455975,False,False,low,False,False,False,False,93.36241980071772,82.20307376978568,108.55346727352092,0,0
50,F,19.675767024318446,78.21467018749323,False,False,moderate,False,False,False,False,125.0540592592182,88.50995881094833,141.19899709000236,1,1
21,M,29.070480275235482,109.02754218839351,False,False,low,False,True,True,False,113.98421796533341,81.95199658696093,100.99233966309477,1,0
32,F,20.139263857145913,91.6351288385898,False,False,low,False,False,False,False,121.363636291392,86.1146835541277,131.86665821222206,1,0
18,M,21.354876481669976,107.4048772235513,False,False,low,True,False,False,False,122.72059919072117,78.71284897229076,136.02000220026025,1,0
23,F,30.14933469718989,110.63278857770968,False,True,moderate,True,False,False,False,117.29377423682719,69.03648799599989,142.102790270514,1,0
45,F,21.932377841658575,96.90932646652179,False,True,high,False,True,False,False,104.60339598107434,79.7799887075455,156.9198085983277,1,0
71,F,23.653357916878566,94.04374120480826,False,False,low,False,True,False,False,105.6931959969375,91.37169653433668,117.43412869850903,1,1
66,M,19.945869495875588,96.24397396304944,False,False,moderate,False,False,False,False,156.00978983033175,91.94610939805187,119.34419473104245,1,1
24,M,28.24828043430208,104.81796654161795,False,False,low,False,True,False,False,99.89484076755565,55.0,110.32417854191296,1,0
20,M,28.310313098859794,110.95644552392417,False,False,moderate,True,True,False,False,141.6262914295326,84.91824244381489,75.45769740401094,0,1
39,F,27.82525656855551,97.88742287573135,False,False,low,False,False,False,False,105.43942800126811,72.56356574396365,80.33609370222781,0,0
59,F,26.918884226872745,95.69721799346952,False,False,high,False,False,True,True,123.5261373829105,82.40674360690316,101.21414673949685,1,1
65,M,24.831150999587646,97.51605934844437,False,False,moderate,True,False,False,True,153.4908627478222,62.975056251443895,156.17808922689727,1,1
69,F,22.14030499877907,92.03079434813469,False,False,moderate,False,False,True,False,134.7173531759166,73.26832193785943,128.47626290374075,1,1
39,M,20.832638120002905,102.65121748732938,False,False,low,True,False,False,False,98.99016026487533,60.3543447495747,108.73873544425551,0,0
28,F,30.304574870427516,107.22034686560505,False,False,high,False,False,False,False,116.60757282309703,73.2409387862697,102.77092870638094,0,0
19,M,27.941619222769656,109.6095484690454,False,False,low,False,False,False,False,121.5861083622464,84.6833856974879,71.15549306796859,0,0
27,M,21.38013097759809,95.15119966014785,True,False,moderate,False,False,False,False,138.4891199623395,82.89550837254265,80.5412063084319,0,0
22,M,24.679242957004107,100.69221580155636,False,False,moderate,False,True,False,False,122.75615873518862,101.60506949901948,117.4188777695968,1,1
72,M,23.14948208156744,94.36565268348879,False,False,moderate,False,False,False,False,119.45809829115669,72.33459511328824,112.28982600626343,1,0
34,M,19.423051824324123,92.44463229320681,False,False,high,False,False,True,False,149.5195183996624,68.33861064240457,139.23979712752964,1,1
69,M,25.29943119479586,101.58155593018405,True,False,moderate,False,False,False,False,147.28537139456984,93.24513995755248,104.42322769916605,0,1
52,M,22.63028301092362,101.20666475429081,False,False,moderate,False,False,False,False,133.17862471724777,59.12049690655624,131.86039852528148,1,1
51,M,20.213585001669415,93.23378019331003,False,False,low,True,False,False,True,111.98217013313933,80.12513593203141,60.0,0,1
46,F,17.84390350636207,80.63655441987136,False,False,low,False,False,True,False,90.0,83.53161227717479,78.76886086635767,1,0
69,M,17.46288424907448,89.62437007610342,False,False,moderate,False,False,True,False,101.53496890279851,55.0,121.22563250921702,1,0
20,M,22.828582425374123,100.89878763651193,False,False,moderate,False,False,False,False,97.2991079342575,66.00677776829764,112.57191274617747,1,0
23,F,24.11707263308788,95.3019210756737,False,False,moderate,False,False,False,False,121.0210253134093,62.9821830600547,137.81926527429783,1,0
44,F,20.561146354269578,86.6453035895642,False,False,moderate,False,False,False,False,137.00667678933743,87.16488260310395,153.14705261465429,1,0
42,M,27.428327424457525,109.7140551398149,False,False,moderate,True,False,True,False,153.61312094656,70.93281576495917,154.74605732270922,1,1
52,F,24.20504056197667,98.73192536750321,False,False,low,False,False,False,False,142.3777565698207,75.135946176572,167.50954406438748,1,1
64,F,27.095983897693927,102.5079926744187,False,False,low,False,False,False,True,110.64471896311103,60.25091761942503,175.73008496981956,1,1
55,F,23.676901444155316,84.93353630675452,True,False,high,False,False,False,False,126.0633946773541,69.09133943384381,99.53201450416665,0,0
34,M,20.957970641568025,97.23176153444795,False,False,low,False,False,False,False,128.43710574674643,69.30879466355512,192.48597474263192,1,0
38,M,25.013529070123763,96.82182124479662,False,False,low,False,False,False,False,97.04847077708654,75.60045259209393,213.12667130102508,1,0
65,M,18.81796469591755,93.31472545449613,False,False,moderate,True,False,False,False,108.02187133813254,74.63489173281839,66.41575305556547,0,0
30,F,26.927473342864914,102.63684958879438,True,False,low,True,False,False,False,115.10813073272408,94.17218366876469,91.39428282519823,0,1
49,F,20.2828285706909,94.06268085962166,False,False,moderate,False,False,False,False,156.0790932649776,85.60852669316888,124.60652111626412,1,1
51,F,28.63204636940052,104.82273533122296,False,False,moderate,True,False,False,False,128.1832690323704,58.45946656509716,120.12180991309381,1,0
65,F,22.976949141911383,92.72724062286045,False,False,moderate,True,True,False,False,100.96650339925814,89.19286513982776,60.0,0,1
63,M,29.281400823394627,116.6763545861363,False,False,high,False,False,False,False,115.20260562361739,87.68081416592834,78.76204323732057,0,1
47,M,19.44819565135258,99.37499383955502,False,False,high,False,True,False,False,129.18082162577278,78.74942411209426,119.58678168359222,1,0
37,F,21.45003634672031,92.83269391085052,False,True,moderate,False,False,False,False,117.98192394229133,88.84313841533108,104.38136443118542,0,0
41,F,26.21420726081857,102.31085300028761,False,False,high,False,True,False,False,116.301463138784,91.22813420231603,133.73352195919924,1,1
43,M,29.767236920420398,111.6106666276024,False,False,low,True,False,False,False,133.71190903141488,72.65620214220922,180.45126333798402,1,1
31,M,31.999740087417152,120.83771421955136,False,False,low,False,True,False,False,144.42363716467676,64.5826373932125,68.44043244555395,0,1
57,F,24.686147736563928,92.26877282496046,False,True,moderate,False,False,False,True,141.45853842075,84.21328864708241,192.996671188741,1,1
31,M,32.7698553385404,119.3568990599369,False,True,moderate,False,False,False,False,117.19612169409984,69.0294828416594,177.84112939956074,1,0
58,M,23.19650952578556,103.89876760009876,False,False,low,False,False,False,False,119.35898949187767,80.90744754725097,60.0,0,0
65,F,29.444454300633378,102.98461941202797,False,False,low,False,False,False,False,117.05394628914263,66.58184058741284,70.21732839905663,0,0
78,M,20.260185513683126,101.92388022204587,False,False,low,True,False,False,False,138.89587380377932,88.71438826671837,97.8653704123211,0,1
25,M,26.390902280884642,107.49664547591156,False,False,low,False,True,False,False,115.77743291798737,69.64629131875708,78.63027728803307,0,0
65,F,15.0,73.26231640396976,False,False,low,False,False,False,False,91.2249409603375,75.67953240795207,132.3695531543897,1,0
23,M,19.45284044756094,94.09655183041835,False,True,high,False,False,False,False,129.7199194762251,74.97297035011827,134.2244671381192,1,0
39,F,26.600045591363443,93.36415980549275,True,False,high,False,False,False,False,130.468962202864,62.42105691191946,116.95339658417939,1,0
29,M,18.594025165097644,91.76867675324067,False,False,moderate,False,True,False,False,115.5149151087176,89.8746960911291,125.09018741432718,1,1
28,M,26.42127324855133,111.35652304357173,False,False,moderate,False,False,False,False,151.6507151797997,92.13625996403327,107.31455291641562,0,1
29,M,28.579061543655634,108.94092760749406,False,False,low,False,False,False,False,113.32411545622506,76.42215117802145,125.88255343512824,1,0
20,F,22.24405913276775,89.54576703178431,False,False,moderate,False,False,False,False,144.68307330481497,69.64497315745912,178.94866956765443,1,1
69,M,20.13971169946611,98.88987070141616,False,False,moderate,False,False,False,False,100.57566929916952,75.42596704698143,60.0,0,0
21,F,22.366160228653676,89.66951597459186,False,False,moderate,False,True,False,False,126.42198364447799,72.43378282349107,112.62674689615723,0,0
43,M,20.153844563671164,99.56708121525487,True,False,low,False,True,True,False,109.06147474893005,77.74991729486422,128.26674213888455,1,0
62,M,24.04453898892837,104.68667417616446,True,False,high,False,False,False,False,120.83082449329555,74.57115802290569,108.54369978766172,0,0
80,F,24.959407811996368,96.06038998232184,False,False,high,False,True,False,False,134.18465566261494,68.02080247303458,122.94990953350963,1,1
71,F,23.122954446064362,93.73740179896318,False,False,low,False,False,False,True,112.88447035565099,90.44545146324019,153.956413217589,1,1
26,F,32.0346165808407,105.9772145192128,False,False,high,True,True,False,False,110.83356014875261,75.64497031564683,93.93206960423053,0,0
80,M,21.26268281140861,99.66873528721173,False,True,low,False,False,False,True,118.43864097390802,99.24815175345402,189.313782286269,1,1
59,M,30.761449306648906,122.92180173178971,False,False,high,False,False,False,False,182.1538370176044,79.14673571780885,60.03076342527874,0,1
29,F,19.81442343659549,90.79022337918084,False,False,moderate,False,False,False,False,125.23623132312338,73.54716728814844,133.7183380202494,1,0
46,M,24.82749906473697,106.82460341196057,False,False,moderate,False,False,False,False,124.28961584121532,74.89653554775644,111.52573210583606,1,0
75,M,29.823974338466314,113.78091637590944,False,False,moderate,False,True,False,False,128.95789194471112,73.96020921160925,121.09647076810883,1,0
42,F,29.59110718513993,107.75642787484557,False,False,moderate,False,False,False,False,94.54294542714149,76.83244930160399,138.64903348780138,1,0
29,F,22.608839460348943,89.50981257767666,False,False,high,False,False,False,True,136.73397277785267,80.46388889438226,90.36466427357492,0,1
73,M,26.997813740321053,105.16639494717168,False,False,high,False,False,False,False,133.38159837678086,65.65840033732425,150.5815041538497,1,1
78,F,26.39530587648902,102.0128924171103,False,False,moderate,False,False,False,False,93.45803531118995,66.76509242931893,181.12643467390416,1,0
79,F,22.07027369633267,93.68612406717322,False,False,high,False,False,False,False,160.470591915545,86.58191614775399,101.85113535638236,0,1
78,M,27.271774717166334,105.4699941559445,False,True,moderate,False,False,True,False,122.04860627397652,83.63935216992435,93.87943510978769,1,0
72,F,32.88121477423568,103.42491069469824,False,True,moderate,False,False,False,False,104.13160143974073,60.67429112651248,156.28743384654018,1,0
46,F,26.622652992781838,96.78038796048105,False,False,low,False,False,True,False,127.01790385599921,83.74836660152056,146.3841795252657,1,0
30,M,27.048603705818017,107.77509084109947,False,False,high,False,False,False,False,107.45841598881678,87.24423833332112,60.0,0,1
56,M,27.524697401903182,114.90468178241092,False,False,moderate,True,False,False,False,96.23390247925185,80.77680683691926,131.34172737538373,1,0
31,M,17.92560526690187,84.92176333829138,False,False,moderate,False,False,False,False,117.63919770447494,59.80512601022711,139.13910082661158,1,0
47,F,26.5710110294283,94.44992733753821,False,False,moderate,False,False,False,False,118.35923964269408,63.29191159291749,110.08277611538044,1,0
59,M,19.924581913226625,92.34349564726305,False,False,high,False,False,False,False,96.80705496711882,77.48294771209565,164.51918397339853,1,0
77,M,21.8455087668599,100.1680459380099,False,True,low,False,False,False,False,109.51538288716426,98.70585557364899,60.0,0,1
36,M,34.22873801534826,119.25947341114403,False,False,low,True,False,False,False,105.47104309435394,72.07776891583225,60.0,0,0
33,M,23.360322756535354,98.35657679995394,False,False,low,True,True,False,False,116.2823869502331,84.66021596757872,149.27167179340609,1,0
64,M,21.16921653067598,103.3601358590905,False,False,low,False,False,False,True,132.3629959908767,70.91625416589672,83.5460348543779,0,1
18,F,29.686621605056263,98.63252700267802,False,False,low,True,False,False,False,124.26176883815599,96.69935808273945,110.78702244460202,1,1
53,F,20.235453487209305,96.53487455892109,False,False,moderate,False,False,False,False,121.47710609031347,78.4562754678051,72.34514440252468,0,0
64,M,22.48661385114645,101.81780374084079,False,False,low,False,False,True,False,92.79795026644389,64.66090036998617,141.83078763334112,1,0
52,M,30.12073475593775,114.44528756733796,False,False,high,False,False,False,False,121.55064751264773,69.02897378130952,123.92779509136496,1,0
42,M,24.692454043885817,111.3684446284059,False,True,high,True,False,False,False,104.59348165054648,68.14085986481093,107.35825078703945,0,0
70,F,17.472813296930617,88.2415236744368,False,False,low,False,False,False,False,94.51416477854292,79.27973600594356,68.78686153684491,0,0
41,F,26.947953264451787,97.38733003209772,False,False,moderate,False,True,False,False,136.04156764110178,70.34047626710274,106.3915856190101,0,1
62,F,22.715903530790712,92.87077490976326,True,True,low,False,True,True,True,100.70448655460996,72.55283684532512,123.67930199566167,1,1
47,F,31.429331689386103,106.91320717942581,False,False,moderate,False,True,False,False,123.50574121948172,99.4093027877585,93.38713458481479,0,1
19,M,21.7721587356464,97.74776533444657,True,False,moderate,False,False,False,False,114.20504191698473,71.5497542561862,94.58287790271027,0,0
51,M,29.23051688176667,120.00712555082222,False,False,moderate,False,True,False,False,106.74349246934374,79.94100042588992,112.36329410182357,1,0
21,M,32.49064114564571,115.85895730056068,False,False,moderate,True,False,False,False,141.5179614768272,74.99735564172751,135.5825279035719,1,1
76,F,20.67075549284793,84.69430405926302,False,False,moderate,False,True,False,False,112.39268198127441,77.45887414091902,126.83800074342079,1,0
55,M,23.630541406588133,107.3296633201121,False,False,moderate,True,True,False,True,113.47950255439133,85.3353158174819,153.1627242014997,1,1
41,M,26.248813733650028,107.19707751009196,False,False,high,False,False,False,False,110.23986145055709,55.0,108.8599359016371,0,0
48,F,20.641944113506216,86.9797627236407,False,False,high,False,True,False,False,124.81423879721629,79.6534227205648,147.4519711585816,1,0
57,F,25.71632726018524,92.31426672620171,False,False,moderate,True,False,False,False,119.44779133210672,73.86219166252253,71.19416539717679,0,0
34,M,23.487858706223033,99.41349021851087,True,False,low,True,False,False,False,110.77118109976217,79.9307633764249,125.93840309926756,1,0
36,F,23.397195927829856,94.19143826639588,False,True,moderate,False,False,False,False,107.23800718808631,75.76274008511218,124.07575411782231,1,0
44,F,24.720222767186502,96.95523450467464,True,False,high,True,False,True,False,121.33858750319789,75.86160221879437,194.51512246682336,1,0
34,F,24.820691220103537,84.60499122081526,False,False,moderate,False,False,True,False,111.59353255436186,81.25108333833597,88.544613775126,1,0
65,F,25.237463460842182,108.01096627264815,False,False,moderate,False,False,False,False,149.5921918434943,71.94788244676369,69.96403805527675,0,1
24,M,21.80528144544447,108.01752237898577,False,False,low,False,True,False,False,113.59387664829443,99.63800957844497,85.04041724384186,0,1
70,F,22.00172724042611,89.4113087697231,False,False,moderate,False,False,False,False,127.34686516426818,67.41713163784141,89.87573573989718,0,0
39,F,23.966355850288263,90.47225883981783,False,False,moderate,False,False,True,False,120.54457583585118,93.83062004126606,126.34677730860821,1,1
53,F,24.298590614438922,97.8269677594207,False,False,high,True,False,True,False,117.37447511913338,64.34626559313948,67.88081495026483,1,0
27,F,22.525177970240225,93.02186321252253,False,False,low,False,False,False,False,136.38905022228482,75.10061549706406,124.09053086482078,1,0
42,F,25.957728389387082,96.9009553751574,False,False,low,True,False,False,False,131.2830338252895,81.41841321362072,113.19846497217044,1,0
65,F,16.333572130961613,82.96705394410182,True,False,low,False,False,False,False,130.97539952075684,67.7392913574544,144.00584164497792,1,1
35,F,21.21290183490972,88.48976451895709,False,False,low,False,True,False,True,130.79839710270497,66.98047673747578,133.67388777198985,1,1
26,F,23.240324782087153,93.79196871420866,False,False,moderate,False,False,False,False,96.1699996629814,74.91041185534061,140.9887418299839,1,0
50,F,20.647481658362278,90.94142205719366,True,False,low,False,False,False,False,129.0508804076004,87.85353907635336,129.19030453144367,1,1
28,M,31.83139106664001,118.81174234138379,False,False,moderate,False,True,False,False,118.04143408521362,78.90159778453051,152.87297780489413,1,0
37,F,24.584878310262283,95.49949288970734,False,True,moderate,False,True,False,False,113.79357020310354,98.84221033324684,60.0,0,1
46,M,25.295463552016564,102.85095002053404,False,False,moderate,False,False,False,True,177.36520944808208,84.21139985704512,61.05431865667032,0,1
53,F,22.325461814155428,84.33231042497486,False,False,moderate,False,False,False,False,98.42176245157962,72.96951679007023,111.27965839766507,1,0
58,F,24.428994858321676,90.89486265908097,False,False,moderate,False,True,False,False,120.55102779302271,55.0,114.95107103271275,1,0
60,F,19.031359410637698,85.5564178009444,False,False,moderate,True,False,False,False,119.25956567143017,60.94070297548103,76.15895229782947,0,0
71,F,23.73582333757217,90.05784700839851,False,False,low,False,False,False,False,120.68998979339304,75.08101940067014,131.60747987556104,1,0
22,M,20.2834620713191,92.67570482569164,False,False,moderate,False,True,False,False,105.77591237848375,60.78578035846976,66.34721604881737,0,0
40,M,23.25168386859727,106.64763732288263,False,False,moderate,False,False,False,False,125.60033509298769,75.881230203285,102.61888456613241,0,0
18,F,15.0,78.4041161041691,False,False,low,False,False,False,False,104.02000926264084,80.45648617937906,111.3709278578272,0,0
18,F,19.423985562004134,78.76153278835072,False,False,high,False,True,False,False,126.53645497139652,74.78098706957775,132.02283702917268,1,0
31,F,31.0876688203145,103.04690319516608,False,False,moderate,True,False,False,False,124.50600553074521,75.0156381636606,94.35808740145325,0,0
55,F,28.23678987098394,100.4113164901098,False,False,low,False,False,False,False,118.0932586850924,99.53399912157424,154.54521824331744,1,1
74,F,30.43567701161854,103.85584134841497,False,False,moderate,True,False,False,False,120.83740075936137,78.72325426030234,170.80675651372468,1,0
66,M,30.74474571351916,112.04344332293108,False,False,low,False,True,False,False,147.34613195516664,76.48462868950924,165.829634887351,1,1
58,M,27.52844340874015,111.02000982194224,False,False,moderate,False,False,False,False,131.2502591112862,67.0627191404891,175.27410859652485,1,1
67,F,22.462090915793894,90.3840410711663,False,False,low,False,False,False,False,124.76802705968028,77.96425841247606,149.31374426110244,1,0
28,F,19.8323707418047,81.95963415390578,False,False,low,False,False,False,False,128.79283211830864,72.7362934116705,133.53142629832627,1,0
70,F,29.660350724523635,100.69200415268757,False,False,low,False,False,False,False,122.64346713361857,97.81888413695631,85.77762878268612,0,1
74,F,24.790555884743256,92.17378318910202,False,True,moderate,False,False,False,False,130.8345893195789,84.26303251152247,92.25578359603797,0,1
23,F,35.72310267371858,111.0165490672047,False,False,low,True,False,True,False,112.30579518557028,93.62434957958645,145.20755121485982,1,1
47,F,22.857059107951606,94.33596871375411,False,True,low,True,True,True,False,157.37098117156938,80.2932109947083,60.0,1,1
70,F,33.37803134651216,110.02126115267446,False,False,low,False,False,False,False,125.00608839174566,91.70451779133722,158.32494156626976,1,1
47,M,23.7944369418691,105.88311668126683,False,False,low,False,False,False,False,167.22129192070832,66.99222268407433,90.78278842658497,0,1
70,F,30.512218687664152,102.28321708585146,False,False,moderate,False,True,True,False,157.46844855195832,80.74568321932699,93.30652369138322,1,1
76,F,32.135112817546045,112.44962358121259,False,False,low,False,True,False,False,113.93918809794846,68.43851206067693,139.15581080791742,1,0
47,M,19.896725323186793,95.07779405874696,False,False,moderate,False,True,False,False,125.8323299556067,73.16409554524445,121.81493943946147,1,0
21,F,22.317508647691092,91.15695256367358,False,False,moderate,False,True,False,False,127.84918275012808,78.4579312215906,97.31656498898701,0,0
39,F,19.851593484356613,89.17593591248246,False,False,low,False,True,False,False,136.94010273276396,67.47103862212553,80.126893359778,0,1
31,F,18.965249802837995,82.64135802601666,False,True,moderate,False,True,False,False,124.10012011147985,61.916348291965505,60.0,0,0
47,M,27.501800827362274,103.9241652480121,False,False,moderate,False,False,False,False,141.31041463982527,88.82051109499838,60.0,0,1
54,F,23.615172333879404,90.35749025792795,True,False,moderate,True,False,False,False,93.85397609042343,59.51336833227647,163.2105507047669,1,0
47,M,24.735648454355612,98.84259179162454,False,True,moderate,False,True,False,False,112.24031939708803,96.59092906430384,104.42025175725207,0,1
30,F,27.00307610737976,98.52578593056347,True,False,low,True,False,False,False,118.94566677096745,69.02772890907293,80.8932459015815,0,0
36,F,16.141759248282884,80.27947690654112,False,False,moderate,False,True,False,False,111.33374179995516,84.23160279758737,138.30317931268021,1,0
60,F,30.290447017806745,100.07335494537989,False,False,high,False,False,True,False,94.28871208553062,84.87580185070803,84.7253200367406,1,0
19,F,22.92907626497037,83.86321872028645,True,False,moderate,False,False,False,False,136.14179001866705,65.83804896615345,85.40981629862102,0,0
31,M,26.89580587807036,106.64274028140815,False,False,moderate,True,False,False,False,104.2883885260207,83.06120362011389,153.63886754227846,1,0
74,F,27.29320777652846,97.83755347519912,False,False,moderate,True,False,False,False,111.21094655472046,79.88812160166013,137.95354068692512,1,0
24,F,30.668584523437282,102.3515833099109,False,True,high,False,False,False,False,134.0776525759473,84.94392068182039,118.4104435071923,1,1
44,M,24.02814175497635,102.16189956123229,False,False,low,True,True,False,False,141.59004029386736,91.30533807755415,92.60210851355976,0,1
31,M,15.0,81.91038856832783,False,False,moderate,False,False,False,False,112.95153555865784,86.95053356293347,120.17561574316325,0,0
24,M,24.757074260541025,105.79094529715645,True,False,moderate,False,False,False,False,105.41226449842333,68.44790688482426,132.31704034942487,1,0
44,F,25.403180861727204,91.77613152191971,False,True,moderate,False,False,False,False,108.98759103621924,76.5037621446074,121.03202864648753,1,0
50,F,19.845826133869473,91.41149367436529,False,False,moderate,False,False,False,False,139.83502477140692,68.9357075304612,154.50401788195492,1,1
29,F,25.163707944948225,94.68165103623208,False,False,moderate,True,False,False,False,140.74083519592864,71.66589288612502,76.95382720292325,0,1
22,F,22.875417043731687,89.15849851802179,False,False,moderate,False,False,False,True,127.38407967137049,83.36749908934236,102.96661281151152,0,1
26,M,18.457607228228703,95.22162311996766,False,False,moderate,True,False,False,False,125.95238637000176,84.65596680230243,131.4926800831848,1,0
59,F,27.52168202754178,95.90150224200727,False,False,low,False,False,False,False,100.90074544112369,84.4023757631041,91.95646851374516,0,0
72,M,21.963236820959917,100.26970334426318,False,False,high,False,False,False,False,129.44135690163944,81.16583979057812,145.34923374865838,1,0
29,M,22.67129353368319,101.75236087431044,False,False,low,False,False,False,False,134.57151955169545,82.84692778113327,158.99653134246734,1,0
38,M,22.41839518720812,90.63755010060116,False,False,low,False,False,False,False,124.6471432633095,72.99803486407377,114.07652060637413,1,0
39,M,30.05965368858866,116.69347962289754,False,False,low,False,False,False,False,125.23000330187904,92.86253215514571,125.39861354979762,1,1
40,F,24.315877272019733,95.05425695974976,False,False,moderate,False,True,False,False,105.49213254822553,85.34848552659241,104.69408017686182,0,1
33,F,24.855949192456197,96.96368315334288,False,False,moderate,False,False,False,False,140.6951843645709,77.7687213276319,101.75691832856742,0,1
21,F,22.517137305261212,82.8434724667896,False,False,moderate,False,False,False,False,100.25264571545443,90.38888834669699,156.9166201828086,1,1
51,M,26.582900700147075,106.58612855961515,False,False,moderate,False,True,False,False,121.7345307182593,72.33307793954393,82.73410047537179,0,0
40,M,30.571931218028023,110.66335836618812,False,True,low,False,False,False,False,129.3205133707227,79.31530940321156,140.93613184949436,1,0
39,M,27.415373678689278,112.32607812649219,False,False,low,False,False,False,False,140.25602720625633,87.84381196284829,94.74916068354908,0,1
34,F,27.590901326006854,100.6377024568599,False,False,high,False,False,False,False,138.85850789315285,64.60114907236158,82.40648139942775,0,1
76,M,27.228035926479556,105.29584553997391,True,False,moderate,False,True,False,True,140.2271306292986,102.44947838235565,147.27968665602629,1,1
56,M,18.288908105099765,95.0572911022675,False,False,high,True,True,False,False,117.16600801425797,71.5225287015839,136.37414387739375,1,0
44,F,20.557465257353876,94.33190598751042,False,True,low,False,False,True,False,159.1828310882319,73.02227789386444,89.13395414834957,1,1
30,F,23.57755672880393,95.8224912274128,False,False,high,True,True,False,False,139.40508336099015,78.2211927877813,106.10995166044646,0,1
68,F,21.233611808780484,81.57081510428584,False,False,high,False,True,False,False,116.35469703316303,86.14034985648966,107.64196714779605,0,1
73,M,19.70958338859801,99.26809712584388,False,False,moderate,False,True,False,False,117.38591001706641,87.19164419946908,120.22832235599445,1,1
20,F,16.075209166082416,88.00928757265021,False,False,moderate,True,False,False,True,134.16673066189952,94.49068971590557,94.86996045359048,0,1
76,M,18.440618540896367,96.58795206937465,True,False,low,True,True,False,False,114.52120488839827,77.2975870865918,172.77948193756436,1,0
62,F,23.3456349919583,94.25331893700805,False,False,moderate,False,True,False,False,101.56100258877969,81.63076366093169,73.1964065095184,0,0
24,M,24.18758134931502,102.71927453022057,False,False,moderate,False,False,False,True,123.32099792131356,61.07997421618942,60.0,0,1
65,F,20.93125800741241,90.22872472395757,False,False,moderate,False,False,False,False,90.0,66.22154851190398,107.90248893232584,0,0
24,F,24.855163457074518,101.1523959246851,False,False,low,False,False,False,False,127.7335040314929,76.99550032884471,60.0,0,0
21,F,22.547748615912308,90.32804506645849,False,False,moderate,False,True,False,False,132.20741922949242,81.93648238765246,84.81284432413061,0,1
25,M,29.407581143182316,111.20138123402026,False,False,moderate,True,True,False,False,117.74373894794711,77.49225943721402,89.84884083618577,0,0
46,M,23.77268406188823,105.19043304733042,False,True,moderate,False,False,False,False,140.39949496878776,83.76678610985452,112.5307936322758,1,1
57,F,27.63348896630772,100.70299535859975,False,False,moderate,False,False,False,False,135.63263065631787,77.3755483255907,105.09275269050144,0,1
43,F,25.414461930326116,85.70482102784128,False,False,high,False,False,False,False,105.69716757490966,75.42642183001415,120.2603086704479,1,0
25,M,18.190680323401754,99.92048804309343,False,False,low,False,False,False,False,122.70787319039219,104.40269941072967,84.69781722222143,0,1
30,M,24.09203820918271,100.54360648839788,False,False,low,False,False,False,False,113.68996566427526,75.10483462833218,98.75496138340435,0,0
71,M,18.939691553020925,86.73954623860064,False,False,low,True,False,False,False,116.83047787394915,89.13687947558817,132.255948715706,1,1
78,M,24.013456228023855,106.08273276880116,True,False,high,True,False,False,False,140.34081438858658,63.63707692229249,60.0,0,1
65,M,21.1469113224619,94.97710616984449,False,False,moderate,False,True,True,False,132.0066564572838,79.35601030364013,126.72530296486622,1,1
24,M,26.21883365068164,106.09913160412549,False,False,moderate,False,False,False,True,110.51922446899694,70.580192965811,60.0,0,1
69,M,18.459405481402094,86.14774382603926,False,False,high,True,False,False,True,125.5869478246293,99.78013149627118,112.3709526450428,1,1
61,M,24.56615821375747,100.62224379538014,False,False,moderate,False,True,False,False,109.90878651045433,71.86642357861962,130.19718123060196,1,0
51,F,27.075870121534372,101.24926740679796,False,False,low,False,False,False,False,114.24402245914952,77.66009240416317,122.77013919113539,1,0
27,M,28.58418006189048,109.71431105772164,False,True,moderate,False,False,False,False,146.62690894434746,68.94161774565457,90.29178982791497,0,1
80,M,21.061245089520998,96.332035185606,False,False,moderate,True,False,False,False,162.75042298879487,68.2798644309808,120.99219891696178,1,1
45,M,24.57987937493229,104.60362452107096,True,False,moderate,False,False,False,True,150.46429968258963,77.16202616256145,79.01898244929897,0,1
20,F,25.32866137810208,103.2378684172014,False,False,low,False,True,False,False,126.43825263879653,81.98815138172516,160.37090013041814,1,0
31,M,31.462068257942455,119.3393479238877,False,False,low,False,False,False,False,124.94333409222834,89.63383282904766,141.09480359330973,1,1
43,M,17.834014726624385,85.61254796308198,True,True,moderate,True,False,False,False,138.31027806735045,71.63028455074799,78.78430201209561,0,0
21,M,20.40003854718028,99.15213112737592,False,False,low,False,False,False,False,123.62427472086125,71.44629566873252,160.19033817375464,1,0
38,M,37.12008121731236,127.26316498092808,False,False,high,False,True,False,False,99.18627398718652,92.136276165064,118.81148493456925,1,1
47,M,23.271062222198115,101.49660627181221,False,False,low,True,False,False,False,151.1031464418993,95.53289182648375,72.46185135289774,0,1
77,M,15.990527855435264,88.69215202003458,True,False,high,False,False,False,False,102.99592033502445,77.07430786858913,152.86530307953961,1,0
23,F,21.87852435493325,84.64327397583287,False,False,low,True,True,False,False,141.32535489549412,83.1226851519748,169.52473852669615,1,1
54,M,15.0,84.23245283594574,False,False,high,False,False,False,False,134.1568622169056,96.36533327639667,103.04886315431013,0,1
75,M,25.58414320605269,105.32205434079629,False,False,moderate,False,False,False,True,151.7568965516859,107.13710458360401,124.80945528463205,1,1
68,F,28.144031421251984,99.32124833066125,False,False,low,True,False,True,False,135.80036179544987,82.60746125281607,111.54079143283977,1,1
76,F,20.39751930724061,93.45168090673481,False,False,low,False,False,False,False,112.59448901660423,86.28648127007973,132.27794700971475,1,1
28,F,22.38174234986822,85.14035163091516,True,False,low,False,True,False,False,139.36536499491004,79.46170085576661,139.81887293771456,1,1
68,M,28.656443699160107,111.33476926699278,True,False,moderate,True,False,False,False,116.1863704585484,61.71846753378659,146.5120505753964,1,0
79,M,16.624030408192684,85.40098890772144,False,False,low,True,True,False,False,106.36035631408986,81.81168118806545,60.0,0,0
38,M,18.552929545102046,86.50414069536633,False,False,low,True,False,False,False,92.69596737666502,93.0830474818751,93.86233878670373,0,1
49,F,23.473481682279623,93.85915249598868,False,False,moderate,False,False,False,False,120.02146166565021,69.71531575517535,145.78663847402098,1,0
51,M,21.11449323139932,103.80057535477447,False,False,moderate,False,True,False,False,94.9819939257195,57.60077619119213,87.56387566144926,0,0
49,F,23.177598961368854,85.35164468600509,False,False,moderate,False,True,False,False,144.9850181896995,84.49925235215763,124.15169155317228,1,1
36,F,18.81312356267065,85.49198343199072,False,False,low,True,False,True,False,96.86537105086903,58.68086228242214,79.92576368914145,1,0
79,F,25.464410686646783,91.02608742145179,False,True,moderate,False,True,False,False,115.91893403371364,60.70705670090882,135.7264116585744,1,0
78,M,23.82845111669005,104.64371397980588,False,False,low,False,False,False,False,116.60318072639372,60.0198534784702,113.31175965910707,1,0
41,F,26.97135722404865,98.9381520115456,False,False,moderate,False,False,False,False,124.7473487401285,55.968207587619325,133.1396614592888,1,0
68,M,25.401797752161315,103.06357664173295,False,False,low,True,True,False,False,108.12316657340709,89.6310716086769,125.8239484005281,1,1
43,F,25.430105326232106,102.94718569776661,False,False,high,True,False,False,False,140.15623973189787,79.52132585475589,62.81674091887343,0,1
68,F,17.99161690461449,86.14845586712035,False,False,moderate,False,False,False,False,124.60947728274066,100.62354199165209,185.32228632083098,1,1
54,F,26.716661982401924,102.59302268701978,False,False,moderate,False,False,False,True,121.71710521373609,86.08148680295214,66.2250451107758,0,1
47,M,23.01110119188001,102.74739705250364,False,False,high,True,True,False,False,111.59551309611089,100.67581481217755,198.98840703512766,1,1
26,F,23.75030761557672,92.4001979371233,False,False,high,False,False,False,False,130.7946350196362,70.9161500975485,60.0,0,0
59,M,29.217189693758645,111.67917554687149,False,False,moderate,False,True,False,False,144.35662255926417,81.98661941096123,114.38283826246884,1,1
38,M,21.262539995673972,94.80219518246473,True,False,moderate,False,False,False,False,165.11958531474414,63.98435436854999,62.734940204377395,0,1
31,M,30.580329478065504,114.334272781311,False,False,high,False,False,False,True,106.94207293695314,74.94946549457838,168.5512708120309,1,1
30,F,31.00013884717892,101.99876144599882,False,True,low,True,True,False,False,119.81610310080583,93.78044729262834,76.49532792866229,0,1
79,F,27.887529968139674,106.52017971716174,True,False,moderate,False,False,False,False,91.48677589467242,77.55419840607725,73.6751343598143,0,0
24,M,20.0872063515466,98.4712044679206,False,True,moderate,True,True,False,True,132.87736076622664,75.41687811345793,113.19555205168308,1,1
68,F,15.0,79.85790028918811,False,False,moderate,False,False,False,False,100.15592209823222,77.75619357422471,162.05876443922904,1,0
72,F,29.354757114169733,101.05128813448778,False,False,high,False,False,False,False,126.4071301266458,79.579122917397,155.15111341418037,1,0
19,M,25.00123277598986,102.74489389659949,False,False,moderate,False,False,False,False,141.7580909902867,79.59310171075099,104.20488700944139,0,1
55,F,21.14661138130342,97.52396561993993,False,False,moderate,True,False,False,False,115.40858337017978,92.66367934979662,100.78365019386577,0,1
54,F,29.78103054690021,100.8934315093905,False,False,high,True,False,False,False,107.08581058264288,70.06852373807239,130.25394714212604,1,0
40,M,20.622985036049858,91.48502670275579,False,True,moderate,False,True,False,False,143.08976927505313,75.72616398272808,109.96007899853969,0,1
60,M,22.591301337960758,102.60580711851154,True,True,low,False,False,False,False,133.37107028237762,79.07729991333805,114.82238585797022,1,1
43,F,26.862006639426472,98.14337308583806,False,False,low,False,False,False,False,103.92340507098754,68.06161314545622,107.03988961345772,0,0
45,M,19.48878725773305,97.82190476981079,False,False,moderate,True,True,False,False,124.23568288104528,73.0861268724275,133.36602903486354,1,0
45,F,24.007335906768198,88.9347249280119,False,False,low,False,False,False,False,108.34064819590829,86.4306541749389,127.78149144580082,1,0
68,M,29.401117327610127,107.79568915403661,True,False,moderate,False,False,False,False,138.96906997409076,68.93488488415049,165.24970784445676,1,1
57,M,25.449998346295086,102.80349551674556,False,False,high,False,True,False,False,123.96723146910983,108.51146523727967,89.70962431820332,0,1
41,M,30.113418515706563,114.83578497435131,False,False,low,True,False,False,False,146.4430627895038,96.00275408736486,89.38735887399231,0,1
76,F,29.601210611026993,102.4579394295051,False,False,high,True,False,False,False,107.09508578684813,79.94608728843814,108.75573264478757,0,0
68,F,24.53482250489729,94.49169517044851,False,False,moderate,False,True,False,False,125.63349094096584,84.33187683322345,104.92215145770844,0,0
76,F,15.0,77.55601971293889,False,False,high,False,False,False,True,121.80401437296378,86.47591118803173,142.20027340805223,1,1
64,M,19.52402467153112,91.89731446083594,False,False,low,False,True,False,False,126.07515370454077,84.1603041501755,75.07876775520273,0,0
42,F,27.9350035057302,96.01771348963912,True,False,moderate,True,True,False,False,112.93877608083109,79.04975671377917,156.45208803003078,1,0
66,F,17.523868608716207,76.81159195699013,False,False,moderate,False,True,False,False,90.0,108.27044440684672,102.04386025101633,0,1
38,M,23.029883351358723,97.72104176995192,True,False,moderate,False,False,False,False,132.86516775250274,70.098211150239,153.34602170869448,1,0
35,F,26.023162761600645,100.25327188792309,True,False,high,False,True,False,False,122.85790859928373,73.74300870437885,200.59402420830097,1,0
46,M,31.113068130926795,111.47096145509286,True,False,high,False,True,False,True,108.69947433516263,78.79924182875632,147.9271622334947,1,1
79,F,21.912411365955137,88.67578345075205,False,False,low,True,True,False,True,113.97107350415553,85.09531526843946,133.87025659299206,1,1
53,F,21.60430530912592,88.10494769574288,False,False,moderate,True,False,False,False,103.2915964863191,100.12969146241718,151.0484319696208,1,1
42,M,24.263994050770247,100.0902830987066,False,True,moderate,False,True,False,False,92.26665307377905,77.98186837664834,101.70001204910406,0,0
47,M,26.079108364145462,105.4912127203485,False,False,low,False,True,False,False,138.61952763675208,84.36388978994958,121.20497701827004,1,1
36,F,23.805889276717576,94.1976361963081,False,False,high,True,False,False,True,131.1452855958242,82.24157268345743,88.47185352764797,0,1
59,M,29.221707569986147,113.78263875073205,False,False,moderate,False,False,False,False,100.37900885176457,77.09061842782371,90.69670460835452,0,0
40,M,20.903852751371875,108.36444137965472,False,False,high,True,True,False,True,162.39564687649545,91.65923945553928,122.79393185129695,1,1
52,M,25.040724200205695,107.2767611831392,False,False,high,False,False,False,False,103.97097824031431,82.71258890637803,115.3499684789531,1,0
41,F,26.503457196111587,97.63419127485082,False,False,low,False,False,False,False,133.4332843759964,88.87504441953094,127.09917345680559,1,0
38,M,22.698952355423646,98.19821228981074,False,False,moderate,False,False,False,False,122.05982045462021,74.77578890804774,116.69760970428526,1,0
79,M,28.27869471451985,105.52805015859634,False,False,moderate,False,False,False,False,101.79267661509068,72.05250347138045,102.11718375913719,0,0
39,F,25.17031343559057,102.25000707064771,False,False,high,False,False,False,False,127.59484829196697,74.22504489655921,144.3304703750196,1,0
22,M,28.049805709185232,113.2070669899987,False,False,moderate,False,True,False,False,119.04891633946681,81.28855292998968,90.38756133957214,0,0
41,F,25.373468486219743,88.7836820475505,False,False,low,False,False,False,False,111.8084813785357,90.29460415451722,120.7886646667617,1,1
51,F,26.193820571692527,99.46335434728296,False,True,moderate,False,True,False,False,143.10641640877975,101.06371261844129,152.16772668188761,1,1
23,F,21.6542370941779,91.21516657172378,False,False,low,False,False,False,False,131.9822544550284,79.9248640892355,136.831268995261,1,0
37,M,21.661527326639494,102.08979212953162,False,True,moderate,False,True,False,False,133.5072431799402,98.49614814041267,110.98779733981566,1,1
28,F,30.009784159679494,101.97736939300262,False,False,high,True,False,False,False,118.55567413580783,84.88834414307689,60.0,0,0
49,F,27.359797000341494,90.31719893470726,False,False,low,True,False,False,False,127.63441306246509,70.64757127267542,100.09674009134633,0,0
63,M,19.896656751999192,91.99444370836859,True,False,low,False,False,False,False,121.5699380140064,79.30792953323984,186.35678292581102,1,0
79,M,25.313885410946742,104.98284737025345,False,False,moderate,True,True,False,True,129.98734898523244,86.46196980120241,103.31660958891803,0,1
42,M,15.0,90.36820267557938,False,False,high,False,False,False,True,106.45549655069674,87.31286335983131,111.82093689005265,1,1
72,M,21.917269263352626,97.418544226437,False,True,low,False,False,False,False,90.0,72.72421685544865,117.93518286266608,1,0
31,M,28.824624544789575,113.64328976303395,False,True,low,True,True,False,False,143.69813591923105,74.08318235758159,126.95603438803172,1,1
67,M,23.936844850799783,98.7553772033436,False,False,moderate,False,True,False,False,121.7639956720248,74.31315432691031,89.06739544118994,0,0
53,M,25.03060701349714,108.17532596881628,False,True,moderate,True,False,False,True,131.14767821238615,75.82617141084076,138.53085169347605,1,1
65,M,15.0,88.25176534595985,True,False,low,True,False,False,False,111.0487838466418,81.35910462543606,126.30724744813442,1,0
65,M,22.73485871838732,96.11430265775117,False,False,high,True,True,False,True,118.41990246988706,98.76877646227712,60.0,0,1
51,F,26.022225007222456,96.5810297478367,True,False,high,False,True,False,False,146.32497462260446,73.36724788887463,60.0,0,1
34,M,26.59380443929253,111.59461162800002,False,False,moderate,False,False,False,False,127.82182909704626,59.9646291106579,93.20812378925888,0,0
51,M,28.830600701004638,106.85895109919545,False,False,low,True,False,False,True,157.27532658858385,59.25667566074967,69.62040558719714,0,1
70,M,23.553840117019572,98.1131112561355,False,True,moderate,True,True,False,False,136.2654046342467,86.98497919500883,122.826069608848,1,1
79,M,23.75454884319133,102.48020009859842,False,False,low,False,False,False,True,111.30959455875573,72.00351038190298,98.89762510196122,0,1
76,M,18.50547156765562,101.8431717435089,False,False,moderate,False,False,False,False,129.06609752086894,80.96579432359572,128.45422925167543,1,0
29,M,23.57965307372061,99.75306319653912,False,False,moderate,False,True,False,False,148.91689803729736,70.2168498299705,128.91226244748313,1,1
55,F,18.822912219209908,80.70034314270805,False,False,low,False,False,False,False,125.5243502189971,76.36946670871052,76.7987518020553,0,0
24,F,16.184584460875623,79.50424256771262,True,False,low,False,False,False,False,132.3266792102954,74.42444217584207,99.25065015200789,0,0
60,F,19.6166928345024,87.74844859465645,True,False,low,True,False,False,False,144.60443341678857,70.44497871858394,92.63507595133653,0,1
80,F,31.289082085117872,104.33525850436192,False,False,low,False,False,False,False,90.0,91.60000126943761,144.65688544264555,1,1
21,F,23.282474593190255,94.2500396100953,False,False,low,False,False,False,False,133.2207097867509,92.40874997087894,105.85108715274373,0,1
59,M,25.489448133605148,104.44978748002322,False,False,moderate,False,False,False,False,143.5490074770563,85.037784604739,155.78395311376894,1,1
77,F,22.189266869608748,90.04430242557707,False,False,moderate,True,True,False,False,109.71928986554758,100.48243669207669,157.73117324303135,1,1
71,F,16.44252041246646,90.96034760702581,False,False,low,True,False,False,True,138.72466258949564,63.528737191781765,107.2555361122653,0,1
42,F,28.712509062183685,98.83920149311267,False,False,low,False,False,False,False,121.91688113051988,75.67938878832183,91.26723311040939,0,0
24,F,15.0,85.55978757129819,True,False,high,False,False,False,False,94.9264211828586,74.1592284408113,81.35234796061356,0,0
76,M,22.003432954437535,103.96821036127729,False,False,moderate,False,False,False,False,134.6498778387989,85.80324009747666,136.8481164296451,1,1
76,F,24.254233036174725,95.82314688421816,False,False,high,False,False,False,False,121.84717435190983,64.13331455215251,108.48761695809651,0,0
54,F,25.53720339543435,88.15499808689687,False,False,moderate,False,False,False,True,120.81028704321764,85.34175738763804,86.48969008172828,0,1
79,M,21.230886779620086,95.70389399128888,False,False,low,False,True,False,False,132.33779081992344,62.12750744427278,143.39787355354906,1,1
18,M,16.229173326252614,87.26745712580909,False,False,low,False,False,False,False,106.81298169264299,86.22648674649257,144.03898475410426,1,0
56,F,20.895080184490528,88.51249106094673,False,True,moderate,False,False,True,False,134.34890006343616,90.70389326869184,78.80346092354318,1,1
20,M,21.130589055711518,96.96674473988743,True,False,high,False,False,False,False,107.40386532290105,65.54884633413097,124.6539158330421,1,0
76,M,21.02107927180214,98.42193772350046,False,False,moderate,False,False,False,False,146.20615686413277,73.96122370729546,132.60456042055498,1,1
60,M,28.865263655934214,118.81915897187851,False,False,moderate,False,False,False,False,140.22472261296696,91.09257019266018,171.5549160416849,1,1
75,F,19.03878749837386,90.14215720566594,True,True,moderate,True,False,False,False,146.6046337909793,93.31068107011427,106.22411156636088,0,1
53,M,25.854406734971715,103.07851620239718,False,False,low,False,False,True,False,129.4279117832882,62.295725769054485,112.00677029856196,1,0
23,M,25.21233666748062,99.6247328993899,False,False,low,False,False,False,False,115.22060870536026,82.1427421447392,135.13650055093862,1,0
19,M,28.822047848622514,111.05347777870224,False,False,high,False,False,False,False,110.46610722174117,85.18986722722143,156.41279392062626,1,1
39,M,23.90090657718381,106.26868962624185,False,False,low,False,True,False,False,109.5107373725612,77.89824912093299,126.0216652744602,1,0
64,F,28.060089352389014,100.17370150227656,True,False,low,False,False,False,False,119.23850568754361,93.79684506368334,119.89095013680854,1,1
27,F,23.72500937857656,94.7692033501709,False,False,moderate,True,False,False,False,111.01893206136269,71.98370373160935,92.35411509002826,0,0
71,F,26.454766369631603,96.38793240788257,True,False,moderate,False,False,False,False,127.19774811334872,73.43615551955375,100.67309052503394,0,0
33,F,17.736765107387416,81.36494334823682,True,False,high,False,False,False,False,109.1139042043403,70.74913431394894,106.78552838726915,0,0
49,F,15.0,81.63310375441799,False,False,low,False,True,False,False,112.04507254859246,80.70112698135848,136.5438855416839,1,0
30,M,26.19896084104634,113.5748579944678,False,False,high,False,True,True,False,115.90582423243299,75.0452534864348,127.70646966131409,1,0
47,F,26.440324067176533,98.91861015359977,False,False,low,False,False,False,False,109.58136640800146,87.59522747531751,87.87788120964377,0,0
46,M,26.63976049918347,111.12649821744935,False,False,low,True,False,False,False,116.52482513181546,74.1772417997035,141.7418647936745,1,0
18,F,22.137803683603945,91.81055325032195,False,False,moderate,False,False,False,False,131.3413339475211,76.17637928721594,106.08201328648121,0,0
53,F,31.203750134946677,107.15742149346565,False,False,high,False,False,False,False,107.85755997288139,80.78139266234977,106.5807065498554,0,0
67,M,22.430549829183402,99.41058206864953,True,False,moderate,True,False,False,False,102.73983786785612,69.44785491029764,138.8814819789815,1,0
76,F,26.393955588525664,93.57421151625374,False,False,low,False,False,False,False,119.14839318063936,89.76461801844086,143.24638637152052,1,1
38,F,27.175863012518352,98.31089439360034,False,False,moderate,False,False,False,False,103.77292307865176,86.1286270967438,124.10630755312607,1,1
73,M,32.234330718871,122.25524134126007,False,False,low,False,False,False,False,143.3857425977252,85.76998834199881,177.5046435433967,1,1
73,F,23.07336671094575,89.82809543063469,False,False,high,False,False,False,False,110.8214206775656,67.36215300300934,60.0,0,0
80,M,21.560631921968813,100.13642364665067,False,False,high,False,True,False,False,122.76950182678775,95.59125302682261,145.79776994988407,1,1
41,M,17.758345770131047,98.81971934290911,False,True,moderate,False,False,False,False,129.26381923012482,58.22216942794824,77.02183453393054,0,0
71,M,31.48565152998113,117.04606292525594,False,True,moderate,False,False,False,True,101.80628921771304,86.73631652374941,111.40879959010572,1,1
53,M,26.39634908171843,111.82318979610487,False,False,moderate,False,False,False,False,108.48454794408617,80.13523966914241,112.85784620465189,1,0
21,F,26.53877497652436,92.20283331021024,False,False,moderate,True,True,False,False,111.91980661438497,85.94190288131766,110.26529517176495,1,1
35,F,38.52516908595764,111.98827624269853,False,False,low,False,False,True,False,134.51978747508397,76.2352038090079,80.40920512757688,1,1
60,F,25.96270133533835,95.38174056277478,False,True,low,False,False,False,False,151.30470566661984,79.53635251270813,64.7708530841471,0,1
28,F,18.639553677049854,85.14443204730927,False,True,moderate,True,False,False,False,151.69492149028795,86.30609183856683,60.0,0,1
45,F,23.618433912531607,91.83582224462262,False,False,high,False,True,False,False,142.37291426628514,78.59991567472912,105.02601148353043,0,1
66,M,20.11347916018106,97.85568856031614,False,False,low,True,False,False,False,102.15996186837543,80.98291581443983,117.0284416399181,1,0
27,M,22.718592224377524,104.35491784118713,False,False,high,False,False,False,False,107.97698169362833,81.34064628080486,133.10422610652677,1,0
49,F,22.688346787604267,93.23461014989685,False,True,moderate,False,False,False,False,144.1994083781159,102.75137900617737,152.95061565955874,1,1
31,F,21.858390240198275,84.65493459714911,False,False,high,False,True,False,False,146.4088562839183,61.043834284542136,141.71269005055737,1,1
51,M,18.230228725900712,99.52749231259477,False,False,high,False,True,False,False,134.73144399354268,92.87776082054837,146.88289654780004,1,1
33,F,31.66625735152533,105.74998593597773,False,False,low,False,True,False,False,134.8927751416354,83.59797613906743,77.27960415073935,0,1
78,M,25.844816199972772,103.22754827662179,False,True,moderate,False,False,False,False,115.13500204292872,82.23238233151834,150.9502786894383,1,0
22,M,23.485375843848928,97.7772353363168,False,False,moderate,False,False,True,False,149.45819821009775,64.62761820073366,125.40175135238856,1,1
78,M,27.909370232820844,108.89108280974295,False,False,high,False,False,False,False,110.30331048940421,91.2973992067935,66.82993797913132,0,1
67,M,26.61980273682226,105.66465360101213,False,True,low,False,False,True,False,96.23144894500349,66.14976148922808,149.7823166116073,1,0
71,M,25.740608297339215,103.38505707967184,True,False,moderate,False,False,False,False,134.82073293730053,94.81670505152194,81.4304853872286,0,1
71,F,27.58249132745072,98.33739845262616,False,False,high,False,True,False,False,112.67551574286497,72.63594389417214,76.04467574010236,0,0
29,F,25.102706346913955,101.37058442342104,False,False,low,False,False,False,False,101.22294564661311,94.81622789618874,166.29246279503425,1,1
76,F,27.515996556462163,93.0573711003913,True,False,low,True,False,False,False,136.04806322871912,70.81191264646516,120.67666918129957,1,1
55,M,27.889005353949987,113.48249602916958,False,False,low,False,False,False,False,92.74750258650663,68.34442726901747,75.80185233733125,0,0
78,F,25.232234307647612,95.84645391436837,False,True,low,False,False,False,False,129.2692320357476,77.53297449095868,93.47082642870416,0,0
73,F,23.50822477926748,88.53985285333619,False,False,moderate,True,True,False,False,114.85410447664597,70.42853006965858,149.32285288821518,1,0
54,M,31.38679010654259,116.91488365397898,False,False,low,True,False,False,False,147.62179577925838,75.99148177105394,70.26378612803504,0,1
41,M,22.34944307101955,101.93492714475634,False,False,moderate,False,False,False,False,129.31669735881957,97.13970408371723,107.3316527171205,0,1
25,M,26.260911201923054,104.63140858889042,False,False,low,True,False,False,False,139.18140257030535,72.4995757811339,107.31134783185577,0,0
24,F,26.3625878483258,97.88727810670458,False,False,high,False,True,False,True,104.64996069653043,80.5021066590664,207.57191957828294,1,1
42,F,21.75698966481364,92.63383368262478,False,False,low,False,False,False,False,94.89495490945285,96.09520053556297,61.26562904455759,0,1
69,F,20.86479926609828,90.15049805902851,False,True,moderate,False,False,False,False,116.20337353254034,81.20825382098546,62.7124877908369,0,0
49,F,22.907665906085672,97.71438388285083,False,False,low,True,False,False,False,131.7875765904504,90.96961523080103,92.4324581144127,0,1
48,F,22.285024160709764,95.88656948719408,False,False,moderate,True,False,False,True,123.14050865609083,84.70560942777298,89.87572024022421,0,1
33,M,17.938412472625107,91.10677451785456,False,False,low,False,True,False,False,140.4122705039274,89.57387460698672,113.50007997336296,1,1
53,F,21.56827212866326,98.61764985550776,False,True,moderate,False,False,False,False,130.74279739622403,77.84436015321761,95.77054731639726,0,1
58,M,25.69800343085553,106.55721581487886,False,True,low,False,False,False,True,105.20915754269835,84.98223522118954,141.9140426227816,1,1
79,F,30.196746128668693,101.90913582515822,False,False,low,False,True,False,False,129.4343024657108,98.47097158896094,115.35082795973888,1,1
63,F,26.99476100828135,95.98222723393677,False,False,moderate,False,False,False,False,124.75105431875272,74.9417399008653,78.48391658907286,0,0
56,F,15.0,83.97336601189443,False,True,low,False,False,False,False,142.33318553661354,83.18182227390778,103.96135430559967,0,1
75,M,27.385866716407975,110.96216504586971,False,False,high,False,False,False,False,107.183513123126,71.11397867610441,102.83298633578896,0,0
44,F,21.98831696346927,88.54235402371692,False,False,moderate,True,True,False,False,111.38807396756178,89.98280417327466,152.3298039911554,1,1
76,F,26.538860336094935,96.50388897193251,False,False,low,False,False,True,True,128.3504991803726,60.20195788537126,142.59586676933526,1,1
41,F,24.436391333552173,95.52083970678808,False,False,high,False,False,False,False,144.62058382952856,75.31467458168657,137.29941189473092,1,1
26,F,23.632905682609277,92.03881564032851,False,False,low,False,False,False,True,118.81054893807065,89.64159797252925,86.88411715390549,0,1
44,M,24.039939224170364,109.58673768873065,False,False,high,False,False,False,False,131.54450149914572,76.89269488921212,123.29396682146128,1,0
26,M,24.39909061278599,102.83066010206,False,True,low,True,False,False,False,122.56355905629671,58.86907270491824,72.03958638565538,0,0
25,M,30.549822374406098,117.19304107572343,False,False,moderate,False,False,False,False,121.32092646674889,70.09028881372274,135.18543739615603,1,0
73,F,24.411529158117105,102.13818772818534,False,False,high,False,True,False,False,140.43018423274452,71.03732347273079,154.91801965497893,1,1
68,M,29.384912599315403,112.10633188527748,False,False,low,False,False,False,False,123.75778462973508,95.8711731686125,60.0,0,1
31,F,28.729576396305458,106.03615217169737,False,False,moderate,False,True,False,False,114.91905013320154,87.25369218487344,109.4075244528081,0,1
70,M,27.50170496412644,114.31176426115118,False,False,low,False,False,False,False,113.97301912437585,88.37670992561054,109.3711234156014,0,1
22,F,16.46021530941645,86.59656958089283,True,False,moderate,True,True,True,False,117.08661819228895,65.00718429938044,144.26940100647712,1,0
35,M,29.52484695272723,114.97845319085114,False,False,low,False,False,False,False,110.92732327201948,78.59133648406575,91.88933756278723,0,0
62,F,22.439444176389852,91.843786018191,False,False,low,False,False,False,False,118.1932909615136,95.66251377946304,91.40024920421645,0,1
37,M,27.720772764836475,107.43625852564828,False,False,low,False,False,False,False,122.94151313777253,88.39956834331993,118.25572317048554,1,1
64,M,20.123602250418138,104.71879439546842,False,False,moderate,False,True,False,False,126.58792380498943,72.9555623388673,133.9406732269424,1,0
73,F,19.16716680513535,84.58827913379704,False,True,high,False,True,False,False,106.23661462325404,87.18519957221392,119.88629491749754,1,1
22,M,33.39374931574039,125.47029810043958,False,False,high,False,True,False,True,115.27095149810307,64.41362860117829,143.529712377188,1,1
19,M,20.193576199228485,95.06828614044443,False,False,moderate,True,False,True,False,116.05354568391647,69.11055788834862,136.80808365164035,1,0
77,M,29.657479875732864,116.76136258817421,False,False,high,False,True,False,False,109.78652848021972,57.824719913532206,94.60173629476094,0,0
50,F,25.032891446464344,95.22126054464908,False,True,high,False,False,False,False,112.72943929463224,77.30431508990692,113.5414228851468,1,0
49,M,22.60945973737923,96.34759295238713,False,False,moderate,False,True,False,False,136.41170948034392,85.5067196016876,131.9562936454123,1,1
47,M,24.29827002051407,103.08358090966365,False,False,low,False,False,False,False,143.82378275932237,67.93735251202837,85.01282027229942,0,1
45,F,18.6450747656091,88.83033991620869,False,False,moderate,False,False,False,False,116.99168399888191,77.52775803983167,88.96429683578849,0,0
61,F,24.43810529175846,91.04014197373925,False,False,low,False,False,False,False,110.62391177173623,69.30430289332119,61.6959138356177,0,0
54,M,19.627668587468182,92.06577068360238,False,False,high,False,True,False,False,120.69973567623505,72.03302915503923,154.08296322708975,1,0
28,M,22.720502925587066,100.02583451418978,True,False,moderate,False,False,False,False,123.34871407645154,67.02774524071283,188.6670519417115,1,0
57,M,28.663848037863094,123.28949989857222,True,False,low,False,False,False,False,133.07318320865824,92.19007011929266,89.10618250629054,0,1
60,M,25.643858044509457,113.03015850730581,False,False,high,False,True,False,True,115.6579635807313,70.93363885264934,132.96377999979137,1,1
25,F,17.830232755037652,86.2524985823173,False,False,low,False,False,False,False,113.32754722513316,75.79375341229607,156.54253806463896,1,0
41,M,28.331696571112413,113.22000703439997,False,False,high,False,False,False,False,161.22563337471317,72.75826872887326,71.98394238959591,0,1
67,F,24.46805107140886,98.21248252537583,False,False,high,False,False,False,False,101.30273377032479,82.00333850127717,125.04585896665864,1,0
56,F,22.060166292157977,91.10865934580708,False,False,moderate,False,False,False,True,136.41796319953593,105.93138558221342,159.34444750434386,1,1
26,M,27.86004336759019,110.86130847429655,False,False,moderate,True,True,False,False,145.8354257392729,109.18459803322878,103.71166069287474,0,1
20,M,23.74756923360349,103.84955345014627,False,False,low,False,False,False,False,117.9388861436616,76.13034947048871,110.21807167937456,1,0
54,M,19.25452397042429,89.27169765531629,True,False,moderate,False,False,False,False,129.038786443399,83.13582378651935,161.41331745206662,1,0
47,F,32.81514370152322,110.1336892272717,False,False,high,True,False,False,False,95.17084319755381,89.1294105614704,98.2819900814805,0,1
78,F,24.422206506990555,97.66032976835677,False,False,low,False,False,False,False,122.39800382935267,92.36627918085972,93.03877224675949,0,1
50,M,24.133766579830024,103.83838995562111,False,False,low,True,True,False,False,140.55205058889172,85.55247008893073,106.70247897772086,0,1
76,M,22.677026727212347,97.98439724731314,False,False,low,False,True,False,False,123.92786858845123,90.72762316196955,176.95586642977895,1,1
31,F,29.80984582755915,106.56745384165185,False,False,moderate,False,False,False,True,122.6115480518935,83.10026783136081,141.2154043413618,1,1
46,M,22.13804671336082,99.48936708536465,False,False,moderate,True,False,False,False,149.747949405212,71.63979712498129,132.2038534267505,1,1
26,M,17.54759063534778,95.1302669555591,False,False,low,False,True,False,False,135.10535577017964,90.65928730544421,131.83669715067606,1,1
54,M,21.445950521468095,98.29676785485509,False,False,low,False,False,False,True,133.3319915397215,80.09220196289935,74.39381162077125,0,1
29,F,30.470485702046567,102.31945867205096,False,False,high,False,True,False,False,109.03086231145332,82.25076778078142,133.24160233674837,1,0
49,F,28.24459472655703,106.65635850622228,False,False,low,False,True,False,False,90.0,63.6688015635113,98.83843659909226,0,0
39,M,23.352429563030626,102.80681241927444,False,False,low,False,False,False,False,127.96886542613781,70.1149157059471,107.09701990053436,0,0
29,M,30.679648137382134,113.80618493087181,False,False,low,False,False,False,False,122.08860110061865,74.34849705098121,105.30375969872085,0,0
24,M,27.865740029698472,112.51017583910969,False,True,moderate,False,True,False,False,134.20055193963358,84.37950602747563,147.0385205384119,1,1
50,F,23.30034786364427,88.30617744404852,True,False,low,True,True,False,False,123.99483284511544,98.33267075159682,178.1875420540252,1,1
77,M,23.753405652045142,110.46572118965628,True,False,low,False,True,False,False,122.71008667865195,87.14938024862393,82.23697089522784,0,1
30,M,25.981929793754453,100.00502401645399,True,False,moderate,False,False,False,False,122.49067976577092,76.57041758687605,151.759384097638,1,0
43,M,20.75650872651283,104.22363666644408,True,False,low,False,False,False,False,104.24475948283505,67.70859474327122,109.1820151849915,0,0
32,F,24.520272794792078,87.88967331492908,False,False,high,False,True,False,False,92.47948598732492,92.29901089624873,142.16037302618764,1,1
68,M,25.888310140759806,108.8086565803553,False,False,high,False,True,False,False,107.82997695621478,82.0827628573596,126.14040311649278,1,0
44,F,16.90865192626157,74.40053031375312,False,True,moderate,False,False,False,False,104.35788406116404,55.0,94.16245528302488,0,0
79,F,23.64805854844446,96.05362900993518,False,False,moderate,False,True,False,False,121.26721229922317,90.03984849031333,93.6326207837165,0,1
33,F,23.136247165854403,89.24596447310019,False,False,low,True,False,False,False,95.87161918127602,82.68471466702741,108.25572986039255,0,0
23,M,29.12630608982145,114.82770918272902,False,True,moderate,True,False,True,False,114.38567324705535,55.0,128.34249588195658,1,0
54,M,16.199763527850347,96.6294702406691,False,True,low,False,False,False,False,152.8713058297993,85.41501372647478,133.18972771643857,1,1
59,M,22.7832229113333,97.46063439175666,False,False,moderate,False,False,False,False,120.8068211603273,79.50128080412017,219.7999827398061,1,0
80,M,22.33210408685936,108.67150140112275,False,False,low,False,False,False,False,122.76919407218175,64.09387880372576,134.98759246297465,1,0
72,F,28.820319337647202,109.87934272883973,False,False,moderate,False,True,False,False,122.24802743859398,100.9951480415627,70.53334330424934,0,1
73,M,24.30404043785798,102.01436170046333,False,False,low,False,False,False,False,125.39110209561426,83.39189438057176,160.0156248210077,1,0
57,M,32.58242590543566,115.07520909135117,False,False,moderate,False,False,False,False,113.576897520026,73.2341579831695,136.8818046883546,1,0
40,F,27.47996021857874,101.04475181966575,True,True,low,False,False,False,False,119.35767416293142,69.94238005955327,110.34752819622692,1,0
45,M,22.653996526147164,92.95608042278292,False,False,low,False,True,False,False,113.32833470073058,76.44834473208226,77.26863180231749,0,0
26,M,25.578464134515315,104.38025756589242,False,True,moderate,False,True,False,False,98.11311498228518,76.80713468548247,106.31208268026529,0,0
45,F,22.906690357837437,92.77461339986161,False,False,moderate,False,False,False,False,140.76778321984463,84.88974911907626,157.05753013885555,1,1
40,F,28.36728240720689,101.90734499873281,False,False,high,False,False,False,False,107.88537470049408,75.9155075320505,133.54013335168273,1,0
20,F,18.505110290190444,78.83870282352353,False,False,low,False,False,False,False,147.60959056347752,73.99810120808992,163.5889756819492,1,1
30,M,20.793368105429,96.55299743861465,False,False,low,True,True,False,False,109.76367371773378,80.28621637498078,161.73175777043357,1,0
51,F,26.550604633497144,97.2559039965344,False,False,moderate,False,False,False,False,100.26297661276092,73.74165183082062,123.29543619526538,1,0
41,F,30.015904019256293,98.92859260996786,False,False,low,False,False,False,False,152.97434816378075,77.26705478594897,60.0,0,1
80,M,15.0,88.42042989326339,False,True,high,True,True,False,False,98.32564721802417,93.73913554441842,84.48745902477586,0,1
48,M,30.68512047195687,115.52610169139034,False,False,low,False,False,False,False,90.0,73.2182938755662,62.11163074128287,0,0
78,F,23.869391922073973,93.1736286779423,False,False,high,False,False,False,False,98.85786667210523,76.61044061326794,165.67560401080635,1,0
59,M,16.022562671282767,89.34322670447075,False,False,moderate,True,False,False,False,119.79403577918082,69.60049321480007,134.05672417448082,1,0
20,M,15.0,86.79729616973498,False,False,low,False,False,False,False,100.59566634962232,90.15701067458357,108.46539225883879,0,1
30,F,17.61776270386274,81.3163211700209,False,False,moderate,False,False,False,False,112.99827859404856,59.41496636727892,97.78023226557717,0,0
62,F,24.41132814869569,94.83217913003783,True,False,moderate,False,False,False,False,90.0,68.86424797467942,153.94242704676523,1,0
52,M,24.20345882986002,105.88357897543158,False,False,moderate,False,False,False,False,139.39951125764068,85.85170365254068,84.53280009927575,0,1
37,F,27.349401956191894,97.11259088145965,False,False,low,True,False,False,True,128.7179483767142,76.34572212353991,70.80469870863358,0,1
50,F,22.027307700975665,88.44103854786766,False,True,moderate,False,False,False,False,101.74632516451533,87.7108605764273,67.79189532982751,0,1
74,F,19.513817540992232,86.49099841752557,False,False,moderate,False,False,False,False,90.0,75.87544060286837,119.72299021701102,1,0
42,M,22.64111125552598,96.83417827200827,False,False,moderate,False,False,False,False,107.53968905202997,70.60656392468462,87.4116045507469,0,0
20,M,24.651246291102098,100.57629197121048,False,True,moderate,False,True,False,False,132.40285566151863,76.65448983733187,150.82475735392816,1,1
37,F,25.53847757729875,101.55384142484085,False,True,high,True,True,False,False,139.2274999545047,63.79157817456228,115.31622808895618,1,1
76,M,20.948758853274175,103.69803048024207,False,False,moderate,False,False,False,False,118.23037305153935,68.91669020909355,66.60432170473013,0,0
65,F,28.55651015150912,106.6771462272512,False,False,moderate,False,True,False,False,113.97682900403058,88.03806218654366,106.85127836929783,0,1
70,F,21.70371452724185,95.20045385079918,False,False,low,False,False,False,False,112.74278401757199,75.15354931513069,80.95876153107386,0,0
75,M,20.58627186953793,103.23184136999487,False,False,low,False,False,False,False,126.86961071237198,77.66745020086253,110.54738157964317,1,0
25,F,22.059238207392696,85.68220988994338,False,False,low,False,False,False,False,136.1042986346014,79.37076363848524,152.97681857874275,1,0
35,F,29.33678079066173,104.52855437670064,False,False,moderate,False,False,False,False,119.7096915769663,60.74727856854805,109.30487780144584,0,0
21,F,23.902415961767034,98.11714775028285,False,False,moderate,False,True,False,False,116.01804511397283,60.85392324332819,91.2526326393414,0,0
18,F,21.374689236186025,94.79561206532411,False,False,low,False,False,False,False,134.49189054265386,82.19748774997751,130.07071240000397,1,0
70,F,28.667484877018445,97.7851005511737,False,True,moderate,False,False,False,False,145.9099192135118,73.48557332673205,99.53258278658924,0,1
77,F,34.142368429769355,112.25731158735671,False,False,low,False,True,False,False,117.41410853060587,75.57830204291547,133.14018287787678,1,0
27,F,25.443571854390264,96.0105272268261,False,False,low,True,False,False,False,123.35875172791508,84.76816936479031,125.86444671922749,1,0
63,F,30.05229107389445,110.47190665026156,True,False,low,False,False,False,False,109.97687679586922,67.71888343475365,77.47348092059977,0,0
51,M,29.162350777586553,113.7667376708768,False,False,moderate,False,False,False,True,123.28486183793028,71.76564635826458,68.37416386562113,0,1
22,M,21.774621117537503,101.05131630625384,False,False,low,False,False,False,False,107.17533429184896,74.1212439617677,101.33303272173654,0,0
75,M,24.619853812143045,102.4682197933098,False,False,low,False,True,False,False,144.74981499501294,81.70247894836834,128.62481235437855,1,1
72,F,18.72854916633206,85.54414381426362,False,True,moderate,False,False,False,False,136.17816346612577,74.04598213880676,174.7825173468261,1,1
53,M,23.577759801372643,106.54220106534156,False,False,moderate,False,True,False,False,149.79240295421442,71.03872532547453,74.53296492103172,0,1
62,F,21.682143338934242,89.51406286816162,False,False,moderate,False,False,False,False,113.03989944006555,96.62918224145757,78.77455034085872,0,1
43,M,22.687013192709642,96.26516585571589,False,False,low,False,False,False,False,155.12584262240665,78.43934157225318,148.057228063354,1,1
67,M,21.125472358788485,97.03661622338905,False,False,low,False,True,False,False,125.91299178641111,85.20222633546406,120.49636685956672,1,1
46,M,23.20806436311995,107.17870507615315,False,True,low,False,False,False,False,119.85931166920618,58.09743866228594,107.40268356914001,0,0
80,F,26.895047088192115,99.4961794176837,False,False,low,False,True,False,False,142.1295385769339,63.830550411807685,137.16825421539963,1,1
21,F,23.96228640302002,94.9085049221433,False,False,moderate,False,True,False,False,105.671674297073,84.44272549904663,157.0653725575592,1,0
28,F,16.110320610100764,77.39428636778712,True,False,moderate,True,False,False,True,122.53600958627773,75.34978424545098,149.93013491011698,1,1
79,F,21.142457457956812,88.45174508653223,False,True,high,True,False,False,False,119.49780848005477,73.7504617811274,89.01629725533166,0,0
36,M,17.662702913487866,85.45397317142647,False,False,high,False,False,False,False,128.68096554346073,67.5452281051722,128.96325119133544,1,0
37,F,25.598271016917955,99.67153809332112,False,False,low,True,True,False,False,114.90109777485729,88.71700784893635,153.17647675981198,1,1
67,M,26.764928138243842,107.38127492986852,False,False,low,False,False,False,False,113.369443298574,85.19845331991992,103.46908462062144,0,1
29,M,25.654466998343743,109.87757737269636,False,False,high,False,True,False,False,115.90845334479003,77.28274362765818,126.68295257283744,1,0
50,F,20.956680230152756,89.95383121322217,False,True,low,False,True,True,False,117.35228131975624,80.70409604036422,93.08680749090045,1,0
36,F,25.610842681090475,98.97808775060325,False,True,moderate,True,True,False,False,123.25849424610279,74.64541892036353,80.26643480444183,0,0
30,M,22.38448584904006,99.88204768462137,True,False,moderate,False,True,False,False,142.6080562880737,70.47753074250222,128.14956830991383,1,1
78,F,19.377985476123865,83.46166055384154,False,False,moderate,True,False,False,False,90.0,72.29327365587034,145.98851242449567,1,0
30,M,27.838684638690186,104.98798029785448,False,False,low,False,False,False,False,134.26251087051526,86.40858387528974,140.4220208779413,1,1
23,F,28.181124891756973,94.98972902859475,False,False,low,True,True,True,False,114.4446185369617,73.65938825798483,66.92639171327097,1,0
60,F,28.77002966487578,102.65965055060089,False,False,low,True,False,False,False,119.13760625199457,78.63144204294976,159.7301370170993,1,0
72,F,21.762431299853947,94.01621822443937,False,False,low,False,True,False,False,104.61251574244424,73.27512634100337,134.17388254366838,1,0
26,F,29.807130407118855,99.85123407203675,False,False,low,False,False,True,True,122.73847864463092,88.33644277578985,153.33863339430036,1,1
62,F,22.278879869023697,92.386804549979,False,False,moderate,True,False,False,False,115.7379715579537,70.84831002318684,81.40820672895894,0,0
52,M,27.440755946923307,107.91076102252704,False,False,moderate,True,True,False,False,118.40088731452664,94.79798904716088,143.46024655160303,1,1
70,F,22.20089302204996,86.45512682730025,False,False,low,False,False,False,False,131.33000393520638,71.69210293220112,136.45294652415268,1,1
25,M,23.492080263144032,105.1064657775396,False,False,low,False,True,False,False,132.16580460197164,71.70482718708621,69.83284378697945,0,1
79,M,15.0,86.65231225189143,False,False,high,True,False,False,False,144.71960699927033,100.03749893505348,129.5962102710234,1,1
57,F,23.14139053512388,86.90894758384684,False,False,low,True,False,False,False,112.52349642930477,66.26807159701494,78.12052396963331,0,0
71,F,24.909904850532623,95.71470934907344,False,False,low,False,False,False,False,132.91763809634523,77.58895401841704,114.77162916862406,1,1
40,M,22.654776721862724,107.27635283251851,False,False,moderate,False,True,False,False,132.1360307041645,89.12837862789553,195.3825623977652,1,1
77,M,32.402846306383125,126.59617337754524,False,False,low,True,False,False,False,123.40429012494899,61.02193462866417,124.40171282643631,1,0
57,F,19.268902616036257,93.83515639969764,False,False,low,True,False,False,True,148.9669976679411,80.84014461125919,110.28982011897664,1,1
25,M,21.963884433032334,109.89773532370417,False,False,low,False,False,False,True,111.78755937445665,61.07075427881257,62.32587223370392,0,1
76,M,20.42807325506366,94.04980237297322,False,False,high,False,False,False,False,124.41494513261009,78.40295982328675,124.43275618191308,1,0
68,M,21.96300359452038,94.52908950986087,True,True,moderate,False,False,True,False,126.87913475844931,100.39505432436951,108.9849860098311,1,1
36,M,29.141358783233173,109.61595079344323,False,False,moderate,False,False,False,False,102.8340528131356,55.0,60.0,0,0
52,F,31.151143074471335,108.04215427020107,False,False,high,False,False,False,False,142.23910057643502,77.16912054875804,76.12333567943281,0,1
42,F,21.346433250864763,86.79481841935434,False,False,moderate,False,True,False,False,120.29440021209524,72.99709321640582,145.4724042936462,1,0
52,F,21.246466057745586,93.49789857404195,False,False,low,False,False,False,False,128.99628985914657,66.91975507629932,159.51331832080456,1,0
78,M,19.292921081327382,91.2886346951732,False,False,moderate,False,False,False,False,147.27574896061245,61.17021793751107,116.90495334017986,1,1
74,F,30.378284239336864,104.36340385541645,False,True,moderate,False,True,False,True,125.44019513369611,90.08904645584214,149.71844304323193,1,1
31,F,29.54451983112336,99.93152048886341,False,False,low,True,True,False,False,122.64572396357596,80.1752517945961,115.51885183373011,1,0
79,M,24.02308190005046,107.23075441332696,False,True,moderate,False,False,False,True,123.06256039697227,57.5524475664787,87.88606021796981,0,1
45,M,18.21755361661904,90.84968376449983,False,False,low,False,False,False,False,105.92114126032517,67.64348652495958,191.38971924111524,1,0
62,M,18.620018455446864,86.01289675549573,False,False,low,True,False,True,False,115.91079904876274,71.96302339359279,64.93501274625837,1,0
66,F,25.26783252673067,92.22933577051518,False,False,low,True,False,False,False,119.57703029558418,60.71577341365734,129.17430044125996,1,0
48,F,26.972020633009244,95.64402327253212,False,False,low,True,True,False,False,123.57115145559038,78.96441047395075,91.58410802588962,0,0
46,M,15.202348377404832,90.11945861752658,False,False,high,False,True,False,False,144.0582517067428,80.80584992681491,107.06967290031199,0,1
46,M,23.054105402579527,101.75923522687636,False,False,moderate,False,False,False,False,136.86614164715115,80.64945150296136,169.97443035670003,1,0
72,M,31.782331503008226,124.68352939801903,False,False,low,True,False,False,False,112.59792257836219,100.22815338080294,115.93359722749182,1,1
42,F,23.521208570163715,94.4795901699318,False,True,moderate,False,False,False,False,121.62440354415398,67.65113756900486,103.03449801416042,0,0
35,M,31.203371408557807,116.02231012755885,False,False,moderate,True,False,False,True,144.41241194897844,72.79720001200658,95.24709592329192,0,1
40,M,27.420707580300576,109.28698660241437,False,False,moderate,False,False,False,False,94.41631041300164,72.20229526481215,134.03299001491206,1,0
30,M,19.62074179624089,92.98914850478529,False,False,moderate,False,False,True,False,118.36022482757409,87.40089037337229,81.22296140840793,1,0
42,F,23.182979179916646,85.36594290294825,False,False,moderate,True,False,False,False,101.1015283860083,86.19680309857024,117.6675435024467,1,0
25,M,23.920875926548838,97.11227676458743,False,False,low,False,False,False,False,161.0951890192453,65.56220860582596,109.64934260076912,0,1
23,F,20.21369794357922,84.03626493818113,False,False,moderate,True,False,False,False,134.35670715408196,93.89682442689563,86.96546007352396,0,1
63,F,20.135593897350766,85.44290875105128,False,False,moderate,False,False,False,False,114.06001638062502,68.01194634225352,64.23443500978982,0,0
22,F,31.280458664533523,106.41047515006798,False,False,high,False,False,False,False,121.42752824512588,87.39284595123613,115.55248142955726,1,1
53,M,20.10187721138172,89.93777008883686,False,False,high,False,True,False,False,108.85177872826478,86.7293177174172,101.32373444871732,0,1
67,M,29.35296234383906,120.63518141373493,False,False,high,False,False,False,True,153.86175921928634,82.37790094009608,122.18724404978711,1,1
63,M,22.535819847357427,97.64296416044574,False,False,low,False,False,False,False,90.0,74.37678865674907,60.0,0,0
46,F,24.384623015525722,92.85806767659467,False,False,high,False,False,False,False,127.2391842313633,74.57965218588721,98.28571125431549,0,0
30,F,27.028299882073576,104.36031248882284,True,True,moderate,False,True,False,False,120.8611959418915,83.29390987436005,144.20037453198074,1,0
76,F,21.806485971928947,92.72263968312686,False,False,low,False,True,False,False,105.53983814494605,83.78973591755219,60.0,0,0
70,F,27.0555694107254,99.49738035770312,False,False,high,False,False,False,False,117.97939837299904,85.80508328071572,179.95767783483618,1,1
56,F,15.29106635203228,82.23578552668911,False,False,high,False,True,False,True,96.06838672647558,85.80927929447112,127.04032587012969,1,1
23,M,26.478683247865867,104.03742584509052,False,False,moderate,False,True,False,False,147.11715015411573,81.76675960080247,109.36201240725283,0,1
20,F,15.0,87.69908696726674,False,False,low,False,True,False,False,122.4099193748141,93.54683622598564,118.08140906236719,0,1
37,F,23.47918972985694,88.21615476343855,False,False,low,True,False,False,False,136.6408764071549,71.39764649422536,84.45661979773588,0,0
27,M,28.34409343393321,110.5372614032489,False,False,high,False,False,False,False,114.24651053456968,78.46707850503864,163.96783616039568,1,0
72,F,27.300328877262693,97.53482108914935,False,False,high,False,False,False,False,143.5133935764279,71.85941152262478,120.54098589663509,1,1
30,M,18.657152844671266,92.17734288394658,False,False,low,False,False,False,False,122.55631860532361,104.87971611587265,116.60155933569139,1,1
35,M,19.236510217579173,87.35015281007911,False,False,low,False,False,False,False,139.16680786724646,86.40735147630015,149.38150083774724,1,0
79,M,21.400975818548144,96.19823921302657,True,False,moderate,False,False,False,False,131.0788861969562,89.147022644971,127.84124046490273,1,1
69,M,25.337971380611606,108.42242353931705,False,False,low,False,False,False,False,121.46191158598683,82.90993036293598,90.49328830445684,0,0
31,M,15.356300644803335,86.80574299026235,False,False,moderate,True,False,False,False,137.99493570983228,77.37904474109088,113.10336837368996,1,0
42,M,24.44049390868149,102.68312652537986,False,False,high,False,False,False,False,188.96627801835362,107.37826798175668,134.1444649820908,1,1
50,F,25.90143218210029,99.03644243024439,False,False,low,False,False,False,False,103.90121147992124,91.37049851587696,116.32689716486524,1,1
59,M,23.226332686080575,99.36719335815457,False,False,moderate,False,False,False,False,120.06595420385807,74.47178674265187,67.12142091008631,0,0
76,M,26.863944356238733,113.99089226755757,False,True,moderate,False,False,False,False,101.30125220021627,75.00773857259877,163.26011490093012,1,0
72,F,25.506758712467917,95.17921786916237,False,False,low,False,False,False,False,128.63541679072472,80.44190703941746,119.86265660359396,1,0
79,M,22.06255583270497,102.59589288560986,False,False,moderate,True,True,False,False,125.61241555291365,72.05091196228533,100.40613682026135,0,0
20,M,15.787147878832295,88.60508706551222,False,False,moderate,True,True,False,False,153.08241076824265,74.17613336267918,137.0065812994791,1,1
32,M,25.100358867068703,106.15988861320928,False,False,moderate,True,True,False,False,117.89405106629421,61.28306515424796,96.92591081309396,0,0
53,F,20.2111608564651,89.75213866508425,False,False,moderate,False,False,False,False,137.22965487650328,55.0,60.59440032181126,0,1
21,M,21.897458188123046,98.00831527442982,False,False,high,False,True,False,False,90.0,99.74614792788752,114.03610823254061,1,1
40,F,26.656058980833887,96.08362821197218,False,False,low,True,False,False,False,124.42844964904302,72.43071301950908,137.59889110865467,1,0
27,M,30.87800022545458,113.49773254738146,False,True,high,True,False,False,False,108.08306088030902,74.6559938198703,104.68202095292493,0,0
76,M,24.32872944451096,105.11744141626592,False,False,moderate,False,False,False,False,131.47637965742248,78.75940280644757,106.03666665193744,0,1
21,F,26.99329176400642,91.2014902817028,False,False,low,False,False,False,False,140.42116722663684,85.65593095891833,107.60811535813998,0,1
27,F,17.999842964811993,84.0447617447243,True,False,low,False,False,False,False,112.40090016883721,86.53489627816373,110.50359355462953,0,0
30,M,25.604856114477656,107.20150112350927,False,False,low,True,False,False,False,130.64915967348983,89.32029934318419,119.2339471161462,1,0
27,M,24.23042328045277,95.96579128273963,True,False,moderate,False,False,False,False,116.28935366364249,84.3237135799122,142.0110382228833,1,0
53,F,30.03152411281782,110.12703526858532,False,False,high,False,False,False,False,122.75695025047249,75.05228835082066,139.84902227281543,1,0
40,M,22.067936857870595,98.9068037776223,False,False,moderate,True,False,False,True,128.5813313114018,91.9106822681186,185.20827450190436,1,1
75,M,23.412630722769332,110.19043675273221,False,False,low,False,False,False,False,105.93622636726298,76.03580861680828,175.1037770896336,1,0
34,F,29.264665102097577,102.35554014609082,False,False,low,False,True,False,False,106.01476818251302,89.34796095621425,83.92327076887315,0,1
51,M,24.085847934224077,101.33345674675708,False,False,moderate,False,True,False,False,135.87620034240354,61.06187321404403,106.05255259791035,0,1
59,F,19.51021378420729,78.61150755462658,False,False,high,False,False,False,False,111.16213490087054,92.31521277175031,139.29851255263182,1,1
57,F,35.982349729805556,114.98255156719131,False,False,moderate,False,False,False,False,142.47501750912903,68.19303272664132,60.0,0,1
68,F,19.6463325649847,87.42739946219791,False,False,low,False,False,False,False,93.59870739011029,62.04972169384414,125.02510122271107,1,0
30,M,24.208849633027143,106.27986859686467,False,False,low,True,True,False,False,136.96552757903115,63.710214162764395,84.04099177506669,0,1
49,M,26.06009670211526,111.36017488799352,False,True,low,False,False,False,False,122.13188574589486,80.23144175165058,112.13650950405959,1,0
68,M,25.704278790640014,109.84852513869698,True,False,moderate,True,False,False,False,120.50287554667749,103.14525801699767,114.41283512106678,1,1
72,M,23.646153331971206,102.86303452519948,False,True,low,False,False,False,False,124.35791818515308,75.84318179224562,60.0,0,0
56,F,23.668578332631615,87.51732219349913,False,True,low,True,False,True,False,98.86574957173818,76.76457941947064,198.62912052651862,1,0
59,F,23.442806601704202,94.17324527742102,False,False,high,False,False,False,False,139.9531663275544,86.4526190098469,95.06871307334542,0,1
72,F,19.478297636338826,93.21238174042303,False,False,moderate,False,True,False,False,115.11533529537229,71.66620499551622,164.3205724043814,1,0
57,F,34.17598646490228,110.74167264052478,True,False,high,False,True,False,False,108.65181941852975,76.35414009062629,60.0,0,0
77,F,23.510040870289803,83.97852898540911,False,False,moderate,False,True,False,False,156.63275774595274,74.16609858268878,91.0149042717352,0,1
26,M,27.18618946770393,108.62852936247985,False,False,low,False,False,False,False,116.41794272460166,99.63998123452924,141.34526640534654,1,1
39,M,22.994062140432774,102.02554184499537,False,False,low,False,False,False,False,108.18177509002408,78.83187516121758,104.93932143455373,0,0
25,M,22.903563474400325,99.05631873422324,False,False,moderate,False,False,False,False,135.00662043702954,86.23510221003374,141.36345286775963,1,0
23,F,22.450503517986572,92.33530095434261,False,False,moderate,False,False,False,False,126.21564081139577,70.16570411968499,135.56787023152344,1,0
47,M,17.52569395404837,88.39786567348989,False,False,moderate,False,False,False,False,138.15875734724696,65.47145489115167,84.31313958329955,0,0
32,F,23.777204869456536,90.36955386355791,False,False,high,True,False,False,False,123.33463962587474,85.30280885430432,156.1812217295347,1,0
43,M,22.668465555562562,100.41371832986421,False,False,moderate,False,False,False,False,137.28215396514608,80.78117358592557,133.43802892182885,1,0
45,F,29.771860291331496,94.58828750795892,False,False,moderate,False,False,False,False,154.83933063824486,89.3308923093619,62.63808356301526,0,1
57,F,19.114849470869682,82.92101877905021,False,False,low,False,False,False,True,109.87428227189807,68.24553448567119,116.86483304439162,1,1
77,M,21.902837701003154,97.7215929272741,False,True,low,True,False,False,True,114.65795749746006,76.98321114963713,136.041758101096,1,1
71,M,20.45701789960663,90.98770971808078,False,False,moderate,False,False,False,False,96.3580974596865,63.82861117042376,109.69102601187133,0,0
41,M,30.99138677305314,109.60129780749823,False,False,low,True,False,False,False,128.0797757816361,72.56124170031538,114.87932424064789,1,0
38,M,20.58766199815398,109.16439796345743,False,False,high,False,False,False,False,124.00205234785693,62.10098692761969,130.19763821053942,1,0
66,M,27.030349301267616,114.56732251997495,False,False,moderate,False,False,False,False,142.20410487081824,74.87199523444784,60.0,0,1
25,F,28.86572663032691,101.98353621956383,True,False,low,True,True,False,True,121.54221506617814,92.38626687482652,106.14991594874436,0,1
52,M,23.842446898630662,100.21797718958761,False,False,moderate,False,False,False,False,120.65261090146153,68.56025995817365,100.0628319425267,0,0
44,M,18.304350495767892,92.98586982743468,False,False,moderate,False,True,False,False,125.13173908722271,68.4219333034561,139.61231165410854,1,0
29,F,18.361307635563392,79.99985527666715,True,False,low,False,True,False,False,118.25334698116889,76.16330961742545,93.43012967592422,0,0
56,F,28.36893829158236,98.30096656962229,False,True,moderate,False,False,False,False,127.88858987186406,75.97490214782997,181.32259224958915,1,0
38,M,18.82732691540064,91.53409436621835,False,True,moderate,False,False,False,False,125.62323291410684,86.4707867092695,92.61372661248268,0,0
29,F,26.264119749769606,88.81743377544326,False,False,moderate,False,True,False,False,130.6231390499411,63.710845186000384,73.68003502455922,0,1
59,M,25.014570994192685,108.3892092572427,False,False,low,False,False,False,False,118.35406793900695,55.0,156.0637370475221,1,0
28,M,26.197096179399622,103.27458111643124,True,False,moderate,True,False,False,False,130.80123966730113,78.6986677613963,133.8991792115499,1,0
60,M,26.622131635306495,106.6605727429218,False,False,moderate,False,False,False,False,131.87378786795594,96.59734936943025,126.42636743066127,1,1
28,M,20.29848147011944,99.53375933396131,False,False,low,False,True,False,True,116.77839480659944,75.86733216613072,104.39452856135934,0,1
45,M,20.110123194433665,93.91433616923125,False,False,low,False,True,False,False,120.69326275371851,82.35588921185244,100.50219738630923,0,0
68,F,27.717172103451812,105.14306947009104,False,False,moderate,False,False,False,True,119.18538184369736,77.12500433050207,128.90719180182114,1,1
32,M,21.667949252460215,100.60969844268763,False,False,low,True,False,False,False,102.36775275549374,86.2008904893425,92.96283294430907,0,0
66,M,15.0,88.56372220737653,False,False,high,False,True,False,False,114.2271778607731,74.76180222645246,175.11043668078568,1,0
63,M,27.419398840477392,110.37149962362045,False,True,low,False,False,False,False,134.17011488415355,77.18946407748105,121.14562961540874,1,1
74,M,19.836824203690544,93.09149487151294,False,False,moderate,True,False,False,False,135.538718884263,96.01975985963578,103.33489032597413,0,1
28,M,26.60211145057364,105.67990226095729,True,True,high,True,False,False,False,127.41682811274691,90.5847789321392,98.32313321873337,0,1
63,F,30.76769832192636,106.43601582210806,False,False,low,False,False,False,False,105.78827663653297,70.39075399456804,70.18489744967482,0,0
77,F,24.575431057678763,92.56682184553408,False,False,moderate,False,True,False,False,137.65995806300032,70.67795656047791,137.53990083672224,1,1
66,F,28.98094624248589,98.01941200608648,False,False,low,False,True,False,False,151.63206623649486,71.4435147742224,85.11894676651237,0,1
29,M,25.19208956241291,108.610799670692,False,False,moderate,False,False,False,False,131.49411867172867,65.63763900083185,107.49057371970596,0,0
69,F,31.643431976635163,106.91568860672032,False,True,high,True,True,False,False,121.95560301295,71.92446147381168,201.16068424427166,1,0
24,F,19.720518010593022,87.37609080347148,False,False,high,False,True,False,False,108.17714136736602,76.66355479883796,60.0,0,0
55,F,24.463032588125795,100.20783920762509,True,False,moderate,False,False,False,False,121.77677385755756,69.49236535513093,108.52308973252498,0,0
49,M,27.529227222686604,102.2056739255505,False,False,high,False,False,False,False,114.08237061015487,83.62590928670969,64.10385018053067,0,0
51,F,23.643147093454797,91.60043755433604,False,False,high,False,False,False,False,118.81462363032398,59.59077819844452,93.19614898406623,0,0
50,M,29.684985484937013,120.01781467472011,False,False,low,True,False,False,True,142.6271716645966,65.02096467703271,107.01737308741546,0,1
19,F,22.555822072201487,95.03190248863275,False,False,high,False,False,False,False,136.13011231904957,85.25035081858029,66.37090268006406,0,0
50,M,33.81217018233,113.38007773194485,False,True,low,False,False,False,False,116.5130095292193,98.91014367817179,126.3193711029917,1,1
77,F,34.049888769225106,103.23577114043493,False,False,high,True,False,False,False,123.40556704217516,80.78159444477855,163.39466659863572,1,0
45,M,25.769323983022847,103.39383599252783,False,False,high,True,False,False,False,121.92240117339576,68.8236389320419,123.65010353464321,1,0
35,F,26.986705311595777,93.9623493090023,False,False,moderate,True,True,False,False,115.06686973978509,65.75576193933301,141.40869486596299,1,0
80,M,29.86252146031087,110.99221156215647,False,False,low,False,True,True,True,100.50417479137775,73.87226473891502,168.84841245679368,1,1
24,F,19.15761170464685,83.61881426926878,False,False,high,False,True,False,False,135.2484291281944,91.93232138893147,133.25027172040035,1,1
48,M,18.59599993439994,91.3226288076681,False,False,low,False,False,False,False,140.91045888961656,83.6564863710975,60.0,0,1
50,F,30.153885112359355,96.96046732467893,True,True,moderate,True,False,False,False,112.28125070799945,64.39262541163961,118.2677985588099,1,0
48,F,25.7329481279285,91.52735813703475,False,False,moderate,False,True,False,False,111.55012662598556,81.9858060387769,60.0,0,0
76,M,23.480726393090947,101.37115454134579,False,False,low,False,False,False,False,136.52449611806466,93.7818755487506,86.71856935720403,0,1
44,M,24.550054862965226,99.48767872009469,False,False,low,False,True,False,False,111.34500263081283,90.9891005143408,60.0,0,1
79,F,15.0,68.65145507641664,False,False,low,False,False,False,False,99.81320316493785,92.63607245075698,121.55199101908858,1,1
22,M,23.642469584943495,103.257586087474,True,False,high,True,False,False,False,114.89563431713673,86.8029846264143,80.59547676709593,0,0
64,M,21.111289673630495,91.5341927161183,False,False,high,True,False,False,False,143.6959892814617,63.895612753980274,122.5134911731918,1,1
55,F,28.63132235126787,106.23429028796848,False,False,high,False,True,False,False,113.62576749405841,69.11888523805824,139.3429066671211,1,0
33,M,28.977638502728027,111.45459746629247,False,False,moderate,False,False,False,True,111.6270578588681,97.1350437706522,78.45964908500109,0,1
32,M,27.095061053584597,109.41815948139592,False,False,moderate,False,False,False,False,114.46436522525916,74.2589046962694,120.79386422632453,1,0
63,M,26.279563919596136,110.36146174338978,False,False,moderate,False,False,False,False,103.58684358060447,57.13817312758367,60.0,0,0
58,M,17.761939630758796,93.28446030480578,False,False,moderate,False,True,False,False,100.91914086069816,84.67010352045655,60.0,0,0
56,M,27.157893859985933,113.54502158181828,False,False,high,False,False,False,True,117.80257701087189,89.68274897224855,156.36598713749126,1,1
21,M,27.332290754855226,108.02494126991776,False,False,low,False,True,False,False,99.5557660991715,77.11559181918811,81.13063169151523,0,0
55,M,30.103366941959287,118.32377804043487,False,False,high,False,False,False,False,115.62518619852547,84.0473798155317,93.62093644726171,0,0
79,M,34.03194415593589,121.74919795191389,True,False,high,False,True,False,False,126.21567054028353,68.88994962662196,83.37716473676461,0,0
19,M,16.883476968927763,92.42079224209675,False,True,moderate,False,False,False,False,128.02867596555532,72.89262634332968,60.0,0,0
47,M,22.75185428471804,102.56785440368408,False,False,high,False,False,False,False,119.74944351883768,58.10220203448023,75.81233447123833,0,0
49,M,21.1598001327906,103.05056154026117,False,False,high,False,False,False,False,102.82683282441295,66.19098413450679,111.79757107607135,1,0
74,F,25.276282347732835,93.83998336298606,True,False,low,False,True,False,False,115.41868112922518,93.80379546050058,98.51508762010708,0,1
35,M,24.560308361981175,102.43677313032674,False,False,low,False,False,False,False,127.5239177310963,55.0,149.56406665687328,1,0
47,F,23.446630671139346,91.07457206055308,False,False,moderate,False,False,False,False,131.9308628286703,73.7391429161406,90.34997511518347,0,0
63,F,29.12421962630528,100.48264838813509,True,True,moderate,False,False,False,False,117.6323051161225,72.12868992926883,111.57915404694958,1,0
21,F,19.543636049686473,78.98462503442038,False,False,low,False,False,False,False,110.73765676291401,84.53929023376301,92.9596079913525,0,0
68,F,19.814953396733273,87.63207476276652,False,True,moderate,False,True,False,False,123.32944933599646,55.0,144.68831823398716,1,0
69,M,19.89098628005881,87.2915654269137,False,False,moderate,False,False,False,False,116.34036995414236,69.60202485924243,61.84160632234975,0,0
63,F,22.87852585658306,99.04521182980615,True,False,moderate,False,False,False,True,105.70502467904176,71.52720433346649,128.71916872257535,1,1
58,M,18.971344028396693,102.09004469556015,False,False,low,False,True,False,False,126.91152104511409,82.4577372606893,126.17198706209173,1,0
65,F,24.28142830040328,96.77237100580031,False,False,low,False,True,False,False,122.2950647710891,77.89379919690359,83.25490222766886,0,0
67,M,23.7552941241611,110.37337062277456,False,False,high,True,False,False,False,104.27905671290067,59.783696417899016,108.52392018200575,0,0
74,M,20.96068198700414,99.34184598122978,False,False,low,False,False,False,False,111.90015448468694,74.27352889074228,125.54354702125089,1,0
44,M,28.431948143252882,110.97847457131077,True,False,moderate,False,False,True,False,118.96491297615408,69.44825152895959,87.78752817893529,1,0
46,M,24.232247622709686,97.6156252535925,False,True,moderate,False,True,False,False,97.61560905392545,83.09854956993811,87.05669024849831,0,0
58,M,29.281913138143118,112.72611923096181,True,False,high,False,False,False,False,110.36926207358337,75.29236521842293,68.95950545740997,0,0
30,F,23.622275669580056,93.15635171071325,False,True,high,True,True,True,False,132.10882093849506,97.234341493288,182.782156591629,1,1
71,M,24.391123002958903,110.134568381393,False,True,high,False,False,False,False,114.16179836832163,70.696725880525,95.65748771712695,0,0
66,F,21.9674791789323,95.3145147404247,False,False,moderate,True,False,False,False,109.22468130829047,71.75341863201292,69.089622631955,0,0
57,M,24.46829056759032,99.4482495580425,False,False,low,True,False,False,False,139.32342341998628,72.14718145702957,60.0,0,1
37,F,27.705040877594207,91.75326242767458,False,False,low,False,False,False,False,127.59231186356395,75.87690232098231,83.90281133113557,0,0
39,M,22.648995954783658,97.35782534504074,False,False,moderate,False,False,False,False,133.12600822523842,87.25966325227128,121.3421883445513,1,0
45,M,26.832853831405988,113.41175660598157,False,False,low,False,True,False,False,109.43544204987148,73.13575296298765,103.05890828862854,0,0
59,M,20.842638675294165,104.04363135996454,False,True,low,False,False,False,False,117.44947517067125,73.64992658360403,124.27177356836192,1,0
67,F,27.915727544849943,101.0020544203197,False,False,low,True,False,False,False,121.82727221139,81.9273559433606,137.03497787036386,1,0
60,F,21.890423777096327,96.00063410078084,False,False,low,False,True,True,False,125.62900507533737,67.59013166061487,106.71791908550689,1,0
76,M,28.332559429530725,117.19344895979924,False,False,moderate,False,False,False,False,158.57232017661696,84.93783411515992,107.53568730270095,0,1
78,M,24.774394440951493,100.67961583025287,False,False,high,False,True,False,False,123.34605861608267,73.84271920999036,166.80015219270493,1,0
62,F,31.344291800259786,111.33108303245727,False,False,low,True,True,False,False,139.3410770697932,68.06913155389391,137.78248723725645,1,1
41,F,19.30669523185606,78.02131282311255,True,False,low,False,False,False,False,158.6128587952673,57.76937168062146,125.45762846220337,0,1
55,M,17.857204520096595,88.69176570746826,True,False,moderate,True,False,False,False,149.45781127633597,65.87716697650025,99.99202473210728,0,1
44,M,21.727022393109948,96.56498342203268,False,False,low,False,False,False,False,124.51851275301009,75.72718386048192,135.64006173630656,1,0
57,M,18.269250733845592,90.02970100417166,False,False,high,False,True,False,False,140.36179655611417,76.98377071808508,124.33108130933138,1,1
69,F,18.27769297507275,86.88477425150181,False,False,moderate,False,False,False,False,124.040789449269,74.87391821726695,123.012763088333,1,0
41,F,27.29697842206944,101.41692268235788,False,False,low,False,False,False,False,121.37662043954856,61.72153244544069,137.1027684583948,1,0
49,M,24.481195429643037,104.5253218943037,False,False,moderate,False,False,False,False,135.45679883141773,75.6700184899673,123.4125809016088,1,0
20,M,22.341435604830835,99.14170974052435,False,False,moderate,False,True,False,False,136.1376893859224,60.91658301520654,60.0,0,1
64,M,22.758668312125554,98.56623866185281,False,False,moderate,False,False,False,False,130.11399680546617,64.03107226942262,113.91357725154307,1,1
48,F,21.812430510531474,85.33823673935686,False,False,low,True,False,True,False,119.31948954529898,89.93622891233721,72.97283830409754,1,0
46,M,31.926661255185696,115.26710325358708,False,False,low,False,True,False,False,114.27314169993346,76.51336150550277,134.16535433430008,1,0
51,M,21.190224315606336,97.75428279867053,False,False,low,False,True,False,False,102.69131920573427,82.641797713418,60.0,0,0
31,M,18.550397458625152,95.04364671754097,False,False,moderate,False,False,False,False,124.59691503554293,93.40265731841048,110.91269825996659,1,1
55,M,28.082227778688473,108.92675823047779,False,False,low,False,False,False,False,125.78448354175727,77.01644661447324,114.02419355291902,1,0
64,F,23.529099694934807,99.7589984693979,True,False,low,False,True,False,False,135.28673535781675,88.21514824625703,71.85572752590869,0,1
40,M,33.67448159968048,119.87224893913564,False,False,moderate,False,True,False,True,98.65309538543778,81.90651941172058,109.16216793059513,0,1
26,M,22.13207462542639,98.56748058686296,True,False,moderate,True,False,False,False,123.66607310406178,69.73221514518539,138.8704070520509,1,0
42,F,28.306928808905564,102.99703792699344,False,True,low,False,False,False,True,118.76002528754698,76.054238452005,92.5167117971439,0,1
30,M,29.369887987696874,115.9145847896016,False,False,high,True,True,False,False,121.0799364930689,69.37695601315019,122.13299237982615,1,0
41,M,22.153988755090985,92.79423564325799,False,False,moderate,False,False,False,True,141.9238850614144,84.36543449184006,129.76722535703865,1,1
57,F,21.15685654440934,89.10948214933197,False,False,high,False,True,False,False,142.50607683455553,88.60744878078,74.64132945658707,0,1
25,F,27.83614938918907,101.1400142873303,False,False,low,False,False,False,False,138.25044531852123,62.5985712987925,113.44622579179024,1,1
65,M,27.087013630612688,111.1966948390489,False,False,moderate,False,True,False,True,123.50009801417423,67.96508571108299,104.6202485118109,0,1
32,M,18.15225454680083,95.574369316837,False,False,moderate,True,False,False,False,118.96950743305791,73.70115020591774,111.48059146218401,1,0
74,F,19.422039636628757,80.06956648895229,True,False,moderate,True,False,False,False,141.26401270388337,68.6668393320669,60.0,0,1
64,M,15.0,83.34256577528303,False,False,low,False,True,False,True,149.36388601308147,75.05566812320043,62.742259537372966,0,1
35,F,27.179240842904612,93.89416605725901,False,False,low,False,False,False,False,147.5809678620611,81.6262570445634,154.70243383423454,1,1
53,F,23.321777630889144,95.24408341737836,False,True,high,False,False,False,False,129.82685179137712,91.78041209487965,138.47017629141067,1,1
24,M,23.77032310561123,105.58340035630432,False,False,high,False,False,False,True,122.63932004830727,72.0718054112752,119.70358260896374,1,1
24,F,16.88850156034166,81.06148209966969,False,False,low,False,False,True,True,133.06700537478565,71.5586690194315,143.55707009813568,1,1
78,M,19.55853941109803,97.63709750068968,False,False,low,False,False,False,False,134.08265053699955,81.72413596540483,65.59359273122591,0,1
68,F,22.34918489344595,97.33380954075952,False,False,low,False,True,False,False,115.5983334453912,77.06133372123487,104.05543613515324,0,0
27,M,21.474534799334805,97.11189383090166,False,False,moderate,True,False,False,False,118.92290373384698,60.478843204248314,100.7640595861845,0,0
35,M,25.030262339829342,109.72302168213908,True,False,low,True,False,False,True,170.7584570795422,68.13566986140101,85.04353148610497,0,1
30,F,27.125606569843164,103.58776424019385,False,False,moderate,False,False,False,False,115.59329692281631,73.76431216034881,72.3210325772708,0,0
42,F,34.71325656178339,108.00842304380708,False,False,low,False,False,False,True,135.6308030755751,86.15738931072553,158.06589543195417,1,1
36,M,24.409923364860834,101.31048916819913,False,False,moderate,False,True,False,False,113.76969412743463,89.80792927779706,89.97202371073577,0,1
38,F,29.519311983936255,105.83610955493293,False,False,high,False,False,False,True,120.01036581481534,65.92040078477037,127.77236987395816,1,1
51,M,20.765122503591012,93.33001262481615,False,False,low,False,True,False,False,107.2495914232083,69.11445862706964,123.62866265974657,1,0
29,M,16.9627415826109,94.76190033874995,False,False,high,False,False,False,False,107.28864868134058,87.07314993796416,148.58983166886802,1,0
73,M,22.91464258980444,98.91594559406306,False,False,high,False,False,False,False,131.87881868671457,72.4966663585211,137.6960760089535,1,1
63,M,17.310252269565915,89.30027663721376,False,False,moderate,False,False,False,False,129.9726870957499,81.50381640609965,101.23618496311221,0,0
65,F,24.566029252260964,91.07691734375139,False,False,low,False,False,False,False,151.44633144460352,75.46987795660233,67.72209544005602,0,1
28,F,20.987956439711006,84.91267769930366,False,True,moderate,False,False,False,True,122.41639817638253,77.91514453768775,143.2319881079449,1,1
62,F,15.705778759604366,81.59663706267129,False,False,low,False,False,False,False,124.48823718845291,73.00428267180287,154.76729156028608,1,0
70,M,32.3121131563708,120.63098000411368,False,False,high,True,False,False,False,121.31392869900844,89.84184662812333,198.21048716045854,1,1
29,F,22.08097229102579,92.05515645636135,False,True,moderate,False,False,False,True,106.43661134735243,60.491392188221134,146.2304289162628,1,1
65,M,17.13071313675111,88.31299407985911,True,False,moderate,True,True,False,True,131.4292159364874,73.19347338053468,89.64120458950673,0,1
40,F,28.541773057282803,96.42781267449915,False,True,moderate,False,True,False,False,119.29310282073381,88.81803241050876,94.18616681371275,0,1
67,F,21.221235368573215,84.59490246128023,False,False,low,False,True,False,False,99.03057436931194,75.20692254006093,60.0,0,0
48,F,29.40574715160798,101.13455390987951,False,False,moderate,True,False,False,False,139.71706369175578,76.27311238558941,83.59006234096853,0,1
68,F,21.199725493948776,85.81907789586292,True,False,high,False,False,False,False,112.808200831743,88.02764012827953,67.58996165440617,0,1
27,M,22.065960393817413,102.0091629575643,True,False,low,True,True,False,False,127.2894951807462,82.56125944380918,132.58235390223635,1,0
42,F,26.05174269264671,103.46553634453421,False,False,low,False,True,False,False,127.85784089909393,86.75449577638506,145.5134127957388,1,1
35,F,27.169487213168495,92.33776045355995,False,False,high,False,True,False,False,125.36310656973906,90.61323040916658,191.03574157753155,1,1
33,M,27.958176818032694,104.11048922533956,False,False,low,False,False,False,False,105.93064633488163,61.56371444030049,220.0579365032168,1,0
37,F,24.09616487571802,94.70936933458519,False,False,high,True,True,True,False,144.3388814080499,72.40062717110939,120.70818417478858,1,1
42,M,26.878775246995627,107.30798998767564,False,False,low,False,False,False,False,110.34127641483848,68.36095060664584,91.60211765669204,0,0
26,M,27.855328731155392,109.79070897409093,True,False,moderate,False,False,False,False,90.0,80.96805152867262,98.31369853387444,0,0
62,F,25.402561123550825,98.11193450674547,False,False,moderate,False,False,False,False,135.57655211936782,88.82697330528124,87.7679263293969,0,1
52,F,23.858038490310665,99.82018878106982,True,False,low,False,False,False,False,135.05267910876563,55.0,194.02954542746005,1,1
70,M,17.996172732959913,80.32194910246544,False,False,low,True,True,False,False,102.88264844323626,59.958164784187645,60.0,0,0
62,F,27.19628370550995,97.88854041770227,True,False,low,False,True,False,False,121.91009655187781,55.0,168.70871868818875,1,0
27,F,24.689781646135177,91.09226298381328,False,False,moderate,False,True,False,False,139.2805322685946,67.83706076016536,79.33324086441006,0,1
22,M,22.638728664421816,94.81255244581324,False,False,low,False,False,False,False,144.59096411124185,77.6359480606026,98.30726444818143,0,1
44,M,30.249948636162472,116.34243415706348,False,True,low,False,True,True,False,131.7997254688492,94.93383778244154,60.0,1,1
48,M,18.07474865189008,90.74532834539626,False,False,moderate,False,False,False,False,135.23031842705308,62.70526087656221,148.92492558590797,1,0
33,F,31.898163419141987,105.34319468095632,True,False,high,True,True,False,False,133.4698383064106,103.39656274115112,139.76013381961516,1,1
67,M,24.399770246144904,100.8459280371047,False,True,low,False,False,False,True,119.80531000424581,82.81083623008278,73.7325472980106,0,1
54,F,25.928831803263044,104.82943953899368,False,False,moderate,False,False,False,False,104.57634991365555,83.21260255225555,150.76368133650723,1,0
65,F,22.72230148461378,103.33620383016638,False,False,high,True,False,False,False,117.82077960657017,84.8833893251632,144.0248715657272,1,0
24,F,16.998171893645015,89.81904710622524,False,False,moderate,True,True,False,True,139.98793825347855,61.458176888049344,93.44250143183694,0,1
69,M,23.87175545690399,107.49613906485116,False,False,high,False,False,True,False,139.83687726690692,70.49506420944572,60.0,1,1
30,M,26.006352081017567,106.09590810676472,False,False,moderate,False,True,False,False,125.2548996440393,65.73956513929834,104.33233670462621,0,0
46,F,27.543014508811673,99.98213614884537,False,False,moderate,True,False,False,False,116.6651212004639,84.0633086827325,148.4583445197895,1,0
45,F,23.608850607024944,93.95351841610132,False,False,moderate,False,False,False,False,149.7552156865461,66.97661039085344,79.97628085292332,0,1
69,M,15.0,84.3296531966153,False,False,low,False,False,False,False,123.98416442510036,74.56466865365876,149.8450956096106,1,0
35,F,17.562523949378186,83.69869085967527,False,True,moderate,False,True,False,True,132.1980307730918,69.58141032120024,81.87802779977494,0,1
33,F,33.73408830693482,111.9832715517094,False,False,moderate,False,False,False,False,102.69542375163563,92.61821435158905,108.83074913064374,0,1
39,F,19.58358807302548,84.47046949565461,False,False,low,False,False,False,False,121.10332942328895,70.19973270806902,86.22207340381846,0,0
40,M,30.921722562076436,116.54349679881044,False,False,moderate,False,False,False,False,139.37929904709142,64.78695317465059,117.477230380685,1,1
29,F,20.29660968162082,88.92905068088342,False,False,moderate,False,True,False,False,100.08885544866149,82.18387003323375,140.74342260019512,1,0
29,F,23.678948406224595,90.11509811266009,False,False,low,True,False,False,False,121.3810187250031,76.20054055250085,169.07617082732028,1,0
32,F,27.313437168199567,96.34440547923396,True,False,moderate,True,False,False,False,128.54286577024448,92.33075927134377,119.29251738232308,1,1
47,M,20.809124990386067,99.11461841059504,False,False,low,False,False,False,False,144.8559523759388,80.26990366780743,60.0,0,1
39,F,31.664968110915744,104.1753760993297,False,True,low,True,True,False,False,137.61615964729106,79.9025899946938,134.12261680622683,1,1
42,M,24.84077761130785,104.29981811965885,False,False,moderate,True,False,False,False,149.0904305885059,86.55838318634989,101.57600059234156,0,1
63,F,26.573828808348516,96.85115993526426,False,False,low,False,True,False,False,135.30923301249982,81.95803765486856,100.8243220577132,0,1
33,M,23.295768463913934,101.78492762313698,False,False,moderate,False,False,False,False,136.23396203361682,85.61172391478617,115.70311721397879,1,0
75,M,27.464241291576908,100.17451561727948,False,False,low,False,True,False,False,106.71469218480722,84.68978607734576,131.57199150339954,1,0
65,M,31.604567329324382,110.72489211928291,False,False,high,True,True,False,False,106.25395043068804,73.29300334820105,97.52505491337615,0,0
29,M,23.909213280695536,107.79271834061272,False,False,high,False,False,False,False,148.8897899518837,63.690634800607434,132.33349740105606,1,1
37,M,32.28370755837156,119.58688630909505,False,False,low,False,False,False,False,114.74436766855548,74.95432056473356,126.16605277318682,1,0
29,M,21.74781886229397,97.73081056221048,False,True,low,False,True,True,True,113.33046739489761,55.0,132.3592367163419,1,1
35,F,27.938432177082696,103.09824866859216,False,False,low,False,False,False,False,90.0,68.79496482398329,142.79473737990543,1,0
41,M,26.701014513093725,103.72481045322033,False,False,low,False,False,False,False,138.9636805703673,72.55924819456713,60.0,0,0
26,F,19.691380672929338,81.09751273517547,False,False,moderate,True,False,False,False,104.09561037424217,91.18131590368733,98.25332901734045,0,1
18,M,25.46214367086799,104.457329369193,False,False,moderate,True,False,False,False,108.87533286429124,75.2397162704864,106.65525202490937,0,0
45,F,24.533146720326677,92.10576065219935,False,False,moderate,False,False,False,False,139.50902641668938,96.20096620489232,103.28313672741372,0,1
62,M,20.660635206754197,96.45008849211617,False,False,high,False,False,False,False,90.0,82.09466622840544,81.6844367363284,0,0
37,F,26.11101095387357,97.6615191005187,False,True,high,False,False,False,True,143.73972850472006,58.982651600501,89.16413513249705,0,1
72,M,25.158302957488328,99.7309314512575,False,False,moderate,False,False,False,True,108.73212019336754,89.53227662288346,130.24293380466196,1,1
41,M,24.173358737117525,102.06924882610299,False,False,moderate,False,False,False,False,119.64948562407372,88.38937461320818,128.12885688450703,1,0
74,F,24.191401389235917,90.970285004963,False,False,moderate,False,True,False,False,109.5864530744668,58.46715514753224,113.1390355478379,1,0
32,F,24.094953834843714,90.54572162169762,False,True,moderate,False,False,False,False,100.72123554267534,84.90520211467498,76.8596496553623,0,0
51,M,22.845351704391526,99.17911893360782,False,False,low,False,False,False,False,109.85794653356504,92.81053511949327,142.08425654096368,1,1
66,F,25.129253427567416,99.25698248165604,False,False,low,True,False,False,False,108.76337704962796,55.0,139.55904092929143,1,0
21,M,21.602386044362987,104.94358800609733,True,False,low,True,True,False,True,102.30440854465355,65.07592390979865,150.93460728520674,1,1
76,M,36.455642711615,126.20003436213831,False,True,low,True,False,False,False,146.67985442340938,87.38433634445799,84.64347033279607,0,1
40,M,18.158000395406077,97.2611458456235,False,False,moderate,False,False,False,False,106.48747505742972,74.99379110901539,238.945147191552,1,0
49,F,21.868687652444933,85.27117698486018,False,False,moderate,False,True,False,False,91.80721776656671,93.26160860144881,119.7018286744096,1,1
57,M,22.22416052940377,104.3409024515982,True,False,low,False,False,False,False,90.0,87.42910324803316,85.4904660639112,0,1
58,M,33.68222036446042,118.1891169626422,False,False,high,False,False,False,True,128.9703992235505,86.19739647234317,195.2635176770615,1,1
19,M,18.559394075101252,92.57919935524465,False,False,low,True,False,False,False,94.25502784099926,89.92508863943576,138.16669686942578,1,0
72,F,26.416650340937494,90.42447623826577,False,False,high,True,False,False,False,119.14909374265511,68.07477098426966,119.09687668338155,1,0
57,M,25.61777329270943,108.29710087313289,False,False,low,True,False,False,False,153.51305198766283,73.67675695163304,123.32340291775462,1,1
80,F,26.001210371035466,99.14699615938345,False,False,low,True,False,False,False,124.91062103957586,98.49332650187965,156.88338761415238,1,1
47,F,30.06354423174923,109.42004744626885,False,False,low,False,False,False,False,127.18540134406254,73.23297622880823,120.82774511397278,1,0
56,F,29.9712321188619,100.27880658959046,False,False,low,True,True,False,False,113.52547816138377,89.12419733147499,60.0,0,1
45,F,22.470694280659472,88.77129822293958,False,False,low,False,False,False,False,121.7858231505324,74.91111342830455,111.36967894576877,1,0
74,M,25.37307852272296,109.21305155249783,True,False,moderate,False,False,False,False,118.547327539747,68.65977163999926,143.4851108142449,1,0
70,M,16.11154085531535,93.06401130831111,False,False,low,True,False,False,True,126.93954286468687,66.23073728066363,110.32749465120492,1,1
75,F,24.945918538348682,95.30154073184931,False,False,low,False,True,False,False,148.51432317084272,83.17286803296076,77.51986702575104,0,1
49,M,20.927047574756365,98.2053647684863,False,True,low,False,False,True,False,115.16739083869138,91.43576896859925,110.72737342994797,1,1
67,M,23.661279083177675,105.44359567933968,False,False,moderate,False,False,False,False,109.3935271734607,82.47407181356667,142.2488654607827,1,0
40,M,16.915826608324874,86.87247003403081,True,True,moderate,True,False,False,False,120.79148852958802,79.89141542005741,156.65983059586836,1,0
47,F,26.32192529023584,94.14621894347472,True,False,low,False,True,False,False,137.36231624600742,64.46291211177909,73.17880011631303,0,1
65,F,16.865440869909765,81.41136978363332,False,False,low,False,False,False,False,116.58538021765617,77.10758692756572,70.79068199963719,0,0
23,M,25.16728073056214,99.98304266240591,False,False,moderate,False,True,False,False,126.26469967070088,79.08277122837612,109.93836329657285,0,0
62,F,18.98072483139853,79.77618849517361,False,True,moderate,False,False,False,False,130.1817054984658,67.4197536634567,87.74969834311523,0,1
18,F,20.676615341888517,86.96471467326415,False,False,moderate,False,False,False,False,156.44171412662874,81.87510840834692,91.76360015551543,0,1
54,F,29.69629446145323,97.41548804908267,False,True,moderate,False,True,False,False,136.76034260232117,69.5221443145183,102.59380823173052,0,1
48,F,27.1456307566113,99.04528110878518,False,False,low,False,False,False,False,108.03646711258611,72.7845372086875,138.81283655126495,1,0
47,F,29.671414119517443,106.66719425278798,True,False,moderate,True,False,False,True,90.0,85.61338796677751,82.46578624727786,0,1
49,M,31.518772096255805,117.06400592774172,False,False,moderate,False,False,False,False,124.40606688957149,94.69588900644142,71.18136399518993,0,1
48,F,21.022225817871057,88.16869789525104,False,True,moderate,True,False,False,False,110.71764350393703,93.73755997183866,86.13302482351082,0,1
43,M,31.245372480983924,112.96094390833571,False,False,low,False,False,False,False,114.22741643704099,75.55793061398929,60.0,0,0
46,M,17.905224547194944,94.50130202024823,False,False,moderate,False,False,False,False,106.06411167832522,83.1582679115704,113.84047212833575,1,0
53,F,27.857451505452065,102.85018663397055,False,False,moderate,False,False,False,False,113.91578689570447,84.11016864330986,115.81898228088866,1,0
66,F,22.279980284300127,93.50899800226075,False,False,moderate,True,True,False,False,113.59640021666087,84.04547919862796,147.34983395216568,1,0
52,M,20.313649358123076,96.12665355129911,False,True,moderate,False,True,False,True,120.14884114249573,78.54132282724402,74.94895148724228,0,1
58,F,27.26511440286999,98.3175078221082,False,False,moderate,False,False,False,False,111.23582567419774,91.40399353380501,116.29911678575154,1,1
70,M,28.75228186326146,107.81674028901556,False,False,low,False,True,False,False,110.52608161985222,70.4084597425558,123.72341474148654,1,0
80,M,28.61870773990945,116.10399579063022,False,False,low,False,False,False,False,130.48028563658477,64.60404625996611,60.0,0,1
24,M,25.466869500026565,104.20375850117401,True,False,low,True,False,False,False,121.9591804005404,81.05223232591008,119.66915888931878,1,0
62,F,25.093807855981577,93.65087038828015,True,False,moderate,False,True,False,False,122.07154859634848,73.73638230033441,120.9705725090046,1,0
32,M,26.87089963564956,111.78247033268028,True,False,moderate,False,True,False,False,121.20978932365188,98.25124505350442,107.52129852704739,0,1
30,M,25.86693833982736,104.8981934605769,False,False,moderate,True,True,False,False,107.67928404861242,72.04724333536855,67.15298704036898,0,0
67,F,26.93610127813691,93.76307892390959,True,False,moderate,True,True,False,False,144.98891165010318,88.54149223033876,109.33572445949096,0,1
22,M,25.417997574998214,109.49465973762129,False,False,moderate,False,True,False,False,154.517050668294,82.37849480495065,60.0,0,1
71,F,28.29252721027864,98.90255745741179,False,False,moderate,False,True,False,False,141.81612029357495,61.781089310798315,123.38219270687676,1,1
66,M,17.177564870523074,100.50324634968287,False,False,low,False,False,False,False,93.77249609265589,83.70315850387216,137.9572495270812,1,0
80,M,23.90926936211126,96.13771488006736,False,False,low,False,True,False,True,111.41393160115695,70.00733234544596,104.33628414932855,0,1
60,F,18.272690777694862,83.66600029244775,False,True,low,False,True,False,False,133.32794402121343,103.60697404840687,156.77993189514174,1,1
72,M,25.74515907922198,105.31748632418375,False,False,moderate,False,False,False,False,109.998243831307,68.49702573633577,87.60002614356733,0,0
25,M,31.88868579134164,126.44432853884744,False,False,low,False,False,False,False,110.78304884980898,67.0320075161357,86.51968874145159,0,0
74,M,22.366618481238643,107.4519231466384,False,False,low,False,True,False,False,100.05873838230153,55.0,102.2513650502354,0,0
28,M,25.07263413633747,110.28550491498311,False,True,low,True,False,False,False,116.20299440122427,68.75889905807512,191.22525172746467,1,0
37,M,27.904190217147374,107.05104662788163,False,False,moderate,False,False,False,False,108.85511086232137,85.1736239760394,102.05353032068871,0,1
26,M,15.195246807050639,84.64138529360943,False,False,high,False,False,False,False,90.0,65.83795125717843,187.01664542639767,1,0
43,F,22.150502830351154,88.35095830272532,False,False,high,True,False,False,False,140.42313246878328,82.8481287638387,110.65265157314478,1,1
65,M,26.140320466727825,103.91886928794703,False,False,low,True,False,False,False,128.66709794872148,80.02400229467118,83.74842777451313,0,0
34,M,15.0,92.9708184291039,False,False,moderate,True,False,False,False,100.63000592993106,66.4541742236024,180.3518242294223,1,0
69,M,20.10436178116263,95.21278271250937,False,False,low,False,False,False,False,135.88683507979187,75.87706837091781,118.46464133165321,1,1
56,F,29.453860880215803,94.35369459715976,False,False,moderate,True,False,False,False,124.03025622469659,66.82902549761606,101.70794769213778,0,0
57,F,29.013486052028263,98.10134616525289,False,False,low,False,True,False,False,140.54800730640457,86.63447717470854,142.13463221757777,1,1
77,F,26.18443202316545,97.81567301328222,False,False,low,False,False,False,False,133.74825632834813,57.14505313341403,155.6547608381032,1,1
45,M,28.4698893797443,111.4563841686163,True,False,moderate,False,False,False,False,109.59484392913419,85.29463513881068,91.65594305215785,0,1
39,F,25.467969054896585,97.80786469520926,True,False,moderate,False,True,False,False,132.70231996670395,69.24510627622821,143.56219234643777,1,1
80,M,26.999277083490416,107.42103906804948,False,False,high,False,True,False,False,133.3795410155228,78.46820581287302,104.06882218594458,0,1
53,F,23.079558310217237,97.51696838186335,False,False,low,False,False,True,False,138.88864852033362,82.31042268966226,77.66001301486422,1,1
56,M,25.021157073149418,102.48615974754392,False,True,high,False,False,False,False,137.9589672126382,78.738299731439,87.24173273871412,0,1
36,M,21.654333261128798,99.88012709685731,False,True,low,False,False,False,True,155.2527382631397,99.86533115489648,70.98128986387594,0,1
31,F,30.18567504882041,107.87843780024907,False,False,low,False,False,False,False,137.24159905201236,72.5907453712245,115.04925221967078,1,1
28,M,31.34701734275991,115.5453488600319,False,False,moderate,False,True,False,False,109.4476695314096,62.13154933984639,115.17565167137134,1,0
32,M,30.70960760313683,116.76003105761093,False,False,moderate,False,False,False,True,124.83679950928108,101.08722668665888,151.97814147573206,1,1
30,M,22.66351057244962,97.31986086699513,False,False,high,False,False,False,False,105.2151386706648,81.27161980805606,142.39460921580033,1,0
65,F,20.208016822857108,89.74097291638141,False,False,moderate,False,True,False,False,141.350230324191,78.88249733524809,97.86477718226729,0,1
21,F,30.246381473375735,96.5335463460867,False,False,moderate,False,True,False,False,108.29950660511545,101.8649192636991,105.243518266881,0,1
57,F,26.947582411661358,97.07450423116025,False,False,low,False,False,False,False,157.69839208183345,62.83645844897895,89.28563164021698,0,1
77,F,25.978629536856392,98.16765044437453,False,False,high,True,False,False,False,117.32125027921022,76.32536313678335,115.84028773407925,1,0
66,M,21.648655617746844,98.0019902700776,False,False,moderate,False,False,False,False,121.29709939679017,65.3127468806802,104.27236573748932,0,0
43,M,26.415487156865442,115.03043390974149,False,True,moderate,False,False,False,False,114.56501177697575,76.06230714041362,113.7371072032481,1,0
21,M,19.616248731521292,95.05599263632797,False,False,moderate,False,False,False,False,110.52939298324478,61.52672877958201,163.17637070409026,1,0
70,M,27.353280602355643,104.6582909396664,False,False,low,False,False,False,False,113.51446421746118,78.27831379684652,164.9829413714833,1,0
18,M,30.704990148227946,118.94425853395049,False,False,high,False,True,False,False,125.7067923482277,77.48585967077742,90.14471879722421,0,0
60,M,31.839704947585787,115.4237551624874,False,False,moderate,False,False,False,False,122.282350891907,76.92736331564043,139.1885971511084,1,0
60,M,27.68835824349417,110.9740808556994,False,False,high,False,False,False,True,115.16826943820477,55.0,134.8692595052312,1,1
30,F,18.28090302670495,87.42865424331738,False,False,moderate,False,False,False,False,126.90384499254247,85.7702356905893,92.77554980461524,0,0
64,M,25.3879855892571,110.82146732523546,True,False,moderate,True,False,False,False,113.31462211586833,74.79584567292642,161.42080824107805,1,0
29,F,34.128567848259706,111.05366727534289,False,False,moderate,False,False,False,False,121.92021970706249,106.25196613321089,60.248552840627724,0,1
32,M,20.59124784300972,102.65567803172765,False,False,moderate,False,False,False,False,150.2529975104476,72.17990471995682,149.6453378674286,1,1
69,F,24.233682921904023,96.62255211800266,False,False,low,False,False,False,False,112.83073794427729,70.36786494798504,107.9082907572752,0,0
79,F,30.860859583104396,109.31126275649251,False,False,moderate,True,False,False,False,117.14588687296737,79.14685694566313,74.50293347736569,0,0
34,F,27.277102649331134,107.95715743074146,True,True,moderate,False,False,False,False,103.52272287822386,63.806063742381184,105.558306158378,0,0
76,M,35.66070346018297,124.86196312745471,False,False,high,False,False,False,False,116.58652160518979,90.86711180624494,177.7290999132239,1,1
75,M,21.20208777547135,107.24962176307098,True,False,high,False,False,False,False,127.99328365959252,67.12066069237399,199.87955181973476,1,0
66,F,20.0460989641663,89.12105053394528,True,False,low,True,False,False,False,113.54233850589284,68.3090232637891,84.74666042113542,0,0
26,F,30.00856446125828,104.88897680397493,False,False,low,False,False,False,False,103.85290796892555,86.68397575974467,110.63624331437651,1,1
36,M,19.11854617277809,102.03398019919584,True,True,low,False,False,False,False,127.78386764493001,80.33030632237266,105.49114058926953,0,0
60,F,23.614544050321086,98.76333546946324,False,False,moderate,False,True,True,False,129.47649612852942,80.120015661916,111.33286125834647,1,0
80,M,24.204590548131904,97.01726285391128,False,False,high,True,True,False,False,131.82370210334298,63.04274791548566,168.87351963555744,1,1
69,M,29.161952630236648,109.30948202558834,False,True,moderate,False,True,False,False,102.17426870874105,88.68445328969996,98.31897193997177,0,1
44,M,27.264205856113612,112.32906129889781,False,False,high,False,False,False,False,143.9286285220996,66.65599461147826,84.63250243619925,0,1
32,F,26.556792113795883,99.76315003515428,False,False,moderate,False,False,False,False,114.19398398835936,59.02450289362441,96.4399481105211,0,0
78,F,22.6890610494425,93.67103800400054,True,False,moderate,False,False,False,False,105.876804961761,82.06645615967993,105.44384034637564,0,0
35,M,29.967518085868743,116.04835933251931,False,False,high,False,True,False,False,138.39264583317856,75.63631916638079,138.95104473565496,1,1
39,F,40.0,119.02529595926681,False,False,low,True,False,False,False,143.36438262571338,75.3690006339621,116.40026744417295,1,1
78,F,27.61076944515312,101.9690397488376,True,False,moderate,True,False,False,False,116.95467010201018,85.36056688759176,135.2874830065056,1,1
53,M,24.948524933960766,106.36354583112048,False,False,low,False,True,False,False,108.6764779955171,74.48323888813579,149.0516257278236,1,0
34,F,18.65961663053528,87.73822552887,False,False,low,False,False,True,False,129.07689006646993,58.758750792689625,102.15452550563985,1,0
18,F,21.63133347807281,92.11680785132964,True,False,moderate,False,True,False,False,100.68065313269557,74.26323275170094,109.55231566697223,0,0
45,F,23.538303947237132,96.25484621214889,False,False,low,True,True,False,False,162.8252399521094,81.16649766308143,129.18628702466205,1,1
80,M,22.094298918797904,95.19131494564077,False,False,moderate,True,False,False,False,105.48600769522497,79.96069116938123,90.4310477665567,0,0
45,F,24.427649744629182,89.98684493036616,False,False,low,False,False,False,False,127.6985670367188,76.03003996745893,113.55203760663389,1,0
62,M,32.50107234563279,118.34163472395056,True,False,low,False,True,False,False,119.42817680419763,104.52150130077328,149.04933579775883,1,1
33,M,30.112251128161553,114.90212565208921,False,False,low,False,False,False,False,107.28397818639132,96.2562217997387,116.27576804278533,1,1
66,F,23.785252775892857,92.94989743360698,False,False,high,False,False,False,False,107.02726454783426,64.7911950507061,156.6376082019934,1,0
66,F,19.062740249003628,91.49830419033572,False,False,moderate,False,False,False,False,140.04367874370854,62.936580025957845,80.11476389054896,0,1
56,F,30.518154393060858,100.15986582925102,False,False,moderate,False,False,False,False,127.87613773496159,92.58629970050511,123.83468101506386,1,1
66,F,24.27925576942386,93.72775875263643,False,False,moderate,False,False,False,False,110.86221313633288,89.7191399788808,132.2311716912273,1,1
54,F,16.7307480847894,79.20456432842361,False,False,low,False,False,False,False,113.04112101979754,94.27484273153091,123.08324101378881,1,1
41,F,27.705935533218664,104.84638186284506,False,False,moderate,False,False,False,False,108.98160069217245,73.11420807376253,101.92206636312872,0,0
64,M,29.115590079050595,108.7698106373002,True,False,low,False,True,False,False,136.09663933350737,76.23605139256786,60.93866221716812,0,1
70,F,15.0,78.60321551964975,False,False,low,False,False,False,True,136.7570828038893,58.43893346575965,151.1404159409281,1,1
70,M,20.789504110401936,100.169151231173,False,False,moderate,False,False,False,False,130.43745395628065,79.58321572041643,62.618581048920284,0,1
31,M,24.002956949115287,99.72897307049787,False,False,moderate,True,False,False,False,126.06002969198366,70.97396622666325,65.24448779728226,0,0
60,F,27.805299100888778,99.35680312957538,False,False,high,False,False,False,False,132.02622577518264,69.4129176081745,132.34412243094272,1,1
18,F,22.17914036919123,91.0056310378939,False,False,low,False,False,False,False,95.61657341047821,88.16117330462957,99.07754775079286,0,0
54,M,20.755361441117287,91.18335153009443,False,False,moderate,True,True,False,False,126.4023640486438,76.28486439954344,117.02821384157495,1,0
53,F,27.77226162356127,96.0654666716169,False,False,moderate,False,False,False,False,139.09516882833233,87.07286989754193,67.09659190177297,0,1
40,F,22.392549320086285,91.26846929299631,False,True,moderate,True,False,False,False,125.69590406171596,76.81294955614939,122.2032350205795,1,0
80,M,26.939245927469138,112.56679997056557,False,False,high,True,True,False,False,122.84743684728573,84.02983426446028,141.26736856387186,1,0
73,F,19.498179552614342,84.19703320318176,False,False,moderate,True,True,False,False,111.82407535846116,63.56231358218996,60.0,0,0
20,M,18.414501413436206,89.73149436501035,False,True,low,False,False,True,True,112.88949254837243,67.14316736140931,120.82636145274218,1,1
31,F,27.898711209066786,101.73315571905489,False,False,moderate,False,False,False,False,113.62733159662851,82.98695764147007,143.58083052548147,1,0
31,F,25.63633959642746,95.36307971947214,False,False,moderate,False,True,True,False,125.56823938134885,96.61726292436528,65.31203451603805,1,1
74,F,28.65105079956293,101.72830165093826,False,False,high,False,False,False,False,114.238618169339,83.12959272244187,117.06725318966406,1,0
50,F,22.103331495853514,97.37581009152333,False,False,moderate,True,False,False,False,92.82559592777145,78.16968151447246,113.80073433209643,1,0
63,F,20.922026138841147,90.68963040846305,False,False,high,False,False,True,False,134.763899277682,94.52533739798514,124.48602637616699,1,1
69,F,30.623234993934098,106.8364504833396,False,False,low,False,False,False,False,130.35544617172107,75.60109491865444,102.46212628690868,0,1
66,M,17.646685562024885,92.35593797654128,False,True,moderate,False,False,False,False,127.68423856019201,69.23782896118388,61.01997771125715,0,0
23,M,30.13157319131281,114.8218994223625,False,False,low,False,False,False,False,107.01044876999586,78.07572854670484,98.09644047077032,0,0
26,M,30.442271183670723,113.33611338373245,False,False,moderate,False,False,False,False,114.12368608698404,82.10036701997633,92.55179073995596,0,0
42,F,28.370402814197337,107.46603406907685,False,False,high,False,False,False,False,130.30382936824958,64.07136225653569,109.62564594912075,0,1
39,F,21.404866173452984,89.7938730079985,False,False,moderate,False,False,False,False,122.42293540438672,79.41998766388453,154.17921171616382,1,0
65,M,20.825642734735883,97.6945307274651,False,False,moderate,False,False,False,False,110.83295471196287,59.032870108349066,60.0,0,0
27,M,23.5547490215081,104.85956632004641,False,False,low,False,True,False,False,142.79424362535104,74.69442894467096,145.62309238554977,1,1
41,F,18.672321454258704,86.42981954779859,False,True,low,False,False,False,False,108.44621804823208,76.27716675798555,173.88639747153715,1,0
32,F,20.172377005608816,82.88807206952669,False,False,moderate,True,True,False,False,90.0,77.64538976026402,171.74459069691318,1,0
29,M,27.401304311790707,113.7019812195626,False,False,moderate,False,True,False,False,123.39703962212835,56.46187628306198,174.67188902078507,1,0
28,F,27.422071014008708,96.28362088170081,False,False,low,False,False,False,False,124.0784467838373,79.10555032172992,118.74235150813716,1,0
30,F,19.776913280592698,83.1324439092981,False,False,moderate,False,False,False,False,122.92760161835632,87.61313710955154,114.52728504611838,0,0
53,F,27.542548708850337,97.85558725669685,False,False,moderate,True,True,False,False,128.4289034985797,93.48872797287063,60.0,0,1
43,F,26.544364875829128,88.29742122945379,False,True,low,False,False,False,False,113.08831180330735,93.98233915137259,104.39063132489859,0,1
45,F,31.294488145596965,100.43157128184501,False,False,low,True,True,False,True,138.41779145852763,78.2792085836008,151.64206159356246,1,1
48,F,27.061113988403847,101.42743900648746,False,False,low,False,False,False,False,100.14112605905584,105.26402015348222,62.26216320751114,0,1
64,F,29.2636147418047,103.21244914507844,True,False,moderate,True,False,False,False,121.657352821059,69.63910768562988,81.89868733472248,0,0
72,F,26.64684915918595,93.33821086684709,True,False,high,False,False,False,False,111.98712567722588,69.98790589633852,115.83484651082337,1,0
51,M,28.909680993637345,110.88543822455073,False,False,moderate,True,True,False,False,138.10800610081043,78.19895735746583,60.0,0,1
58,M,18.707972795445013,89.93253844794245,False,False,low,False,True,False,False,109.28792409831712,87.09903619086191,175.8197343201791,1,1
64,M,23.95214994300089,107.4224835391306,False,False,high,True,False,False,False,123.13506658184323,85.07599484635273,132.4299613492655,1,1
61,F,24.324577542976115,93.4567677749145,False,False,low,True,False,False,False,123.36217912103304,55.0,124.01293541913707,1,0
26,M,23.40312523879123,111.1710847289925,False,False,moderate,False,False,False,False,125.13310678978067,67.39299039103118,140.31997273068816,1,0
79,F,26.497489836425267,97.0317292433706,False,False,moderate,True,True,False,False,110.32173450901104,86.4390654352223,100.1434687143022,0,1
28,M,27.35470844523088,116.12049605983803,False,False,high,False,False,False,False,127.85092315222988,68.2249860656477,121.79910665214538,1,0
43,M,26.26515684682017,106.53938718398545,False,False,moderate,True,True,False,False,122.4577859269041,76.58391295131688,77.80663207908974,0,0
59,M,23.70375253450398,108.9897413973884,False,False,low,False,False,False,False,127.49439350461057,81.95013559430309,60.0,0,0
43,F,21.18921464069694,92.02821826308458,False,False,low,False,False,False,False,147.19060362900478,83.32017816159015,110.86395005254698,1,1
33,M,29.437337333703052,113.06255271485229,False,True,low,False,True,False,False,123.85658617501547,87.46748729885383,167.37348125654282,1,1
76,F,26.073797674762258,90.34104492999589,False,True,low,True,False,False,False,106.07874841815234,91.98231647376755,170.6119926338096,1,1
22,F,19.916237637202663,84.46158764767557,True,False,low,False,True,False,False,153.37642700670122,84.95828308051934,105.3948568256603,0,1
33,F,23.628406062576694,95.8433025045582,False,False,moderate,True,True,False,False,137.66563258690712,64.49794866081663,102.32040304720446,0,1
80,M,16.655151450316875,88.02938415136411,False,False,moderate,False,True,False,False,132.46445964881443,84.4508203150186,60.0,0,1
63,F,24.65916776456349,93.5302446978575,True,False,low,False,False,False,False,119.07765100901011,89.89925201645045,149.17835075362228,1,1
23,F,23.607290258306318,96.41474301845842,False,True,moderate,True,False,False,False,133.83516349778668,82.98841625283663,126.80925520171124,1,0
65,M,21.91489872340098,96.62579569524596,False,False,high,False,False,False,False,90.0,92.18700767072497,105.3815119446611,0,1
79,M,31.630700854115883,119.2254257818822,False,False,moderate,False,False,False,False,146.73993488366233,80.61306697859061,60.0,0,1
24,F,19.297306462060494,79.82032617402952,False,False,moderate,False,False,False,False,136.34125027844038,76.60307728762761,60.0,0,0
44,F,27.67876828257051,100.56890549501601,False,False,moderate,True,True,False,True,119.16695929878105,68.68276210871484,116.53089918212105,1,1
47,M,34.34018672419343,122.15053696920597,False,False,moderate,False,True,False,False,135.93499684356377,100.37775867046655,60.0,0,1
26,M,29.347705566725097,109.67273741696533,True,False,moderate,True,False,False,False,131.90135365828925,66.5016078687134,130.83565842263695,1,1
30,M,24.35807548056005,102.80176309651829,False,False,high,False,False,False,False,105.85004086768326,77.94736306925354,132.54204460860421,1,0
28,F,19.396691122595026,85.26715547306237,False,False,low,True,False,False,False,124.86275404819969,74.08080108262757,65.98730248719203,0,0
29,M,18.37072020536995,92.6564003748174,False,True,low,False,False,False,False,128.00037349072792,63.32379820152727,113.69204024030279,1,0
43,M,22.64801737269115,107.05737507002102,False,False,moderate,False,False,False,False,119.85843055030861,87.76987977979039,79.13700370570221,0,0
47,M,21.408496697387413,102.57511628256279,True,True,low,False,False,True,False,118.4921793107124,83.48848896191764,144.94772519431757,1,0
32,M,21.262038909688403,99.4315920314131,False,False,low,False,True,False,False,136.42001887414244,80.68375714686582,227.17703338464278,1,1
36,M,23.031589450379403,98.40427627980492,False,False,low,True,False,False,False,124.81592850844119,71.09884956752883,107.83772944305966,0,0
30,M,24.03988808201441,99.97570618003412,False,False,moderate,False,False,False,False,152.04520879765334,84.19720068725887,163.72100483593678,1,1
68,F,26.683453764403833,91.24971868937729,False,False,moderate,False,True,False,False,111.54877835487498,75.1277549255351,147.97406135304644,1,0
31,F,18.929917012419068,80.10477570464163,False,False,high,True,True,False,False,128.55130273229258,83.2913126824069,109.28491579114487,0,0
75,M,21.429902917401275,99.02926372392439,False,False,low,False,False,False,False,107.27261151624619,93.79751886558529,130.6221300765518,1,1
51,M,23.781475627298835,104.25045098653263,False,False,moderate,True,True,False,False,132.83980456404583,55.0,67.70418776768764,0,1
68,M,23.62031662959529,101.2712753273383,False,False,low,False,True,False,True,104.17026650746061,89.02340490434104,116.8205718342308,1,1
58,F,32.7639066833604,107.52522139690693,True,False,low,False,True,False,False,126.61127741090742,104.10815377372681,101.49968534201885,0,1
34,M,25.545109667257357,102.8416108450373,False,False,moderate,False,False,False,False,140.89002205610063,96.92928397608652,159.58390705878298,1,1
55,M,17.23884584618259,88.84390251391255,False,False,low,False,False,False,False,122.83161963558557,86.50286117542277,90.0717570297844,0,1
35,F,26.381816127140443,93.46025976603569,False,False,moderate,False,False,False,False,106.14936792501882,91.457787032484,75.10130338684144,0,1
25,M,26.955486752347905,113.83075772694995,False,False,moderate,False,True,False,False,137.12127886039718,68.65435702806352,76.44906654138616,0,1
34,M,23.936923872898678,103.04995899732711,False,False,moderate,False,False,False,True,127.76319167032923,80.6436465562737,141.94831804119553,1,1
35,M,19.039714965158595,92.17628253269503,False,True,moderate,True,False,False,False,120.63644785519514,76.35020736864861,105.56181525264503,0,0
26,M,32.411246128910584,118.76807520750788,True,False,high,False,True,False,False,106.51570930473889,72.86126142951291,60.0,0,0
19,F,19.685522388884344,89.25473007984601,False,False,low,False,False,False,False,96.2341505015889,88.87128557209658,147.51062301176896,1,0
77,F,27.4734749288717,101.13533554023033,False,False,high,False,True,False,False,158.02557122336913,75.82756014628872,60.0,0,1
50,M,25.400227380787708,109.32833446612153,False,False,low,False,True,False,False,112.82901040850282,57.602538057377316,92.8033185902374,0,0
43,M,27.203647470633964,103.8819783497149,False,False,moderate,False,False,False,False,106.1129113492836,82.82310008734161,104.62527408377713,0,0
76,M,32.180860658752984,122.61076371422102,False,False,high,True,False,False,True,127.03458969460844,77.69489536264778,73.64771000498551,0,1
32,F,27.027374924634657,96.87851303065881,False,True,low,False,False,False,False,105.71043414027784,85.62445091562732,60.0,0,1
43,M,21.9860109783041,99.38277035394046,False,False,high,True,False,False,False,129.97035449345333,73.49313686605545,140.469295203853,1,0
71,M,29.476965238075824,110.28648013067708,False,False,moderate,False,False,False,False,143.6169819331221,59.049035048845965,134.81470913907117,1,1
57,F,21.66005247480146,91.65936084807801,False,False,high,False,False,True,False,105.07405033802941,67.28199666634973,113.88361772911556,1,0
43,M,25.236011051278705,98.75813214904011,True,False,low,False,False,False,False,117.22002417222328,67.9314136545639,124.7865953925167,1,0
34,M,18.681123763928944,90.57491609927295,False,True,moderate,False,False,False,False,128.8935094223234,66.69598127281637,60.0,0,0
20,M,19.850234476984614,98.08111494098172,False,False,low,True,False,False,False,102.50995659963061,71.81069420472667,130.2681841919727,1,0
23,F,24.73124001696284,94.42610581253048,False,False,low,False,False,False,False,107.42591302139078,85.99966481915523,126.47633930037841,1,0
28,F,26.156390188613926,90.67529597951766,False,True,moderate,False,False,False,False,120.13191200204845,62.806386180192284,127.48196683714204,1,0
67,F,16.839242197890364,80.03487561587386,False,False,moderate,True,False,False,False,153.37196125163385,87.71337812550348,127.35813349634654,1,1
58,M,26.73779315600299,106.58869441078812,False,False,moderate,False,True,False,False,108.35527850107404,64.03291844901645,146.79827052224653,1,0
45,F,20.81256960530766,82.27490910764939,False,True,moderate,True,True,False,False,117.47522235037117,73.80765438763717,107.93998336917284,0,0
67,F,30.258596070520248,102.05328427557878,False,False,moderate,False,False,False,False,161.67322426217552,77.60801415511904,114.20356821654518,1,1
28,M,22.916160070289713,105.379513510729,False,False,moderate,False,False,False,False,134.72240476085256,74.70348659314944,65.28004974901756,0,0
31,M,19.443699787025064,99.99567736901108,False,False,low,True,True,False,False,94.89184858416445,84.84060864879064,135.99889300269697,1,0
42,M,24.841120510816634,112.73586694102723,False,True,moderate,False,True,False,False,118.2634081571681,76.80754307150636,88.59663079475578,0,0
75,F,20.376942495145737,85.6838644507992,False,True,moderate,False,False,False,True,131.35944380939839,76.2741497511982,91.11509315530348,0,1
56,M,30.210253136449065,110.95491996426297,False,False,low,False,False,False,False,145.14685883156312,55.0,97.68579916118009,0,1
71,M,24.50238593389895,106.89823530925712,False,False,moderate,True,False,False,False,144.28584655606977,82.40828833378244,74.46990703918395,0,1
33,F,23.817455196080207,94.18859653382309,False,False,low,False,False,False,False,130.9611857620555,98.66522802120636,108.27171582470984,0,1
71,M,27.163104585189537,112.33673413273809,False,False,moderate,True,False,False,False,133.47075837757174,72.58876507085225,140.8469021514414,1,1
22,F,19.977736523598683,90.91926964064575,False,True,low,True,False,False,False,101.21544782632773,85.2653586597482,73.08666477685824,0,0
32,M,18.698808551021685,99.97467223198623,False,True,moderate,False,True,False,False,110.91904137669663,68.93802008338756,111.41962243264447,1,0
50,M,26.337582107487368,111.578512249208,False,False,moderate,False,True,False,False,101.24342890262508,88.83940284092544,135.3242710625094,1,1
21,F,19.551481813960358,84.96982879097689,False,False,high,False,True,False,False,138.48803029389262,83.70845235469781,60.0,0,1
72,F,19.549954308127447,87.25266421656926,False,False,moderate,False,False,False,False,128.02594809500675,73.96755963810347,176.9011255045833,1,0
72,M,28.265402140493993,110.4878804690161,False,False,high,False,False,False,False,123.70096461318694,73.24292788363273,95.83044476613203,0,0
52,F,26.86278849492773,103.81118778984896,False,False,moderate,False,True,False,False,146.6966057023832,85.09879802453818,79.27595784703077,0,1
37,F,18.857767058961898,85.63748384382328,False,False,low,True,False,False,True,130.61073804818892,78.45010349986728,114.85404833433371,1,1
24,M,21.713887806763985,104.9720750741573,False,False,low,True,True,False,False,140.20980086070543,64.45490676717014,88.37776867495357,0,1
56,F,20.43320799824156,85.86016480110285,False,False,low,False,False,True,False,134.1014386946485,61.19139258832962,109.52709397707295,1,1
51,M,32.493436841182614,117.10807781780495,False,False,low,False,False,False,False,135.6616893474268,84.47068901603882,85.78392179350668,0,1
65,F,28.577046924067737,101.6741633778037,False,False,moderate,False,False,False,False,105.31757273933997,69.60602586169493,151.4407975338584,1,0
55,M,22.60619819297627,98.16968616036866,False,False,low,False,False,False,False,137.5877628075665,78.38804590254462,205.93394359419483,1,1
26,M,27.092876102045718,101.41463910986118,False,True,high,False,True,False,True,129.57027812402876,84.46903358040883,137.30416923905386,1,1
25,F,18.39716216331127,84.94177657000253,False,False,low,False,False,False,True,115.45761426756496,64.7728840064105,118.98489513305647,0,1
67,F,21.473092319647282,90.09362567551211,False,False,low,False,False,False,False,132.95164738578225,66.84364440674166,92.67763617116023,0,1
28,M,24.97188469673849,104.16629059163334,False,False,moderate,False,False,False,False,142.57350198888508,95.8489841675033,149.14357532263878,1,1
77,F,26.53503837115661,90.6260757864077,True,False,high,False,False,False,False,120.42914405337025,73.46482858362283,85.11243632383594,0,0
24,M,24.061433935189502,104.85244246229615,False,False,high,True,False,False,False,110.00694962105771,89.20901066782957,123.15059543295783,1,0
63,F,25.61606079821402,90.52231919665483,False,False,high,False,False,False,False,110.7452340084258,105.57995333600198,93.79705169677432,0,1
79,F,24.85251406978907,94.8955602182695,False,False,high,False,False,False,False,99.67616107910061,80.63110683271222,68.02399916440021,0,0
45,F,23.763901690899573,89.41834922587806,False,False,low,False,False,False,False,119.30223644965679,68.51764375447509,104.54368666035296,0,0
21,F,23.167344835140977,90.08278726251858,False,False,moderate,False,False,False,False,131.44343100242997,79.39732203560102,77.51440926248243,0,0
73,F,22.581808072949972,86.35377082107658,False,True,low,True,False,False,False,149.73943331521338,75.92338351149633,163.6458696056528,1,1
29,F,25.543718788828645,94.25700391345462,False,False,high,True,False,False,False,109.10751619850514,78.73850508747326,85.60580152913863,0,0
51,F,26.348670151397553,92.66145783736101,False,False,low,False,True,False,False,127.7478822976014,85.88799107149508,107.44332545022253,0,1
80,M,25.392616252934754,100.09644996000966,False,True,moderate,False,True,False,False,122.36238388847806,87.14771718348375,89.26720793261784,0,1
64,F,19.19631327499523,87.63101311917468,False,False,low,False,True,False,False,121.86237019988552,55.947605858519054,68.7635405646544,0,0
20,F,20.004824669855655,87.60863659766646,False,True,high,False,False,False,False,97.52318963737812,91.08946816514323,135.95500721434794,1,1
69,M,26.294968126766303,104.41027748471673,True,False,low,True,False,False,False,105.82645541271606,81.01002711016638,108.68897557742578,0,0
28,F,31.12252985301895,96.64530069961941,False,False,high,False,False,False,False,151.03425541254595,71.69085442801477,194.01328667721782,1,1
65,F,25.185869577014397,93.46456482124366,True,False,high,True,False,False,False,138.14826941651728,86.07565218676055,148.6608810926909,1,1
57,M,22.647492143853526,105.34247089151884,False,True,low,False,True,False,False,126.52576284515376,66.44488215246079,114.45168988927031,1,0
36,M,25.50953204949249,106.82476175293766,False,False,moderate,True,False,False,False,129.3897412286749,66.9574469524246,124.84444380882188,1,0
44,M,19.38430359868957,93.04010756072685,False,True,low,False,True,False,False,133.89504119943135,89.6487460222552,108.84826151806918,0,1
25,F,30.390244204414085,104.9229213770349,False,False,moderate,False,True,False,False,114.82824491070392,78.73727324012489,76.04452579085724,0,0
80,F,25.339673650286127,100.59563107696415,False,False,low,True,False,False,False,115.48628781905603,95.24458340934409,61.70618364321062,0,1
33,F,21.487442540552532,87.10665112734371,False,False,moderate,False,False,False,False,112.14636191617973,70.45244754636741,75.05698605353402,0,0
37,F,23.74942040258206,90.55996911884873,False,False,low,True,True,False,False,124.7022490638,81.20471900126815,158.8089973013472,1,0
49,M,22.128336955713728,97.1083996637263,False,False,moderate,False,False,False,False,103.59034969941122,82.26149754201124,120.99865330509103,1,0
60,F,30.40251489567575,104.30888941123375,True,False,moderate,True,False,False,False,111.3758745927869,82.46476406476256,130.80127591875438,1,0
49,M,23.589919597488233,103.87532161958698,True,True,low,False,True,False,False,130.09691585734166,84.82828622011938,139.55019854680876,1,1
49,M,25.19914585752017,101.15693637794125,False,False,low,True,False,False,False,116.35306080103729,83.05574389871379,104.99675084609079,0,0
54,M,27.081769054930813,111.74369065610196,False,True,low,False,False,False,False,93.99071941682737,78.21095728237995,90.8046639972737,0,0
72,F,21.16655028305956,88.10430375715897,False,True,low,False,False,False,False,115.93250458184691,56.642314964484896,182.68999386760927,1,0
42,M,25.371692597608206,110.88435377112015,False,False,high,True,True,False,False,130.7278557464906,87.50588964950799,130.57899369631977,1,1
70,M,25.734960062273945,108.4407247370916,False,False,low,False,True,False,False,123.85610736016739,55.0,60.0,0,0
67,M,17.506645305407204,86.9842637471501,False,True,moderate,False,True,False,False,94.96373847815775,64.42923322083027,60.0,0,0
78,M,25.637134199499243,104.03053475324499,False,False,high,False,False,False,False,138.51677651066035,70.24843793285343,138.25059787635217,1,1
75,F,24.294070707755875,96.57561884222976,True,False,low,True,False,False,False,118.05630591244314,87.93511131199563,81.07956887331568,0,1
68,F,25.084848314521984,98.65610873065108,False,False,moderate,False,False,False,False,127.42484276245594,75.55555477535168,107.442144688816,0,0
33,F,24.66033371070755,96.65601387509568,False,False,high,False,False,False,True,138.71550751735688,98.62447470432295,60.0,0,1
66,F,25.66626442827537,99.60192538776838,False,False,moderate,True,False,False,False,120.01936928459301,62.74524244606209,95.7895581653883,0,0
64,F,30.518044515542712,105.63436866047908,False,False,low,False,True,False,True,91.45497532806237,65.90383889822033,143.9281075151877,1,1
36,F,19.19221664561701,87.92710896670812,False,False,moderate,False,False,False,False,150.08838505820694,55.0,93.26521752906059,0,1
60,M,22.96031449024811,102.47351354070325,False,False,high,False,False,False,True,90.0,65.38548184539269,71.04306360005678,0,1
33,F,27.499783830332763,106.24106965500266,False,False,moderate,False,False,True,False,116.67912260202169,71.04108513207933,103.44918583059481,1,0
50,F,26.6641664047756,92.72795961167816,False,False,moderate,True,False,False,False,142.73076543202396,94.11430124732419,113.21744386319203,1,1
68,F,26.567324990039378,98.74523044205291,False,False,moderate,False,False,False,False,110.84357217227864,89.50359319631042,99.66745145835087,0,1
29,M,36.89109747053002,127.1399448780546,True,True,moderate,False,False,False,False,111.78989372527252,80.62295644638941,60.0,0,0
39,M,27.263609858525175,119.22852000528239,False,False,low,False,False,False,False,118.53242873897906,74.57632370207337,125.76781967463384,1,0
68,F,29.589220083147612,100.05757758156385,False,False,high,False,True,False,False,119.10953081248113,86.41195856898435,91.91556928380483,0,1
46,F,23.11817573516371,92.53210466163789,False,False,low,False,True,False,False,108.23566375334437,92.00033505490026,118.10145392139431,1,1
78,M,20.031894317462232,93.96392278302706,False,False,high,True,True,False,False,111.82618350142431,70.88581974015636,77.82623413839886,0,0
18,F,23.085571568448646,88.11157969753947,False,False,low,True,False,False,False,139.19568451374275,71.98050987954595,155.60616344445168,1,0
63,M,27.70382077104532,114.14165399982036,False,False,moderate,True,False,False,False,113.50085401238101,73.25388511065931,136.93827078883797,1,0
69,F,26.33072534673129,102.7038574445952,False,False,high,True,False,False,False,130.03966479731898,58.92054032941476,99.41150773774568,0,1
75,M,26.31463116769496,105.19102422474495,False,True,moderate,False,False,False,False,107.39471664822756,91.32027125856423,122.64788925919801,1,1
27,M,23.535450259412926,96.63697973543476,False,True,low,False,False,False,False,144.15113024117005,71.58247270933431,169.25083711980676,1,1
80,F,22.81788821534161,94.95163973620792,False,False,moderate,False,False,False,False,137.00217247262987,74.81719684243434,153.12733739275953,1,1
42,F,23.69064240068025,93.21524709407409,False,False,low,False,False,False,False,120.56619405900192,94.01580249977856,164.8237193909787,1,1
40,M,27.760139525743458,109.61088821168816,False,False,low,False,False,False,False,132.26142853781468,72.06439937509019,133.17836858202878,1,1
40,M,28.283273426766883,113.67626023860952,False,False,moderate,True,False,False,False,146.35005669908696,91.92677948728905,93.03073719794659,0,1
58,F,19.971912576479475,83.77878531517399,False,False,high,False,False,True,False,105.97078170663141,58.77001709829157,132.59387073392529,1,0
59,M,27.930541517441522,114.14201005986067,False,False,high,True,False,False,True,105.10555378359908,84.17588761149588,171.4728840019354,1,1
47,F,21.571754461596967,86.94423967268779,True,False,moderate,False,False,False,False,127.98305455555173,73.09986081232988,133.19773431837913,1,0
22,F,26.61014743328474,96.18342370391333,True,False,moderate,True,False,False,False,101.31532918640465,60.62662533514122,83.05249096497845,0,0
80,F,23.636154158918803,98.1759349940608,True,False,low,False,True,False,True,97.16451943685598,65.50940120668861,114.31852723580097,1,1
31,M,31.546048471575432,111.84550496684594,False,False,low,False,False,False,False,96.34847099834597,79.54441092110062,138.61429878620478,1,0
23,M,22.618664169584846,99.25618882570221,False,False,moderate,False,False,True,False,124.37520157502836,67.44043031272342,118.01899174605806,1,0
55,F,25.303753284026524,90.02327298526971,False,True,moderate,False,False,False,False,90.0,82.21306032077558,138.71606704501,1,0
43,M,27.229669209017423,116.53552348050232,False,False,moderate,False,False,False,False,115.54596996128444,69.8013191986417,90.32022132204935,0,0
56,F,20.56718517444703,85.4498965403162,False,False,low,False,False,False,False,90.0,60.1861978068619,104.47661895086758,0,0
73,M,24.172143250578745,101.06353759548902,True,False,low,False,True,False,False,129.00585349380987,88.66789097360939,123.94210173577484,1,1
24,F,23.300368019195883,85.82205211902966,False,False,low,False,False,False,False,130.07813454531038,81.23835476635752,125.60030794992404,0,0
35,M,22.18783932467312,103.39236584070427,False,False,moderate,True,False,False,False,118.60098767897748,58.16689491388931,89.84897751462287,0,0
50,F,22.52124649332542,94.50008127268853,False,False,low,False,False,False,False,140.90627422431947,85.18349910547137,60.0,0,1
67,F,29.504065691615576,103.21833329967679,False,False,moderate,True,True,False,False,134.72795887576382,79.34413339719069,60.0,0,1
55,M,21.8065216935785,96.29412336830325,False,True,moderate,False,True,False,False,109.3377670560225,73.25259086631672,110.36279840850577,1,0
42,M,27.048835472022226,117.10900423708267,False,False,low,False,False,False,False,107.96096040948503,73.68876972676921,118.40677038200884,1,0
56,M,25.91567750914015,109.64168905080214,False,False,low,False,True,False,False,136.13817793362713,92.7446358198531,104.75358331108026,0,1
79,M,18.21358947901171,88.67140346493562,True,True,moderate,False,True,False,False,132.95624022435643,81.5102679070469,113.23011817478154,1,1
48,M,26.836262472918985,109.23384760582853,False,False,low,False,True,True,False,117.69514356573734,93.28076091858775,168.03679723796242,1,1
73,M,18.139190556090377,95.73606510716453,True,False,moderate,False,True,False,True,93.84746720387082,83.23356783784584,94.62332310974188,0,1
67,F,27.32641322674322,102.26253534936943,False,False,high,False,True,False,False,136.86827285583234,80.58324864546842,124.77683386387602,1,1
36,F,22.217637605911182,88.43362533484151,True,False,low,True,False,False,True,123.06805058869519,69.66979914649853,170.93616369737737,1,1
33,M,24.537652639654034,107.4316033887719,False,False,low,False,False,False,False,121.07284720834227,79.73571658849376,75.72965990463605,0,0
66,M,18.675740226681476,96.0016864104032,False,False,moderate,False,False,False,False,90.0,89.23100791596313,173.96204747561683,1,1
31,M,25.050720456221672,105.02540334900898,False,False,moderate,False,False,False,False,130.52496273946971,78.89340484669393,145.98944599890092,1,0
39,F,28.671276880867786,109.01064564962078,False,False,high,False,False,False,True,121.02342054428776,99.30028891748462,101.14162088564396,0,1
32,M,20.868655573898206,97.25643853111583,False,False,low,True,False,False,False,113.35743446482776,89.21456627711387,60.0,0,0
56,M,21.76774811235195,99.88620525709688,False,False,high,True,True,False,False,108.61556949201609,64.81933268848417,160.6712514793184,1,0
36,M,26.545794606053704,100.27822680674537,False,False,moderate,False,True,False,False,123.7735664429982,72.66606046705115,173.95902048100766,1,0
59,F,26.658282456411225,93.77053056885063,True,False,low,False,False,True,False,129.48745363648885,85.4066836884799,87.6867920971894,1,1
76,M,15.0,86.61279494075943,False,True,moderate,False,False,False,False,115.88585570999297,61.203589242407425,176.15884789233758,1,0
70,F,33.56932863702248,106.36541742631915,False,False,moderate,False,False,False,False,130.94896851457113,76.71899072808158,60.0,0,1
77,M,26.87849067596749,107.04925765397445,False,True,low,True,False,True,True,103.56324067963713,67.74086299510508,122.20856663264207,1,1
19,M,27.636133981038327,108.49765577853181,False,False,low,False,False,False,True,111.56257459673023,78.44772936543768,105.784319591295,0,1
46,M,23.854067990020923,110.65770051601135,False,True,low,False,True,False,False,132.98040229425075,67.82899298667203,65.19957706791817,0,1
31,M,16.1509092115149,89.95210996543629,False,False,moderate,False,False,False,True,115.5285995380747,89.58758438060252,103.25311881639425,0,1
75,F,27.53624927562608,91.47475195345712,True,False,low,False,True,False,False,149.46887073316802,72.3989037667847,110.92028121176294,1,1
62,M,21.956653872961013,99.05071575336723,False,False,low,False,False,False,True,126.43106895222132,85.31106389702607,70.36085085220975,0,1
38,M,26.94769262382503,101.01018065554472,False,False,low,True,True,False,False,103.31172846011697,61.57102148456797,135.6314310268639,1,0
53,M,23.51539518381772,105.01707872615839,False,True,moderate,False,False,True,False,96.89567733990684,74.64850281729163,88.14252644016597,1,0
56,F,25.571177206023698,91.67971475350437,True,True,high,True,False,True,False,134.55038093138526,63.92490454613067,99.42729269463548,1,1
49,M,21.0125162836584,96.48012879063347,False,False,low,False,False,False,False,112.28557477822932,91.12715031693497,162.6416626840567,1,1
47,F,28.389750242055193,105.7310682145674,False,False,high,False,True,False,False,136.66820699024728,69.48168865898998,89.09401134850707,0,1
21,F,19.152294322440476,85.44756485804272,True,False,moderate,False,False,False,False,113.35559813407151,77.04014117562686,60.0,0,0
46,F,34.60506241402636,106.33625577418663,False,False,high,False,False,False,False,125.8716644361025,81.87101790017788,103.19597026786421,0,0
39,F,34.57076885744156,113.81304719716348,False,False,moderate,True,True,False,False,116.63316998405848,69.78899032065392,115.8138633206979,1,0
69,F,31.847148134599298,112.84761873924238,False,False,moderate,False,False,False,True,126.08763744880105,64.79651622435665,103.55004835812359,0,1
72,M,30.239655435985295,121.34321761658997,False,False,moderate,False,True,False,False,133.66961712239933,80.04156835727376,142.11157910627804,1,1
65,F,24.119532387948617,93.74826011651793,False,False,moderate,False,False,False,False,122.30611529883855,56.74502359044081,126.0074433250755,1,0
19,F,29.74946017586244,106.95975882092799,False,False,high,False,False,False,False,132.57604716959702,92.75971446414827,91.01798984222519,0,1
70,M,24.067205757757424,96.08820405065715,False,False,high,False,False,False,False,94.822083602373,76.49651334387536,136.3770261180792,1,0
42,M,17.50917105989612,94.04422954937137,True,False,moderate,False,False,False,False,128.64994382471332,61.7842753461349,128.22516883708803,1,0
44,F,31.264406363138097,106.79672105616415,False,False,moderate,False,True,False,False,122.36820971290652,75.0889396723164,127.16708135754747,1,0
77,F,29.579710083151273,98.41230158775043,False,False,moderate,True,True,False,False,117.8061798630503,84.35576677864982,106.40962329406071,0,0
72,F,24.35897401555054,88.89146802890482,False,False,moderate,False,False,False,False,90.0,69.01230744938765,121.98884915435974,1,0
21,M,18.986670842009826,95.70629026798069,False,False,moderate,False,False,False,False,95.30199026558553,56.63801068476167,115.817928073526,1,0
40,M,21.86209695539462,93.4104903276845,False,False,moderate,False,True,False,False,125.63764354893712,76.64299352705282,101.49018793299993,0,0
65,F,16.304844868006207,77.74890651274022,True,False,low,False,True,False,False,127.65615563415943,86.37297237536193,128.77158018134583,1,1
51,M,28.752863836780897,111.76033973233004,False,False,high,False,False,False,False,128.5496329188141,80.56348986205516,131.48376733125778,1,0
34,F,17.285109649111188,84.97199316089552,False,False,low,False,False,False,False,121.8843003337761,82.43058607526609,131.499468745883,1,0
51,F,25.790738915660043,96.91245822431686,False,True,low,False,True,False,False,102.82289017634527,88.52394663379795,133.595556026477,1,1
72,M,20.703379934991403,94.0994450574564,True,True,low,False,True,False,False,105.55131064704912,95.41240299807475,60.0,0,1
32,F,18.079834497502354,85.45192754560175,False,False,low,False,False,False,False,90.0,55.0,143.65140528715722,1,0
65,M,25.572597919753573,109.84137859579755,False,False,moderate,False,False,False,False,123.993880504881,63.427872536665575,78.25686317471124,0,0
64,M,22.99790276609586,98.45249838141063,False,False,low,False,True,False,True,152.4908699571658,79.84671143117592,151.20375617159945,1,1
73,M,28.271850974414154,106.29958409093858,False,True,low,False,False,False,False,120.52964718843904,81.0476153452287,64.38308040457304,0,0
36,F,18.79577629072082,84.6533158884496,False,False,low,False,True,False,False,109.83629191039961,60.96269052854377,167.36779831921567,1,0
31,F,21.0920840953678,88.24267836039242,True,False,low,False,True,False,False,122.40987570512017,69.39599445324431,60.0,0,0
52,M,15.0,83.15514311818458,False,False,high,True,False,False,False,119.82920161538662,96.94272232313966,123.31383546359359,1,1
51,F,15.0,83.40660026866064,False,False,moderate,False,False,False,False,94.2192103077657,74.10526945920338,99.20153896678248,0,0
43,F,32.59186584490331,108.52260679412326,False,True,low,False,False,False,False,126.0666106830155,80.31357555072647,128.21936563621293,1,0
67,F,33.87619209844851,105.95837248104898,False,False,moderate,True,False,False,False,120.26230824072681,97.6991429084133,172.39137562457987,1,1
68,F,24.917267923507787,86.14300541869,True,False,moderate,False,True,False,False,119.270799028483,79.03597362249187,120.28207388015457,1,0
33,F,20.7927705534207,85.19268406195582,False,False,moderate,False,True,False,False,153.8127029171854,86.66114488504056,144.8852558163067,1,1
68,F,23.156979835294518,86.67320629036513,False,False,low,False,True,False,True,120.37962353981501,84.28145725050538,165.71101580986232,1,1
32,F,28.431083911188637,97.56824544845864,True,False,moderate,False,False,False,False,151.1614590836757,74.30467572950573,90.33380407800948,0,1
43,M,22.185249410800793,100.62946889560526,False,False,low,False,False,False,False,108.76588945904084,73.67607119305859,124.67047931020112,1,0
19,M,25.569352401687603,101.90260470734509,False,False,low,False,False,False,False,97.8383237556273,90.99769246576714,159.8824286686705,1,1
39,M,24.442597772834375,104.37768558089172,True,True,high,False,True,False,False,109.04258242164384,77.91137623646554,124.34611573937738,1,0
78,F,21.94034298462714,92.03687498373218,False,False,moderate,True,True,False,False,140.77245421377165,66.9026893698713,91.47279067514812,0,1
45,F,22.13213264303658,98.04808136211733,False,True,low,True,False,False,False,109.86284159822569,89.9054904140748,130.0273742975166,1,0
62,F,25.819943922584788,99.17246789209537,False,False,low,True,True,False,False,99.18265390727778,55.0,116.02060552573286,1,0
24,M,20.104003386256515,87.47645562288038,True,False,moderate,False,False,False,False,127.4444101320795,95.36121834119552,129.82510361713787,1,1
58,M,26.532782055305823,104.3900740483396,False,False,low,False,False,False,False,115.86423491694812,75.94791527392023,93.5047284366883,0,0
41,M,22.37789468157868,106.18043461576539,False,False,low,False,False,False,False,131.19134770747294,78.08778453147697,120.47717403204315,1,0
64,F,25.073152870917035,93.32120503026374,False,False,low,True,False,False,False,111.25427443098216,78.91328294842428,107.11745049528128,0,0
76,M,30.727831547758516,117.47214363103048,False,False,low,False,True,False,False,107.22696218739954,92.63758092769201,94.68291979087132,0,1
51,M,23.743135796478715,107.67050605973952,False,False,moderate,True,False,False,False,148.55014783208475,79.91589118997143,157.8419539218827,1,1
24,F,28.639119530863965,96.81802155149894,True,False,low,False,True,False,False,108.67750206657979,77.75044997141029,94.02083821677721,0,0
47,M,16.43585214852277,92.76697651823227,False,False,moderate,False,False,False,False,108.6324313100529,67.5243607004642,85.56502853283408,0,0
25,F,22.383366438617323,86.79179763699871,False,False,low,False,False,False,False,129.38680061096926,70.15006149287746,70.47331374425836,0,0
46,F,24.624598794842328,88.2653902792736,False,False,high,True,True,False,False,90.0,85.06275743466237,109.73590094417165,0,1
21,M,33.15498805642907,130.0,False,False,moderate,False,False,False,True,133.72463778317183,80.44950069278536,106.67043289995658,0,1
58,M,15.680215625330494,89.00978398184311,False,False,low,False,True,False,True,150.61552831888187,96.55827700596589,137.27472286770464,1,1
37,M,24.067055621482503,94.54962394863433,False,False,low,False,False,False,False,135.8439812427967,69.0368100683953,68.90261324028282,0,0
30,M,31.055099829123183,117.42426768415676,True,False,moderate,True,False,False,False,105.34254604139804,65.3073553435136,60.0,0,0
19,M,20.967408176299077,94.86189459738074,False,True,moderate,False,False,False,False,110.42734131297075,81.29760625588652,60.0,0,0
73,M,23.542225353084483,107.03598673127014,False,True,low,True,False,False,False,123.02949077725081,77.06041705107168,127.96224150237774,1,0
70,M,25.992825432749928,108.97886191251507,False,False,low,False,False,False,False,127.84253747709315,64.81626345719027,148.21078855415456,1,0
69,F,25.330288491752512,90.31269523864822,False,False,moderate,False,False,False,True,147.82349580230684,72.29080135754685,145.35794363679167,1,1
21,M,31.545967139544864,122.79254852423234,False,False,low,False,True,False,False,147.10241572833368,85.75244561902981,94.44690508500067,0,1
40,F,26.51813214532954,100.05159067166146,False,False,low,False,False,False,False,118.55612979221625,63.47737425659536,116.55331760818395,1,0
79,F,30.474978029813986,107.31674976388065,False,True,low,False,False,False,False,113.49925799818936,65.48685246608805,60.0,0,0
54,M,22.879962392105398,100.57575198354633,False,False,moderate,True,False,False,False,109.49408098764735,69.98918094421569,168.62629277646664,1,0
26,F,21.167635649373665,93.67396124297954,False,False,low,False,False,False,False,132.31159491131066,70.21520078409955,152.4886865577565,1,0
26,M,23.48424563141164,100.81458908545046,False,False,low,False,True,True,True,139.27845658690515,86.72350919478384,143.63852548015151,1,1
34,F,19.28403607984579,83.92154601523517,False,False,low,False,True,False,False,123.09241319442508,71.89267505341991,80.58153273303986,0,0
79,M,26.675802632945427,108.1633448523597,False,False,moderate,True,False,False,False,121.98051238171293,95.94538156412966,99.27555773789025,0,1
28,F,22.763548492601394,90.37947950499525,False,False,moderate,True,False,False,True,155.80904505269328,66.52674073593177,105.34462889875599,0,1
74,F,21.47694995010136,93.44251470920243,True,False,moderate,False,True,False,True,132.87987747389082,82.01330573384034,171.51030129218503,1,1
60,F,26.743962843294508,100.62463042396226,False,False,moderate,True,False,False,False,90.0,77.55863006481893,146.99986611300986,1,0
76,M,19.3532789991157,86.88030240122752,False,False,moderate,True,False,False,False,121.45161279527376,78.03528551177857,105.45586294542184,0,0
70,F,27.967259962351076,95.88270740005456,False,False,moderate,False,False,False,False,125.2235046587517,55.0,132.4608845292637,1,0
38,F,22.347481751788877,85.87081913762077,False,False,high,False,True,False,False,117.68897740652992,65.92832720354474,80.09076278142945,0,0
70,F,29.71593399842383,95.41730627097459,False,False,high,False,True,False,False,142.18808001758248,76.15835809177763,63.53105810459031,0,1
28,F,22.732680897966947,94.88954937032973,False,True,low,True,True,False,False,116.72354631172979,56.334821584951435,109.59197473985282,0,0
36,M,27.343593499510657,108.32923563887888,False,False,moderate,False,False,False,True,106.24526571849162,55.0,72.19255300171906,0,1
31,M,25.308030681978078,104.52085340568804,False,False,low,False,False,False,False,110.63716737396439,64.41828349402238,60.0,0,0
26,F,27.84755843171519,102.97272015220982,False,False,low,False,False,False,False,132.7919843830822,81.71051995827608,113.16438116914996,1,1
23,F,24.994761014664324,100.9301188942259,False,False,low,True,False,False,False,100.32170441307244,83.2494860087207,102.73353915338299,0,0
29,F,17.014711644455403,83.05686543185969,False,True,moderate,False,False,False,False,114.11259713373983,64.54066870821151,76.69680007535229,0,0
25,F,29.039570926589594,101.3620612228832,False,False,high,False,True,False,False,135.55511798329096,75.78510624781427,97.99039932396602,0,1
41,F,24.105426848939416,92.5859312473347,False,False,moderate,False,False,True,False,100.23437833582862,82.66065360276555,125.25529359214286,1,0
22,F,28.052822348096658,102.03475128577455,False,False,moderate,False,True,False,False,105.40367037896554,92.57588409322834,104.0989051802651,0,1
21,M,27.606109145909855,108.6821170296049,False,False,low,False,False,False,False,94.87847549120518,92.1479078502038,116.90124160385268,1,1
80,M,21.020165835448964,90.42730136012617,False,True,high,False,True,False,False,107.67115216399513,88.02413797690139,106.05206334034717,0,1
23,M,20.383420676711165,93.66357762181522,False,False,low,True,True,False,False,113.64073975205268,72.0679240587313,172.55161262791196,1,0
22,F,27.449097956520518,98.71374512560102,False,False,high,False,False,False,False,118.203817651553,77.45790711124536,158.52207539082656,1,0
19,F,23.13537936765269,85.6447888879532,True,False,low,False,False,False,False,107.3323451925075,78.78399979005808,116.06839428872075,0,0
26,F,28.713931757599237,104.53315636718516,False,False,low,False,False,True,False,115.88471979021412,75.61756830205323,83.3212950239295,1,0
51,M,23.698095757116395,102.93558149970346,False,False,moderate,False,False,False,False,137.67478806331684,62.857931780253104,92.3858146111306,0,1
70,F,29.1053439985173,104.04609296597097,False,False,low,False,True,False,False,127.34278129662756,93.85201768243681,66.80167417090105,0,1
64,F,26.404870178940957,100.27073888627734,False,False,low,False,True,False,True,156.150601822495,82.76067925886157,84.08763505313114,0,1
54,F,25.79588747171367,91.71169153677897,False,False,moderate,False,False,False,False,111.23184010936245,87.57016661305319,135.37894711638546,1,1
23,M,22.816949605668764,95.82236578127981,False,False,moderate,False,False,False,False,114.81289842353877,85.26541816462048,91.22256112870383,0,0
66,M,25.545924263276824,110.95626789406434,False,False,low,False,False,False,False,124.46676816992151,73.23225687036437,105.87683591276723,0,0
20,M,29.867837217287192,117.26107916452264,False,False,moderate,False,False,False,False,113.76844339310311,61.51035353872234,153.35046265656422,1,0
57,F,24.25603043601506,88.92879399588602,False,True,moderate,False,False,False,True,121.57458096232867,86.25843059017029,131.35576226086775,1,1
43,F,26.89028499657735,101.22797295337593,False,True,low,False,False,False,False,91.31708945175309,85.55056919583264,114.40866400685289,1,0
73,F,24.708620343123677,91.44309172670518,False,True,moderate,True,False,False,False,116.06887046055836,81.18639136188754,108.00290239161833,0,0
37,M,25.060718192354397,103.89962146685542,False,False,moderate,False,True,False,False,136.04359759615215,101.67681130670107,105.06795283098995,0,1
58,M,32.255348406222346,124.89914125874681,False,True,high,False,True,False,False,152.4587691784313,71.77110619999989,144.58993093759912,1,1
45,F,29.90778513967798,99.18598496035227,False,True,moderate,False,False,False,True,145.1806244166132,74.53874547025994,122.42657478735151,1,1
50,M,24.85731716838073,95.86628361770867,False,True,moderate,False,False,False,False,124.0140698208257,80.27340666064231,103.02124274988802,0,0
77,F,25.465043395712154,92.49330928073,False,True,moderate,True,False,False,False,129.69900213785607,72.5305333506992,67.41694811706449,0,0
62,M,21.34158273402064,96.08805667815876,False,False,moderate,False,False,False,False,127.2880052242553,75.41762410328396,128.8946281703459,1,0
44,F,23.721628041807712,93.68859816531608,False,False,moderate,False,False,False,True,113.13124440339251,89.35798525543349,123.98741465780063,1,1
46,F,25.892290043968767,86.0708297145141,False,False,moderate,False,True,False,False,106.65350588612712,70.87764804193772,60.0,0,0
62,F,28.327761153061076,101.85246800771607,True,True,low,True,False,False,False,125.97248426061576,71.62713469754628,106.59078983845262,0,0
39,M,27.871494036099136,111.24400994696035,False,False,high,True,False,False,False,120.2380784812777,84.35326963855493,123.7238762217286,1,0
28,F,19.508334248429705,91.88020536625075,False,False,moderate,False,False,True,False,135.42862265146204,63.48258518826402,102.85266803379395,1,0
47,F,28.89642228805384,102.81510705694954,False,False,moderate,False,True,False,False,90.0,77.09888108839358,175.49437638376492,1,0
22,F,24.10051844280101,96.58546088349368,False,False,moderate,False,False,False,False,119.22344856607171,76.52213006058138,165.44680506965807,1,0
28,M,20.05853889945108,102.08923385829887,False,False,low,False,True,False,False,141.347564657725,84.89321134388078,67.82876763946709,0,1
44,F,30.513731318443647,100.66169910623798,False,False,moderate,False,True,False,False,131.22230313423444,86.83624910335315,103.31213691989392,0,1
68,M,31.084755485320787,116.04415371547529,False,False,moderate,True,False,False,False,106.27175510357898,76.24156910059918,145.90914018671816,1,0
67,M,25.68686142053297,110.82822077371225,False,False,low,True,False,False,False,101.05541748345436,77.05490270684797,109.08039195584522,0,0
34,F,27.689571208573557,104.65535014255804,False,True,low,False,False,False,False,121.26170893997752,77.61296213337165,137.79048645939602,1,0
44,F,27.953521439349945,99.11235806806661,False,True,moderate,False,False,False,True,134.56294494689968,74.61247141083125,89.32224882773882,0,1
27,M,30.78097468765513,116.2305789450116,False,False,moderate,True,False,False,False,130.26066813952778,92.21180674319646,60.0,0,1
65,M,27.776308364442762,111.72747725507266,False,False,moderate,False,False,False,False,123.8474282128785,83.51943020099293,136.26306389344097,1,0
33,F,18.52540275152644,88.50084874089832,False,False,low,True,True,False,True,132.27282604629733,91.92845419581423,100.37133289739414,0,1
68,F,33.54413487037007,108.0015864155404,False,False,moderate,True,True,True,False,126.11936293019731,68.35540185538468,202.2379970585718,1,0
71,M,29.295456002660192,121.39250413081388,False,False,low,False,False,False,False,131.58956991215325,91.76323964076434,144.90625696866763,1,1
61,F,22.20714107627256,94.77217599890727,False,True,moderate,False,False,False,False,136.9986113283881,79.31474078317694,74.89870211209129,0,1
38,F,19.866687174391657,83.12764672356448,False,False,moderate,False,False,False,False,114.88205514482654,85.5260665940324,135.57205735136034,1,0
78,F,26.771660436818376,88.89395150520009,False,False,moderate,True,False,False,True,107.82697234918564,57.00085909515323,109.52840169092232,0,1
61,M,23.247829827345893,95.92441700866772,False,False,high,False,False,False,False,133.66249403813208,95.8899784656062,130.39866602796008,1,1
58,F,25.984979092995317,97.54432290297787,False,False,low,False,False,False,False,113.82788996664597,82.84532002138826,86.67992271220449,0,0
71,F,27.845330785752186,98.55448317585115,False,True,moderate,False,False,False,False,90.85712823671071,98.50126980267117,122.92346777398703,1,1
73,F,21.95101150401442,83.87989992608533,True,True,moderate,False,True,True,False,144.83821537957454,90.23002616181016,149.0736393637854,1,1
22,F,19.47751403292048,90.22826057807897,False,False,moderate,False,False,False,False,126.06475782696639,55.47992872232861,140.7842838577414,1,0
73,M,26.2361831054239,103.13702213517114,False,False,moderate,True,False,False,False,125.35077922499676,94.73743020597325,150.30666963864297,1,1
66,M,22.09975465125362,105.66359002621537,True,False,high,False,False,False,False,119.04161871408054,80.05578339632163,221.04959998380698,1,0
31,M,25.157431035795792,109.64391188233533,False,True,moderate,True,False,False,True,135.39527419823,85.06108577170775,95.66151476101416,0,1
37,M,18.45503103366981,99.56327798899127,False,False,low,True,False,False,True,101.46849179044371,83.9610889875957,175.18993614139657,1,1
65,M,23.36517773986413,103.0051785880279,True,False,low,False,False,False,False,122.05677413083002,76.9141233576873,122.3474572610498,1,0
31,M,27.717283509679984,109.7481780443012,False,False,high,False,True,False,False,126.51644191515322,73.55092961180468,98.44988191143598,0,0
46,F,27.226696284410586,103.12395497653957,True,False,low,False,False,False,False,130.81606632792676,85.76202815638288,111.74401883359963,1,1
61,F,20.95238913107029,91.40887590976428,True,False,moderate,False,True,False,False,94.66388025599916,68.845711165823,143.59910549320946,1,0
58,F,19.242810338068768,87.84101517527813,False,False,high,False,True,False,False,131.50159202503076,78.31077711493849,99.11109032095479,0,1
75,F,24.570936603883066,87.36381350713124,False,False,moderate,False,True,False,False,115.30131874843374,93.42033524272505,60.0,0,1
25,M,27.02464758658734,102.80022838709752,False,True,low,False,False,False,False,111.57522066960392,64.58571873343878,141.39098272508303,1,0
36,M,26.32328813086648,107.89174065491595,False,True,moderate,False,True,False,False,97.01541614886361,75.81196131666914,119.9618200114496,1,0
80,M,22.195280700374106,98.1876376937002,False,False,low,False,True,False,False,157.72131126528402,90.84913709887593,93.83389667344801,0,1
53,M,25.840209991189717,105.54216932806828,False,False,high,False,False,False,False,119.94961032287428,69.00088034147593,67.86665837294728,0,0
33,M,31.260599620741978,117.72421909993537,False,True,moderate,False,False,False,False,125.93062652203523,57.01074776271301,126.23816207546463,1,0
36,F,25.423151092890624,95.49312901380094,False,False,moderate,True,False,False,False,105.17081210431847,56.199561475532796,157.18361863737806,1,0
39,F,17.15083428881621,83.43537263613436,False,False,low,True,False,False,False,97.52983744052388,72.82808873355583,80.61779328368311,0,0
52,F,25.41440152145289,99.26620746428077,False,False,low,False,False,False,False,135.03405263380319,96.52609713441963,121.86984922819572,1,1
35,M,33.69780637045674,117.59572068138289,False,False,moderate,False,False,False,False,100.40039355192114,69.609822881896,189.47077731920896,1,0
57,F,18.70674134097982,76.09229689021718,False,False,moderate,True,False,False,False,142.85733711806122,74.8323738491459,145.20772495228462,1,1
46,F,24.6337609782306,94.56661160853224,False,False,moderate,False,False,False,False,150.8084938838461,78.58393099499088,112.16658732476849,1,1
56,M,23.481490551355396,101.48088186117893,False,False,high,False,False,False,True,109.59273918452658,90.16725420404188,108.64574095585876,0,1
27,M,24.931473316737787,107.22013859763804,False,False,low,False,False,False,False,114.62054044641002,87.42718895851225,95.6300024579859,0,0
57,F,25.374134689191973,97.96744659703813,False,False,low,False,True,False,False,90.0,76.31250625816035,114.88754880515525,1,0
76,M,29.62987393728316,109.1063450907767,False,False,moderate,False,True,False,False,94.11169392177743,84.5941167951419,97.84171700779363,0,0
26,F,24.88152478880365,92.32016665706188,False,False,moderate,False,False,False,False,132.11022783807923,89.67059114360453,102.99111606141943,0,0
38,M,30.247668007454212,118.22345163932573,False,False,moderate,False,False,False,False,142.072246206765,59.89982438768413,108.31696019899493,0,1
61,M,23.97054953546083,99.54224656139067,False,False,low,False,True,False,False,109.49158305118584,73.85520281475468,60.0,0,0
56,F,22.924384517114152,86.97613519372521,False,False,low,False,False,False,True,111.91220544089434,64.79256761376685,107.52677082072799,0,1
60,M,21.488676576326274,99.9873714877724,False,False,moderate,False,True,False,False,96.70105801597349,70.00738679802134,207.66014700782262,1,0
53,M,16.32310836895931,88.75577385242578,False,False,high,False,False,False,False,103.91695241121033,85.1509657999286,64.74377063059133,0,1
61,M,25.74101635366628,107.76614961451655,True,False,high,False,False,False,False,143.25827657981733,64.79693293483346,167.1569777790004,1,1
56,M,33.74300129812329,120.63431915411984,False,False,moderate,False,False,True,False,126.96057355774248,103.40374745594002,150.4203249151742,1,1
22,F,26.562059647786377,96.94195749573925,False,True,moderate,False,False,False,False,93.27786754548859,85.24927753298476,136.4092179744346,1,0
65,M,27.590363093727557,110.41191566123427,False,False,moderate,True,False,False,False,131.06386108554696,71.56928779640812,95.3572280586112,0,1
46,M,22.641359037434952,99.4047420582941,False,False,moderate,False,False,False,False,159.9389507066549,76.55347550954261,146.3840803767578,1,1
21,F,23.400499739268483,93.34916155634502,False,False,low,False,False,False,False,115.69568382311871,63.829385435940175,178.68189697302356,1,0
43,F,28.93088669749968,98.80569224338623,False,False,low,True,False,False,False,111.338566874415,61.78002312903294,152.66923145993576,1,0
45,M,33.53912138130419,118.8757973728006,False,False,high,False,False,False,False,131.30575039058334,73.760321446771,123.74222369369821,1,1
23,F,31.195765711085688,105.59935630537649,False,False,high,False,True,False,True,138.1028477338238,92.39384164099013,115.78921556355687,1,1
80,M,28.1236008337761,112.54918174989986,False,False,moderate,True,True,False,False,135.14556418962408,62.52444921003175,92.8126605919598,0,1
32,F,24.65817760725729,97.65540533740696,False,False,low,False,True,False,False,116.92639102606906,91.56326660239874,118.98115260784614,1,1
38,F,25.443735114202955,98.07890631143323,False,False,moderate,False,False,False,False,115.27172800138194,75.95739225940748,134.41976182583454,1,0
45,F,21.109217062572856,85.71428947474102,False,True,low,False,True,False,True,94.41151166277766,80.62520892262484,116.91347911798145,1,1
70,M,17.983246154138044,93.02441446696083,False,True,low,False,False,False,False,102.32367826443716,78.80340921830614,112.80338713770587,1,0
64,M,19.429407390080264,94.4204905550919,False,False,moderate,True,False,False,False,127.77135636207568,86.51902255188466,113.28303267537459,1,1
66,F,24.72410015534872,88.14130902535125,False,False,moderate,False,False,True,False,113.44703895346628,90.0743801738093,179.7716810943926,1,1
32,F,23.186034823579952,89.70875504793977,False,False,low,False,False,False,False,125.94271805544878,75.63986620801758,121.77326951184097,0,0
71,M,17.88751232876142,90.90682404193434,False,False,moderate,False,False,True,False,118.18205625387162,83.60829201097252,123.0784262960025,1,0
70,M,24.332044794276186,98.84834004937716,False,False,moderate,False,True,False,False,122.98836715631907,92.3083343457097,60.0,0,1
47,M,23.06706353990325,104.42763868112387,False,True,low,False,False,False,False,122.31024302194201,86.95491751089911,149.44012859829144,1,0
52,F,19.22218015122164,89.38618670206753,False,False,low,False,False,False,False,133.93780730160682,73.45516077178942,136.17612541966056,1,1
20,M,22.834194452209683,99.22140768707214,False,True,moderate,False,True,False,False,135.57913013984341,75.85406746936195,134.51967081531473,1,1
65,F,23.05571149677645,90.38234484319368,False,False,high,False,True,True,False,121.72532905047333,67.14832518157813,136.88487571443525,1,0
78,F,21.7251328703399,96.33767939960914,False,False,high,False,False,False,False,118.73165335374827,97.99519272691914,82.40248478061606,0,1
47,F,28.670015741491728,93.14770497458346,False,False,low,True,True,True,False,121.42588914262627,81.3712253218688,105.45534906410546,1,0
52,M,15.936942970580096,79.71351628263513,False,False,moderate,False,True,True,False,109.45566799044747,62.56242637882485,177.28640174532944,1,0
49,F,15.56390454180063,75.61627147583042,False,False,high,False,False,False,False,139.3801823715908,68.76202576121612,66.58022866522765,0,0
23,F,24.514786030020915,93.44206403101715,False,False,low,False,False,False,False,113.00687168193281,76.31074322276167,68.70763246003109,0,0
57,M,24.932572352265378,108.2951813699872,False,True,moderate,True,True,False,True,119.44228648133831,92.76276619685318,64.18880351918577,0,1
63,F,26.31896811208538,99.51897073169694,False,False,moderate,False,False,False,False,124.81940747659078,75.89899995869574,109.15520692725873,0,0
76,F,22.074619212744075,91.34147337802855,False,False,moderate,True,False,False,False,126.96042891814623,84.64347811387677,171.42610334275741,1,0
76,F,20.369342877084506,82.3684783156941,False,False,low,False,True,False,True,126.30257598975743,70.13926998360505,125.33725318390616,1,1
48,F,24.467077402872736,91.79467555188002,False,False,low,True,False,False,False,119.81338222366014,85.08788210251052,153.65619875864164,1,0
78,M,22.512898390934016,106.9201817399927,False,False,low,False,False,False,False,148.31712985132867,92.31329749438387,60.0,0,1
51,F,31.479821320950624,108.32523764967706,False,False,moderate,False,False,False,True,123.20445067749111,86.6867012542808,86.1519715732859,0,1
58,F,23.040977375336638,101.59738893925834,False,False,low,False,False,False,True,117.97955880606902,55.0,91.73459997838877,0,1
55,M,24.26066681727315,103.34955329466567,False,True,moderate,False,False,True,False,150.76087674161184,76.32170438343218,171.6562973219483,1,1
80,F,35.63938162819074,107.97301092290724,False,False,moderate,False,True,False,False,109.55637169262909,66.36515221164821,120.61738035661664,1,0
64,M,23.62357897971191,104.6623153872431,False,False,low,True,False,False,False,150.71763405647974,85.38374129245253,113.87820402608203,1,1
25,F,27.00270589339591,98.9282342095687,False,False,low,True,True,False,False,90.07362629334983,78.77270519475375,122.44758475498698,1,0
22,F,27.408392450238587,96.77586443900765,False,False,low,True,False,False,False,115.57252171913538,96.82833683090033,107.30396010777889,0,1
43,M,27.791307396731966,113.90885266792776,False,False,high,False,True,False,False,95.28449388265523,74.3440518891875,185.23930803780098,1,0
50,M,25.802692694350636,106.10238109417327,False,False,low,True,True,False,False,100.20601434952168,78.80112015003232,183.84492556748563,1,0
60,M,25.372283574847295,116.17567077609465,False,False,moderate,False,True,False,False,129.24564350035786,76.64493167982465,154.83574944911993,1,0
48,F,24.951504304267022,93.01685719710535,False,False,moderate,False,False,False,False,126.56835550714017,85.90586271318979,150.88744464990364,1,0
50,M,21.90802743994802,103.44449228008543,False,False,low,False,False,False,False,112.26686313962841,67.31242515423868,97.74962885210712,0,0
76,F,25.96483461277671,102.40662713654874,False,False,high,True,False,False,False,148.13923756535553,66.99875413351604,132.03537413928058,1,1
39,M,33.62890626841067,117.73272158434698,False,False,moderate,False,False,False,False,140.14978596060925,71.80375365546844,60.0,0,1
49,F,29.948068590336007,104.00778685895293,False,False,moderate,False,False,False,False,121.17464843121506,84.43239715024718,100.59090820446636,0,0
53,F,25.867631100010865,99.56389607604318,False,True,low,False,False,True,False,93.06263840106304,89.43022077351601,61.2702468463159,1,1
47,M,28.351234091476954,111.61137291507548,False,False,low,False,False,False,True,137.34177466520123,76.97671577480114,133.15567654511668,1,1
78,F,20.588708410712066,81.48516423505859,False,False,low,False,True,False,False,114.27702597204919,84.50701730517956,112.09068629782396,1,0
78,F,23.327695306101266,97.72589899896734,False,False,moderate,True,False,False,False,126.6754851752884,83.58755882803149,142.4953977687154,1,0
50,M,28.765324298828247,114.40157835853924,False,False,high,False,False,True,False,134.76326802765755,77.36726689045787,138.56356105492722,1,1
46,M,31.192252370561864,117.29524164334163,False,False,moderate,False,False,True,False,115.58002684770979,77.10579651522876,155.01010428659922,1,0
55,F,21.0311022255708,87.4078320321416,False,False,low,False,True,False,False,142.4604469998679,86.38784177091622,88.83935891357388,0,1
29,M,22.323852607595793,101.62650214590873,False,False,low,True,False,False,False,115.92790327858427,99.07179445396919,60.0,0,1
44,M,34.316191072453414,120.13227310191915,False,False,low,True,False,False,False,130.62092896665376,88.86819915732136,183.6159865950178,1,1
31,F,24.933175623960377,95.55288334264588,False,False,low,False,False,False,False,134.08265241464375,91.23154236563445,96.62521687370418,0,1
27,F,32.7051288771517,104.93927417178674,False,False,low,False,True,False,False,136.5969867355348,100.43017000908607,114.06658527097626,1,1
23,M,25.430857927741066,103.91873155666073,False,False,high,True,True,False,False,149.90737941551473,70.32116315831574,153.1723456429926,1,1
54,M,25.60781127046446,114.81617853100883,True,False,moderate,False,False,False,False,108.84509364387195,85.71594119246345,105.41382808159278,0,1
18,M,23.12529100553046,105.27300672532918,False,False,low,False,False,False,False,103.8746671202365,94.0190351422444,75.6312705741334,0,1
58,F,28.74149813679603,100.13986444538293,False,True,low,False,False,False,False,116.85767496500222,88.3311774437447,189.74323450363798,1,1
45,M,30.609998976367997,123.24318216650576,False,False,moderate,False,False,True,False,170.69808868282087,71.41026519336435,96.46199639108838,1,1
41,F,19.8424899643661,80.86901460237489,False,False,low,False,True,True,False,143.6091975172625,69.23511915793337,180.37019052854313,1,1
66,F,22.913972515008034,100.43572956831211,False,False,high,True,True,False,False,113.19829446973858,95.96354967221343,128.66023525833032,1,1
51,F,28.61785335968399,103.43699736155892,False,False,moderate,False,False,True,False,116.43671548043044,82.57260655415651,151.0637117997674,1,0
64,F,23.917031129970525,90.49757012323369,False,False,moderate,True,True,False,False,121.75811691667158,81.3613018439844,150.38869223503215,1,0
62,F,22.279765391600556,97.42024498362943,False,False,moderate,False,False,False,False,126.36792020371028,78.21443485099758,101.48003370083049,0,0
20,M,29.042939692412308,109.9839560424735,True,False,low,False,False,False,False,132.25875443248054,94.61084572756309,136.93642675342807,1,1
31,M,29.465539421206298,113.85829127634788,False,False,low,False,True,False,False,132.92623956165778,88.7153232520912,185.02936685832384,1,1
53,M,22.476610591975376,101.93809779861745,True,False,moderate,False,False,False,False,141.14704290079254,75.95354011162289,162.18932680904058,1,1
79,F,25.455649375945754,95.19973962087172,False,False,low,False,False,False,False,154.04583054245808,88.02562982394967,156.4775281169478,1,1
27,F,19.061863418430953,81.21864108548168,False,False,low,False,False,False,False,119.86333273310673,79.96016198454228,140.11460276383397,1,0
24,M,20.470335902845854,101.10713011566432,False,False,high,False,False,False,False,118.58051268757416,87.59025727060637,112.55361807803847,1,0
77,M,25.05874354460021,106.31168210161653,False,False,moderate,False,True,True,False,116.17172678037196,92.9182556903754,86.12951920890758,1,1
78,F,24.641330544109294,88.9330854372857,False,True,low,False,False,False,False,117.5706108644724,91.60008108096125,171.91081568184086,1,1
28,F,20.149057587212145,88.41049433143517,True,False,high,False,True,True,False,127.90289258897393,59.01679867076527,96.19983600696175,1,0
43,M,21.278117338734912,105.64416719984372,False,False,low,False,True,False,False,132.16943574687375,83.65027164800446,99.04853463673223,0,1
57,F,19.70730033519998,88.13256149340205,False,False,high,False,False,False,False,149.6189023576996,94.25905213880945,116.7494019976393,1,1
30,F,26.54776935610945,97.17396555065476,True,False,moderate,True,False,False,False,110.6562412227641,70.09300560390734,64.87928199195068,0,0
38,F,15.64562361488645,77.36059074551329,True,False,moderate,True,False,False,False,127.737912034702,99.8817369185737,103.10642574326019,0,1
42,M,19.947902466979116,90.1704749444226,False,True,moderate,True,False,True,False,108.54939576801775,84.82764785384062,89.72725248257642,1,0
58,F,16.116763034754555,76.07914040741515,False,True,low,True,True,False,False,128.4779616526756,88.54324021951447,65.87576375919706,0,1
37,F,26.38559271736091,98.18811559215796,True,False,high,False,True,False,False,164.76149507378895,88.53332223059846,72.19436074657676,0,1
43,F,16.387699024753843,81.3223813718194,False,False,low,False,False,False,True,119.81124300213447,63.21103789252129,114.9145273226374,0,1
36,M,24.64278139340993,105.7615824163211,False,True,high,False,False,False,False,161.23968456184326,88.94959329647476,151.6708515371875,1,1
65,F,31.877858070863404,103.67357786910588,False,False,low,True,False,False,False,108.60876845041453,83.42493674067708,112.63183542793304,1,0
27,F,32.03045291571906,104.25778141757802,False,False,low,False,True,False,False,114.6354148878582,73.07234830061212,77.51168132070414,0,0
32,M,16.373415938695306,91.9227240310812,False,False,low,True,False,False,True,116.51802733734056,95.85859359804395,92.73695980484813,0,1
33,F,25.8428432073393,98.09768623014452,False,False,low,True,True,False,False,124.7977152795489,57.157003073935144,127.77163816242602,1,0
75,M,20.049629166287954,91.66066210833213,False,False,moderate,False,True,False,True,119.53404031235773,71.26211282306133,155.93199187248243,1,1
77,F,19.13088783930384,82.16112463380674,True,False,moderate,False,False,False,False,134.22347093153246,93.98765225779874,149.36505267777048,1,1
49,F,23.989385205244666,90.31575126168235,False,False,high,True,False,False,False,90.0,89.09930154129873,124.22465987921957,1,0
27,F,30.027310206199065,105.19211831577014,False,False,moderate,True,False,False,False,106.32236206235116,72.08609481069871,168.85751837365746,1,0
65,M,27.198464933991612,106.60217356927622,False,False,moderate,False,False,True,True,152.31153593321437,70.16673127535726,97.28701986176469,1,1
49,M,21.281865821827036,102.84700020879744,False,False,low,False,False,False,False,99.47821427123525,76.21932204370775,74.67410202809391,0,0
71,F,27.67265298834501,102.86169048342155,False,True,moderate,True,False,False,True,116.29398231277807,82.30893865316924,105.81989553765953,0,1
40,M,15.0,83.7355981009378,True,False,high,False,False,True,False,131.79998416829676,74.22117419862106,159.97411982231026,1,0
80,F,21.111743907050418,92.6005705952179,False,False,low,False,True,False,False,121.27229443840153,78.15334474730237,140.3281144307782,1,0
68,F,20.792488048844373,86.83055761691435,False,True,low,False,False,False,False,108.40214730246387,80.1195434468576,154.00939090893212,1,0
32,F,24.852443112825192,94.75940538293378,False,False,low,False,False,False,False,129.12172805873263,75.55554991928476,112.74885354845405,1,0
63,F,23.58727416353,93.36483574939287,False,False,low,False,False,True,False,135.3734417266736,74.39526820040348,120.97907083961118,1,1
36,M,23.863380078710517,101.89263064921744,False,False,moderate,True,False,False,False,112.44854295236308,66.45566414145654,108.51981480034962,0,0
40,F,23.713762114522375,98.16551068807688,False,False,low,True,True,False,False,128.51838055239395,79.10892328106719,85.86390236342018,0,0
33,M,24.60083258445089,102.67438050116984,False,False,high,True,True,False,False,135.7725636949658,78.89054673462098,117.29082283254648,1,1
60,F,26.93058935131201,95.57366748235766,False,True,low,True,False,False,False,139.28740428165926,69.09342079662491,108.29015739445846,0,1
34,F,25.171989617460724,91.32786511040429,True,False,low,False,False,False,False,127.92108285548355,82.50232740722373,99.2019146185883,0,0
58,F,23.220416825279486,95.19583277269082,False,True,low,True,True,False,False,149.35151120930024,92.3494876643391,137.32629280172094,1,1
54,M,26.30786725912152,104.30509836536321,False,False,low,False,False,False,False,122.75718915967234,80.09533822556884,120.63273380247031,1,0
65,F,28.217555946437436,104.79936444277484,False,False,moderate,False,False,False,False,106.27154525639205,84.11994166864554,163.44690227790898,1,0
80,F,21.99788349174817,90.24881061613075,False,True,high,False,False,False,False,118.50427730333314,90.25510725945877,85.8282399338154,0,1
18,F,24.232687711972957,96.68353451865335,False,False,moderate,False,True,False,False,141.3930091853288,79.01137171790288,101.92064528486549,0,1
80,F,29.728579533709638,105.54727786627593,False,False,low,False,True,False,False,107.70501396168704,89.20801684016276,60.0,0,1
24,F,19.537576952296895,86.85589428919265,False,False,moderate,False,False,False,False,90.0,55.0,81.44583081258418,0,0
51,F,32.62115988315175,107.9633503119908,False,True,moderate,False,False,False,False,129.35585169768842,71.59982518945846,138.1664092502332,1,0
39,F,18.47380261367191,84.95086552908627,False,False,moderate,True,False,False,True,114.89781400356551,67.26665755909085,144.62539093599872,1,1
58,F,22.945859249578685,88.56098866621028,False,False,moderate,False,True,False,False,157.96985750766618,94.89738664638091,140.40571954358842,1,1
63,F,20.224145014057946,84.6144222722689,False,False,moderate,False,True,False,False,126.26369253258648,86.33374663052457,161.5871103172131,1,1
72,M,34.3456714859122,121.39455016410292,False,False,low,False,True,False,False,141.7947547163712,66.08315048465032,135.21281295047768,1,1
43,M,22.234924870187818,90.18345044636126,False,True,low,False,False,False,False,114.15185556932678,68.64422309659395,118.45900451899878,1,0
76,M,22.2462147956216,93.59814448013753,False,False,high,True,False,True,False,131.50260612624174,64.2940422968924,139.68623673983288,1,1
38,F,22.831630670270364,91.36831558108234,False,False,low,False,True,False,False,127.94433016049096,82.97715641680522,89.78793686768165,0,0
30,F,24.930212635522775,97.93619675957125,False,False,low,False,False,False,True,144.07112175943547,81.5079412498333,60.0,0,1
41,M,23.0220119949297,104.69614385260644,False,False,low,False,True,False,False,125.06160153890197,74.72618972632647,102.67905410205519,0,0
51,M,23.902009379199203,97.78353303624276,False,True,low,False,False,True,True,113.62171637514751,69.73055569594248,106.84264830233712,1,1
60,F,15.0,84.673861833239,False,False,high,False,False,False,False,138.61796541464557,79.02995019835816,120.37609334569595,1,1
70,M,24.757219262008224,102.71488869906085,False,False,low,False,False,False,False,110.57270267353964,107.71819023288005,88.55965097448771,0,1
32,M,24.580129796689903,109.0632059676396,False,False,moderate,False,True,False,False,108.92251709129675,75.15055772216905,95.4516025641865,0,0
37,M,29.173559588355772,110.07945226296182,False,False,high,True,False,False,False,121.29514483180061,91.9516703898819,144.12081103374948,1,1
77,F,30.39077426725731,109.15377258041529,False,True,low,False,False,True,False,116.78195646112042,76.07498380770089,73.90818253393684,1,0
45,M,23.65531372373691,103.36238921281729,False,False,low,False,True,False,False,122.26753402364588,90.02278423671812,113.19558129288141,1,1
33,M,28.1730308675328,114.32460950334816,False,True,low,False,True,False,False,111.31296039414923,85.99139715473142,94.95000846548018,0,1
80,F,19.542940487998372,78.28188899038288,True,False,low,False,False,False,False,139.91972767515873,78.9922759417114,60.0,0,1
46,M,27.95304054213247,110.18171252436026,False,False,low,False,False,False,False,139.68814473811238,86.38108327822336,102.42959213760933,0,1
80,M,21.923858903894406,92.67776797658121,True,False,moderate,False,False,False,False,135.2902708040774,92.53290564481536,85.31631158245317,0,1
75,F,19.168861393414755,90.67847831449797,False,False,low,False,True,False,False,133.7096954296334,80.09123215693984,102.03240933465338,0,1
75,F,23.664850948081774,98.58227629286378,True,True,moderate,False,True,False,False,92.43126326295607,77.35528659238622,119.54405931890363,1,0
54,M,30.802126012390005,116.58786375491313,True,False,high,False,False,False,False,123.86080002868852,86.66359696545211,60.0,0,1
68,M,25.31452491528881,102.61592426663663,False,False,low,False,True,False,True,135.7249067882427,97.28510812195393,152.86172434390767,1,1
78,M,31.23419666455271,120.78515846982933,True,False,low,False,True,False,False,143.45107450363446,64.05021685300417,221.96233410694146,1,1
34,F,21.13070278782888,90.94496906779145,False,True,low,False,True,False,False,118.73775432215345,65.40476858455946,83.71886680370022,0,0
20,F,29.215329970465955,98.57486751104327,False,False,low,False,False,False,False,142.85616299063457,94.90595416518353,96.13072283392248,0,1
38,M,21.565279832433745,96.98459234341401,False,False,low,False,False,False,False,126.91775492654875,73.38905501420153,88.01071757816352,0,0
58,F,25.513979021701413,89.00413068531456,False,False,moderate,True,False,False,False,90.0,93.03488599007336,78.84698515771277,0,1
52,F,25.47507272896737,98.02766281592648,True,False,low,False,False,False,False,120.41255149654938,71.93336229394083,186.47051140611597,1,0
23,M,27.476712802658778,113.65190926704342,False,False,low,True,False,False,True,108.55764986091656,74.18986703818564,105.83936568832782,0,1
53,M,25.628332789600975,101.9646511424281,False,False,low,True,True,False,False,112.20596847256263,90.78362879599028,141.0578352844914,1,1
28,F,21.17366957980182,85.17740623046396,False,False,moderate,False,True,False,False,138.8325615073845,87.41586526517838,157.91808022410171,1,1
49,F,28.46138128441654,92.2911048452942,False,False,low,False,True,True,False,126.75946268016915,66.86744533283988,153.33630592152016,1,0
54,F,32.292454674464274,104.5422127348521,False,False,moderate,False,False,False,False,113.70543575940223,85.90778766185805,155.97341920996593,1,1
58,M,21.872884599847467,98.67518495538322,False,False,moderate,False,False,False,True,111.17401052242647,71.9941408576053,70.66527333162772,0,1
43,M,16.241455655997356,87.27664253576717,False,False,low,True,False,False,False,129.00877276492366,84.13751434897883,148.684341211882,1,0
43,M,26.74693805759205,106.68821013365186,False,False,moderate,True,False,False,True,119.05025199462986,80.01646608832154,103.20516908226196,0,1
60,M,23.00968822676533,98.24129806147731,False,False,low,False,True,False,False,133.14540618036472,77.46430610957765,174.24777995657297,1,1
65,M,23.910037148201166,102.31870971915647,True,False,moderate,True,False,False,False,108.77880225756942,72.56147808887329,85.82801670881814,0,0
68,M,27.002799900789554,113.05790215675619,False,False,low,True,False,False,False,115.91084866723959,60.971207627659965,74.9026773714935,0,0
39,F,22.446234065784807,81.96317309651702,True,False,moderate,False,False,False,False,104.08701251139334,72.41120476954727,114.85710890273177,0,0
44,F,23.29016612895348,100.64545051804835,False,False,moderate,False,False,False,False,113.1439108123647,86.99304566233424,137.32311401698408,1,0
38,F,24.04946217378536,92.91486937086518,False,False,moderate,False,False,False,False,156.84443004411125,84.37215784227772,60.0,0,1
51,F,31.113892720932572,93.60422545589608,True,False,moderate,True,False,False,False,110.21674408818934,70.19454455422641,100.46032803257947,0,0
26,M,24.63531321851112,102.22805967673644,False,False,low,False,False,False,False,114.42503333140466,91.53053074992903,76.26038039079783,0,1
45,F,18.93946888633268,81.80050128578883,False,False,moderate,False,False,False,False,108.81483065624539,83.41294104581513,146.96796619848084,1,0
29,M,19.118546834864983,90.47649679528159,False,False,low,False,True,False,True,119.06791115757532,86.23364515890951,94.83461004690326,0,1
51,F,25.126534647468205,93.74388985275377,False,False,low,False,False,False,False,120.84182619893281,68.05225801050216,154.05088232259538,1,0
71,F,19.417573996890596,83.41764978172259,False,False,low,False,False,False,False,141.49301271174903,99.34552859207783,89.55389449720681,0,1
80,M,17.469634308841275,83.96493787581718,False,False,moderate,False,True,False,False,115.50902749750543,84.80549258382527,125.26188375193739,1,0
46,F,27.359911959203046,94.14112732672949,False,False,moderate,False,False,False,False,123.82725045447029,96.45386845550628,66.29261879085682,0,1
21,F,27.5802428129089,102.41554619638659,False,False,high,False,False,False,False,92.0145916597981,72.635080880559,110.80142070759595,1,0
32,M,22.84338559747766,101.07141202214312,False,False,moderate,False,False,False,False,108.16370946723458,59.45812916542667,76.27503509861742,0,0
24,M,25.82146681018269,110.93875875585168,False,False,moderate,True,True,False,True,139.37163451387727,69.19633065549873,168.10006764497103,1,1
65,F,25.346547398879753,95.4839292380785,False,True,high,False,True,False,False,108.30702777953373,91.05143710655723,152.19444702333567,1,1
80,M,27.210887236860884,109.35371416212243,False,False,low,True,False,False,False,134.2817334826751,67.17342154216084,122.18512544004324,1,1
52,F,27.221374567729097,98.83828210171225,False,False,moderate,False,False,False,False,107.18981908679903,96.01901266054175,150.44703375300423,1,1
29,M,15.0,88.59585060042653,False,False,low,False,False,False,False,119.23305959609522,71.64352786746501,97.10949459882667,0,0
19,F,23.417754686829227,91.59081306007147,True,False,low,False,False,False,False,149.43827452417312,83.88097024968175,136.01500327510576,1,1
79,M,26.830568846801597,100.5959185085193,False,True,high,False,False,False,False,133.92096558074923,82.19572223603106,111.8263334210965,1,1
37,M,22.652945340324436,107.28127092091246,False,False,low,False,True,False,False,90.76539242915199,76.2027070592941,132.64961558727572,1,0
25,F,24.66291187666922,90.24410144630843,False,False,high,True,False,False,False,173.5418125378929,76.26921466771091,118.92352487057391,1,1
29,M,27.878149917551347,115.7117534972635,False,False,high,False,True,False,False,105.38222340231785,68.7731620929583,112.65492791131645,1,0
34,F,24.864163549634732,93.95207664009727,False,True,high,False,False,False,False,151.86049593545107,101.16174440729893,60.0,0,1
59,M,31.2856373775569,112.41009613861299,False,False,moderate,False,False,False,False,114.86026055031877,85.29940196901981,92.02206109044675,0,1
74,M,29.571438135265044,114.4765820907529,False,False,moderate,False,False,True,False,102.33905887066655,61.73309942884092,178.13720184899705,1,0
35,F,23.966461311628546,101.23007062009302,False,False,moderate,False,True,False,True,114.78203279586394,64.67535110232524,110.59420927992706,1,1
61,M,23.608792231738494,108.63843634058438,False,False,moderate,False,True,False,False,111.54691570337025,85.43802537684581,89.67146093207418,0,1
22,M,15.0,84.94914777546221,False,False,high,False,False,False,False,113.2293623880367,79.47463111339324,116.37921975099407,0,0
18,F,23.030740113992632,88.95675671590972,True,False,low,False,False,False,False,122.95590826538334,59.61868807879153,61.3830989158333,0,0
21,F,18.41028998280263,81.65019407340624,False,False,moderate,False,False,False,False,129.64867260829251,107.51824371329963,98.15562210178979,0,1
76,F,25.495532939002803,97.92498984233457,False,True,high,False,False,False,True,144.72659611149564,55.0,121.27641123053907,1,1
54,F,25.18791820004001,95.87317345522769,False,False,low,False,False,False,False,125.43051513568508,74.49253610091924,132.02988613233214,1,0
68,F,27.6313509021205,96.85405649942845,False,False,high,False,False,False,False,123.23988040805298,79.78570606334138,126.88144690985787,1,0
19,F,30.78501712376686,107.58826718846716,False,False,low,False,False,False,False,110.43831754141652,72.07550761030603,167.73612163559224,1,0
19,F,24.38178756647614,94.16594542778596,False,False,low,True,False,True,False,117.51565840128794,88.96272015653578,91.2008934143491,1,0
71,M,34.761873403654384,121.85500828310843,False,False,moderate,False,True,True,False,113.93406988365217,85.21752797081022,62.173554331753124,1,1
24,F,25.54603150348957,91.97177013877707,False,False,moderate,False,False,False,False,100.02871270169302,81.13650627059047,102.1803098582666,0,0
27,M,18.604026228275153,94.4830192679379,False,True,moderate,False,False,False,False,162.81439580064023,78.78652033757551,94.97336831985965,0,1
50,F,21.97067656200446,92.15706477659626,False,False,low,True,False,False,False,125.87836703846651,85.48581829722441,121.24516867819999,1,1
56,M,22.822639848614802,104.99192358169074,True,True,low,False,False,False,False,126.08040915782588,77.27146334630046,104.62265291306139,0,0
32,F,27.164572180190206,102.37303749116968,False,False,high,False,False,False,False,141.48289471298816,62.952294889301584,119.72985080532564,1,1
46,F,20.237375448968148,87.03998711551738,False,False,moderate,False,False,False,False,90.0,90.21957976339536,118.30842645879984,1,1
60,F,23.159108527357716,91.39307548119909,False,False,moderate,True,False,False,False,157.81968079249833,98.82819078425396,145.67892955135906,1,1
45,F,23.77531873641761,100.17263394863194,False,False,low,False,False,False,False,108.25762979317426,80.50700101408171,114.20813466519304,1,0
42,M,22.483456365550055,100.03273942758574,False,False,high,False,True,False,False,107.86649252246033,80.73435934068698,121.84124040613959,1,0
22,M,28.151369217558734,118.0514823018421,False,False,high,False,False,False,False,113.31405576275822,79.1881878374432,177.01659240739045,1,0
46,M,27.3859462480941,102.4465296715704,False,True,moderate,False,True,False,True,137.74906256106138,65.08436803850768,60.0,0,1
68,F,29.749552107967816,95.15175105219792,False,False,low,False,True,False,False,156.30972594560293,73.60589997546322,121.04924091492254,1,1
57,F,23.010386684999602,86.90726230477556,False,True,high,False,False,False,False,148.2327396133793,88.34625708551265,110.59709071044661,1,1
74,M,29.91137405441556,114.9914151850053,False,False,high,False,True,False,False,114.28919193259188,82.38897963350914,116.31332006404183,1,0
25,M,18.362013113103295,89.20072377401021,True,False,moderate,False,False,False,True,93.22768574999888,98.48031562326281,134.93758535241912,1,1
18,M,18.252270645545643,87.15364479878235,True,False,moderate,False,False,False,False,115.37033138230412,87.82334542937892,85.44371546568502,0,0
52,F,19.03789241258954,90.04442586571727,False,False,moderate,False,False,False,False,111.76745275737107,75.13298176325917,94.65667949950287,0,0
29,M,24.541452616844403,109.49834974364585,False,True,low,False,False,False,True,95.68265272057415,87.0359916709226,140.318792475912,1,1
55,F,29.9107015245999,99.7561836140235,False,False,moderate,False,False,False,False,131.32564894418977,77.46237909268025,109.17067966633684,0,1
74,F,21.790360637121665,92.24178574528972,False,False,moderate,False,False,True,True,122.0707397065682,61.52958923973536,81.02948670202133,1,1
39,M,22.354879677660033,108.65731381423996,False,False,moderate,False,False,False,False,130.00892571310877,91.14988503728902,142.14403790528735,1,1
52,M,23.52791920110798,99.41323193488856,False,True,high,False,True,False,False,133.7069435521808,85.23485310346705,136.7587751260061,1,1
60,F,27.077726555244446,100.21443969425856,False,False,moderate,False,True,False,False,132.95556637474354,112.00971152564232,120.0816343576778,1,1
27,M,22.350686134904418,104.48648174932998,False,False,high,True,False,False,False,120.96977473673448,73.75854105552789,128.86656574951402,1,0
74,F,22.099623689375743,87.93939569945181,False,False,low,False,False,False,False,148.23926750300316,87.73563017804354,134.21111392960754,1,1
30,F,18.445721314890392,83.8016910095727,False,False,high,True,True,False,False,114.15998255911,71.51976103329237,111.22059771939618,1,0
68,F,21.927254999702956,95.7378765416933,False,False,low,False,False,False,False,111.78363000915151,70.12678420545653,125.1974391898955,1,0
59,F,29.798577888208996,108.20127588541298,False,False,low,False,False,False,False,118.29173373605478,105.3135415424351,72.63374084416341,0,1
26,F,24.909167038153146,95.6072438181272,True,False,moderate,False,False,False,False,130.6078644601579,56.97788109057693,107.1003064964874,0,0
63,M,21.17065470388438,95.0611358324271,False,False,low,False,False,False,False,132.9163922345835,79.22932530982507,148.09454254781159,1,1
30,M,30.062647877280206,112.13831424266006,False,False,low,True,True,False,False,116.55540077739352,98.76896425062692,191.25415658731492,1,1
55,M,21.866539240729157,101.0380683189165,False,False,moderate,False,True,False,False,116.88857976819423,62.61446139504262,118.64519892873528,1,0
78,F,30.889800107671096,108.56904772174562,False,False,low,False,False,False,True,142.87605755196927,73.98602301309272,82.69501517986109,0,1
78,F,30.816231400550453,107.31377652369804,True,False,high,True,False,False,False,101.07748942206673,89.56545653008483,101.92048382831489,0,1
72,M,24.752052318686008,101.16827071429563,True,False,low,False,True,False,False,165.9531225095203,66.34553969830324,63.52844338842208,0,1
49,M,17.756527126827407,89.8335562805517,False,False,low,True,False,False,False,117.18947385426168,83.19450525216726,137.82385907164732,1,0
53,F,34.8027527690559,110.1758895972131,False,False,low,True,True,False,False,118.729016612643,70.87367496324524,115.93782496550101,1,0
36,M,26.242742253190457,112.28618130625595,False,False,moderate,False,True,False,False,127.91648052008881,94.29218700577522,80.8851953011412,0,1
76,F,23.042508388757344,90.06389016782857,False,False,moderate,False,False,False,False,130.5119051628721,93.89974655168174,107.64366534571792,0,1
48,F,28.80257561648775,100.15728012056634,False,False,low,False,False,False,False,111.5214318743913,74.29047352251101,139.02938639221514,1,0
66,M,27.66036254159606,105.68493882631527,False,True,low,False,False,False,False,127.4140722566509,55.0,116.1090689723528,1,0
40,M,30.39922257448898,122.17150796164913,False,False,low,False,False,False,False,107.06138585481882,85.24110769712328,90.2463327897515,0,1
64,M,21.519434950940468,99.35203470025968,False,False,moderate,False,False,False,False,112.41802949678585,90.81864809222974,150.13988533622253,1,1
32,F,25.933130357484764,97.26631513101947,False,False,moderate,False,False,True,False,96.3234760080806,85.33484066111718,126.35808189443716,1,0
64,M,19.163583963897786,94.61403996728643,False,True,low,False,True,False,False,124.25192433440117,83.9371393871865,87.55997603670846,0,0
20,M,27.498504780835553,109.83837686647765,True,False,low,False,False,False,False,119.17910356414994,82.47418097196562,115.2282679934814,1,0
24,F,24.396745836677656,98.33640961441425,False,False,high,False,True,False,False,90.0,75.80029610423831,60.0,0,0
40,M,25.764541649690653,97.77312749067292,False,True,low,False,False,False,True,111.10427732040779,71.13460146473079,123.4393355921441,1,1
48,F,23.841426242717883,99.12659408348051,True,False,high,True,False,False,False,121.5400125768263,79.93229413766032,212.16706450792796,1,0
62,M,23.370550307352374,102.37922341028396,False,False,low,True,False,False,False,135.7492547786415,76.85289352978022,152.53187904631608,1,1
40,M,20.592959716933787,97.8930399824273,True,True,high,False,False,False,False,101.49007808681601,86.95353777429177,108.33230146504235,0,0
19,M,28.056935966079052,105.50626973014064,False,False,moderate,False,False,False,False,117.18430901853371,69.97489306081339,122.9255429733789,1,0
38,M,31.20366816533647,112.55434598643114,False,True,moderate,False,True,False,False,104.39723509280644,74.58283414645575,133.25533750212406,1,0
45,M,21.994992384904617,103.84019429736826,False,False,low,False,False,False,False,133.6026547072497,80.17851622431328,135.52547587549446,1,0
52,F,26.99093227236993,98.03349217977078,False,False,high,False,True,False,False,111.30743441024578,70.86586194295445,110.09585263618982,1,0
58,M,26.44482631097109,105.11559130465776,False,False,low,False,False,False,False,130.3008501797657,63.879226155276726,60.0,0,1
33,F,24.536440151069865,91.81482274025443,False,False,moderate,False,False,False,False,116.2663710404492,86.2486563518557,101.90584416516059,0,0
56,F,17.630319199858775,83.01246265471634,False,False,low,False,True,True,False,94.73775654924077,64.78434654354452,93.20128637598758,1,0
57,F,18.642811920002334,87.05223297442654,True,False,moderate,False,True,False,False,120.88064165349705,81.19791767778518,110.61664195584292,1,0
66,F,20.98558121981793,90.25646534036238,False,False,moderate,False,False,False,True,103.04920424552374,84.99724797776682,87.85359424142521,0,1
50,M,15.0,85.187193415909,True,False,moderate,False,False,False,False,139.9104108351328,94.76508483639698,135.3243138091492,1,1
69,M,30.836138284575267,120.46789946030542,False,False,moderate,False,False,True,False,151.0913681164417,104.49322315714399,185.05485942199385,1,1
31,F,26.15466453130871,90.89214900471381,False,False,moderate,True,False,False,False,132.20325175832738,93.61708839896201,148.21907516309818,1,1
62,F,24.365175282203953,100.56152293641999,False,True,moderate,False,False,False,False,111.75018082545276,71.34205635105424,111.6472661423633,1,0
20,M,15.0,92.48806869213232,False,True,low,False,False,False,False,122.35652864300228,75.8386840122797,167.06805438876972,1,0
24,F,16.2925811524082,78.83056614183141,False,False,low,True,False,False,True,126.64182240786164,82.43047580229585,147.07141976127042,1,1
72,F,24.489463753158688,95.27011457045751,False,False,moderate,False,False,False,False,139.3539303686286,78.42507349711319,139.5639409455274,1,1
47,F,33.36720484467789,110.05622808053754,False,False,low,False,False,False,False,118.98648363810486,80.7925785291792,93.98742183953507,0,0
57,M,21.356101118571132,103.43803102851561,False,False,moderate,True,True,False,False,128.53067149560704,92.80719150988602,108.94247321195301,0,1
56,M,28.38709106485597,115.90461720135625,False,False,low,False,False,False,True,95.13335734197379,80.51022020083579,134.48351081793464,1,1
61,M,22.340439165462676,84.66157313135417,False,True,high,False,True,False,False,125.8682857322102,89.13851965876466,189.49574322892477,1,1
33,M,24.7485766667999,106.30814450319346,True,False,moderate,True,False,False,False,108.23424935274706,66.63003525116257,164.327823990015,1,0
29,M,29.966077320018194,114.78740794831262,False,True,moderate,False,False,False,True,122.68516292143038,84.35509958366058,134.74281574586155,1,1
20,M,22.94321766425055,101.15833877930905,True,True,high,False,False,True,False,105.38962684986595,60.637427778144705,119.63941318763885,1,0
72,M,21.3945279137654,100.94926878066843,False,False,moderate,False,True,False,False,128.58340018206337,91.3413995853956,140.7090845629295,1,1
32,M,30.881317493561436,116.62859897842868,False,True,low,False,True,False,False,132.20830599893645,76.97814026564997,132.72330220825248,1,1
54,M,24.70501019501118,107.18024802032885,False,False,low,True,False,False,False,118.2720221236433,63.82752756991295,167.6459305652699,1,0
46,M,29.410422907637734,111.86691400272795,False,False,moderate,False,True,False,False,108.14363322779163,75.93706509167174,75.71729466875522,0,0
28,M,21.41637997976891,104.54220648429,False,False,low,False,True,False,False,131.18249794603358,84.22158899770824,115.22552289054916,1,1
44,F,30.83003394032439,101.94702395688385,False,True,low,False,False,False,False,146.91623773160399,65.36210988896455,140.59185728539757,1,1
23,F,25.73132273540575,102.33679976388598,False,False,low,False,False,False,False,152.74610948686208,69.32025447263325,163.93050515335676,1,1
29,F,26.456544317965964,96.85726060868068,False,False,low,False,False,False,False,128.33418781894474,74.63467922310765,182.40339184464193,1,0
26,F,25.092331901431287,91.12041913832884,False,False,low,False,True,False,True,126.45149526400374,88.15727540491295,63.05969757919497,0,1
69,M,22.225362581015744,104.09240379357031,False,False,low,False,False,False,False,100.9564840547069,56.84901788161513,88.97151141490045,0,0
53,F,24.492427352772626,89.00649308097388,False,False,low,True,False,False,False,143.02206121433414,84.03150435086339,111.68350646859854,1,1
76,M,22.50834392904785,104.4762605955793,False,False,moderate,True,False,True,False,90.0,76.19000209648567,70.74220531836295,1,0
45,F,28.817957281901535,97.19807541395541,False,False,low,False,False,False,False,141.06608413132014,90.77723350964163,172.44411550017395,1,1
30,M,23.58624274819102,110.12294411274516,False,False,low,False,True,False,False,122.42610755901003,83.40170463313783,118.48417463613474,1,0
56,M,17.765717474927452,96.36920269905727,False,False,high,False,False,False,False,90.0,93.93934183180495,155.22526468946572,1,1
76,M,16.942593192548223,87.99423047234004,True,True,moderate,False,True,False,True,127.38587226400684,83.50610361223337,107.96464802386264,0,1
51,M,16.72976831455809,99.43642572400563,False,True,high,False,True,False,True,119.49667420259466,65.65801912525171,128.45364133023722,1,1
19,F,27.280868408992735,94.4899274312702,False,False,high,True,False,False,False,114.82032580573693,83.70482886074943,66.4294292767212,0,0
37,F,19.3182305988195,83.52274365124993,False,False,moderate,False,False,False,False,117.68213723113062,84.39812955512296,77.09985923833726,0,0
76,M,25.85038599127355,103.74570546651125,False,False,moderate,False,False,False,False,121.69632306195184,71.2981233052323,77.75996429845927,0,0
50,M,25.11458532871136,112.73497476637253,False,False,low,False,False,False,False,121.64901432957656,72.95074085372612,60.0,0,0
77,F,24.208811322906,85.07776335829871,False,False,moderate,False,False,False,False,98.38939070033229,55.0,150.08076525090775,1,0
50,F,26.472823415220663,97.70586473997825,False,False,moderate,False,True,True,False,128.44638719199804,86.9536131810617,113.64782665836708,1,1
18,F,25.212365916907366,93.39121356079622,False,False,moderate,False,False,False,False,115.9258778687595,77.27889713696133,151.1666683980479,1,0
73,F,15.0,71.30391520387876,False,False,low,False,False,False,False,147.38990679957755,72.51471431665779,110.09190429059642,1,1
66,F,23.043686416181796,86.52122714592139,False,False,high,False,False,False,False,135.76100450890826,67.70118364418362,153.57587175685356,1,1
63,F,26.41296410328544,94.98964472669292,False,False,moderate,False,False,False,False,137.56128547609097,73.29060540526686,147.5166645775572,1,1
79,F,31.881272648397495,106.24529631736581,False,False,moderate,True,False,False,True,151.78572779882737,83.55606438156344,109.87437606256535,0,1
30,M,32.08905927462124,118.84056194064874,False,True,high,True,False,False,False,133.77606711834548,80.7120088800552,121.08811345044657,1,1
75,F,18.365822688866345,85.80270876251441,False,False,high,True,False,False,False,119.65952480824494,75.04090809136784,126.47699274651605,1,0
32,M,22.92623615309252,97.28199951046265,False,False,low,False,False,False,False,90.0,65.22767688837239,153.18694439499433,1,0
79,M,17.45248333831401,84.78139495678923,False,False,moderate,False,False,False,False,125.85439250006206,74.91113893357009,113.00159011198406,1,0
30,F,31.339482837995373,102.3233887530446,False,False,moderate,False,False,False,False,149.69217283847325,69.47068131989074,126.63458778505039,1,1
52,M,29.05785293666848,114.4318174904814,False,False,moderate,False,True,False,False,136.314185620876,76.20556641230162,62.47738925014881,0,1
67,F,26.077645490884287,99.50630217529171,False,False,moderate,True,False,False,False,113.8794733900629,85.42159277726759,83.28323017230032,0,1
22,F,25.247426875670946,99.52613167838065,False,False,moderate,False,False,False,False,122.95783781560999,72.63633007049607,88.43692692082685,0,0
22,M,30.712839951572633,121.5739790157787,False,True,high,False,True,False,False,113.1066067726634,96.94420396945948,132.20570218496883,1,1
71,M,29.950963376420624,117.90000562528218,False,False,low,False,False,False,False,126.89174821003063,72.2541424172484,89.47729758941388,0,0
21,F,29.711201134952546,103.88055445387302,False,False,low,True,False,False,False,113.8335878826853,59.650782866863004,118.09292958428641,1,0
56,F,26.555059369020167,99.40001884580116,False,False,moderate,False,False,False,False,145.02989181728145,76.04852724638218,108.36086327208838,0,1
77,F,22.92847265218627,96.6164325877105,False,False,moderate,False,False,False,False,123.92524861353958,71.84335929227147,114.20843585949414,1,0
56,M,27.952061744079007,101.52515661439884,False,False,high,False,False,False,False,126.12163998874463,116.02397235074558,144.47254873588707,1,1
48,F,28.172188573648015,97.40431270077408,False,False,moderate,True,False,False,False,108.74804979856586,73.38284554763439,119.835929428765,1,0
44,M,23.64213138683618,104.5727662158264,False,False,low,False,False,False,False,115.31645173636083,61.65201432600504,105.32997355624268,0,0
58,M,22.919379865245915,100.95134372141976,False,False,moderate,False,True,False,False,103.51107221069326,78.45292161154013,128.1935994114872,1,0
54,M,29.599909713011943,116.09415926765253,False,False,high,False,True,False,False,144.6742439604786,76.20452298334747,170.6254639625068,1,1
49,M,31.98852248946323,116.49837217944031,False,False,low,False,True,False,False,113.78739600597586,65.17777410719741,115.91423908009806,1,0
27,F,21.12771898588355,83.32032795228899,True,True,low,True,False,False,False,124.55529244294084,81.95537478527747,69.16747049132593,0,0
59,F,23.314804960484114,100.52850049587664,False,False,moderate,False,False,False,False,97.21649379423215,84.22767885634885,65.96508066014981,0,0
64,M,26.07919884404614,106.14188444302623,False,True,low,True,True,False,False,102.28933357486471,78.89212945015868,102.18719276057283,0,0
62,F,26.689695489868747,101.17042639499283,False,False,high,False,False,False,False,117.9944391779368,75.06519841670071,72.08537622550259,0,0
22,M,22.149351383414174,97.92186970348219,False,True,low,False,True,False,False,117.01867687351962,73.94875286996611,60.0,0,0
62,F,32.975842836548196,108.84679767796565,False,False,low,False,True,False,False,125.91579917695515,71.1430833775209,101.75764389029327,0,0
63,M,26.39942869495327,109.7998390270933,False,False,high,False,False,False,False,154.177812799415,63.904967207264384,125.32238351260679,1,1
29,M,26.891225338117486,107.60902001843071,False,False,low,False,False,False,False,90.0,94.33478831448714,160.43570033633137,1,1
71,F,32.41497836680289,105.47466989080637,False,False,low,True,True,False,True,137.65529219958674,104.8134725557895,111.38368711482617,1,1
51,F,22.479222686399346,88.67497041085855,False,True,low,False,False,False,False,129.9711749898605,66.7035860889885,122.84300105907246,1,0
47,F,24.10205655600975,100.81665779309557,True,True,high,False,False,False,False,112.11014873802559,71.37118108409433,130.0471567022167,1,0
63,F,18.86004996940267,85.29361073909904,False,False,high,False,False,False,False,115.06170663577234,66.10186900108647,114.89864631714981,1,0
50,M,23.7244228748589,104.32111502380519,True,True,low,False,False,False,False,139.92113956042425,87.79725101935581,88.63820461330194,0,1
52,M,17.79982614229087,88.57984907978992,True,True,moderate,True,False,False,False,121.00337474801803,66.83378591958233,187.9885647922779,1,0
37,F,27.865322093869274,107.04682747433476,False,False,moderate,False,False,False,True,116.84870224000214,85.68272801662972,77.41038656698736,0,1
76,F,26.389985375314964,95.01627509468294,False,False,low,True,False,False,False,105.22157158114913,82.70705344937095,126.57431699627696,1,0
79,M,23.25318811832657,99.34432176162497,False,True,low,False,True,False,False,108.62274969703452,76.31457812217921,84.7024766393918,0,0
26,M,24.048093314819685,109.2357706576002,False,False,high,True,False,False,False,102.53896463324813,92.95868277839519,115.95131429757178,1,1
64,F,27.926598868350457,100.25409899057054,False,False,low,False,False,False,False,136.152019376503,74.15211926212137,126.33198729489672,1,1
19,M,19.38891760899546,99.20450076306393,False,False,moderate,False,False,False,False,109.45298717141937,78.02528343241454,104.92761061906121,0,0
41,M,25.418755403536355,102.32270864185178,False,True,low,True,False,False,False,102.89526457553983,64.61574822527426,69.52702490787792,0,0
79,F,27.64779412906435,90.46759632881951,False,False,moderate,False,False,False,False,124.79490369623547,55.0,99.8417505348726,0,0
29,M,16.47976665166741,85.81847602917468,False,False,low,True,False,False,False,108.94035670239816,89.66077989845316,151.34288760243396,1,0
41,M,27.582221025659088,109.37404770767918,False,False,low,False,False,False,True,146.7477770497055,71.19861587168899,60.0,0,1
31,F,16.96671891532295,81.29437672418447,False,True,low,False,False,False,False,122.65760713551535,90.72104260899545,169.08125173562854,1,1
63,M,23.970824822668103,102.29196188967427,False,False,high,False,False,False,False,125.28097839235188,74.1245913371378,115.32033047338656,1,0
47,F,19.26474003157148,84.75856745252986,True,False,low,False,False,False,False,125.3249951650934,76.80264323067213,137.01655147209192,1,0
55,F,30.94060960680507,105.25749803964133,False,False,moderate,False,False,False,False,131.13475499145167,80.26651354477893,75.110057097258,0,1
77,M,19.292955256314436,103.16852595706933,False,False,moderate,False,True,False,False,133.36649545693476,72.0665054190459,106.78358431659164,0,1
50,F,17.07414548615578,77.06440006511065,False,False,low,False,False,False,False,122.46887910674,60.231740724308054,88.68980568459246,0,0
64,F,25.10008463718342,96.685599570737,False,False,moderate,False,False,False,False,105.74506796003627,68.41525461334471,122.33654728631167,1,0
24,M,22.6383365899063,94.24623543578012,False,False,low,True,True,False,False,119.54154795693663,67.54966107400256,73.78460334005278,0,0
31,F,17.7292764710123,81.19857988358736,False,False,moderate,False,False,False,False,122.94930121571812,77.63114116647753,90.2814573878399,0,0
77,M,26.866168396196823,106.21466317185285,False,False,moderate,False,True,False,False,95.88564213022866,90.28696895782046,184.36137789960458,1,1
72,M,15.538254218976443,94.11967999734617,False,False,high,True,False,False,False,90.0,70.01812302610175,134.6414857911575,1,0
59,F,19.836915623375937,90.11487419408618,False,False,high,False,True,True,False,102.59684757242684,76.90460128109792,125.29298241380494,1,0
41,F,21.91151778310647,93.38571142908242,False,False,low,False,False,False,False,90.78482377685431,80.62683079700344,124.72833851362209,1,0
30,F,28.110000764698132,100.09638903395657,False,False,moderate,False,False,False,False,114.21656023185646,69.26409977038001,163.0524655544155,1,0
71,F,30.329607651559183,108.09286066143237,False,False,moderate,False,False,False,False,109.63384998788268,82.23878449558013,107.57097327969454,0,0
67,F,29.462520112974076,108.42305062900694,True,False,high,False,True,False,False,123.41851683491919,90.10531154481936,144.77621406912795,1,1
33,M,23.810267942919953,106.07851223188102,False,False,high,True,False,False,False,133.34770838377784,82.32901045122749,60.0,0,0
55,M,15.0,85.79840226815553,False,False,moderate,False,False,False,False,126.62959315026121,77.44750519991811,107.80324093149635,0,0
56,F,26.258838595483514,96.85541599962723,False,False,moderate,False,False,True,False,128.9511593246366,68.74948187310412,101.18415608098161,1,0
48,F,31.11758182651076,107.08281105432158,False,False,low,False,True,False,False,137.13512114668214,76.69464516650362,93.64847831091208,0,1
76,M,30.052056835161057,109.57560993356206,False,False,high,True,False,False,False,116.78212963991261,69.71862159531358,137.8780031382982,1,0
25,M,26.58327054384674,109.68056289072554,False,True,high,False,True,False,False,90.0,71.54678188649704,107.29153700321216,0,0
34,F,19.147237560476963,83.36834590833485,False,False,low,False,True,False,False,94.08931909060466,76.65686894591563,106.37253977586134,0,0
23,M,22.13611848367213,98.74665489834278,False,True,moderate,False,False,False,False,129.97428873702464,75.71025391598295,84.55514514056206,0,0
61,M,33.20216479435554,121.35460849002283,False,True,low,False,False,False,False,125.13886807901369,89.36410950083356,98.22373787298041,0,1
58,F,18.124717094011398,80.23422032788656,False,False,low,True,False,False,False,133.1222300913846,71.53267283784974,60.0,0,1
80,M,19.334714473323263,96.79216403100803,True,False,low,False,True,False,False,167.47984847427708,82.27513796478817,100.95725970627231,0,1
52,F,28.74148198024378,97.21216788989275,False,False,low,False,True,False,False,125.51036835258368,72.88963712063831,62.47062232103829,0,0
27,F,22.559783398375124,96.08503294587622,False,False,moderate,True,False,False,False,120.47192035685669,67.97917013471414,166.0629482714416,1,0
46,F,19.1821019500792,90.81469414617953,False,False,low,False,False,False,False,127.53775198782243,84.67299235648808,137.6786688703522,1,0
23,F,31.37587030425357,104.90521034894503,False,False,moderate,True,True,False,False,102.95663287795986,82.60786630547707,143.95453646002133,1,0
60,F,26.57475190165313,99.50486062487212,False,False,moderate,False,False,False,False,134.0782775076202,71.39863357458063,65.77066075216096,0,1
60,F,22.7818947603027,91.40901330598867,False,False,moderate,False,False,False,False,119.25849156834036,55.0,141.33295892461234,1,0
72,M,19.34401323845218,98.3845540942661,False,False,low,False,False,False,True,148.92418840310063,90.3266801493552,88.64758749658085,0,1
39,F,33.713329537369724,117.8137552904893,False,False,low,False,False,False,False,96.39155348388687,86.54909436808285,121.68791301311795,1,1
37,F,24.389966815640268,99.52290676530434,False,False,moderate,False,True,False,False,122.0726594238486,90.69653738684511,105.46604265734956,0,1
22,M,30.787976281112723,118.69922192553594,False,False,moderate,True,False,False,True,111.95873359237683,91.28597561403005,63.747701393750646,0,1
44,M,28.52135095074248,104.80184672130538,False,False,moderate,True,False,False,False,104.93650951855545,78.16201211570075,75.6858256538571,0,0
47,M,22.155942972515447,101.01181632768134,False,False,moderate,False,True,False,False,131.96255271232894,73.41944490354102,135.07550693364166,1,1
65,M,22.191764982545983,98.40828556839486,False,False,high,False,True,False,False,116.91933856229666,58.29288015218376,133.96152683176788,1,0
65,M,31.00841704070264,114.0226476744459,False,False,low,False,True,False,False,143.28858452372896,79.49139739014528,63.96630998801032,0,1
26,F,31.0813279967899,105.96981749326123,False,False,low,False,False,False,False,113.50595205866003,73.05721399761362,151.78408287762724,1,0
35,M,16.053878107456697,86.05982783015008,False,False,high,False,False,True,True,115.7185389734147,69.38874504405068,98.64290038554752,1,1
50,M,26.974011174419864,110.6020441704671,False,False,high,True,False,False,False,154.23427826450018,63.05356728863527,67.1270647673279,0,1
39,M,23.95453337874371,103.34534661222669,True,False,low,False,False,False,True,100.38590695998533,66.66650334598593,92.7790986614226,0,1
19,M,19.850045766776724,93.26090657454931,False,False,high,True,False,False,False,109.46187857412261,63.19496785695869,64.55960278790246,0,0
71,F,25.677857426227387,97.91093988274153,False,False,low,True,False,False,False,90.0,88.92228612732973,86.61095794431925,0,1
64,M,18.426814440561227,93.98739643420821,False,False,high,False,True,False,True,114.85020337356794,90.2720719117847,95.26087111761812,0,1
50,F,22.40095090409255,84.59347698523123,True,False,moderate,False,False,False,False,133.05234925025798,69.83497872825752,130.05562028434358,1,1
38,M,20.906868202535147,103.29871768254095,False,False,moderate,False,False,False,False,128.5566451700348,91.47094549377402,140.4439591185199,1,1
71,M,22.250939311298005,105.6524049035139,True,True,high,False,False,False,False,124.30750638273199,79.1300025379853,149.2064921499459,1,0
20,F,24.17834677852104,96.52349236851198,False,False,high,True,False,False,False,107.97947559118272,94.15077259922052,139.51635977139816,1,1
46,M,19.929950021425313,94.66327723452633,False,True,low,True,True,False,False,118.95367775747404,84.5613946601017,60.0,0,0
68,F,31.579305629929838,108.58700692672522,False,False,moderate,False,False,False,False,115.63907008205985,84.9538279121724,61.42858279884395,0,0
78,F,26.719774550273563,101.7047286241063,False,True,moderate,False,False,True,False,121.91239576257536,80.69510986699403,150.42588219291147,1,0
33,F,32.575533627719246,114.33551703425718,True,False,moderate,False,True,False,False,124.78725071431174,70.0610212180122,95.68576057552688,0,0
59,M,23.779640139148913,104.22061152804118,False,False,low,True,True,False,False,116.3873381738722,63.476561460746645,107.1493528631697,0,0
29,M,22.030445169663007,85.87646510632183,False,False,low,True,True,False,False,122.38115404807408,80.25349791625005,134.1402003766635,1,0
25,M,32.41287026521863,121.8234150966994,False,False,high,False,False,False,False,120.435159755251,76.95117622152694,157.16535219872415,1,0
40,M,21.898731170567068,103.1437127261237,False,False,moderate,True,False,False,False,111.20042999432891,106.59404838021987,128.4515795841703,1,1
73,M,23.69768590104894,101.45094584698283,False,False,moderate,False,True,False,False,123.27223342755943,86.22454468919992,81.90420173758446,0,1
61,F,27.740213347237916,95.91349532796552,False,False,moderate,True,False,False,False,101.56634536713908,68.71047470266018,69.28806870119678,0,0
48,M,18.93023386266225,96.58628261036556,False,False,low,False,True,False,False,124.90192598065413,77.0717579093913,74.53377307735248,0,0
35,F,27.700826081571424,96.15728109325974,False,False,low,False,False,False,False,104.22774031883418,73.94809915932943,154.8593451214993,1,0
26,M,27.125061797740713,113.91031570080403,False,False,low,True,False,False,False,121.59161239275154,77.56744187101019,142.1180833538155,1,0
35,M,30.211963931170246,109.311627383682,False,False,low,False,False,False,False,129.44676918782508,63.57388754841854,113.61053932731505,1,0
27,F,28.505200263545635,105.42260060575366,True,False,high,False,False,False,False,107.18557201129497,87.98260541706583,62.11713529893052,0,1
29,M,30.34990258794907,114.00181540722,False,False,low,False,True,False,False,138.52549010616616,73.65269790851458,143.21743079607094,1,1
61,M,24.003101447712154,99.90382999712676,False,False,low,False,True,False,False,150.61214179723692,85.19748493161042,118.62546565126932,1,1
26,F,20.61798356581823,83.1927735655219,False,False,moderate,False,False,False,False,111.59928082746337,71.36022698338685,85.1681246399671,0,0
20,F,33.99493436337513,121.10315572633269,False,False,high,False,False,False,False,119.68406825051419,73.6273722461478,110.10249765976926,1,0
52,F,17.62986973015115,87.24588644768002,False,False,low,True,False,False,False,141.39082905274407,84.52614597522208,129.74470641104915,1,1
36,F,18.080691145067863,84.82689771629663,False,False,low,False,False,False,False,93.23024527582331,55.21752233507583,96.40571333194718,0,0
46,F,27.04307618228974,98.39707193291116,True,False,moderate,True,False,False,False,122.53420595337704,88.86012310341077,75.73284809812678,0,1
26,F,31.812437216798074,105.67245895849724,True,False,moderate,False,True,False,False,117.16714405573614,94.16821107983144,118.60991600084657,1,1
31,F,25.35297880661374,87.82977986044031,False,False,moderate,False,True,False,False,136.4074171129122,93.95402063727462,120.82035877736702,1,1
45,M,28.99686664865993,112.05741980325371,True,False,low,True,False,False,False,118.07789404438334,70.28962341175628,60.0,0,0
61,F,15.518887726376187,79.38282998418326,True,False,high,True,False,False,False,129.23148408988078,81.31908538691356,109.47952114225215,0,0
44,M,22.252047670184883,107.67497859615213,False,False,moderate,False,True,False,True,108.82937267010215,73.0913003172261,82.5123712152532,0,1
52,M,16.067234867855333,89.34446337482416,False,False,high,False,False,False,False,137.22546829359734,61.65205308656273,128.68343830588776,1,1
50,M,28.01184931202897,112.59097972641543,False,False,high,False,True,False,False,104.05440970124323,78.97593120616295,60.0,0,0
34,F,17.537459030349435,82.0533222822935,False,False,moderate,False,False,False,False,135.93307458194008,61.97710826274679,67.41854584883492,0,0
35,M,18.749815192853088,93.96950114582539,True,False,low,False,True,False,False,123.21910460806409,84.59403536634439,60.0,0,0
44,F,26.813113422326314,98.871126615737,False,False,moderate,False,False,False,False,90.0,87.00659557665689,126.52265629111386,1,0
20,M,29.278209584079782,108.93928804160079,False,False,moderate,True,True,False,False,123.00862715876565,92.20359289295887,60.0,0,1
61,F,23.784643512968525,91.14629855726923,False,False,low,False,False,False,False,131.7113423006943,83.63674766322663,65.58184553943377,0,1
56,F,27.065776268488293,103.29316702173601,True,True,low,False,False,False,False,102.33027773513258,73.44974202721895,108.80944991322065,0,0
37,F,26.920046750928915,99.8463235759132,False,False,low,False,False,False,False,108.44800537440398,75.9217544882211,106.4225997981615,0,0
41,M,23.530579132508876,105.56338593539057,False,False,high,False,True,False,False,123.42124526483938,79.35085013292174,134.29182750261214,1,0
38,F,19.573825327011882,85.8881045263005,False,False,moderate,False,True,False,True,113.81518095051314,94.0914726568712,137.81743412084342,1,1
59,M,27.04201133098089,105.22011489594648,True,False,moderate,True,True,False,False,127.27330288352495,94.20739528969519,151.55755496098186,1,1
65,F,27.258930608487873,97.7416271522581,False,False,moderate,False,False,False,False,118.65200727803966,77.07480644400437,168.51228325672187,1,0
24,M,28.523109813906164,112.78834852638653,True,False,moderate,True,False,False,False,100.88482260529909,88.81174003791499,148.49317629646868,1,1
44,F,25.904298908355038,98.98577901008494,False,False,high,False,True,False,False,159.25405708545304,72.32368432633935,123.63996900139522,1,1
18,F,19.241750389343032,87.85341295420479,False,False,low,False,False,False,False,116.56251476252793,82.79888512249724,119.60778399047835,0,0
46,F,27.60653072616131,100.52611059416836,False,True,low,True,False,False,False,123.98826506150291,74.15609415738778,133.58237777075425,1,0
33,F,24.493785138972463,94.53260705298064,False,False,moderate,True,True,False,False,150.35848109711213,80.68328911390236,60.0,0,1
39,M,22.327681500544955,97.69338136348463,False,False,high,True,False,False,False,135.8063094707316,68.95921233362716,106.58641519538014,0,0
46,F,23.174138732628293,95.19019248795796,False,False,high,False,False,False,False,130.76013412519657,62.37562721513588,60.0,0,0
38,M,21.39384269724329,93.77170347784454,False,False,high,False,False,False,False,138.92477242646243,64.29112897020701,86.27811852599666,0,0
42,F,28.49979700484493,96.66063010106693,False,False,moderate,True,False,False,False,130.82319110895983,84.41385105652364,60.34392638246847,0,1
66,M,18.118483698889907,95.65826564338926,False,False,low,False,False,False,False,130.82260358756645,65.74314389237219,125.6108627379286,1,1
69,F,20.029313293371118,89.6386551937147,False,False,low,False,False,False,False,131.07416979843228,74.2470486005839,133.03877914871995,1,1
18,F,23.020522018977374,96.51782349126404,False,False,moderate,False,True,False,False,119.30005853228671,87.79438345024413,154.56345013400906,1,1
41,F,31.761878817075498,107.86021188001635,False,False,moderate,False,True,False,False,139.19671679045518,90.32385154778005,78.14137762306058,0,1
71,F,29.24426247091782,103.07722718073398,False,False,moderate,False,False,False,True,132.7910287833729,67.2265096801041,88.97821891167672,0,1
51,M,17.116216385387485,94.37842344461565,False,False,low,True,True,False,False,90.0,55.0,149.89727217372638,1,0
30,F,30.58106189938619,102.70353895824144,False,False,moderate,False,False,False,False,135.61318531637406,69.16069682040369,94.07912844754723,0,1
55,F,30.57239097642658,105.56383844066274,False,False,high,False,False,False,False,109.30495944633554,80.2058615271794,86.84662804709063,0,0
27,F,19.216962532898105,83.26268727582168,False,False,low,False,True,False,False,125.88671338930165,85.382803006514,136.94026340976754,1,1
19,F,15.0,83.44118683048521,False,True,moderate,False,False,True,False,95.24375380146313,65.02264611824359,130.1513897398471,1,0
57,F,24.17500269943741,87.24115986207316,False,False,low,False,True,False,False,112.66722979758829,58.56648907114436,145.4993240670104,1,0
50,M,29.550909841849197,108.59507056519085,False,False,moderate,False,True,False,False,116.17044286433024,68.01429833921311,128.8815135877479,1,0
65,F,31.66067886410091,105.72792202995349,False,False,moderate,False,True,False,False,130.58659770493526,72.28907438743452,98.20483241719091,0,1
39,F,20.581277310374375,91.79159301950418,False,False,low,True,True,False,False,112.59678354369791,100.96380795128151,160.099043352621,1,1
71,F,32.38390597098334,103.69207207200816,False,False,moderate,False,True,False,False,90.0,79.20815327454898,142.91363307154487,1,0
44,M,15.0,85.6667317631536,False,False,moderate,False,False,False,False,114.15491549776326,85.13499455775954,111.39994193389114,0,0
64,F,22.843772237768206,91.79255593935423,False,False,low,True,False,False,False,115.91099530534585,90.1015371132916,143.0184810928026,1,1
24,F,22.62255198852914,92.93161742184846,False,False,high,False,True,True,False,132.12914488044814,73.05502852363955,111.53256491401456,1,1
24,M,29.685516612159365,113.05145423502049,True,False,moderate,False,True,False,True,124.36910682754034,79.10505888509124,79.54339908027524,0,1
67,M,30.34236109672901,119.3452106544202,False,False,moderate,False,False,False,False,109.7334635138626,80.7829665028234,115.87393009094127,1,0
70,M,28.79400644945028,119.88112792554034,False,False,low,True,True,False,False,126.43271448435765,84.66938886268558,179.42095952370735,1,0
77,F,18.422524780643474,81.8046714205601,True,False,moderate,False,True,False,True,151.338688180184,76.58558716294172,148.45120336846253,1,1
38,M,28.38178564309515,108.30069207210633,False,False,low,False,False,False,False,140.72553424482132,89.4836663703956,126.5576476455195,1,1
19,F,26.790688858670713,101.17797977261564,True,False,low,True,False,False,False,91.44822642536138,90.1384583648925,80.61798822466262,0,1
79,F,16.979445266241843,83.76763553602309,False,False,moderate,False,True,False,True,161.60182867183465,74.88225517374268,70.60248356573639,0,1
55,M,15.198437770392408,86.39668697158034,False,False,high,False,False,False,False,140.94088164755428,86.34989011515043,103.44597460975277,0,1
33,M,29.17095180509349,109.06130876444904,False,False,low,False,False,False,False,147.36626661268235,82.28132981939213,90.73820232052671,0,1
66,M,23.6895531455934,100.7843155051801,False,False,moderate,False,False,False,False,97.68207172227827,107.27978450299821,112.62073804806018,1,1
74,F,18.71668058395306,87.38503165997554,False,False,moderate,False,True,False,True,115.37178403922263,87.85813032407425,117.28107174646166,1,1
35,M,23.563226320810543,105.63019294612077,False,False,moderate,True,False,False,False,131.41611348731735,82.24870689860279,62.210524357460116,0,0
66,M,26.13818486500941,109.09283507864842,False,False,high,False,False,False,False,104.05481160132324,71.73784690640312,82.67125854891593,0,0
67,M,24.12716992999604,110.73121044570686,False,False,low,False,True,False,False,130.44537947102117,66.62077146094329,99.59044832115703,0,1
49,M,17.51606231093261,94.22626445506458,False,False,moderate,False,False,True,True,148.13216869852025,83.80522131118377,127.26943986761856,1,1
57,F,32.985006066038494,106.05014305420794,False,False,low,False,False,False,False,116.66896449611248,59.20891114077756,128.57788046976034,1,0
34,F,29.018980860445513,104.76524774279237,False,False,low,False,False,False,False,149.2538521220819,95.86322451199064,75.83100466429502,0,1
76,M,22.990801467469396,97.23359071405807,False,False,moderate,True,True,False,False,133.23992045640583,55.346852025334414,69.13378009454054,0,1
79,M,23.172074048439704,99.4301595197789,False,False,low,False,False,False,False,92.2611500719271,66.67916259197207,78.87085419785733,0,0
79,M,26.11769327620929,104.21249324612901,False,True,low,False,False,False,False,108.09752760893433,89.00019043937084,139.8778909731535,1,1
64,F,19.416703719168506,84.73441398482497,False,False,low,False,True,False,False,139.73214863433975,77.61046334603562,95.41727025096755,0,1
20,M,25.952043964416358,102.67915200565277,False,False,low,False,False,False,False,105.48465764136307,80.01332767356453,115.72416066776908,1,0
41,F,18.511704034126556,90.75796375299645,False,False,low,False,False,False,False,139.2674837395269,70.43767817011863,126.5974197187786,1,0
46,F,24.18259602419675,90.91322328802522,False,False,low,True,False,False,False,131.78533903684888,76.59640678861143,154.96532135559772,1,0
78,M,19.241428250644134,93.12847542977907,False,False,low,True,False,False,False,126.99959071140471,85.52633486178534,69.2814013655725,0,1
52,M,19.468622079529784,96.6374390317137,False,False,moderate,False,False,False,False,112.76358583873257,68.84514961108964,154.45022657638472,1,0
51,M,31.905751761281945,109.61673506739,False,False,moderate,True,False,False,False,126.81821584232131,75.1173475958465,132.22774244232644,1,0
27,F,24.766516524280494,95.58738700683128,True,False,high,True,False,False,False,148.91946381583836,78.05823652355241,170.36724775166454,1,1
68,M,25.433329184305254,110.88996158433939,False,False,high,True,False,False,False,115.75926924276946,75.02126121325989,161.1818064348194,1,0
39,M,15.448790625134047,87.32335933688377,True,True,high,False,False,False,False,131.76184134977782,86.25932429500119,115.83830072913052,0,0
23,M,21.813492086655284,92.17632765098524,True,False,moderate,True,False,False,False,154.10102863808598,83.05383054042132,85.80875620764591,0,1
80,M,26.575454534169562,106.18005602239843,False,False,low,False,False,False,False,126.19690413970413,76.84914980106088,135.13327713662053,1,0
29,M,25.373613196763774,110.78955173410726,True,False,low,False,False,False,False,114.14984525789015,59.2339686170683,72.81987827616626,0,0
19,F,15.0,73.63846884927307,False,False,high,True,False,False,False,113.9756806010172,91.00014728655259,119.5683201232581,1,1
22,M,25.432120624956866,100.1045767457481,False,False,high,True,False,False,False,90.0,67.83879320421907,85.96670378014666,0,0
46,M,26.1495146159736,116.53964302548798,False,False,moderate,True,False,False,False,102.61698463533493,97.53659149612999,103.55705197472837,0,1
24,M,30.27692899189415,109.48323812042894,False,False,moderate,False,True,True,False,127.41230654209457,68.7067592230155,60.0,1,0
71,F,21.551459964777457,85.8687268934636,False,False,low,True,False,False,False,137.5173006793319,80.79555262580988,109.05730473969133,0,1
50,M,15.0,82.85045599739118,False,True,low,False,False,False,True,115.18237617589081,84.99519293133527,116.20288809212686,1,1
38,M,20.014531616876802,91.88214885072384,False,False,moderate,False,False,False,False,137.31148499304413,75.83727936977894,93.35688456066815,0,0
18,M,19.563207325091494,93.40516872222406,False,False,low,False,True,False,False,136.30543273731112,81.43147234147798,109.04891594659681,0,1
48,F,27.815189950009884,98.66447017560648,False,False,moderate,False,False,False,True,109.66740707753597,74.8921923662233,74.06199766127806,0,1
27,F,15.0,74.8857394062054,False,False,moderate,False,True,False,False,112.4675307298416,98.78104250167216,139.28416701041434,1,1
79,F,22.4823959296732,94.06446919649125,False,True,high,False,False,False,False,100.46179759130656,80.22424384054005,112.87165499840764,1,0
36,F,30.916079631097645,109.77060645878694,False,False,high,False,False,False,True,133.9031291125067,76.71957603969932,190.34685778165354,1,1
47,F,24.532456082751356,86.61021498685525,False,False,low,False,False,False,False,122.05990780402284,80.68644936850568,122.22897141016698,1,0
19,M,28.533425672793907,113.39202052674577,False,False,moderate,False,False,False,False,136.20298756756418,90.45450236223589,125.38618555308022,1,1
26,M,17.111907499020106,91.76293884044999,False,False,moderate,False,False,True,False,121.04475031836986,82.29465432953847,95.57315987458767,1,0
31,M,17.291047190571547,92.22684419465571,False,False,moderate,False,True,False,False,106.95091643748114,80.01756187645313,153.72614228332657,1,0
21,F,30.967591060303555,96.03142980966675,False,False,high,False,False,False,True,134.4759951673868,62.21888580194183,97.00666845138983,0,1
63,F,24.95546914590764,98.19049663856757,False,False,low,False,False,False,False,90.29577205918314,90.70881171661837,172.5050903159179,1,1
77,F,24.964734629941148,101.49509495370096,False,False,low,False,False,False,True,116.60605841390904,81.85305725511215,171.49169951061882,1,1
80,F,19.468312273518514,82.69965057429837,False,False,low,False,False,False,True,109.61051179940941,73.10083439134483,94.07068108218132,0,1
34,M,24.95351778027604,113.83017000732038,False,False,moderate,False,True,False,False,146.40869561510235,81.59387412911221,102.30682692358756,0,1
67,M,19.343280942469566,95.536518303274,False,False,low,False,False,False,False,149.9961910697254,93.29978233381355,86.60526383888896,0,1
49,M,29.840917020075427,113.68736164425033,True,True,low,False,False,False,False,128.77042831306878,85.86562559708494,65.21238040601135,0,1
20,F,36.77523819440677,110.96344785286247,False,False,low,False,False,False,False,112.73880629951849,99.65407042395401,122.2811135527119,1,1
23,F,26.677734741493982,101.68848969047593,True,True,moderate,False,False,False,False,149.53871575229832,87.61788805938076,112.15859163622596,1,1
52,M,21.642741265423055,102.01684776218077,False,False,moderate,True,True,True,False,110.82595967060078,56.77674969690669,135.14470981052156,1,0
44,M,15.0,88.76470563632452,False,False,low,False,False,False,False,99.8549248866576,91.87032357334382,110.24480155399854,0,1
18,F,16.919911484559464,87.83428785173604,False,False,high,False,False,False,False,90.20609461231177,58.82467103934758,142.52908817182075,1,0
76,F,31.496878239622113,105.35840500652644,False,False,moderate,True,False,False,True,123.63752924666204,92.86034380816672,110.32602530294226,1,1
64,F,19.86863670528017,99.22333318917586,False,True,low,False,False,False,False,94.5602388397884,87.73618876079411,105.17568725468412,0,1
49,F,22.831243032410693,96.93315944575191,False,False,low,True,False,False,False,144.70195606997981,96.47959251747197,115.05563859393966,1,1
80,M,27.448966885606303,110.81455817578319,False,True,low,True,True,False,False,112.71285261912544,82.87175771644466,138.59535699877293,1,0
79,M,31.170304097128067,117.05451738842781,False,False,low,False,False,False,False,101.4177950581168,81.14835655770761,99.06366216793545,0,0
79,F,23.601858854762728,86.64284325070983,False,False,moderate,False,False,False,False,139.85048655977178,91.62518121336156,143.79006710187954,1,1
34,F,22.678999086502845,85.50628711009792,False,False,high,False,True,False,False,136.01396977571062,65.0551640521536,86.20115376692446,0,1
73,F,24.822294628298078,90.98100945757875,False,False,low,False,False,False,False,148.6146350455744,78.44342112353232,101.00624690339974,0,1
49,F,21.675629825123522,95.19021834375856,False,False,low,True,True,False,False,94.8077189196011,75.46989949798116,60.0,0,0
63,F,21.9178135851817,92.01685738964082,False,False,high,False,False,True,False,91.43803614720716,73.27570678571604,100.05535491225393,1,0
72,M,26.35346052890243,108.88946447069901,False,False,moderate,False,False,False,False,146.97126006757622,71.72232408097156,72.73479495569222,0,1
28,M,25.33381183025519,107.53587880551954,False,False,moderate,False,True,False,False,90.0,79.73858022479236,131.3971588166185,1,0
46,F,34.092223879513625,108.51657259551027,False,False,moderate,True,True,False,False,102.55218223565971,85.9013399047782,129.81531301241574,1,1
26,F,26.474819674859432,100.55991416186974,False,False,low,False,False,False,False,122.88520783518227,94.36035455795451,154.58519955713885,1,1
35,M,29.680154966422226,117.41154701965289,False,False,low,False,False,False,False,100.7289199816603,74.86725385850137,170.15540963788723,1,0
44,F,19.67921670474591,87.88549227205843,False,False,high,False,True,False,False,125.38069554267919,73.95721424391118,106.30081265121758,0,0
71,M,26.86320780513622,118.2713878578645,False,False,moderate,False,True,False,False,103.62136267434065,55.0,86.17474231773915,0,0
72,M,21.246583940295235,101.29613261314647,False,False,low,False,False,False,False,142.64128507795752,94.10962220924486,128.4199127421632,1,1
42,F,26.27953968483451,103.39928761257661,False,False,high,False,True,False,False,133.48492816057134,63.06172207617707,98.41840386255892,0,1
38,F,27.598315691516785,97.97502028033435,False,True,low,True,False,False,False,126.40142910942473,83.28467624862536,90.83129187635402,0,0
51,M,24.724409798006633,107.59467170854046,False,False,low,False,True,True,False,116.32017270984223,81.21828342736049,111.4012198259845,1,0
75,M,35.33296574663657,122.20186192186698,False,False,high,True,True,False,False,105.4643245227256,88.89389749666151,91.39938756842572,0,1
79,F,30.925908960988036,104.69943664619943,False,True,moderate,False,False,False,False,119.84469605070265,68.32460928648796,184.0825748781022,1,0
32,F,29.797603997730935,104.30987964700572,False,True,moderate,False,True,False,False,102.29032187338643,84.31557512156654,102.7688005637662,0,0
29,M,27.93928786566506,112.45908993557931,False,False,low,False,False,False,False,152.6713866084277,95.91337737174773,110.9263098777448,1,1
62,F,32.4351236797852,110.14586289422421,False,False,low,False,False,False,False,127.10834492561271,80.55763494754221,140.33070972140325,1,0
36,M,18.033638161388527,86.66317040311526,False,False,high,False,False,False,False,108.07829632574135,68.36211534131989,188.64925629539306,1,0
30,F,30.66627403095759,99.0147035303943,False,False,low,False,False,False,False,147.05376119805368,61.86098650576655,104.1077195684122,0,1
19,M,20.039400596002146,95.18072420541654,False,False,high,False,False,False,False,121.26138714260291,94.37834995479487,60.0,0,1
43,F,21.960473964199718,86.99551956131951,False,False,moderate,False,True,False,True,144.3802150573125,73.16893480267073,109.32037839618286,0,1
42,F,27.026265998277506,109.00044983563386,False,False,low,False,True,False,False,143.89575247007554,75.35423156545437,60.0,0,1
53,F,30.049490744798256,108.0377151042782,False,False,high,False,False,False,False,128.98365775596585,105.81356386017627,93.93111426070854,0,1
30,F,19.30890515743117,87.02267762400976,False,False,high,False,False,False,False,101.68958119900329,88.15230974180449,164.4130030613739,1,0
63,F,22.19354805045021,85.59820697724267,False,False,high,False,False,False,False,112.71199132022781,90.60222845703986,83.95047961809233,0,1
60,F,24.938894326255898,90.9580066229044,False,False,moderate,True,False,False,False,179.42563970371287,96.05763561020893,75.3893198764158,0,1
47,F,23.66135297886929,95.84326278891803,False,False,moderate,False,True,False,False,113.18115794660116,60.84031509254306,142.03584742521394,1,0
29,F,28.343144275558345,94.8990620500234,False,True,low,False,False,False,False,117.88235674673291,94.88196183916824,104.36712548713245,0,1
49,F,39.96167427193034,113.61422345612029,False,False,low,False,False,True,False,114.44983282958779,96.37978730879028,154.3467799842444,1,1
60,F,26.38694318836646,97.25443416205785,False,False,high,False,False,False,False,106.96616084046599,73.09233940063991,102.22694662352254,0,0
41,F,21.19161602826958,89.44025232340563,False,False,high,False,False,False,False,133.2632044958687,86.27204641872301,134.5822045012168,1,0
34,F,18.66571251212452,86.38526564817641,False,False,low,False,True,False,False,100.57753828142981,88.64288404147797,60.0,0,1
49,M,23.036357388864776,99.39589346922311,False,False,moderate,False,False,False,False,108.70719420147572,70.21385878153129,79.28004454613485,0,0
40,F,20.268875512870444,91.11078700511706,False,True,high,False,False,False,False,126.93886142446844,88.05972574596771,105.53268940602769,0,0
43,M,26.603974063889403,107.93820322961503,False,False,moderate,True,False,False,False,117.99034333074144,71.01242178912393,97.8645828350219,0,0
39,F,26.53409736102902,99.9611331918722,False,False,low,False,False,False,False,124.6094234339206,106.51254593299669,199.43462972676534,1,1
37,M,22.415743079637696,100.73937306864507,False,False,low,False,False,False,False,121.50372398916964,79.77829966608641,147.55687546409672,1,0
63,F,33.432297562027024,110.89427244175738,False,False,moderate,True,False,False,False,103.24455382570801,84.23795650146948,146.6284002130516,1,0
46,M,21.190487063420477,100.96197472457699,False,False,high,False,True,False,False,145.43329863695365,60.096643245558255,106.02328878518988,0,1
47,F,23.962560194458217,91.51876693071362,False,False,low,False,True,False,False,140.2882236279434,82.35600392262539,63.24455393576148,0,1
59,F,27.376231996504178,96.15766106712897,False,False,low,False,False,False,False,106.7103619130951,91.4198688884411,170.56402556725897,1,1
40,M,28.514247021964227,111.52029375309992,False,False,moderate,True,False,False,False,129.62821951632202,68.15945258088178,60.0,0,0
24,F,30.249094346944396,95.32254257141969,False,False,high,False,False,True,False,114.15051022598375,72.25529094488732,92.74255712965159,1,0
71,M,26.428234155469575,112.75627666908933,False,False,high,True,False,False,False,139.3337962852782,70.1804086413978,132.0689967782732,1,1
21,F,29.229107153545986,101.33647992219512,False,True,high,True,False,False,False,135.74307711885646,65.30363049952332,203.29499971467007,1,1
54,F,21.507013225874275,85.06688866562354,False,False,moderate,False,False,False,False,142.09700259621673,63.75112358751184,172.91598178251687,1,1
34,M,28.631368821576718,116.29530388943651,True,False,high,False,True,False,False,106.843508628515,89.32176447962331,133.8026345780196,1,1
31,M,28.5712811757038,112.6642683489664,True,True,moderate,False,False,False,False,100.323282812993,64.07745280993035,187.21830608263718,1,0
20,M,31.307990036390912,114.87817012402853,False,True,moderate,False,False,False,False,92.2641453296563,58.379864343633315,94.71788190256254,0,0
74,M,16.992038034971557,83.76102940145212,False,False,low,False,True,False,False,164.8029950548345,72.14636712338913,127.77885643301593,1,1
45,M,20.4176759797952,87.67042899485652,False,False,moderate,False,True,False,False,136.49812718509432,78.55194461860508,163.06766258103443,1,1
39,F,28.20413436215286,101.7506257460702,False,False,low,False,False,False,False,141.91934106612183,84.38367314516726,62.91254252689007,0,1
64,F,15.0,76.49419590255783,False,False,high,True,True,False,False,99.05992263452816,68.2386981453727,125.16637387566824,1,0
20,M,26.714027782047577,105.74895745134059,True,False,low,False,False,False,False,132.16784585125356,71.52933039753307,127.4818751118245,1,0
53,M,29.26911991219115,114.08224339846343,False,False,low,False,False,False,False,94.4536810851646,83.95013604891429,126.37799606775765,1,0
49,M,21.90631138602302,95.64066394162805,False,False,high,True,True,False,False,129.28196449617704,87.94960927218358,75.48091765004648,0,1
52,F,22.564144999496396,95.8282372092692,False,False,moderate,False,False,True,False,122.3275225833615,91.67840635603686,127.26394022939289,1,1
25,M,19.666381937420432,91.63572591538492,False,False,moderate,True,True,False,False,117.22743931083077,83.27486169330214,122.30719827337026,1,0
78,M,22.153037961208685,94.22237399191762,False,False,moderate,True,False,False,False,113.3267351873883,59.76488674772109,92.76372399257868,0,0
33,M,22.28344174117209,91.69025535075808,False,False,low,False,True,False,False,140.8125697368324,68.37300081950345,139.3036459080414,1,1
60,M,21.427214264905153,92.17835610791394,False,True,low,True,False,False,False,113.63300032414074,91.79358129023561,159.27188031621762,1,1
65,F,21.180448199969764,87.70041906695145,True,False,moderate,True,False,False,False,143.65382777525448,97.47865568496405,87.38862584499674,0,1
39,M,23.28047846800223,97.9573333975639,False,False,high,False,False,False,False,121.24227577661847,77.03540832466956,129.33128655109874,1,0
26,F,23.226030579547455,96.81386987588832,False,False,low,False,False,False,False,127.9786190817732,76.06755989562345,160.32842911869366,1,0
36,F,32.933593549374756,113.90363784962082,False,False,low,False,False,False,False,130.80443451385563,66.98945636716468,160.97554231520806,1,1
68,F,22.726166855973453,89.71957464326117,False,False,low,True,False,False,False,129.35469619981,93.62351546567375,106.57911630938993,0,1
75,M,26.048675972863364,105.69334790186977,False,False,moderate,False,False,False,False,125.65533587861663,66.35829634327538,149.5246979861506,1,0
77,F,21.904026650856643,94.26482039196493,True,False,low,False,False,False,False,156.44163350170888,99.57893365874303,103.49900185743176,0,1
32,M,21.846819008713442,97.65779274958774,False,False,low,True,False,False,False,140.06071081306882,77.1018009736711,140.61646157269618,1,1
56,F,16.830332580203198,77.47088652075506,False,False,low,True,False,False,False,90.0,68.54088732854517,86.133166029198,0,0
27,F,17.42885188485008,82.29398434074953,False,False,moderate,False,False,False,False,118.66849403501672,58.3857980743064,60.0,0,0
62,M,19.0685077415615,100.12256125629452,True,False,moderate,False,True,False,False,145.77699200837884,75.02497540940573,130.64708026115366,1,1
44,F,25.32663575642032,92.43951211565283,False,False,low,True,True,False,False,108.99022761871254,76.61127353025252,142.78868516840367,1,0
62,F,29.342781448780634,103.49237709439882,False,False,low,True,False,False,False,122.07433812598327,74.49331939232175,136.7186954920931,1,0
61,F,16.46000962897017,78.53623406601648,False,True,low,False,True,False,False,123.26939603324519,78.05547868625557,83.39428429028676,0,0
80,M,22.029154393930323,101.50470975076475,False,False,moderate,False,False,False,True,147.47322758432773,93.24171004951637,60.0,0,1
48,F,18.348991807923433,83.95301597333733,False,False,low,False,False,False,False,105.25259918449746,84.8071098274293,142.57403559155748,1,0
39,M,23.310753076399024,94.98558089604238,False,False,high,False,False,False,False,107.54767808801016,80.1427095074523,163.05456768864812,1,0
51,M,29.34096272168218,118.04089189752948,False,False,low,True,False,False,False,130.0883029885328,90.5585297245881,60.0,0,1
28,F,22.48902919276411,94.65553617497588,False,False,moderate,False,False,False,False,127.51523909075945,67.92091704043209,101.30926505127928,0,0
25,M,24.286173625101366,97.76548717136953,False,False,low,False,True,False,False,130.35302716989017,85.84698828207789,79.22536287153015,0,1
50,F,31.04852778376541,113.21710078612482,False,False,moderate,False,True,False,False,127.15619125214025,85.63786493272644,120.61429377566247,1,1
70,M,26.560554187285593,109.37089611036292,False,False,moderate,False,False,False,False,120.10398670431125,94.49667365466796,158.78539800932978,1,1
51,M,21.079586648824392,94.65306522202992,True,False,low,False,False,False,False,130.96483588250743,62.923152263619386,103.8461630034962,0,1
67,M,25.215118786260764,106.35371638400558,True,False,low,False,False,True,False,125.28569509528953,68.47205244007928,94.28238189634148,1,0
29,F,20.77602944868969,91.99194523545381,False,False,low,False,False,False,False,118.01446479219477,69.08828273463287,125.68450031547616,1,0
46,F,26.392169057312,94.64621527992689,False,False,moderate,False,True,False,False,120.9855422358763,83.26007537880946,60.0,0,0
56,M,26.819030693327417,113.97177590087465,True,False,high,True,False,False,False,113.36585936648973,80.4638705697026,141.3220673476782,1,0
39,F,18.347781347756964,87.10907070681245,False,False,moderate,False,False,False,False,110.6731329607313,84.24532869957666,149.02113222556315,1,0
18,M,25.28817237823598,104.1837068358723,False,False,moderate,False,False,False,True,130.92123984606076,55.0,112.16389736575874,1,1
22,F,23.97092033901836,95.07891888540418,False,False,low,False,False,False,False,101.09051430136752,94.19414547073137,96.60775889729531,0,1
76,M,26.951048287274503,114.37148839339504,False,False,moderate,True,False,False,False,133.0221501239426,80.5850963185124,102.14491723965457,0,1
56,F,28.2410617295861,95.6102710449423,False,False,moderate,False,False,False,False,117.77877246308259,84.07820283692945,102.29154994134716,0,0
34,M,26.648523218560722,112.55459391995234,False,False,low,False,True,False,False,120.34933425835817,82.0735190546626,109.98770982515488,0,0
34,M,23.135629909791113,99.3093631276672,False,False,low,False,True,False,False,119.16387462299838,71.09397411613045,60.0,0,0
20,F,28.699985093888003,99.50247468072396,False,False,low,False,True,True,False,130.05174781511028,83.69825309178452,126.48684592114228,1,1
77,F,20.57121750660387,86.47227658119577,False,False,low,False,False,False,False,145.68267664172535,78.8384884672965,99.14627790673396,0,1
24,M,18.557651029837253,91.20349541645169,True,False,high,False,False,False,False,150.85678476312162,78.6924141443768,112.72163355388031,1,1
65,F,15.0,79.3648019271131,False,False,low,False,False,False,False,138.76189416530895,83.42510944001607,91.76953234376721,0,1
33,F,24.184365717182803,89.24725738154237,False,False,low,False,False,False,False,123.25646630972763,76.87227811061275,125.32909327466871,0,0
39,M,20.80304102227954,99.04171063011205,True,False,low,False,False,False,False,134.79035170621125,63.03243629816718,158.52790967223,1,0
35,M,26.289895142339077,102.03623460080802,False,False,low,False,False,False,False,90.0,76.00348112868478,119.3032618310242,1,0
69,F,15.629476726800345,78.82434640089753,False,False,low,False,False,False,False,131.72621952427252,95.87523974124764,60.0,0,1
20,F,21.58769652095225,98.19624869650109,False,True,low,False,False,False,False,128.23481597736202,71.91235878191674,112.15108726208217,1,0
40,F,26.616214576390185,96.35964643142195,False,False,low,False,True,False,False,97.28465154890594,79.03492572908846,119.34263459268232,1,0
35,F,19.865737341429586,85.02288048175504,False,False,low,True,False,False,False,112.70234997811383,87.177853602477,110.0857555477986,1,0
35,F,26.34165536875788,99.48913653360833,False,False,moderate,False,False,False,False,126.44167747337839,101.31246633121927,85.19069336680471,0,1
30,F,21.993398322193816,83.0483901066075,False,False,moderate,True,False,False,False,128.10686623350225,75.1868183778602,110.39933620458918,1,0
75,F,24.35236260599001,98.96701745669813,True,False,moderate,False,True,False,False,137.3151198229205,64.50092678220344,141.45535065438705,1,1
41,M,27.17821102887585,111.26883587259402,False,False,low,True,True,False,False,148.7152414158902,85.39770072015368,101.64330259382541,0,1
44,F,28.78758660401891,103.15794554592915,False,False,low,False,False,False,False,119.61296414425118,69.06504466202406,160.29598263960585,1,0
42,F,24.91621585094273,81.35755538760314,False,False,high,True,False,False,False,103.79243359891278,81.24848824961084,89.23937819836293,0,0
79,M,20.83695367304565,96.77462267644034,False,True,low,False,False,False,False,135.1509365758307,84.666293404837,75.91106170890077,0,1
39,F,22.438825119291575,85.81065528684519,False,False,moderate,False,False,False,False,142.60568970366572,72.72693428114015,103.88813703104435,0,1
39,F,27.36629913389131,103.28250575006426,False,False,low,True,False,False,False,142.28050663640687,75.00728306997976,60.0,0,1
38,M,19.90435887432827,97.09374883056772,False,False,low,False,False,False,False,129.53206390659622,87.01141212264154,111.69943586476987,1,0
38,M,23.698700315119073,102.71606150140317,False,False,moderate,False,False,True,False,153.99745950619854,90.01878392425813,100.38174452211857,1,1
23,M,22.763521557373362,97.24343890851593,False,True,moderate,False,True,False,False,117.6173941170898,78.48635883197252,136.04725268463434,1,0
56,M,24.03487197506466,106.21872734326296,False,False,low,False,False,False,False,147.58933834531663,79.85464450843835,60.0,0,1
19,M,19.958228618377802,93.47839191330239,False,False,moderate,False,False,False,False,103.43618923521137,65.63670851127817,138.78477340085067,1,0
32,M,16.166250415045496,86.48826150275774,True,False,low,False,False,False,False,90.0,79.29884478070309,117.40367587470357,0,0
30,M,26.843341771818395,111.40847384157945,False,True,moderate,False,False,False,False,103.17027542264691,73.69186079490534,167.48472699565593,1,0
36,M,28.838591405698917,113.45875541422564,False,False,high,False,True,False,False,112.80734009642909,78.86519346313398,106.05206037413281,0,0
65,M,16.435212691258297,79.5695924077227,False,True,moderate,False,False,False,False,122.01113777622444,93.60036291603889,123.94222233852174,1,1
55,F,26.160167724167973,102.48409066979599,False,False,low,False,False,False,False,107.07769685306624,65.61223809602964,134.20743861336868,1,0
80,M,29.374323116803296,113.37586009243643,True,False,low,False,True,False,False,124.04434881888504,90.9288483699935,60.0,0,1
40,F,27.181599710430454,104.2621263067472,False,False,moderate,False,False,False,False,132.34902377978804,80.14225066133716,150.8803379909723,1,1
76,M,22.6249841959577,101.36642621548309,False,False,low,False,False,False,False,127.6427362856805,77.70363446528022,107.4838140306608,0,0
20,F,20.25426633612159,87.21867150077135,False,False,high,False,False,False,False,119.79579972222392,68.44392895480806,67.51387910900696,0,0
49,F,24.86440135707495,97.16356282291517,False,False,high,False,False,False,False,141.24197922682882,81.07480979609943,109.36264948873959,0,1
68,F,25.615032764810962,101.75421446006237,False,False,low,False,False,False,False,109.1929333577131,101.88617312481942,152.9892133477701,1,1
51,M,24.931133800201543,106.00502932743137,True,False,high,False,False,False,False,118.14081716127156,55.0,100.01581356388822,0,0
76,F,23.689394164470954,93.45592589177062,False,False,low,True,True,False,False,113.20033341144372,56.489240977347286,115.6432313924904,1,0
37,M,19.628067241447592,91.95633676564763,False,False,low,True,False,False,False,132.44442291660113,76.05536105636445,60.0,0,0
20,M,26.402097310889832,99.83273128280415,False,False,high,False,False,False,False,115.19226187322954,81.59709486952809,82.05519832858239,0,0
66,F,26.618845224860856,91.8353331699614,False,False,moderate,False,False,False,False,128.4026013187642,88.33480680587022,136.7729143234045,1,1
22,M,25.403699564577522,113.55825624806293,False,False,moderate,False,False,False,False,135.0613181275234,82.97320538671306,149.05095690666616,1,0
66,M,24.999471402820657,104.13034454642077,False,False,high,True,False,False,False,113.89006793198791,60.00419189030202,119.38371390853612,1,0
64,F,32.056622694857474,100.6195223795095,False,False,low,False,False,False,False,96.42657840244266,84.77722445992482,132.43308638029526,1,0
71,M,21.690295469419716,102.39945560810843,False,False,moderate,False,False,False,False,118.39638595507425,76.10197346994093,97.98552914764853,0,0
48,F,30.26645793855495,112.04360366251703,False,False,high,True,False,False,True,109.27006552804113,87.73843121064562,112.71463088177781,1,1
74,M,21.19688988850173,97.29443471854576,False,False,high,False,True,False,False,111.72171467747697,70.1120821556281,74.87773200356158,0,0
28,M,29.490277578303928,116.78908333752709,False,False,moderate,False,False,False,False,90.0,61.14981721115783,94.82441022934995,0,0
45,M,30.050153975362445,115.97782575769962,False,False,low,False,False,False,False,96.07343801993461,73.03854618769073,111.00856619719893,1,0
25,M,23.181269584691528,102.88078829871057,False,True,high,False,False,False,True,134.79965965223448,83.40139168340765,60.0,0,1
66,M,31.97433374327375,116.99868012762288,False,False,low,False,False,False,False,107.0012595976008,82.21249507639894,195.8012745258361,1,0
62,M,26.6106614903574,106.51493186373507,False,False,high,False,False,False,False,140.49495945654837,78.18583275640727,87.34286174705373,0,1
68,M,20.552274014867447,100.66277676768806,False,False,low,False,False,False,False,110.5500436303284,71.2728105250006,119.35892700959371,1,0
66,M,22.81629532524856,99.72348110593072,True,False,low,False,False,False,False,129.78088145947854,76.5484076598073,68.23426645511312,0,0
37,M,29.59743037747993,118.20038619688793,False,False,low,True,False,False,False,117.94873205295455,94.29932515059062,60.0,0,1
22,F,28.653791158444925,89.7665313795736,False,False,moderate,False,True,False,False,132.39418131785007,106.07358942139761,171.934795346434,1,1
76,F,19.738818193793193,83.15729090128441,False,False,low,False,False,False,False,117.94453672882655,82.68138072675923,113.97157592311102,1,0
49,F,23.873342095142764,92.91724046177403,False,False,low,False,True,False,False,125.41214387212446,89.27686547885425,60.0,0,1
23,F,25.415853422494305,91.6042172258401,False,False,high,False,False,False,False,141.6933134942978,69.99887869532579,76.08318228205822,0,1
76,M,22.21577934915976,102.0243173666968,False,False,low,False,True,False,False,129.5369410242958,92.88601228843748,184.39796776903486,1,1
80,M,35.110098755186236,120.59696616606611,False,False,moderate,True,False,False,False,110.98868500993296,74.15878901135332,128.88027617622245,1,0
46,F,25.551486845323964,95.86793652256769,False,True,moderate,False,False,False,False,92.02924956888975,64.0654319406856,60.0,0,0
66,M,24.221845140936278,101.6528127051043,False,False,moderate,False,False,False,False,120.25688765312695,90.67509901476208,94.07865198612224,0,1
20,F,29.858829699161404,98.78635449835288,False,True,moderate,False,False,False,False,128.88482327741784,78.9860718518153,105.59781020338448,0,0
23,M,22.856539093225244,104.90749354304491,True,False,high,True,True,False,False,124.4636480831777,93.33154492618726,130.38302384982813,1,1
35,M,29.033424247777955,114.33421025458706,False,False,moderate,False,True,False,False,107.95459072422241,87.09003098280712,111.6822360184164,1,1
59,F,16.99520421987657,80.31793829594062,True,False,moderate,True,False,False,False,124.42665574229416,63.76983805754515,60.0,0,0
26,F,22.458556791894953,96.42066615692661,False,False,low,False,False,False,False,132.5573449569538,80.03066372904452,89.81683169182423,0,0
20,F,29.220816882697612,101.9841646758341,False,False,moderate,True,False,False,False,144.2967015989679,68.13521382081949,80.24826127467487,0,1
60,M,31.56588974265352,118.19135004435945,False,False,low,False,False,False,False,118.38457507492808,91.90167986933753,138.19844530136578,1,1
66,M,21.02016929147303,95.13852480710307,False,False,moderate,False,True,True,True,161.31123485428682,78.94824154731954,92.9951602995776,1,1
64,F,20.495802637016084,86.94140500619109,False,False,moderate,False,False,False,False,145.2520597096735,70.75911181026169,92.57738922942698,0,1
68,M,27.053508936667065,111.9502958350791,False,False,moderate,False,True,False,False,124.6924460327627,55.66795881301449,102.87233186415216,0,0
68,F,21.696347472870293,86.41940112001993,False,False,moderate,True,False,False,False,126.186016454793,90.8281521724063,81.82790933248143,0,1
55,M,23.291399370100727,99.03549760291733,False,False,moderate,False,True,False,False,144.2228121744906,74.23084545561633,164.80058791404295,1,1
50,F,28.44382261131721,100.88834381816478,False,False,low,False,False,False,False,106.58800796371284,75.12012686599583,151.28875151581553,1,0
71,F,22.051540182736947,98.25539617039783,False,False,moderate,False,False,False,False,109.16278869785658,83.32192672095188,152.9256807470675,1,0
39,M,15.655584118089415,93.20468138748805,True,False,high,False,False,True,False,101.39271681511535,68.2711396909819,68.82880625583002,1,0
24,F,18.645120039773534,82.0392871059342,False,False,moderate,False,False,False,False,117.91767552747383,61.300289549980604,124.32386422419005,0,0
65,M,24.544800135741262,104.32091829833983,False,False,low,False,False,False,False,108.23972327370161,80.1231630387033,139.58783219604877,1,0
35,M,16.11459583187202,91.7178947409265,False,False,moderate,False,True,False,False,116.32072949682049,67.75854906994812,76.08396700427616,0,0
79,F,23.162778122162056,90.47240094627604,False,False,low,False,False,False,False,121.44508449201678,77.15501985643941,70.93164605350186,0,0
44,F,18.235565676902034,79.52092226572321,False,False,moderate,False,False,False,False,99.94475115390914,68.48079165158474,77.27844225465127,0,0
71,M,31.879725530895193,118.99398067308772,False,False,low,False,True,False,False,143.85967364521517,63.04841229628025,60.837319588292985,0,1
20,M,34.243141676445525,124.01440523397108,False,False,moderate,False,True,False,False,141.07023616302072,59.94477440470398,148.66071413192319,1,1
59,M,19.738113039460693,97.47902636562478,False,False,high,False,True,False,True,114.64119218656205,79.11102600562019,145.40057580391624,1,1
46,F,25.65541406017063,97.06674649223547,False,True,low,False,False,False,False,145.70968019682647,90.06154120544123,100.66859773750316,0,1
47,F,20.178183206014165,84.73712153753785,False,True,moderate,False,True,False,False,128.21552652182316,88.75767752727768,109.7661813699592,0,1
34,F,23.1080797907547,85.9105194977576,False,False,low,False,True,False,False,139.58631681941125,78.27340723981531,88.15619858442963,0,1
79,M,32.61561197580112,115.88144444025446,False,False,low,False,True,False,True,100.29549109827914,93.67234940826437,192.99918209227172,1,1
42,M,22.399901535230818,94.42742047287287,False,False,moderate,False,False,False,False,116.61834637306754,72.1078723499196,96.75278613143705,0,0
71,M,23.21283141993299,104.48690439967555,False,True,moderate,False,False,False,False,132.0514898743118,87.00706929628757,93.48427055068527,0,1
44,M,20.258618297475365,97.85114544293165,False,False,high,False,False,False,False,119.37716009292068,72.58684705033387,107.51825137933257,0,0
21,M,29.657852199491884,108.02666765391521,True,True,low,True,True,True,False,119.18603257836713,70.01506828555046,65.98102518110888,1,0
73,F,15.0,81.3831888134204,True,True,low,False,False,False,False,120.22926224758201,86.90585091850838,121.36485493263328,1,1
29,M,22.507412053107707,99.77619842658338,False,True,moderate,False,False,False,False,127.97534262711241,82.75895441299431,161.9107002115535,1,0
35,M,24.293512576390437,104.45610035154255,False,False,moderate,True,False,False,False,123.78343257213884,84.92515160100437,105.90437577279089,0,0
72,F,21.525152015670884,85.81823562966368,False,True,moderate,False,False,False,False,146.92936484803354,61.626375382529815,140.04053383638663,1,1
74,F,28.385954784790254,97.98880395343359,False,False,moderate,False,False,False,False,106.16924107262298,89.31902252856135,60.0,0,1
75,F,29.909122777867132,108.46003275113273,True,False,high,False,False,False,False,123.5123288744113,85.44878681458584,78.65436922151524,0,1
44,M,18.145822192042182,86.52663189660143,False,False,low,False,False,False,False,133.2626993287781,73.56895323596257,115.3883093117002,0,0
65,M,33.92068994196862,120.12658792332486,False,False,high,False,False,True,False,102.1012618296049,84.4126591766219,60.0,1,0
38,F,18.09533529040918,84.16610092631949,False,False,high,False,True,False,False,116.5008299889281,90.05805854709202,123.48774453905247,0,1
64,F,30.298838067541286,101.86771233705514,False,False,low,False,True,False,False,124.7817646293537,69.90478189382489,101.21756231467648,0,0
49,M,25.174224643410625,106.32447484285052,False,False,low,False,False,False,False,146.04626393070353,69.97685470593184,122.36927252282473,1,1
21,F,22.233345062987834,88.42918082497164,False,False,moderate,False,False,False,False,124.18224664694009,74.82648086976951,103.86044341663879,0,0
44,M,22.65784881645874,94.38615906726213,True,False,moderate,False,False,False,False,134.1278801575751,55.0,106.25318562808138,0,0
47,M,24.34919244202859,107.33487272658246,False,False,low,True,False,False,False,135.1753436577855,81.63112039989247,60.0,0,0
34,M,25.437880378387018,95.73955305657111,False,False,low,True,False,False,False,90.0,88.0191517937533,73.78390385201541,0,0
41,F,20.359305418828136,88.47192149465832,False,False,moderate,False,False,False,False,123.28610854247644,84.2707215297945,129.76276692948866,1,0
49,M,23.447270190447245,94.03360898065641,True,False,high,False,False,False,False,115.02883118217454,83.27174732654947,62.43616374040213,0,0
21,F,21.031972296825824,89.08537046628342,False,False,high,False,False,True,False,146.05056478368232,89.25835511022413,77.65239388259222,1,1
27,M,19.03227712816757,92.69902751279301,False,False,high,False,False,False,False,133.17858635188364,76.8974192849887,96.70781457277286,0,0
66,M,20.822097338939464,102.64130745318317,False,False,moderate,False,False,False,False,135.9958614483628,60.71177852313481,99.93178325123478,0,1
40,F,19.325114152870523,81.32892277371508,False,False,moderate,False,False,False,False,130.31406947631154,79.4237573464507,137.06404332299508,1,0
56,F,22.609302892622665,85.10047967864135,False,False,low,False,False,False,False,123.67652781346686,92.3153640737193,120.03360182205124,1,1
53,M,26.44613707460787,106.16404986154376,False,False,moderate,False,False,False,False,135.36901037795846,81.97357046845637,88.85584249090189,0,1
52,M,25.04319659380083,101.72911801631238,False,True,high,False,False,False,False,121.65872921596049,73.90887541699449,60.0,0,0
44,M,33.384551494972925,123.24167335672843,False,False,high,False,True,False,False,142.54841735779826,86.62569261472022,218.9977311485886,1,1
48,M,15.0,85.30612758312613,False,False,moderate,True,False,False,False,104.89570571870952,82.24735043646876,113.32285129646935,1,0
69,M,26.61203434796385,104.625727714132,False,False,low,True,True,False,True,138.60580272323458,75.62631793974023,143.97951989829576,1,1
78,F,24.528891073359585,91.95827578029537,False,False,low,False,True,False,False,116.19593156451131,79.3098298021101,60.0,0,0
34,M,28.17051654067385,107.11822400758994,False,False,moderate,False,False,False,False,132.87129833903742,74.50882701294042,98.99563222050371,0,1
60,F,27.72409341939684,98.78859727405111,False,True,low,True,False,False,False,96.85225277017946,84.76318451119722,97.66648402884158,0,0
79,F,23.757537124391703,84.35518163565364,False,False,low,False,True,False,False,126.31514476173884,68.10113609167176,95.7441226825021,0,0
18,F,25.2769307818554,100.77373605833056,False,False,high,False,True,False,False,119.58206749844665,81.62947339396702,139.2389324257772,1,0
67,F,21.151688541866818,95.06198753862265,False,False,low,False,False,False,False,121.27455083022832,87.56192562070217,102.72916445659214,0,1
49,F,27.261559907095045,99.18106981959913,False,True,low,False,False,False,False,93.71938498760036,80.61713009834283,96.96852936547553,0,0
78,M,16.045057765447844,88.06416317666553,False,False,low,False,False,False,False,122.52614236279867,80.74195425652138,111.53098561139902,1,0
54,M,27.995718973921928,108.95378631392504,False,False,low,False,False,False,False,124.07500416441371,78.77016374544672,112.88529722079777,1,0
70,F,24.395719500937506,101.46968143534377,False,False,low,False,False,False,False,93.49428142861113,83.88058296256045,69.6271298019888,0,0
28,M,22.3082208297601,101.97261744756445,False,False,low,False,False,False,False,103.58885543684741,74.04798490262375,146.65056333703194,1,0
26,F,23.453600602489733,97.26569692594725,False,False,moderate,False,True,False,False,124.52303749818846,76.56411251291978,91.76127079224987,0,0
76,F,23.783616944352286,91.11312586417878,True,False,moderate,False,False,False,False,128.5104854005912,68.08901125574958,108.38803823544221,0,0
51,F,30.337866922162256,100.05574688412608,False,False,moderate,False,False,False,True,121.19014824185984,75.030980819009,164.38892457179523,1,1
53,M,39.05072148461831,123.13667713601649,False,True,high,True,False,False,False,122.7188610750221,55.949942087623704,213.71136010345782,1,0
28,M,29.98941870867672,121.15797608925314,False,False,moderate,False,False,False,False,122.43039572597935,78.31386092358373,128.38388145515577,1,0
32,M,21.956033963496097,105.3641153773458,False,False,moderate,False,True,False,True,113.28240451953057,84.77608427855337,60.0,0,1
69,M,27.334018209283755,105.9989810457314,True,True,moderate,False,False,False,True,119.14821190939116,77.2630420703716,101.96464530959247,0,1
37,M,27.52998124725868,105.06426009427649,False,False,moderate,False,False,False,False,99.5747443374257,88.13327655392014,172.04569011286296,1,1
54,M,20.33677674898751,97.51840413627849,False,False,low,False,False,False,False,112.64545453296748,92.68911496942839,103.93275830584774,0,1
37,M,18.82640316250693,88.18407254118732,False,False,high,False,False,False,True,121.32125210620693,77.82319020758173,141.15251120669268,1,1
34,F,24.21523581987445,99.44763663452262,True,False,moderate,True,False,False,False,141.77500413739082,67.03856108968898,140.6482034794224,1,1
28,F,28.134684212156458,95.5190936143438,False,False,moderate,False,False,False,False,120.05363028757773,90.00611716607052,87.3653231557091,0,1
76,F,17.24686279579357,83.99033552754668,False,False,moderate,False,True,False,False,154.98306078502785,87.78139800935011,178.24501895244816,1,1
77,M,21.255959595555172,94.96311379045424,False,False,high,True,False,False,True,152.8793927495949,82.93843284978492,127.0142877303507,1,1
25,M,27.07693269045683,108.28967050055542,False,False,moderate,True,False,False,False,123.11522630651187,72.23093031631453,111.0713053811596,1,0
40,F,24.68775625971761,91.36207307081938,True,False,moderate,False,True,False,False,115.37978825123461,82.15731110514764,106.2721188384069,0,0
53,M,30.87323129269548,114.27885840829654,False,True,moderate,False,False,False,False,158.2564337010004,74.5741912196537,70.97752619442194,0,1
42,M,18.148846456656454,93.75629059468457,False,False,moderate,False,True,True,False,133.93600022019623,69.92935608020787,84.36876656647117,1,1
63,F,35.08474220052255,114.37229829107183,True,False,low,False,False,False,False,129.01797550932662,81.95073447670664,76.19713291722933,0,0
34,F,17.579034003936894,85.41264211629189,False,False,high,False,False,False,True,110.45610085350431,67.29514686644794,191.5894280137285,1,1
21,F,15.368763265272827,79.50441149204494,True,True,high,True,False,False,False,115.15988194785298,86.31462013893999,148.29537065899427,1,0
39,M,24.23489249226212,97.7879641008415,False,False,low,False,True,False,False,105.99215723008012,81.09718150580765,76.66725853809912,0,0
55,M,19.394934822892957,97.24461367895883,False,False,low,True,True,False,False,145.80791436375583,76.77372914172598,176.51537869903038,1,1
29,M,24.325599511798043,105.34119266922694,True,False,high,False,True,False,False,130.02467637382207,77.5424960998296,159.774399786744,1,1
69,F,24.168229044704,87.49071408408304,True,False,low,False,False,False,False,117.03527474460093,66.19514195096724,89.50618694486543,0,0
18,M,23.61901604551656,101.41805000599945,False,False,low,True,False,False,False,114.4435463241648,66.85520687600447,130.5891013982386,1,0
22,M,20.709150355114495,91.55352160880392,False,True,low,False,True,False,False,106.13947573053042,97.0612151561719,88.14246965247133,0,1
50,M,26.44695268660861,98.1935056107692,False,False,low,False,True,False,False,120.88261771437668,76.34003913748369,147.87903665222726,1,0
50,M,23.071982983547738,113.00141950779273,False,False,moderate,True,True,False,False,124.73128375840503,62.33627639215317,129.2272445299366,1,0
36,M,29.466491918396436,115.14737752726359,True,True,moderate,False,False,False,False,90.0,88.1037453659356,97.17660222343858,0,1
34,F,23.68832486362262,94.90267091307408,False,True,moderate,False,False,False,False,106.5729215943921,66.73230960401793,68.68372789997164,0,0
22,F,20.159086597100348,89.18320154835921,True,False,low,False,False,False,False,111.17501295694129,84.34271736360157,109.73281312411689,0,0
59,F,16.905302516704765,90.46271090745543,False,True,moderate,False,True,True,False,139.36773771431058,94.21603711788141,129.20266076441456,1,1
41,M,23.725507558482327,99.52642564141601,False,False,low,True,False,False,True,113.1395844478165,75.61188703264477,157.5120924961449,1,1
25,F,18.7885794288682,82.33741855547115,False,False,moderate,False,False,False,False,93.29016379550042,90.73524605598308,134.0169034119898,1,1
43,F,18.4251716569785,85.27427905047844,False,False,moderate,False,True,True,False,104.38480590773742,86.0722125168312,144.42289741348245,1,1
77,M,26.87355789116144,105.31801357357885,False,False,high,False,True,False,True,149.59114135703473,95.30612115925577,85.68985560634663,0,1
34,F,16.500484724764735,81.27018539394213,False,True,high,False,True,False,False,116.03556048379059,84.40029673399297,60.0,0,0
74,M,30.854870202498105,113.47598992871832,True,False,moderate,False,False,False,False,105.38460803169,72.18478820633977,60.0,0,0
34,F,25.21872372977993,97.75869444312958,False,False,moderate,False,False,False,False,95.2227498147193,55.08718296465199,101.794006812924,0,0
29,M,24.302708160387674,111.94145883208463,False,True,moderate,True,False,False,True,122.39051876717588,69.28736108258201,84.94407632907387,0,1
34,M,19.843553267522363,94.96532637767643,True,False,moderate,False,False,False,False,124.0758268776987,72.47550535757152,107.69181042597965,0,0
38,M,27.93967533354322,105.53320846384575,True,False,moderate,False,True,True,True,129.05770723719783,88.91931913027425,137.68469833980674,1,1
25,F,24.48692779881172,99.8800181072915,False,False,high,False,False,False,False,165.6281038117132,91.35580769185002,133.9648608070726,1,1
55,M,21.412565107666392,99.59997106731151,False,False,high,True,False,False,False,102.21994284761837,65.94369566161532,60.0,0,0
39,F,25.399211134932152,94.37429207784068,False,False,moderate,False,True,False,False,116.09243372362118,91.45212427385809,202.29491462203416,1,1
63,M,16.92746545052279,92.07809994875147,False,False,moderate,False,False,False,True,126.67895934823375,69.49258943291274,125.69670183689271,1,1
48,F,17.141027908028875,86.33833836087712,False,False,low,True,False,False,False,114.99881478087856,68.83301573538823,122.13021173961756,1,0
45,M,19.459162616145147,95.58117784206432,False,True,low,False,False,False,False,90.0,62.78044072823744,106.8055395263388,0,0
47,M,26.072872704243714,103.74291026023997,False,False,moderate,False,False,False,False,130.1811872655925,81.7153526432158,102.20582864135199,0,0
27,M,24.48533755187241,101.95812584308973,False,False,high,False,False,False,False,111.89836025109369,71.55744711217251,150.50952635046605,1,0
62,M,29.220406695000886,105.96138814435415,False,False,high,False,True,False,False,104.97652638060552,92.44320465635008,77.92529579743885,0,1
24,M,20.360045665241405,96.11274126102438,False,True,high,True,True,False,False,107.70471901313034,68.0106392115348,122.73488140909717,1,0
63,M,27.086005282166038,109.99792933521852,False,False,moderate,False,False,False,False,146.8186437525052,86.05426871246459,165.06014902087878,1,1
80,F,23.987582514221234,93.15617766608099,False,False,moderate,False,False,False,False,142.7844787561209,64.66437246388125,118.64627111402326,1,1
66,M,20.256296623665822,104.22013452670899,False,False,moderate,False,False,False,False,104.54152653046125,89.3506778576225,129.96354951799145,1,1
46,M,26.233884518208136,110.39011011457924,False,False,moderate,False,True,False,False,94.2913415939723,79.28832167831885,62.83642895120531,0,0
37,M,24.202946637896453,96.39419459241985,False,False,low,False,False,False,False,136.37381920766032,81.22260556895516,140.9297393413871,1,0
72,F,21.668963626345704,86.78678837492102,False,False,moderate,False,False,False,False,154.93130054442491,74.05740847308628,124.92752381920477,1,1
34,M,24.688995892148412,100.50409739505187,False,False,low,True,True,False,False,159.32305380768156,73.43430519045464,108.49095405432116,0,1
48,F,23.917113263281735,96.80834141148178,False,False,moderate,False,True,False,False,99.34473422533077,83.46450533977917,137.2646133484112,1,0
66,M,23.808403691671238,106.41881348721768,False,False,high,False,False,True,False,143.72561641030148,97.8935847331368,71.97881975212294,1,1
76,F,22.643330825401403,94.76309892468412,False,False,moderate,False,True,False,False,121.91424441709576,66.45372111666447,175.0429703434801,1,0
76,M,18.62773157497863,93.57075398121256,False,False,low,False,True,False,False,91.12326823786752,74.25300471904704,213.23149403072745,1,0
23,M,24.836444371526927,103.86764255689936,False,False,moderate,False,True,False,False,108.24640868998526,71.26139866812277,90.96187240102084,0,0
74,F,20.887785318253634,93.87835991579182,False,False,moderate,False,False,False,False,109.42761018783052,61.37068073114817,153.15239172006403,1,0
25,M,19.908520095601695,97.23407187175025,False,False,moderate,True,False,False,False,129.6076953363519,61.23220794691534,106.9663988909758,0,0
54,M,23.41685070153827,101.36565859510081,False,False,low,False,True,False,False,100.12942293664094,69.94230220869777,68.93212726090272,0,0
76,F,27.8031194487748,103.51396036037872,True,False,moderate,True,False,False,False,137.1042240310078,73.64474890452512,157.40184892550283,1,1
59,M,25.335260784609414,112.0756727765083,False,False,high,False,True,False,False,129.60745077369702,93.57700127384473,102.06376394829172,0,1
77,F,22.10986006239085,91.17988368468988,False,False,low,False,False,False,False,138.3212513653285,88.8824283015496,133.41342966890943,1,1
39,M,21.928942739594643,104.79602270746109,False,False,moderate,True,True,False,False,111.43682525752229,68.97543731837659,178.8648560796001,1,0
37,M,27.361159679849457,102.89778877915857,False,False,high,True,False,True,False,128.34420652916106,86.50123437109562,130.47266388657113,1,1
38,M,15.0,97.75244893145168,True,False,moderate,False,False,False,False,105.42594514290555,69.20719476757041,119.30823400458462,1,0
40,M,28.088142451397662,109.06557456549433,False,False,high,False,False,False,False,132.8272485930294,77.0339511747579,78.40058447920117,0,1
61,M,16.066929012813475,91.74920831616035,False,False,moderate,False,True,False,False,118.20304037335222,81.56162072197941,78.51702469486423,0,0
46,F,18.130664412546587,89.52481438265276,False,False,moderate,False,False,False,False,119.77311756147125,101.21003775123904,107.23099569792187,0,1
64,F,22.185803759315483,92.8306178683354,False,False,moderate,False,False,False,False,121.47642093554262,80.9569065499144,98.73448975963721,0,0
44,M,34.265558643188804,124.95412591797607,False,False,low,False,False,False,False,94.13794913630622,61.74194494855578,135.8053582296585,1,0
37,F,32.0483871200642,110.66750541468235,False,False,low,True,False,False,False,141.0373449104589,86.18615930630884,73.887479376416,0,1
29,F,27.67919490108711,98.04883243431402,False,False,moderate,False,False,False,False,123.3258390376252,90.50910127529593,84.86604716101786,0,1
52,F,26.104440702329526,88.39900163374723,False,False,low,False,False,False,False,141.10181299567074,87.77448582529927,106.69300126912376,0,1
74,M,16.119753643943863,89.19678385303793,False,False,low,True,True,False,False,139.92227790145296,67.06351789179783,115.37156429502608,1,1
72,F,25.205411732963146,91.54713627636859,False,True,high,False,True,False,False,108.98742669202747,79.3676170458565,114.04358100000769,1,0
33,M,22.028503166480128,105.22382608306238,True,False,low,True,False,False,False,117.68225889448895,77.80287169039434,105.15989538339369,0,0
48,F,20.82498799869775,92.91107440030608,False,False,low,True,False,True,False,97.18704370692784,97.46467769180445,84.54434151914026,1,1
62,F,25.196613904885968,94.40338515316492,False,False,moderate,True,False,False,False,141.61537872748377,84.7841582961366,132.28078398775853,1,1
56,M,22.380004957489856,102.70832075831242,False,False,low,False,False,False,False,127.19386355981504,96.88386456424676,153.39231292040714,1,1
22,M,28.411847956859827,102.95471401116092,False,False,moderate,False,False,False,False,125.2186036041172,70.19713218736834,122.85927806321598,1,0
55,M,15.788203545742997,85.95752248781042,False,True,low,True,False,False,False,117.58294743485455,75.61603709713683,91.69708927507192,0,0
20,F,24.83755140055692,95.69288234002943,False,False,moderate,False,False,False,True,106.48383911213162,72.08677036346349,60.0,0,1
25,F,20.544062494186804,99.42711596752397,False,False,moderate,True,True,False,False,142.52331827706715,88.76575037138313,170.10364581918415,1,1
59,M,22.65663876987938,101.58102712440606,False,False,moderate,True,True,False,False,154.0876781473363,90.53544469375915,105.88277423926986,0,1
24,M,25.870818887656586,112.40042999769248,False,False,low,False,False,False,False,143.1447871360133,82.29881128239363,158.270218687797,1,1
39,M,19.4721146182547,98.52156574495952,False,True,moderate,False,False,False,False,119.3219229882304,79.04249215849138,169.46615608350675,1,0
55,M,25.239044626906093,103.47696263214559,False,False,low,False,True,False,False,128.24264328969028,82.59598969326679,140.1287367044256,1,0
59,F,23.54447807655831,91.51995575469988,False,False,moderate,False,False,False,False,139.11888324455012,62.79200411366641,145.41539291118707,1,1
46,M,21.527359106704,100.38293313702148,False,False,low,True,False,False,False,123.50550020346233,73.4765551708911,142.6308289290509,1,0
23,M,22.38242381295086,98.49382065188611,False,False,low,False,False,False,False,153.1136712915934,74.36071777696489,104.25997380528982,0,1
68,F,23.804516489658834,87.40814219635715,False,True,low,True,False,False,False,141.97405563098454,77.85044460577977,71.80766946235921,0,1
77,M,21.044735693465544,93.44561971106882,False,False,low,False,False,False,False,166.5677907399644,70.82791872434126,139.93042631452172,1,1
73,F,24.531925138965253,90.92953812616969,False,False,low,False,False,False,True,125.1077061180513,68.6576025973863,60.0,0,1
65,F,23.24820520250266,94.63206576158193,False,False,low,False,False,False,False,90.0,60.42206287076615,98.25345807652691,0,0
43,M,21.749228583198676,97.89482349191321,True,False,high,False,False,False,False,123.14962029690402,82.75288343172312,89.61423912086617,0,0
73,F,31.654290052563425,104.06482772389096,False,False,moderate,False,False,False,False,115.9256882202839,62.91105885528336,132.05662008805564,1,0
48,F,26.368579651527295,93.33445171337328,True,False,moderate,True,True,False,False,124.76387955831558,88.99409138058826,120.14808542898618,1,1
26,F,22.777794953196704,97.61906919464924,False,False,low,True,False,True,False,150.5287665709581,81.56329576251622,89.54256879228483,1,1
71,M,25.15637193871119,103.28207749956873,False,False,low,False,False,False,False,113.33049732393306,87.75074361440531,97.2476849874795,0,1
38,M,19.879309384519214,91.50707214449741,False,False,high,True,True,False,False,108.69456600390308,68.19058327347665,180.53970626755384,1,0
77,M,22.534527769496375,105.16448909306557,False,True,low,False,True,False,False,111.65059337872805,98.50166329073707,84.5394462311229,0,1
41,M,23.059651473027884,103.10455854319255,False,False,high,False,False,False,False,156.46619143568702,102.41672041307903,105.58392811116936,0,1
72,M,18.889427405405527,98.032399051688,False,False,moderate,False,False,False,False,114.62780834081182,78.33051232077392,132.26509064108424,1,0
51,F,26.24309321597488,92.98214088806877,False,False,moderate,False,False,False,False,126.15117437627296,82.3276394693865,114.46442434033261,1,0
47,F,22.224742838242285,90.12839199977309,False,False,moderate,False,False,False,False,151.54347434089982,77.85924322260384,133.31676634015952,1,1
36,M,22.900399996486684,105.68060813610221,False,False,moderate,True,False,False,False,132.61775322413345,89.08056865282217,150.45294277231804,1,0
70,M,21.9407606339449,96.59705089360155,False,False,high,False,True,False,False,90.0,86.71931279582333,162.3749258569608,1,1
21,M,37.815907657893945,129.94970565313545,True,False,moderate,True,False,False,False,114.26914547673681,58.470907958239046,113.57905247962275,1,0
47,M,21.518231824216944,96.50286239941632,False,True,low,True,False,False,False,111.55495968571883,68.9070258216022,126.18482328127597,1,0
41,F,15.190953707513776,78.44844820601392,False,False,moderate,False,True,False,False,94.11611697977234,82.32026677495531,119.35484952482994,0,0
52,M,17.30030613068524,85.49054943277224,False,False,low,False,False,False,False,114.37938167087071,86.51090646326008,80.66642335535333,0,1
34,M,27.916861802129457,109.10589851636686,False,False,low,True,False,False,False,90.0,79.6429882337552,118.82573083393211,1,0
59,F,30.514037112574083,101.79749953075108,True,False,moderate,False,False,False,False,127.20056221279641,59.336195188237845,60.0,0,0
42,M,21.43191263882216,98.31335592934492,False,False,low,True,False,False,False,122.11908580121074,84.1223794999883,125.12280776346324,1,0
29,M,30.255273513359587,110.0620187110525,False,False,high,False,False,False,False,110.66966449508527,98.07330353655436,60.0,0,1
30,M,27.83715499929145,104.01480166885135,False,False,high,False,False,True,False,93.0489385679051,55.0,77.37053129834335,1,0
61,F,23.6473394105626,92.4532836602429,False,False,low,False,True,False,False,144.3119020705424,88.33222656184194,141.93834200859067,1,1
34,M,23.32799172303259,103.29102811362465,False,False,low,False,True,False,False,112.90633520948785,98.1530371069994,128.28124304246307,1,1
37,F,25.31391601887044,90.29319615430668,False,False,moderate,False,True,False,False,139.56126705521237,88.37908598402299,111.39891581867388,1,1
57,F,28.448551199691384,99.96911057592324,False,False,low,False,False,True,True,119.98737072582071,77.11218417689729,96.23273719867196,1,1
38,M,26.2878255451776,116.07483029254404,False,True,low,False,False,False,False,145.34921279606374,87.86564585165932,81.74360710768404,0,1
42,F,21.45436264190587,88.75081820015073,False,False,high,True,False,False,True,131.3510917140143,77.04723169859535,92.00727851191212,0,1
33,F,23.716068288381603,102.73296437502869,False,False,low,False,False,False,False,123.78394994052627,83.96232971806414,135.98208603024887,1,0
39,M,33.41568554624866,130.0,False,False,low,True,False,False,False,108.56485470776414,78.9165734565953,103.11016626316007,0,0
61,F,25.630462087832864,101.23244297506152,False,False,moderate,False,False,False,False,142.78467251458716,79.22427129030828,60.0,0,1
51,M,28.411964420971767,110.31748817624185,False,False,low,False,False,True,False,118.71313217356992,69.61939588016567,68.897786125691,1,0
80,M,26.929482442621545,103.93945119658738,False,False,high,False,False,False,False,108.96141635834506,72.90346671081218,83.58199789385607,0,0
66,F,25.730109847989663,94.21532909840116,False,True,high,False,True,False,False,119.48380091360981,95.8718007942892,102.74892175749079,0,1
19,M,24.989145050067812,106.11809983005261,False,False,low,False,True,False,False,121.26138106958037,71.18203740920274,101.72710239325693,0,0
41,M,28.538257813962407,103.08477002993789,False,False,low,False,False,False,False,135.98616451243817,56.486465526777316,75.04379548864564,0,1
36,M,27.733890058898076,109.56001976405818,False,False,high,True,False,False,False,91.88640245198722,116.66932367060762,133.52139259683094,1,1
55,M,25.68752065105197,110.82690686285898,False,False,moderate,False,False,False,False,160.129732633513,73.1978761089917,60.0,0,1
34,F,21.378068635034502,95.96184979733202,False,False,moderate,False,False,False,False,129.41360609029527,75.04625012291531,85.88502337870007,0,0
78,F,26.235014624968123,99.34912624285892,False,False,low,False,False,False,False,121.7456813019353,73.5772233934245,139.46234660507338,1,0
36,M,24.198464285893625,103.00001530598556,False,False,moderate,True,False,False,False,129.10397959453667,78.17523666308506,130.89858952426724,1,0
50,F,23.112848398947158,83.34238104773966,False,False,low,False,False,False,False,97.49651361798244,69.64953851495017,102.55009478274985,0,0
25,M,36.554491887347304,123.41717471588727,True,False,moderate,False,True,False,False,123.98451411682957,94.38385162957344,144.85607357723796,1,1
75,M,17.574269115314777,86.88030010309615,False,False,moderate,False,True,True,True,132.40555123973067,75.80459632381066,121.11750181760226,1,1
75,F,28.813307865758674,107.0712704412707,False,False,moderate,False,True,False,False,117.28675276134662,66.49899128315846,114.4696995154181,1,0
68,F,20.61798075085776,87.55046040023903,False,True,moderate,False,False,False,False,130.3773854801275,55.0,133.02692092170636,1,1
40,M,25.090379702045283,100.90009652585556,False,False,moderate,False,False,False,False,134.6895608856334,90.04362295439357,126.2199147741557,1,1
21,M,36.05864383590583,121.19654432621546,False,True,moderate,True,False,False,False,110.3447431119379,73.15236401688554,158.60893010341496,1,0
62,F,20.16933952329172,82.48055020624709,False,False,moderate,False,False,True,False,141.98038696177858,82.13264168383036,102.34935982937178,1,1
45,F,21.24257305327731,83.41361381264447,False,False,low,False,False,False,False,121.03592009900592,67.78093405568748,103.49982002706739,0,0
80,M,24.421188182817797,104.67278665985918,False,False,moderate,False,False,False,True,152.50438104584302,79.03180044341991,118.88948137636193,1,1
61,F,20.68752369065887,86.69360243833158,False,False,high,False,False,False,False,142.95079475699808,77.69992037851009,112.74641762764018,1,1
51,F,28.478253579231353,101.25781717798021,False,True,low,True,True,False,False,128.5029737518551,88.12965721803697,176.99076531076614,1,1
80,F,22.094617537715173,89.97956267167193,False,False,high,False,True,False,False,109.01089885941533,79.8210072759891,130.35424438159788,1,0
68,M,27.443043380672016,110.96589207449662,False,False,high,False,False,False,False,120.21552273982576,65.6479338175405,86.68879015863456,0,0
46,F,18.51864890689969,81.26719412188896,True,False,moderate,True,True,False,False,138.12541095506762,104.42666799409294,60.0,0,1
19,F,16.369258240305985,79.94827476780299,False,False,low,False,False,False,False,113.04604856509934,82.7802149795324,166.98661853133754,1,0
23,F,23.46956759471128,93.90025006563464,False,False,moderate,False,False,False,False,128.9354390401079,67.6063067158892,98.87288423534078,0,0
45,M,17.441714728830824,94.15923612300878,False,False,low,True,False,False,False,130.74337161099066,80.08025278318263,123.5720146741677,1,0
53,M,31.332210107444528,116.53998685529336,False,False,low,False,False,False,False,120.20060483767425,82.30191560424264,111.35003036946922,1,0
19,F,17.61588429277251,78.30914727861568,False,False,low,False,True,False,True,108.85316080759858,83.32506835033382,140.22731707604973,1,1
25,M,19.83040990548186,103.94890379176091,False,False,moderate,False,False,False,False,147.56140198597916,81.99617894784554,92.64453441132706,0,1
62,F,26.361289484635744,99.07981522152667,True,False,moderate,False,False,False,False,129.60106644868827,80.69882884484261,116.16018388829302,1,0
65,F,21.861362224720974,87.47929555709958,False,False,moderate,False,False,False,False,117.17047752875743,88.09461960924115,92.90500308161008,0,1
19,M,17.667254135595783,92.3258812275932,False,False,low,True,False,False,False,109.35714536726816,86.00654700788468,209.35505833481287,1,0
49,F,33.679838720323815,111.17689068711769,False,False,moderate,False,False,False,False,136.37631367720604,86.21105968243617,85.65570424839221,0,1
23,F,19.992647885781917,87.17644840854257,False,False,moderate,False,False,False,False,120.88951774056912,58.45788049081125,131.60556018900752,1,0
63,M,23.61683986626553,103.08748834615004,True,False,moderate,False,False,False,False,137.6393002526176,58.92267361698252,211.5890509897984,1,1
70,F,23.558633659522865,89.24200978754138,True,False,low,False,False,False,False,107.24551762729476,69.27488222996327,150.4514842149869,1,0
72,F,27.6963911838496,107.28555407114541,False,False,low,False,False,False,False,126.84173437333541,75.26717526511273,111.25567942168792,1,0
55,M,26.580586073019767,103.98032466648299,False,False,low,True,False,False,False,114.32325405496,69.64060777621535,117.84351025469434,1,0
57,F,20.779395330210473,90.55843742164933,False,True,moderate,True,False,False,True,149.8638356948901,66.82614384515668,83.55410767843463,0,1
76,M,23.03377752150512,104.19294787119635,False,False,moderate,False,False,False,False,127.89161052049423,80.62761762817722,170.79582206885527,1,0
56,M,23.47884904906183,102.9884581344247,False,False,moderate,False,True,False,False,106.0674146723881,68.39920208609736,104.09692469416832,0,0
46,F,27.87031774189353,96.7590269804366,False,True,moderate,False,False,False,False,136.95941769331807,55.0,109.42757246628909,0,1
65,M,19.242551383136295,91.91391698064595,True,False,low,False,False,False,False,141.7553777576429,63.059481696241235,81.26142259972146,0,1
55,M,33.58149750540102,111.92640493468775,False,False,low,True,True,False,False,116.60739811983493,71.29275299490038,101.06817860675781,0,0
71,M,21.0836747564325,92.29890697493823,False,False,low,False,True,False,False,109.04336530069669,75.15909238080194,114.28678064470556,1,0
51,F,24.46062771459533,89.7577627902487,False,False,moderate,False,False,False,True,90.0,87.88560700687427,150.1318354633119,1,1
72,M,19.28004752138041,91.13222001042934,False,False,moderate,False,False,False,False,139.61258030404198,82.77996343679459,121.3191048457336,1,1
20,F,18.658284447617223,78.4671690223416,False,False,low,True,True,False,False,93.95194824818569,55.942857047014556,150.32270127055017,1,0
20,M,20.56507215915069,100.26310485436454,False,False,moderate,False,True,False,False,121.22643172824938,93.97834920337158,60.0,0,1
24,M,20.132645520510852,95.72500506131539,False,False,low,False,False,False,False,94.39681739434462,75.8074778313009,161.0239958770943,1,0
53,M,22.63584339130326,106.38018584483162,True,False,low,False,True,False,True,150.8160852400536,78.76079362409062,65.05038267469911,0,1
62,M,20.094657370563166,93.03879238866719,False,False,moderate,False,True,False,False,143.35287352376994,79.33352348594546,138.9212377385955,1,1
31,M,27.629985895823943,109.19182610548998,True,False,low,False,False,False,False,126.8021870598998,68.62050339931143,60.0,0,0
27,F,20.976572471067314,85.08519810310699,True,True,low,False,False,False,True,138.7632112154463,84.19762676034925,114.29927993110275,0,1
72,M,20.47783027946638,101.22883981837717,True,False,moderate,False,False,False,False,119.88474460999204,56.5687120243245,145.1669771758549,1,0
65,F,22.73164011147229,89.74568767878381,False,False,moderate,False,False,False,False,108.80412571090291,92.74115994147881,82.5534314534672,0,1
58,F,28.967774954133326,108.41105134995713,True,False,low,False,False,False,False,95.17681182787885,80.06282417883128,113.2560245261738,1,0
48,F,25.466942781246797,92.43570582000605,False,False,moderate,False,True,False,False,134.67198402508853,81.99560123762245,144.4224756337419,1,1
44,M,24.051397115506386,99.69288797106847,False,False,low,False,False,False,False,105.8498219402451,83.7928019812147,137.70077990050405,1,0
19,F,18.051298535140944,81.66379665989398,True,True,high,False,False,False,False,162.42470535827275,73.144058906618,60.0,0,1
29,F,19.35781193061331,87.47247970341216,False,False,moderate,False,False,False,False,104.2022130610271,91.98270663614363,146.961901280334,1,1
74,F,18.747155269821693,90.13978716857196,True,False,low,True,False,True,False,138.19314876544388,70.02263479174451,171.8032925498275,1,1
39,F,30.38083050652556,97.45248634038283,True,False,moderate,False,False,False,False,142.41603040577823,66.99357413616963,154.52719553426257,1,1
62,M,26.887534054092413,105.40747598391131,False,False,low,False,True,False,False,100.56346024728973,79.63911596845466,68.93642431937022,0,0
62,F,20.622707709841126,93.94281249284323,False,True,moderate,True,False,False,False,114.80544296063466,62.84441629191811,74.0064278888698,0,0
37,M,21.960327602784552,107.11241088440542,True,False,low,True,False,False,False,118.32128798967872,71.77074392616663,114.66351236961502,1,0
30,F,20.786194206932,87.22038848569737,False,False,moderate,True,False,False,False,177.7216366857742,80.86849725946848,132.49261026444614,1,1
61,F,20.51362452628681,94.65013028976455,False,True,low,False,False,False,False,118.07432998591449,86.08555586367257,142.48217991269024,1,1
23,F,26.571354640472812,92.05405187919688,False,False,moderate,True,True,False,False,103.78904579206977,77.5884016139024,84.28382866174128,0,0
49,M,23.20608700647059,99.18623116800597,False,False,high,False,False,False,False,129.8679150379839,68.05304525024042,109.39653073429851,0,0
73,M,33.865254849338584,121.49659464011388,False,False,low,False,False,True,True,105.23974278383675,74.29077096261328,83.36238982825195,1,1
62,F,30.126619210326492,105.62876608057395,False,False,moderate,True,False,False,True,121.01529536918136,70.65132878094322,76.76434592875158,0,1
66,F,30.392661532100252,94.07965000285931,False,False,moderate,True,False,False,False,114.72096315011329,76.92584713219689,126.22293397244337,1,0
23,M,27.521106387266567,116.77930901613878,False,True,moderate,True,False,False,False,130.2881992705653,71.17719462361228,109.43021574247766,0,1
30,M,22.598034182717647,100.29400534269006,False,False,low,False,False,False,False,113.02061280403353,67.24959897500871,127.94033898199656,1,0
35,M,27.190058980383128,104.75001863959513,False,False,moderate,False,False,False,False,110.86193240341004,65.88006252702252,91.99058955443732,0,0
36,F,22.93025287462104,96.70959569059707,True,False,moderate,True,True,False,False,139.2646762202513,57.778312857463916,135.4385621343388,1,1
30,M,31.836242228277634,117.81370704035766,False,False,high,True,True,False,False,126.62500161852648,89.89400270457045,72.53639879155978,0,1
79,M,26.31925722372464,104.3310823847332,True,False,moderate,True,True,False,False,122.45183971066886,85.87369546208264,96.06014338630844,0,1
28,F,25.68062161371357,99.38496518727642,True,False,moderate,False,False,False,False,91.20069693519271,64.48634486627991,73.26488522350323,0,0
62,M,25.07182698093279,98.65127619316483,False,True,low,False,False,False,False,131.94932219506572,85.15839431657938,121.95813252925211,1,1
54,F,32.331198923123864,106.9459800416172,False,True,low,False,False,True,False,114.46935255373967,78.4661855061806,175.4374033245463,1,0
56,M,18.048123497734466,88.24596280875002,True,False,moderate,False,False,False,False,126.45459324162877,63.78827170132588,124.9031763064271,1,0
31,F,32.77229522450927,104.0945406341725,False,False,moderate,False,True,False,True,92.49129702737861,66.44448871868717,108.4404557851647,0,1
37,F,23.66230786645638,96.00739732858774,False,True,high,False,False,True,False,126.43548996351521,76.36046566281652,105.08879412107571,1,0
56,F,18.17232960882957,82.0543043895197,False,True,moderate,False,True,False,False,125.08977786243842,86.15300129634325,91.6991725031221,0,1
36,M,21.115056207606248,98.69305786740935,False,False,low,False,False,False,False,118.32736164076852,84.5354852880125,150.68103320700286,1,0
61,M,17.071367317743878,98.51034896439737,False,False,low,False,False,False,False,107.82354415499799,72.07453719607146,126.41749242171404,1,0
20,M,27.44145535513538,111.63758923949335,False,False,moderate,False,True,False,False,140.65670759139033,83.052060556865,60.0,0,1
22,F,19.827681723440662,83.17694888005268,False,False,low,True,False,False,False,110.05538071306836,76.2105762323353,150.090355040096,1,0
63,M,25.25900449792115,104.6310152705664,False,False,low,False,False,False,False,136.56318007739722,69.9158712352545,81.53047945661565,0,1
56,M,29.603976635746314,114.66917014230465,False,True,low,True,True,False,False,138.75452645549527,88.56595555138689,89.04225734462514,0,1
20,M,21.475923821452383,103.53123723469012,True,False,moderate,False,False,False,True,108.68447923910567,79.71325718773677,126.08013497165496,1,1
74,F,23.293533381390233,95.69221892377722,False,False,low,False,True,False,True,133.96887075238303,83.61923517838123,91.06152334803184,0,1
18,F,18.63485025537793,83.1893554796309,False,False,high,False,False,False,False,115.12469437132089,65.92497129213585,190.49888580701415,1,0
78,F,22.75239300971961,85.79177545730552,False,False,high,False,True,False,False,132.21640810415883,72.28373242780002,103.65189142676554,0,1
63,F,36.08310631373018,102.70371005732171,False,True,low,False,False,True,False,107.02566660068415,87.02161453280354,134.16047838468614,1,1
80,F,28.00069923849699,103.41477596972483,False,False,moderate,True,True,True,False,120.15844585704679,74.91237422931171,60.0,1,0
77,M,23.30871311497878,107.33932860189036,False,False,moderate,True,False,False,False,123.23292594316173,75.54817987924037,90.43013543985221,0,0
37,M,21.747403837182283,96.77387598980943,True,False,high,False,True,False,False,121.529657873206,66.32775113924302,107.41809507060208,0,0
65,M,24.30814971954605,100.77963359776301,False,False,moderate,True,False,False,False,128.09927098574224,80.16551747898923,146.88866988687258,1,0
31,M,25.085228384871378,101.53687593968762,False,False,low,False,False,False,False,109.05939309138716,66.12928325551016,74.33251812965243,0,0
47,M,22.61418631784409,104.02433783503997,False,False,low,False,True,False,False,113.162258224,82.02351738884079,153.97997399496987,1,0
33,M,26.88526638097008,104.67557939749608,False,False,high,False,True,False,False,133.42146260948584,67.0785337237601,116.45638339615302,1,1
48,M,20.20948629472816,99.64748895459766,False,False,high,False,True,False,False,115.4024899231895,75.69658998129202,123.4606190015256,1,0
72,M,20.187255462570793,98.51982120511148,False,False,moderate,False,False,False,False,114.04363413599768,95.32524418375483,85.91312077886934,0,1
45,F,26.16587955672592,101.62963567154931,False,False,moderate,False,False,False,False,108.53085527038434,82.02357528906845,78.21890067562323,0,0
23,F,19.24111210896021,87.04229586286645,False,True,moderate,False,False,False,False,114.639338786079,74.18899219119722,60.0,0,0
38,F,27.78057763788143,97.6740513984946,False,True,moderate,True,False,False,False,105.56710273929073,87.42506311183084,122.48897824803831,1,1
67,M,24.4357372442138,110.62245743861908,False,False,moderate,False,True,False,False,133.66880209035955,70.04150768112774,133.95393290593137,1,1
50,M,16.27440851577254,90.56947878537257,False,False,low,False,False,False,False,114.81498343638782,67.15160477497885,99.33390500982141,0,0
53,F,24.99274606502426,89.95834586941923,False,True,low,False,False,False,False,104.66126344202567,73.9883181615795,60.0,0,0
45,F,16.916840189349525,78.98941667253341,False,True,moderate,False,True,True,False,118.74930526195432,90.08543445665096,92.53585917680843,1,1
36,M,27.620129043450476,113.60508229509082,False,False,low,False,False,False,False,99.65625760371276,89.46738925322052,125.05859055405388,1,1
55,M,23.380785518372317,100.37256719941801,False,False,high,False,True,False,False,108.30763300018397,72.53667811727595,118.44109467595803,1,0
57,M,32.82987897428069,115.23489989273965,False,False,high,False,False,False,False,143.67185370081626,74.87664098327619,135.5187700648351,1,1
74,F,29.320907799676732,99.30261781760832,False,False,low,False,False,False,False,104.5898837936146,82.62348027678891,60.0,0,0
56,M,19.72688372195679,105.17017534676378,False,False,high,False,False,False,False,119.70511657812199,104.70990443905261,97.8248908709235,0,1
80,F,15.406670612713622,75.47227151662857,False,True,moderate,False,False,False,False,157.3023083625186,75.38650524043898,108.49423780228699,0,1
70,M,21.102044344438816,92.92932557198617,False,False,moderate,True,False,False,False,125.9880621513733,93.20786006393823,134.16020299009682,1,1
22,F,19.004336287263328,88.52904399927135,False,False,low,True,False,False,True,113.82733196069101,80.74418240797054,90.88179315680621,0,1
42,F,32.71582139094692,111.06057734601961,False,False,moderate,True,False,True,False,90.19731428118388,87.3859253222727,130.72150264244758,1,1
42,F,24.45358403323932,90.94282964234755,True,False,high,False,False,False,False,124.67073372026204,89.14926431761549,78.77164872150126,0,0
18,M,28.70038461882425,115.64056909052553,False,False,moderate,False,False,False,True,109.71676137228222,79.93571563890318,119.59485349837294,1,1
29,F,23.217360893522365,89.03254846651967,False,False,moderate,False,True,False,True,130.92481549421132,77.68830392560882,101.73726442956455,0,1
66,F,23.691496302737093,92.11703595007013,False,False,low,False,False,False,False,111.17998286243966,75.72090568666744,99.69747948148155,0,0
40,M,24.35317839870991,103.90894780940337,True,False,low,False,False,False,False,126.43461381215135,81.85693978706637,196.4599077428721,1,0
27,M,29.47942693366601,111.29308635979879,False,False,moderate,True,False,False,False,145.14201971750535,91.06608493148408,100.34891272442007,0,1
36,M,25.902311400535694,106.3761692834881,True,False,moderate,False,True,False,False,132.74025777654748,92.55001045456143,97.20176318414153,0,1
35,M,19.741997704355008,92.48835033760041,False,False,high,False,False,False,False,100.90666501513195,91.31618565623697,62.13761643242465,0,1
28,M,31.80131362138888,114.92140724039027,False,False,moderate,False,False,False,False,123.42346482060783,72.87461407464461,146.65341147888037,1,0
24,F,23.18233025456159,93.64483496452854,False,False,low,False,True,False,False,137.41568254584007,71.75005979584193,92.97396629909039,0,1
66,F,22.450159442555083,93.12451651287333,False,False,low,False,True,False,False,97.6861121622104,68.89106922223205,110.87876660415975,1,0
69,F,15.0,81.75573812034852,False,False,low,False,False,False,False,148.99561209399695,79.69430308068559,82.4499408266321,0,1
49,F,27.354798160226018,95.88959633847809,False,False,low,True,False,False,False,124.25472434403211,88.26198779729498,126.5507711286069,1,1
56,F,24.954556878478474,98.5896334719,False,False,low,True,False,False,False,131.22321412131998,71.78468596906175,144.6313843797458,1,1
75,F,24.94966545470856,89.6505252804264,False,True,moderate,True,True,False,False,116.49873901726062,75.98716402861488,157.8024495605336,1,0
71,M,22.68728898000132,100.20801359147993,False,True,moderate,False,True,False,False,122.74112476862717,85.11331351448837,107.9188038034972,0,1
20,F,21.911519719402477,88.95635522186731,False,False,high,False,False,False,False,107.68882658736958,74.4672539692278,91.22946258827751,0,0
78,M,22.836888079263066,96.99557772788732,False,False,high,False,False,False,False,146.75320936158343,75.90605979361818,88.9502262963811,0,1
22,M,26.58422392007276,107.20670549731481,False,False,low,False,True,False,False,150.6888557977922,90.25776245459677,112.61780410520434,1,1
19,M,27.376029978650077,109.63173561644079,False,False,moderate,False,False,False,False,156.34664361160443,78.2606614931326,120.87735760232057,1,1
43,F,23.460357852314306,85.23348383636954,False,False,low,True,True,False,False,93.74823211000201,70.07712931157086,131.0500182735474,1,0
64,M,28.770218724425416,109.9535542070878,False,False,low,False,False,False,False,127.27267480597573,79.05983759393484,82.36070196613927,0,0
23,F,24.144616185421352,86.63778216762088,False,False,low,False,False,False,False,128.91388343918825,82.76672796074324,116.70417753472404,0,0
36,F,22.23098111844355,98.73572492677746,False,False,low,False,True,False,True,110.71110476718027,105.54985485242703,76.32580420164555,0,1
34,M,25.39287008708314,109.09038745172995,False,True,moderate,True,False,False,False,127.9650412606505,94.70989170007498,107.46762926124423,0,1
43,M,18.38276111677763,95.44648980886507,True,False,moderate,False,False,False,False,99.01428108833018,113.1159586655935,160.8466616182532,1,1
80,M,25.547232390856617,109.56081159076587,False,False,moderate,False,False,False,False,145.54549312143837,66.28123399404483,104.01927045233447,0,1
38,F,17.56018052513133,85.51437136261345,False,False,moderate,False,False,False,True,97.46924027392095,93.30348718322956,81.04211400236626,0,1
31,M,19.87522868007306,101.09958749128485,True,True,moderate,True,False,False,True,126.00690158284587,95.08205141321793,124.26779930385644,1,1
25,F,15.41588866977519,73.41120615638165,False,False,moderate,False,False,False,False,134.62705525142806,78.33534572452764,143.30617177362691,1,0
30,M,23.711973712978246,107.55091780898961,False,False,high,False,True,False,False,112.4080034729087,73.68342734888157,85.0920729014887,0,0
26,F,31.74335166039092,110.7726638326945,False,False,moderate,True,False,False,False,143.96166932217443,86.11001148250575,64.57466658372724,0,1
54,F,23.973155025133543,93.0916615967835,False,False,low,False,False,False,True,92.80004245828418,74.41546492077352,83.58061326491537,0,1
44,F,27.396134207449073,98.35889996918573,False,False,moderate,False,True,False,False,121.50984543098403,65.4168104267143,96.61086639402403,0,0
49,F,35.08541253790575,98.72561687415292,False,False,moderate,True,False,False,False,95.01382835848128,62.4104619113717,165.1348856121045,1,0
70,M,26.318251316540433,103.50421830306762,False,True,low,False,False,False,False,109.62740933128217,61.535642110011004,62.858669749519045,0,0
54,F,21.0565457993539,90.76587038401887,False,False,high,True,False,True,False,114.09887068577675,80.56412006592709,60.0,1,0
27,M,21.675941287688733,96.29241293877189,False,False,high,False,False,False,False,113.12242593617047,85.38385326665208,121.51693920265987,1,0
41,M,24.50296193700353,106.1555119030069,False,False,high,True,True,False,False,142.33432698104767,67.2791105259493,87.08731681600611,0,1
37,M,21.65197409632584,98.11456671498765,False,False,low,False,False,False,False,103.24169607710854,83.32014623844253,77.30014191891607,0,0
70,F,21.988608500839558,97.88526440361707,False,False,low,False,False,False,False,97.1315991846052,83.24262678994194,134.7400561924528,1,0
37,F,28.933642591667706,105.31453037213689,False,False,low,True,False,False,False,115.10294698091728,81.8141361287799,115.19154622646482,1,0
26,F,29.117703263474954,100.01301954658031,True,False,high,False,False,False,True,123.81333132976103,85.47900189913275,147.18670797138532,1,1
64,M,17.08898383078101,91.58440895615023,False,False,moderate,False,False,False,False,130.05112518284255,80.37100611582613,137.7084699917425,1,1
44,M,20.818237169449013,98.08159843209583,False,False,moderate,False,True,False,False,140.46112580945504,92.66162568661069,69.71297071549073,0,1
24,F,22.411980258889734,84.97180753207375,True,True,high,False,False,False,False,90.0,84.86139558146785,60.0,0,0
61,F,27.195900257743634,96.82901886389413,False,False,low,True,True,False,False,149.01822034180958,64.19976402457188,151.16897765848952,1,1
31,F,29.64384014827545,99.39558352515839,False,True,low,False,False,True,False,108.90512430155806,98.24041872157726,107.64970259828988,1,1
72,M,36.65885570423248,126.38702306377549,False,False,moderate,False,False,False,False,117.54445736251395,67.43139399088342,217.51676101056398,1,0
70,M,22.404470166728025,101.12020294107337,False,False,low,False,False,False,True,122.37071123369945,77.82181836470278,145.84512099623151,1,1
41,M,22.62922078546087,109.61981303240069,True,False,moderate,False,True,False,False,90.0,106.07335265753099,159.99324497304525,1,1
53,F,27.148565070369713,98.4045170421124,False,False,moderate,True,False,False,False,115.08106724081254,83.3868213117082,78.94910154824574,0,0
53,M,21.430024764703134,96.30492537851259,False,False,moderate,False,True,False,False,137.87276918647203,68.95205209685912,109.06724438270311,0,1
59,F,23.865671623292673,83.93577262536914,False,True,high,False,True,False,False,132.10280259645026,81.70444638140295,140.3038979737547,1,1
22,M,22.632328510474043,99.50743625709742,False,False,low,True,False,False,False,113.99276925438058,83.74587111863936,109.05387025287493,0,0
38,M,15.0,80.57928741116378,True,True,moderate,False,True,False,False,125.4086077267807,80.21277715086828,113.96042377399978,0,0
28,F,25.054549535681957,91.71556405170017,False,False,high,True,False,False,False,129.38452509098096,72.42552495344638,120.52067070232624,1,0
61,M,23.679375683137444,97.63652625347598,True,True,low,False,False,False,True,117.85949559178476,63.92187407376106,86.66183470917852,0,1
22,M,30.220539726156048,107.19710964182308,False,False,moderate,False,True,False,False,129.87982792261647,65.18883468027774,81.07850795971463,0,0
50,F,24.524706833913598,93.94173294468897,False,True,high,False,False,False,False,109.19287969782769,69.42741373011968,105.58535417364818,0,0
63,M,18.853636347586225,93.65568156456146,False,False,low,False,False,False,False,106.87449557231125,92.24413577541638,97.49118171692292,0,1
77,F,23.338555071592143,89.16928896548873,False,False,low,False,False,False,False,117.2481492237941,64.59170973670324,81.28651844370604,0,0
36,M,15.090127205885173,89.67983541884156,False,False,low,False,False,False,True,90.0,79.71321960723759,107.56321503564772,0,1
18,M,19.05086974160161,96.62690276739755,False,False,low,False,False,False,False,133.09239778722548,93.38167630509776,66.29277866692739,0,1
63,M,27.35977685668849,105.6747583212484,True,False,low,False,False,False,False,123.33032981557609,85.15840120486959,138.68425241124714,1,1
18,M,23.386968020208517,105.63627548423179,True,False,low,False,False,False,True,118.44516536764283,93.63527267378355,132.63704978964003,1,1
22,M,28.651287077741294,117.13724808552928,False,False,moderate,False,False,False,False,134.74480769501668,71.55021137761467,135.92899759305573,1,1
80,F,15.648984871048786,81.57316419028086,False,False,moderate,False,False,False,False,128.19376064291214,84.9095762209101,82.64752630187321,0,0
72,M,23.408923712043112,103.8261328268693,False,False,low,False,False,False,False,139.0208101091042,90.65998850939329,78.2130167279625,0,1
62,M,22.360193757254965,95.18957956425902,True,False,moderate,False,False,False,False,147.27746199875864,88.35288745479396,158.2446983644163,1,1
70,F,28.801318621759428,99.63158561933612,False,False,low,True,True,False,False,127.28896285600916,87.7889914182919,105.15101766690815,0,1
22,M,27.527432456749803,116.67270061719532,False,False,moderate,False,False,False,False,110.4841252728269,64.85904215782699,131.95414659542516,1,0
23,M,27.39013467539734,110.59405201190256,False,False,low,False,False,True,False,133.59824683922676,85.33768553791383,71.66258946254595,1,1
36,F,31.436345171378456,110.7621036160785,True,False,low,False,False,True,True,110.53704322533198,83.36531190147515,101.99553003815622,1,1
19,F,22.843608008210452,95.07902799325551,False,False,high,False,True,True,True,109.80391181909383,76.3463864262122,153.7131576431576,1,1
73,M,30.507863758853237,113.23247190588548,False,False,moderate,False,False,False,False,117.31742257721844,71.34590423405308,116.67793906493404,1,0
21,M,19.80107232104119,94.20013156523297,False,True,moderate,False,False,False,False,140.53005631246003,82.9548910452821,103.25725014419035,0,1
52,M,19.63605012605438,97.93682248167413,False,False,moderate,False,True,False,False,134.0030333569412,67.13931265357685,131.82298166948115,1,1
71,F,27.887359571742525,108.99130954709229,False,False,moderate,True,False,False,False,136.17349712009525,73.2557017997691,123.06124664622286,1,1
64,M,17.728666677160394,95.92734644277418,False,False,low,True,True,False,False,123.96625790131108,88.36353713951621,184.9577929780248,1,1
32,F,27.07744532788531,101.66299099952892,False,False,moderate,True,False,True,False,131.11048524601782,89.4620286666772,113.4306811342981,1,1
47,M,24.955909371745967,101.46428497323001,False,True,high,False,True,True,False,131.61411076561848,83.30301027304306,134.66384094147375,1,1
52,M,29.323337278946926,110.77923900670692,False,True,high,False,False,False,False,110.98719434586806,72.94227584846445,107.28090144110436,0,0
66,F,24.232502157702996,99.30284446297125,False,True,moderate,False,False,False,False,131.4125470849935,65.77319655846547,77.39504333962742,0,1
44,M,24.75222025832987,103.80811615851995,False,True,low,True,False,False,False,121.93703916471485,69.42618068182999,126.7630423807421,1,0
35,M,26.791692468162076,115.40390120835009,False,False,moderate,True,True,False,False,115.52044252864779,92.14170154427073,60.678865574487595,0,1
68,F,21.518077024730996,91.24438945692896,False,False,moderate,False,False,False,False,116.28820139020286,80.13996021510887,146.5302207214448,1,0
73,F,21.322071616294004,92.46485893975365,False,True,low,True,True,False,False,113.16121002891991,76.87885199307972,65.91580665717727,0,0
48,M,26.634932479295387,108.41793365006617,True,False,moderate,False,True,False,False,117.50517424809259,79.79812525575566,81.0093432800002,0,0
19,F,24.368204858912133,90.29958060392075,False,False,low,True,False,False,True,121.87022622396547,85.53018624868263,78.0882279719445,0,1
49,F,22.667087372130737,92.71839909956881,False,False,moderate,True,False,True,False,132.6402076708778,66.70750957421805,133.73150703894953,1,0
74,F,24.127471551360497,85.90610926686176,False,False,moderate,False,False,False,False,146.14863477054246,72.650041605401,72.81334055799685,0,1
80,M,31.675517785272483,123.53801959975415,True,False,low,False,False,False,False,131.0959474364978,85.10672777648819,129.829361006302,1,1
43,F,22.506417169670485,89.92842050989574,False,False,moderate,True,False,False,False,123.87453212674812,80.63754214078728,88.42054997567914,0,0
27,M,22.37591174023093,101.81457846573615,False,False,low,False,True,False,False,90.0,90.16723189120975,107.90357229372825,0,1
54,F,16.816500989018774,84.05753641003452,False,False,low,False,False,False,False,160.7028767610718,86.28740931259152,93.21528647865946,0,1
70,F,24.309411778292983,100.22465705603462,False,True,moderate,True,False,False,False,110.67274936497657,69.50722553162618,193.4463831282314,1,0
77,M,27.455975800581765,112.0850292022914,False,False,moderate,False,False,False,True,111.19002148857041,55.0,60.0,0,1
21,F,28.262891520563908,98.73001501906018,False,False,high,False,False,False,False,142.22683176225797,80.2470827351241,129.13554769961337,1,1
36,M,24.986979207337395,104.73380176948098,False,True,moderate,True,False,False,False,104.38062746957212,66.50190343372017,111.66448585634734,1,0
48,M,28.801251078863974,114.88711814268127,False,False,high,False,False,False,True,127.94855312129073,83.58357629300271,84.70966353024609,0,1
24,F,27.790536808461088,102.29497612552466,False,False,low,True,True,False,False,114.5936012494596,95.49536476597245,125.81783124100545,1,1
73,F,29.508276033615182,105.22413046773276,True,False,moderate,True,False,False,False,117.95697698110281,66.67385509267993,78.38473688070583,0,0
25,F,28.929361949649028,102.34545514635242,False,True,low,False,False,False,False,122.79529975994194,85.11103007310633,74.4204038186447,0,1
59,F,31.56490188248263,107.69230275315107,False,False,moderate,True,False,False,False,102.90161564053301,87.57263822754953,71.87023963878764,0,1
75,F,23.736380750451875,98.08374343702137,False,False,moderate,False,False,False,False,120.02424235385834,81.80287129768122,114.88364134566058,1,0
61,M,18.528238809373214,92.23466038661806,False,False,low,False,True,False,False,138.41525802889433,81.60672402984136,91.01556749397528,0,1
66,F,27.48673434658439,104.44805030553597,False,False,moderate,False,True,False,False,120.80616027468398,55.15936458714351,81.66055651683774,0,0
34,M,28.012489351952492,106.05510236580186,False,False,moderate,False,True,False,False,177.97717346258034,78.7209454343744,124.00491954870934,1,1
70,M,31.564979270215126,113.03970215035741,False,True,low,False,False,False,False,123.46578391795978,77.90455519457106,149.740326822106,1,0
44,M,30.26580660276368,116.88480692422156,False,False,moderate,False,False,False,False,102.85462122842378,89.54701502983988,62.34131968094587,0,1
21,M,33.254626051390545,118.1017525143358,False,False,high,False,True,False,False,113.65528168165872,88.55941156759623,123.58212200544907,1,1
41,M,27.289342911469397,103.30858445524616,False,False,low,False,False,False,False,91.04790680322947,72.38621800394627,130.33176456338646,1,0
40,F,25.529647663723825,94.56037435994416,True,False,moderate,True,False,False,False,139.24178627836682,57.10056577040477,156.58016174684929,1,0
50,F,18.26757595403414,76.78941556316401,False,False,high,True,False,False,False,147.6874336240744,60.44390283807499,101.86940754663821,0,1
34,M,25.886434405313363,105.7978618762855,False,False,low,True,True,False,False,135.48716505847517,93.495893406047,166.0667943480176,1,1
47,M,22.013734894079068,97.14664023459393,False,False,low,True,True,False,False,108.55791581823938,77.14980439996934,132.43109240626438,1,0
44,F,25.45179506044612,99.36570390191417,False,False,moderate,False,False,False,True,108.04084478788923,62.086993108506086,60.0,0,1
38,M,24.74530933839345,101.00307897850286,False,False,moderate,False,True,False,False,133.786181613308,63.454302363491806,122.51049137303991,1,1
61,F,26.62280114982561,100.95408342364077,False,False,moderate,False,False,False,False,113.66490310034241,80.53879866900627,111.38791348149563,1,0
37,F,24.0620118070767,96.29799420506875,False,False,moderate,False,False,False,True,108.22953858590407,79.33055821455848,146.44195261962372,1,1
66,M,28.70759085829663,115.6082779257775,False,False,moderate,False,False,False,False,106.44058708716437,96.21483565474635,153.29289324285818,1,1
33,F,15.0,81.71565383051451,False,False,moderate,False,True,False,True,151.90486079743465,77.11770105925467,77.99355024977635,0,1
72,F,25.3549710882103,92.94522522150625,False,True,low,False,True,False,False,114.57391224382941,82.24790856571715,143.71940113013667,1,0
40,F,29.91120400618653,102.05715263581907,False,False,moderate,False,False,False,False,135.30698589236988,77.53891824856908,107.4786020291337,0,1
20,M,32.91521828805297,112.90685328680615,False,False,low,False,True,False,False,130.79319312511066,87.00824749136386,87.17952148862133,0,1
27,F,27.793826022732784,98.1273010815744,False,True,high,False,False,False,True,108.42139596248411,97.36062874242795,162.71169664696774,1,1
68,F,32.08197360162143,100.06591921845492,False,False,low,True,False,False,False,122.64871252443982,88.38890258353655,95.33906099863394,0,1
72,M,25.26021198091434,106.83392589787012,False,False,low,False,True,False,False,105.98164793296232,99.68129750580633,113.1260383282242,1,1
31,F,24.512881591671785,95.14051500676875,False,True,moderate,False,False,False,False,145.16712042247875,83.95050860610894,109.38567441872675,0,1
55,F,26.882370394524884,101.63489626612748,False,False,low,False,False,False,False,107.42727901918592,60.55352761297115,130.01553969723594,1,0
54,M,24.485625726990207,105.27319719031819,False,False,moderate,False,False,False,True,127.8443698011724,68.93573047943593,158.18664971014837,1,1
26,M,20.979391393921876,93.89928654255895,False,False,high,True,False,False,False,114.09284180379743,87.02941937308923,168.330910748305,1,0
46,F,22.181418901406452,86.81122052162924,False,False,moderate,False,False,False,False,107.20161882202683,75.34593527693109,143.66909803238843,1,0
61,M,19.495311922657294,97.73427430693607,False,False,low,False,True,False,False,139.23700938037027,78.02033357235025,60.0,0,1
78,F,26.877696926893602,103.16912552562754,False,False,low,False,False,False,False,113.66120446975049,69.08852183158712,163.0080887502186,1,0
71,M,24.551263156252148,111.24923798885852,False,False,moderate,False,False,False,False,92.72620227071468,93.8887144033269,133.02632721976693,1,1
24,F,22.87871247458856,94.22620740644017,True,False,moderate,False,False,False,False,128.78897333736026,94.84564723295959,150.40690838636473,1,1
32,F,21.949923094232194,94.40089284613995,False,False,low,False,False,False,False,110.68009616665977,75.48106488467567,101.45387987585599,0,0
45,F,26.77275355789832,98.05798308326811,False,False,low,True,False,False,True,124.52157255849865,75.58853136144076,111.564838604108,1,1
27,F,28.012016812745316,106.4707538796747,False,False,high,False,False,False,False,135.6979332143676,92.02966004801232,145.24450003824165,1,1
53,M,19.41268701572668,96.29469340299754,False,False,low,True,False,False,False,127.70606922043015,89.50696813159696,182.4042818923429,1,1
18,M,18.70541898600972,92.64281846913408,False,False,moderate,False,True,False,False,136.22086699347753,60.059536609121935,118.7763374724475,1,1
25,F,28.795294800294567,102.35874343100886,False,False,low,False,False,False,False,101.22950086014514,85.47436722409343,68.31838369049562,0,1
20,F,18.31190042680132,78.1098541647747,False,False,moderate,False,True,False,False,141.17536167692438,83.45379043147885,132.8863197468854,1,1
36,M,26.96369075220118,109.51248175103399,False,False,moderate,False,False,False,False,117.24082893729916,80.05337948091665,105.47356515465874,0,0
66,F,31.77609139439306,106.73867199515584,False,False,low,True,True,False,False,99.17366203935823,68.34639036913329,75.0477209321458,0,0
29,F,31.786556615269106,111.25358196069863,False,False,moderate,False,False,False,False,90.0,68.5860069422732,107.38226071448885,0,0
80,M,27.82042665784441,109.3804681226213,False,False,low,False,True,False,False,117.06579889776864,55.0,128.69830972577032,1,0
34,M,27.689642818949544,106.76321715474639,False,False,high,True,False,False,False,109.42072251275188,70.77938662116267,148.84701928222879,1,0
20,F,34.63358352588405,120.96320380569445,False,False,moderate,False,False,False,True,109.66872755054732,56.32232343648305,95.09516669578055,0,1
39,F,15.0,79.52435418874896,False,False,low,False,False,False,False,127.34978840780731,72.05020844436866,96.59561943855036,0,0
65,M,22.41048945763714,107.71609771656605,False,False,moderate,False,False,False,True,149.52432310776888,82.42376742871724,108.44206863115055,0,1
24,F,28.318213320844706,104.89219046691508,False,False,high,False,False,False,False,107.57353289330649,65.1555874289853,173.46094854560405,1,0
22,F,22.982208464711192,99.9149626685151,False,False,moderate,False,True,False,False,123.4725101350303,92.6511516266299,158.97654025080698,1,1
71,M,30.079002388731656,119.72257044900013,False,False,low,True,False,False,False,112.91554566961182,99.51531395565084,131.75931898272927,1,1
55,M,24.32290672860413,105.57826960759154,False,False,moderate,False,False,False,False,106.2087285838994,80.60610059672818,130.44089136374674,1,0
39,F,25.092847371519188,96.10074073327702,False,False,low,False,False,False,False,105.7450481001284,84.694046265012,100.9779967495224,0,0
65,M,23.26396401089328,100.12627375216351,False,False,moderate,False,False,False,False,148.27655822549463,60.1968773839762,139.02717644394494,1,1
71,M,22.14870068536373,96.07995860942717,False,False,low,False,False,False,False,122.2123508790509,80.01747168041676,77.21944677350716,0,0
40,M,22.038005165835568,107.42060168685,False,False,moderate,True,True,False,False,118.95859296872516,62.543286476485605,128.77082215308772,1,0
53,F,25.720248335765493,95.62357158562672,False,False,moderate,True,False,False,False,111.03530343384453,59.035893526639114,60.0,0,0
18,M,21.0144576537971,90.87501920290887,False,False,low,False,False,False,False,123.07579865526773,64.07367706314365,60.0,0,0
37,F,28.789421975710795,99.25490757568417,False,True,high,False,True,False,False,111.79161672903682,76.30206754134942,60.0,0,0
55,F,27.439516660712705,103.19452140646086,False,False,moderate,False,False,False,True,152.88060395109767,77.55240082890982,177.8653341943476,1,1
30,M,29.447373984364283,113.63101184526971,False,True,low,True,False,False,False,126.02900585546357,77.19919628844659,106.46121355804391,0,0
80,M,19.419840398031507,91.34933882767547,False,False,moderate,False,False,False,False,124.23135133762621,65.19862295483362,64.66030970231812,0,0
79,M,16.852355539461,86.36994282693118,False,True,moderate,False,True,False,False,123.86892752012932,79.16767225177107,197.3082689980551,1,0
34,M,24.481164099657065,100.39681966850577,True,True,low,True,False,False,True,142.92492905567607,70.35083045202875,84.87058122955212,0,1
42,F,37.54460276101784,117.36417554090325,True,False,moderate,False,False,False,False,121.64686290236102,79.41570885552056,130.4084786308699,1,0
29,F,30.197939501425566,108.58247364245683,False,False,high,False,True,False,False,114.37654193162268,75.40429026574714,84.5839327534616,0,0
49,F,22.00499161171979,95.43529171793678,False,False,low,False,False,False,False,124.57696039867263,58.17078961377645,139.7833153080257,1,0
25,F,26.410304604941036,96.75307935394927,False,False,high,False,False,False,False,134.6614535074001,70.52703579258743,111.47757079982505,1,0
42,F,27.774141083496577,103.13780094705176,False,True,moderate,False,False,False,True,140.9273941133102,83.9868654916112,85.86133087319607,0,1
52,F,18.342252916702122,91.50193674187283,True,False,low,False,False,False,False,125.44016801988026,87.22537299642866,65.25057721599221,0,1
56,F,30.66331641065572,99.00625728455263,False,True,moderate,False,True,False,False,125.67004058501576,64.44972614998825,87.17333481513697,0,0
55,M,23.746591429305766,98.48828497365888,False,False,moderate,False,False,True,False,137.88382424966306,69.59447636784357,76.82379852820199,1,1
31,F,24.09193619926463,94.99299971117762,False,True,moderate,True,True,False,True,90.0,73.08015704253665,60.0,0,1
67,M,24.60703096745235,105.28270716463462,False,True,moderate,False,True,True,False,123.41134187323242,90.88675992948633,137.70293378271543,1,1
61,F,29.650430626885527,102.49922222567837,False,False,low,False,False,False,False,112.6491397747566,83.16065721692915,151.06780020020545,1,0
65,M,21.101680288093664,98.96205975688908,False,False,low,True,False,False,False,122.92869392241823,63.92056803806911,88.17386117714813,0,0
47,F,16.818634978469966,83.17210475694988,True,False,low,False,False,False,True,127.69123380147559,83.41309250430652,60.0,0,1
74,F,25.9532988180502,100.99973928033303,False,False,moderate,True,False,False,False,141.92005428387748,91.95618417972288,124.70667767920544,1,1
42,M,15.30353861222092,86.72305208407455,False,False,high,False,False,False,False,99.84784991438242,80.38041204222229,117.43349441957118,0,0
68,F,23.14503382189007,91.32054773631863,False,False,high,False,False,False,False,110.49174306820639,69.47489759670037,76.98552636096605,0,0
30,F,29.840934304364684,99.38580905701937,True,False,high,False,True,True,False,107.76875439178883,87.32998191614638,109.92697098903999,1,1
33,F,27.10592256578932,96.47970603395477,False,False,moderate,False,False,False,False,112.29031886327195,80.03487647613805,60.0,0,0
51,M,29.190602295763743,111.71004879994359,False,False,low,False,False,False,False,100.07660218145651,75.25357042376017,112.28934022623763,1,0
53,F,27.29158114341273,95.84224687793106,True,False,moderate,True,False,False,False,156.1990433331336,87.8242087021582,106.64455980034423,0,1
65,F,35.34650519952534,115.33791667409902,False,True,low,False,True,False,False,135.93177600702987,77.9570394398568,158.52949326762337,1,1
36,M,21.852921675544334,106.4630973413028,False,False,low,False,False,False,False,109.59379942839651,78.88754950000873,120.88598704757072,1,0
72,M,26.291592546537455,104.14183532398141,False,False,low,False,False,False,False,122.24797671584413,87.46218703951124,115.18028131262372,1,1
38,F,22.528457879543073,88.49025572340081,False,False,high,False,False,False,False,115.04403712342108,72.48931167120774,180.74466838983818,1,0
51,M,28.80560571461692,112.08463549473852,True,False,moderate,False,True,False,False,124.49799416599036,65.28033143690038,84.22301142837556,0,0
76,M,24.222913057772768,107.77891005949394,False,False,low,False,True,False,False,109.71625758494552,81.57775810392437,60.0,0,0
51,F,32.234801957498206,107.09549895866733,False,False,high,True,False,False,False,97.63147536373634,95.12509297692185,143.95330610690883,1,1
60,M,22.111328200691105,94.74453459098494,False,False,moderate,True,True,False,False,112.84409099624934,55.0,148.58659763448404,1,0
75,M,30.83206936572643,117.69762068481629,False,True,moderate,False,False,False,False,144.10112764842296,86.06731156671788,149.42148858960002,1,1
79,M,27.169127887447868,112.92721656208332,False,False,low,True,False,False,False,98.24028679348092,78.3825644435355,103.84800287573434,0,0
49,M,24.353925189108587,103.75644432028413,False,False,low,False,False,False,False,139.5540022489634,72.12447492554595,87.11081525721025,0,0
44,M,26.94099052036966,107.5085172274389,False,False,low,False,True,False,False,130.95917937900762,70.89036327522116,68.49123689554793,0,1
30,F,25.675689743881364,94.43947581654868,False,False,moderate,False,False,False,True,115.60582847539042,87.93255394706881,80.94155154696735,0,1
51,F,26.101796061133147,103.56294588878066,True,True,moderate,False,True,False,False,134.00095093946055,85.47872188155459,60.0,0,1
75,F,23.569080171075242,87.37633381946574,False,False,low,False,False,False,False,125.33784768310325,66.59188897982126,96.60649222493014,0,0
48,M,21.34285171600254,94.72839742996423,False,False,low,False,True,False,False,90.0,81.35083141503299,170.07299041271054,1,0
39,M,22.992179960168613,100.0825639407979,False,False,moderate,True,True,False,False,115.52735565865986,93.09539509061874,92.9335683130905,0,1
24,F,16.925847599233,74.18041745303606,False,False,high,False,False,False,False,115.9961493464418,85.6715920960422,116.49440277334341,0,0
42,M,28.288767496396815,108.6852383373036,False,False,low,True,True,False,False,145.11997417668567,59.65326726019002,131.15053671327192,1,1
32,F,18.941762125210342,77.61107129335653,False,False,moderate,False,False,False,False,115.58680049139011,85.10601768956644,99.36572955014587,0,0
79,M,23.520588251439353,95.33732826377705,False,False,high,True,False,False,False,118.6261965989913,64.27813800408394,99.09440530759109,0,0
51,F,27.41620268666465,103.28302620952819,False,False,moderate,False,False,False,False,103.42027401258785,80.3989136817555,157.00646335886805,1,0
26,F,28.2772852269496,98.1235124539392,True,False,moderate,True,False,False,True,120.98729492353762,69.77557876938256,118.52479160097835,1,1
22,F,16.514066284232428,77.80756944870981,False,False,moderate,False,True,False,False,102.97778497123294,82.42744540509975,151.5233134524295,1,0
71,M,24.08668366148715,93.51719519712614,False,False,high,True,False,False,False,139.37667157353573,70.63297442475059,195.57333457991913,1,1
76,M,26.5688511475197,111.94047182966902,False,False,moderate,False,True,False,False,115.27141489181206,66.48991080706273,81.55345806059178,0,0
66,F,24.73407249168047,92.95427720792948,False,False,low,False,False,False,False,102.93941772156761,81.46399179175984,106.55411807872301,0,0
25,M,30.54833730953095,115.82975001103192,False,False,low,False,False,False,False,141.60815120822397,79.2692700330166,106.1542125528087,0,1
24,F,20.80186895038429,83.61387537999654,False,False,low,False,False,False,False,101.10341806509999,87.03776314314614,94.65505554635469,0,0
30,M,15.279314914144114,90.94636043064625,False,False,low,False,True,False,False,126.08558912320498,72.16708986807582,96.89684991304011,0,0
65,F,28.146467075458347,103.50013536501244,False,False,moderate,True,False,False,False,98.20344134919942,61.34662351335444,161.10153013598938,1,0
66,M,22.083112461716805,98.73274556205898,False,False,low,False,False,False,True,126.68829427035365,85.4365143102117,115.4736484063956,1,1
70,F,16.58656731086301,88.63989633632559,False,False,moderate,False,False,False,False,139.08086052508756,93.91588805007356,199.1311494513167,1,1
24,F,23.786694242450867,92.19132084765431,False,False,moderate,False,False,False,False,111.62862430912845,71.64404224775174,97.77865625843576,0,0
27,F,30.037510891692655,106.5581269523577,False,False,moderate,True,True,True,False,103.12330743060741,83.34753799126493,164.71279672697568,1,0
74,M,18.815363219842858,93.45604111045326,False,False,low,False,False,False,False,103.62122803539975,74.57120191928482,173.5632546872248,1,0
76,M,35.011981792762704,128.92747685063978,True,False,low,False,False,False,False,121.11414921804725,99.25798766845378,109.09632319063363,0,1
63,M,20.72953282458502,98.80576897806269,True,False,low,False,True,False,False,152.84798915423912,72.21492373808039,127.65267164769013,1,1
24,F,24.891548843565875,94.65461990188861,False,False,high,False,False,False,False,139.08735107624918,77.4929951561718,142.89932119769557,1,0
22,M,19.013904119685762,103.84546528473027,False,True,low,True,False,False,False,140.7276577731331,55.75742890627798,92.5082976227154,0,1
21,F,24.687246569132064,90.55389513476787,False,False,low,False,False,False,False,104.8813667177177,95.30394966490672,170.2299755554584,1,1
61,M,23.898134802085952,109.73107962130759,False,False,low,False,True,False,False,139.55067232551906,72.12202423722492,83.60275248946581,0,1
71,M,17.797277439510108,88.84464475765077,False,False,moderate,False,True,False,False,137.79309217778834,92.28318482054122,93.77694155089365,0,1
57,F,37.21622136027909,111.60653389471496,False,False,moderate,True,False,False,False,126.88004166398969,70.62864743447199,94.16200631539185,0,0
34,M,22.270982739415874,99.75890175446875,False,False,high,False,False,False,False,111.8951430992447,77.13405528917873,119.88388861667633,1,0
65,M,22.274918492122872,99.18488856680715,False,False,low,False,False,False,False,137.5550513747767,69.40508108845354,123.4741919179885,1,1
21,F,28.860661457091446,100.54559588645267,False,False,low,False,False,False,False,111.15423223572593,67.71899772208204,89.7257258114886,0,0
70,F,32.66414697506811,112.98419404565955,False,False,moderate,False,False,False,False,132.51550133185606,74.77606243685898,108.03961014864902,0,1
74,F,29.56896590601936,101.96966869860088,False,False,low,True,False,False,True,115.90870596964825,76.47664601541696,72.99276599106017,0,1
63,F,19.09468944638036,84.12419860133706,False,False,low,False,False,False,False,106.23171936544139,73.98681285386371,152.75883671446476,1,0
73,F,25.462590542725984,94.661282323262,False,False,high,False,True,False,False,115.51590858528103,61.259182763027155,136.32495276214794,1,0
54,F,16.033823829267526,78.64028445051801,True,False,moderate,False,True,False,False,153.48647344821154,81.12035594053138,99.84544604157571,0,1
47,M,28.557672865950604,113.61010701021799,False,False,moderate,False,False,False,True,103.34573016641883,56.475405960093724,105.27249039067618,0,1
38,M,17.141653376612922,99.97446238090157,False,False,high,False,False,False,False,137.86432122119967,74.2832199089629,88.79042994007744,0,0
76,M,20.885594043758434,93.50197315279513,False,True,low,False,False,False,True,135.44422644005598,60.61493607990882,79.47535392296365,0,1
61,F,24.485593231859102,97.02290447921627,False,False,low,False,True,False,False,119.04985905996797,87.90333881709294,74.17115226580388,0,1
30,F,26.502529525134555,96.0232610447766,False,False,low,False,False,False,False,113.16637829221294,91.55333296147869,79.59451331789656,0,1
78,M,23.325794194721063,102.8187314563951,False,True,low,False,False,False,False,102.02653566391402,84.51068706737591,145.54768843962893,1,0
21,F,31.335876545297968,98.78862726692726,False,False,moderate,False,False,False,False,142.61784753386476,72.76132552410036,148.25148630784412,1,1
55,M,27.754578119865258,108.16641447475604,True,False,high,False,False,False,False,102.96542515807776,69.84303757230903,64.06918406544119,0,0
30,F,27.401261393288937,104.02264130856999,False,False,high,False,False,False,False,90.0,75.20940879127447,136.4534178129013,1,0
59,F,18.967695941069014,94.29364956180498,False,False,moderate,False,True,False,False,126.92712584604077,77.39681056645082,69.26578557515758,0,0
43,F,32.147155538954316,110.48165461864153,False,True,high,False,False,False,False,100.38784471407028,83.30894218221945,138.75845476758778,1,0
45,F,20.8862068507467,90.16686913665541,False,True,moderate,False,True,False,True,120.24432287794163,82.37638394657652,114.94236379878545,1,1
60,F,32.31894094844192,111.87486705697967,False,False,low,True,False,False,False,100.49916516803849,55.578604451469374,93.77203227025122,0,0
65,M,33.59987775616507,125.1345573876012,False,False,low,True,False,False,False,112.6988981589319,85.28359367443366,127.6050595733949,1,1
41,M,26.80695439563699,109.43391949863079,False,False,moderate,False,False,False,False,123.1105227573666,82.24170493627841,159.20161923173214,1,0
80,F,29.144058939557393,101.37351502947809,False,False,low,False,False,False,False,126.34464383077915,69.39990717879161,60.0,0,0
49,M,15.0,81.0872925121716,False,False,low,False,False,False,False,143.42033557947963,67.3574399946579,151.82841612506365,1,1
28,M,23.622489130293303,100.78860281169297,False,False,high,False,False,False,False,122.02234548753529,78.67790957109847,84.16302954609483,0,0
18,M,29.45974537963793,115.87156135989397,True,False,low,True,True,False,False,123.7147831984213,79.9808479535053,161.82761074900935,1,0
30,F,28.66029620741338,101.80262624468948,False,False,moderate,True,True,False,False,118.16294461968967,65.87779417862716,142.32985873176003,1,0
61,F,19.01124497855055,88.28811395398435,False,False,low,False,True,False,False,136.78320375442414,78.64094860422568,72.75356949805753,0,1
51,F,23.178250820594567,89.272879009191,False,False,moderate,False,True,False,False,103.90353584777283,80.02958097977472,91.6281047519741,0,0
39,F,15.0,81.68167181108774,False,True,moderate,False,False,False,False,114.99893505512584,87.43852339671011,128.81341193107318,1,0
48,F,26.358467780777392,102.64714581744545,False,False,low,False,False,False,False,121.9795154484209,76.77877508959642,145.14115106080942,1,0
70,F,16.025022194479295,85.44188228510097,False,True,low,True,False,False,False,107.50132770530273,55.691896399438924,128.66356274432167,1,0
54,F,29.587150292544074,103.75261154218349,False,False,moderate,False,True,False,False,144.33239809141182,80.7724164633908,125.65230243166563,1,1
21,M,29.822261873228342,111.58842203169657,True,False,moderate,False,True,False,False,127.09613607725247,59.402617371795365,89.64176852181568,0,0
21,F,22.365349335170755,97.72705347886287,True,True,low,False,False,False,False,102.3893954526075,68.65047109570922,113.18306708305317,1,0
48,M,26.845741687043397,104.04314783745131,False,False,low,False,True,False,False,128.5334354052801,63.14153296171278,109.43217699846554,0,0
43,F,23.523055741727713,96.39830766522516,False,False,low,False,False,False,False,142.9615144142195,83.43254103415431,60.0,0,1
71,F,25.588587777566897,103.77486636084934,True,False,low,False,False,False,False,110.48516538205037,66.05215497669256,123.74295204444915,1,0
54,F,19.337332595405826,89.28080447116906,True,False,high,False,False,False,False,143.78599311541456,88.99257018582745,99.15475644363778,0,1
65,F,27.301216804579592,94.69358195569929,False,False,low,False,True,True,False,126.11039234435205,65.26283786029974,160.157100240606,1,0
54,F,17.114666463990126,77.42737521715105,False,False,moderate,False,True,False,False,125.22693201387109,55.85101791682693,152.94124786498287,1,0
39,F,16.26531426951778,79.83398515097605,False,False,moderate,False,False,False,False,141.1742698905792,74.17289944789296,118.4492341119519,0,1
59,M,23.951322574998535,96.5158155358604,False,True,high,True,False,False,False,125.25940157432545,63.39303479260459,150.64733906467774,1,0
57,M,23.54940524174924,98.68151197633345,False,False,low,False,False,False,False,128.24461580834986,92.48238235059624,133.53372000695677,1,1
63,F,25.725357787482878,104.98890072182729,False,False,moderate,True,True,False,False,123.47670338818878,70.52500524725122,111.21687231138905,1,0
29,F,21.57721629393652,91.26377122134406,False,False,moderate,False,False,False,False,93.93932106193375,90.69624654107501,62.44883164280679,0,1
58,M,32.98561249603515,123.29818220030215,False,False,low,False,False,False,False,128.58433506163797,74.6350008196772,106.41563184328925,0,0
35,F,25.22272245220749,90.82298751109244,False,True,low,True,True,False,False,126.03456003605238,81.91800564179381,100.31771593175057,0,0
67,F,25.547968003323014,100.5984983169062,False,False,high,False,False,False,False,115.91947045596699,72.17704142876177,108.12877637854655,0,0
68,F,25.387552448331704,95.59583900049773,False,False,moderate,False,False,False,False,90.0,104.14863584062888,103.99069982258301,0,1
57,M,29.01309441026635,118.6133631627371,False,False,low,False,True,False,True,131.9532084076523,65.36271438537793,150.61881982327063,1,1
77,F,27.09207836518009,98.43636779594924,False,False,moderate,True,True,False,False,108.23434382174234,55.0,154.48859205909397,1,0
51,M,26.489080548687255,106.7512899554816,False,False,low,False,False,False,False,103.97190472759797,80.86217138129689,94.91526181758437,0,0
19,M,27.811928471895158,111.95569283717222,False,False,low,False,False,False,False,102.45008491302677,66.72565916589367,65.6417848523228,0,0
56,F,16.28923413328764,81.08754251903088,False,False,low,False,False,False,False,90.65559639339097,80.24730298521995,78.02526499169895,0,0
66,F,16.459185572364003,77.71398472244243,False,False,low,False,False,False,False,129.3873622521801,77.23757824534981,155.45890266329675,1,0
24,M,24.157735646143504,102.93835705419973,False,False,moderate,False,False,False,False,159.6963428665138,72.1765665597572,145.49443585511605,1,1
24,M,23.61046752793144,99.98949186580678,False,False,moderate,True,True,False,False,112.7216551045461,73.52356485002235,72.11428798625846,0,0
35,M,27.109144298216936,99.35630566213838,False,False,low,False,True,True,False,135.13613843761638,82.5017350302327,60.66108064636086,1,1
71,F,24.590076059825773,90.312039627195,False,False,moderate,True,False,False,False,120.5022039196612,74.0260552855148,91.30616946976929,0,0
51,F,27.118392205043946,96.45836926965782,True,True,moderate,False,False,False,False,126.41186595067883,76.31964812781216,174.85341473561184,1,0
79,M,18.894821286974214,89.70928382208628,False,True,moderate,True,False,False,False,120.93419499561753,72.52404005708205,126.67259464532138,1,0
72,M,24.451649433160874,105.70173558026683,False,False,low,False,True,False,False,134.51699965385265,95.91221608795124,103.72699743203039,0,1
52,F,18.465244679189972,85.34759170082512,False,True,low,False,False,False,False,102.6694422245806,92.40560931693166,107.60149915256147,0,1
60,M,26.240860704671302,110.45786883353082,False,False,high,False,False,False,False,123.59293322565097,61.80333133736922,60.0,0,0
38,M,16.04771730936506,90.82028841789918,True,False,low,True,False,False,False,140.1570593175801,78.02796354014157,101.78341038622715,0,1
23,M,26.06739544343396,105.32053895139212,False,True,low,False,True,False,False,133.21862069794668,69.03993549325692,155.40607532110766,1,1
43,F,17.889502785962996,85.42155255607402,False,False,moderate,False,False,False,False,127.22151363357814,64.30238952506929,98.19724811560928,0,0
55,M,22.77412493050192,96.23254049828648,False,False,moderate,False,False,False,False,123.56024059480642,55.0,103.4555949179898,0,0
29,M,28.52717461152162,114.35026871420042,False,False,high,True,False,False,False,116.22602652471832,74.42002687467074,123.51891004351963,1,0
31,M,25.52320994869288,106.69123487185225,False,False,low,False,True,False,False,116.3562380838142,75.26478845633184,72.6574019872358,0,0
18,M,17.094528993240644,91.81755200619133,False,False,high,False,False,False,False,97.14708435465609,92.9149120983546,123.65309382847155,1,1
64,M,21.47422769887689,100.66117137667094,False,False,low,False,False,False,False,130.0508836625238,89.52178052458325,83.02767773596648,0,1
74,M,17.743796635354393,89.36917228807101,False,False,high,False,False,False,True,143.8372462421669,83.41015845497508,94.524747552872,0,1
70,M,16.873586751776628,84.2962230535142,True,False,low,True,True,False,False,126.70463953306657,86.11690510587074,98.76162507059209,0,1
41,M,25.029484292602884,108.88234522633572,True,False,high,True,True,False,False,122.26596345459056,87.3688502035387,98.78562785598189,0,1
55,M,27.021342546020463,111.39329023728646,False,False,high,False,False,False,False,131.58524056968693,83.36360017184666,115.57487751109744,1,1
78,F,26.4827266432206,94.86855614004907,False,False,moderate,True,False,False,False,90.0,93.23233013370347,109.42337545557615,0,1
55,M,27.21182066695888,110.61771799704614,False,False,moderate,False,True,False,False,113.88510013521744,64.03462563614029,105.63183228955327,0,0
36,F,24.446401171013818,83.87127404760781,False,False,low,False,True,False,False,120.81839124832082,72.63844421529484,116.26621888010322,0,0
39,F,23.269744015625147,99.95249340483149,True,False,moderate,True,False,False,False,94.6917079963961,71.08506825645986,80.22913363838515,0,0
63,F,19.671188028219586,81.12011973415267,False,False,low,False,False,False,True,124.56785172702625,71.93386505987317,60.0,0,1
46,F,22.519641477122754,93.01187508007989,False,True,moderate,True,False,False,False,92.38796176062239,76.33209710963786,111.6981509603646,1,0
70,F,18.553932266032234,86.39595629024168,False,False,low,False,False,False,False,133.05796355146597,95.95833823915828,87.93582692197965,0,1
72,M,20.696755127928864,96.0072551784515,False,False,low,True,False,False,False,125.61367640446204,87.8487898153909,127.91211993388826,1,1
20,M,24.900170916971188,110.66957618369676,False,True,low,False,False,False,False,118.94628501665895,91.4543647064204,92.68184972741032,0,1
63,M,23.96987260606585,100.23198904235306,False,True,moderate,False,False,False,False,134.1829700889958,77.14278896142933,60.0,0,1
41,F,38.291276170526494,114.95689022732017,False,False,moderate,False,True,False,True,124.35248683188891,76.64476770979896,107.80494354989094,0,1
50,F,18.443919811227467,83.63362248796531,False,False,moderate,True,False,False,False,129.60622757269311,84.36207751771398,148.8041228137942,1,0
34,F,23.93705575625698,85.10252114354196,False,False,low,False,True,False,False,126.53677131327835,82.75255477164482,122.94944465455599,0,0
41,F,18.09320549958324,84.13061523517614,True,False,low,False,False,False,False,108.2399121308596,82.7458990158672,62.2797328391358,0,0
38,M,22.75496355813522,95.83873370643637,False,True,moderate,False,False,False,False,147.09220307653982,103.50241409251491,90.11065302619933,0,1
21,M,22.93808068048167,105.62598505017482,False,False,low,False,False,False,False,141.93183367903032,84.44440200988244,94.61589351420623,0,1
67,M,28.301960118049124,110.36424390044984,False,False,moderate,True,False,False,False,128.85934046773627,69.34177636981602,105.56353681143922,0,0
27,M,22.476500573519356,110.37423933123618,False,False,moderate,False,False,False,False,124.40587037019039,70.25698982478414,91.45522707756189,0,0
41,F,23.639061799747285,91.79778425223373,False,False,high,False,False,False,False,134.00529242305433,87.2604371674658,60.0,0,0
30,M,22.563569168875013,106.97388919127465,True,False,low,True,False,False,False,142.16245941574869,86.40160165180686,107.1873462442519,0,1
28,F,18.19526715174256,83.26014141695008,False,False,low,True,False,False,False,152.46489946724256,88.76604395385114,162.13156556993172,1,1
41,F,21.565539326931017,83.011790169248,False,False,high,False,True,False,False,113.33587004221783,83.72972037733935,89.12844908156019,0,0
75,M,22.78128478212282,99.42607015377362,False,True,high,False,False,False,False,138.73308198770076,66.55897441561831,68.47428716832695,0,1
77,F,24.83221647532873,97.7452001252119,True,True,moderate,False,True,False,False,120.60476717760527,94.90352694367277,161.86104553908132,1,1
42,M,27.015262792511713,104.98818732556286,False,False,low,False,False,True,False,96.25342226958216,92.77167364494082,179.23273393500713,1,1
49,F,23.44431570630037,91.33783417876913,False,False,moderate,True,False,False,False,135.40904641600065,73.75820030967434,97.72892932465946,0,0
80,F,23.36520681208394,86.55730643167045,False,False,moderate,False,True,False,False,145.4774926259697,82.03146683092342,120.31864575638953,1,1
32,M,16.756340786808263,83.75199234849022,False,False,low,False,False,False,False,137.56843413109323,80.04385585767216,119.72585256781086,0,0
77,F,26.92880532765358,99.76403486609968,False,False,low,True,False,False,False,119.2945374017143,73.91303671906496,143.10770387452513,1,0
24,M,21.368459507824817,97.42515968543242,False,False,moderate,False,False,False,False,128.20045519237144,65.24896934498796,72.90481534537183,0,0
32,F,27.86205457203399,98.4828385343159,False,False,low,False,False,False,False,133.18166206203762,84.31927200606083,110.95462333945433,1,1
39,M,30.42397976534388,112.25821384396521,False,True,high,False,False,False,False,131.16734467822832,61.58814103942679,73.85045688014247,0,1
20,M,23.654382379881476,101.50985012741931,False,False,low,False,True,False,True,141.68126074251632,71.45085235301667,124.08602812596493,1,1
69,M,19.895099236553484,94.37966618081944,False,False,high,False,False,False,True,137.08773853599814,96.83006770881956,164.95607819169868,1,1
71,M,24.42485624111166,103.95301953069996,False,False,moderate,False,False,False,False,112.73873612961151,82.57978178292768,123.6665392853784,1,0
42,M,26.069158991083874,106.86612654223852,False,False,high,False,True,False,False,122.42365613613022,82.21472736831757,82.25190248926523,0,0
70,F,23.080159994389756,91.7463884342656,True,False,moderate,False,True,False,False,113.92361506573369,74.76015820769057,146.84929507277658,1,0
66,F,21.961827157793042,91.8079413399328,False,False,low,False,True,False,False,124.57964962038409,60.82499194447904,90.6128268073549,0,0
68,F,27.035894948138363,95.86970764181687,False,False,low,False,False,False,False,92.09831513290099,82.5571157490664,128.5708752307933,1,0
68,M,26.739102236123877,108.09114073780124,False,False,low,True,True,False,False,152.85204653779417,83.48796339357541,84.82461029989747,0,1
54,M,22.94169661852779,102.22006413377358,False,False,moderate,False,False,False,False,109.52507100900917,86.73593378315422,65.50150052977513,0,1
24,F,17.056702256326897,78.60909837704315,False,False,low,False,False,False,False,113.78950370740397,73.68124855344551,85.4085715756048,0,0
76,M,26.553701834207537,111.80911023892416,True,False,moderate,True,False,False,False,123.32397210264998,73.50454653373676,60.0,0,0
56,M,21.047027629513806,99.17513945118856,False,False,high,False,False,False,True,99.95690225407577,84.24898311094314,74.06683453696898,0,1
74,M,25.46453483916639,105.2038632924479,False,False,moderate,True,False,False,False,116.63386358686445,64.16365871050368,186.94629184195665,1,0
78,M,25.180207542555667,104.57273303839493,True,False,moderate,True,False,False,False,124.69766440603698,86.9437717081436,60.0,0,1
29,M,15.999736578308006,88.36256847596643,False,False,high,False,False,False,False,148.37846117146887,76.23717724187807,60.0,0,1
43,F,24.86486757985208,91.48420373573674,False,False,moderate,True,False,False,False,124.27341024110194,81.22339736113743,172.9573688383134,1,0
30,M,26.815396364185048,108.0422690506574,False,False,low,False,True,False,False,115.50971189465311,103.38469419773222,78.4185121968792,0,1
21,F,27.36718586889719,96.94548731999659,False,False,low,False,True,False,False,103.98984910720154,75.00894618733669,97.8848301449671,0,0
78,M,25.02814587993341,108.11026480495318,False,False,moderate,False,False,False,False,156.2129140205314,79.53242123200268,111.46369022359075,1,1
76,M,15.602662802226845,91.39709701420101,True,False,low,False,True,False,False,123.22708224887919,78.32958724327281,60.0,0,0
76,F,30.246864779839868,96.38206442055498,False,False,moderate,False,True,False,True,123.31871895326424,56.23258373613423,148.5314679907704,1,1
73,F,26.349602003941612,103.02773177887384,False,False,high,True,False,True,False,100.05637571075258,84.72612160719089,107.78080872170301,1,0
58,M,19.08506301783285,97.01886833270756,False,False,moderate,False,False,False,False,130.39579321916122,55.0,89.77711611890099,0,1
50,M,20.95506631928777,90.08257010958727,False,False,low,False,False,False,False,112.59085343301217,86.33213261957627,145.04039274948727,1,1
80,F,25.540508941825344,97.9633667875805,False,False,low,False,False,False,True,145.5467789310886,70.39225646050912,65.42273301916083,0,1
52,M,27.55902886984215,103.77992350568714,False,True,high,True,True,False,False,129.43020484161084,69.87930560740763,113.34384308963573,1,0
58,F,22.304167146435343,92.69465578596167,False,False,low,False,False,False,False,124.00009890570438,77.57710690267166,76.47859466590509,0,0
31,M,28.21486433320584,112.11565711583378,True,False,low,True,False,False,False,100.83514877056865,63.416072111475216,68.05345219371792,0,0
65,F,16.4325492690492,82.00039594752599,False,False,moderate,False,False,True,False,120.42894299542729,76.76773535267183,182.08807844779705,1,0
69,M,19.808934450077956,92.62266797012869,False,True,moderate,False,False,False,False,118.57894663868736,65.9453375136317,116.41075990097097,1,0
60,F,15.210361955710628,80.88265087086683,False,False,low,False,False,False,False,123.96747037068427,63.81732915350123,145.1660457834792,1,0
49,F,20.46167685708638,86.29951662221363,False,False,moderate,False,False,False,False,90.47937737605996,75.59718432211544,93.80466930030501,0,0
